solid CATIA STL
  facet normal -1.000000e+000  0.000000e+000  0.000000e+000
    outer loop
      vertex  8.400000e+000 -1.055000e+001 -2.665128e+001
      vertex  8.400000e+000 -1.055000e+001 -1.699110e+001
      vertex  8.400000e+000 -1.021076e+001 -1.719710e+001
    endloop
  endfacet
  facet normal -1.000000e+000  0.000000e+000  -0.000000e+000
    outer loop
      vertex  8.400000e+000 -1.055000e+001 -2.665128e+001
      vertex  8.400000e+000 -1.021076e+001 -1.719710e+001
      vertex  8.400000e+000 -9.867497e+000 -1.739634e+001
    endloop
  endfacet
  facet normal -1.000000e+000  0.000000e+000  -0.000000e+000
    outer loop
      vertex  8.400000e+000 -1.055000e+001 -2.665128e+001
      vertex  8.400000e+000 -9.867497e+000 -1.739634e+001
      vertex  8.400000e+000 -9.520350e+000 -1.758872e+001
    endloop
  endfacet
  facet normal -1.000000e+000  0.000000e+000  -0.000000e+000
    outer loop
      vertex  8.400000e+000 -1.055000e+001 -2.665128e+001
      vertex  8.400000e+000 -9.520350e+000 -1.758872e+001
      vertex  8.400000e+000 -9.169454e+000 -1.777417e+001
    endloop
  endfacet
  facet normal -9.999999e-001  0.000000e+000  -0.000000e+000
    outer loop
      vertex  8.400000e+000 -1.055000e+001 -2.665128e+001
      vertex  8.400000e+000 -9.169454e+000 -1.777417e+001
      vertex  8.400000e+000 -8.814946e+000 -1.795263e+001
    endloop
  endfacet
  facet normal -1.000000e+000  0.000000e+000  -0.000000e+000
    outer loop
      vertex  8.400000e+000 -1.055000e+001 -2.665128e+001
      vertex  8.400000e+000 -8.814946e+000 -1.795263e+001
      vertex  8.400000e+000 -8.456966e+000 -1.812401e+001
    endloop
  endfacet
  facet normal -1.000000e+000  0.000000e+000  -0.000000e+000
    outer loop
      vertex  8.400000e+000 -1.055000e+001 -2.665128e+001
      vertex  8.400000e+000 -8.456966e+000 -1.812401e+001
      vertex  8.400000e+000 -8.095657e+000 -1.828826e+001
    endloop
  endfacet
  facet normal -9.999999e-001  0.000000e+000  -0.000000e+000
    outer loop
      vertex  8.400000e+000 -1.055000e+001 -2.665128e+001
      vertex  8.400000e+000 -8.095657e+000 -1.828826e+001
      vertex  8.400000e+000 -7.731160e+000 -1.844530e+001
    endloop
  endfacet
  facet normal -9.999999e-001  0.000000e+000  -0.000000e+000
    outer loop
      vertex  8.400000e+000 -1.055000e+001 -2.665128e+001
      vertex  8.400000e+000 -7.731160e+000 -1.844530e+001
      vertex  8.400000e+000 -7.363618e+000 -1.859508e+001
    endloop
  endfacet
  facet normal -9.999999e-001  0.000000e+000  -0.000000e+000
    outer loop
      vertex  8.400000e+000 -1.055000e+001 -2.665128e+001
      vertex  8.400000e+000 -7.363618e+000 -1.859508e+001
      vertex  8.400000e+000 -6.993176e+000 -1.873754e+001
    endloop
  endfacet
  facet normal -9.999999e-001  0.000000e+000  -0.000000e+000
    outer loop
      vertex  8.400000e+000 -1.055000e+001 -2.665128e+001
      vertex  8.400000e+000 -6.993176e+000 -1.873754e+001
      vertex  8.400000e+000 -6.619980e+000 -1.887262e+001
    endloop
  endfacet
  facet normal -1.000000e+000  0.000000e+000  -0.000000e+000
    outer loop
      vertex  8.400000e+000 -1.055000e+001 -2.665128e+001
      vertex  8.400000e+000 -6.619980e+000 -1.887262e+001
      vertex  8.400000e+000 -6.244177e+000 -1.900027e+001
    endloop
  endfacet
  facet normal -1.000000e+000  0.000000e+000  -0.000000e+000
    outer loop
      vertex  8.400000e+000 -1.055000e+001 -2.665128e+001
      vertex  8.400000e+000 -6.244177e+000 -1.900027e+001
      vertex  8.400000e+000 -5.865915e+000 -1.912044e+001
    endloop
  endfacet
  facet normal -1.000000e+000  0.000000e+000  -0.000000e+000
    outer loop
      vertex  8.400000e+000 -1.055000e+001 -2.665128e+001
      vertex  8.400000e+000 -5.865915e+000 -1.912044e+001
      vertex  8.400000e+000 -5.485343e+000 -1.923307e+001
    endloop
  endfacet
  facet normal -1.000000e+000  0.000000e+000  -0.000000e+000
    outer loop
      vertex  8.400000e+000 -1.055000e+001 -2.665128e+001
      vertex  8.400000e+000 -5.485343e+000 -1.923307e+001
      vertex  8.400000e+000 -5.102612e+000 -1.933813e+001
    endloop
  endfacet
  facet normal -1.000000e+000  0.000000e+000  -0.000000e+000
    outer loop
      vertex  8.400000e+000 -1.055000e+001 -2.665128e+001
      vertex  8.400000e+000 -5.102612e+000 -1.933813e+001
      vertex  8.400000e+000 -4.717870e+000 -1.943558e+001
    endloop
  endfacet
  facet normal -1.000000e+000  0.000000e+000  -0.000000e+000
    outer loop
      vertex  8.400000e+000 -1.055000e+001 -2.665128e+001
      vertex  8.400000e+000 -4.717870e+000 -1.943558e+001
      vertex  8.400000e+000 -4.331271e+000 -1.952537e+001
    endloop
  endfacet
  facet normal -1.000000e+000  0.000000e+000  -0.000000e+000
    outer loop
      vertex  8.400000e+000 -1.055000e+001 -2.665128e+001
      vertex  8.400000e+000 -4.331271e+000 -1.952537e+001
      vertex  8.400000e+000 -3.942966e+000 -1.960747e+001
    endloop
  endfacet
  facet normal -1.000000e+000  0.000000e+000  -0.000000e+000
    outer loop
      vertex  8.400000e+000 -1.055000e+001 -2.665128e+001
      vertex  8.400000e+000 -3.942966e+000 -1.960747e+001
      vertex  8.400000e+000 -3.553108e+000 -1.968185e+001
    endloop
  endfacet
  facet normal -1.000000e+000  0.000000e+000  -0.000000e+000
    outer loop
      vertex  8.400000e+000 -1.055000e+001 -2.665128e+001
      vertex  8.400000e+000 -3.553108e+000 -1.968185e+001
      vertex  8.400000e+000 -3.161851e+000 -1.974849e+001
    endloop
  endfacet
  facet normal -1.000000e+000  0.000000e+000  -0.000000e+000
    outer loop
      vertex  8.400000e+000 -1.055000e+001 -2.665128e+001
      vertex  8.400000e+000 -3.161851e+000 -1.974849e+001
      vertex  8.400000e+000 -2.769349e+000 -1.980734e+001
    endloop
  endfacet
  facet normal -1.000000e+000  0.000000e+000  -0.000000e+000
    outer loop
      vertex  8.400000e+000 -1.055000e+001 -2.665128e+001
      vertex  8.400000e+000 -2.769349e+000 -1.980734e+001
      vertex  8.400000e+000 -2.375756e+000 -1.985839e+001
    endloop
  endfacet
  facet normal -1.000000e+000  0.000000e+000  -0.000000e+000
    outer loop
      vertex  8.400000e+000 -1.055000e+001 -2.665128e+001
      vertex  8.400000e+000 -2.375756e+000 -1.985839e+001
      vertex  8.400000e+000 -1.981228e+000 -1.990163e+001
    endloop
  endfacet
  facet normal -1.000000e+000  0.000000e+000  -0.000000e+000
    outer loop
      vertex  8.400000e+000 -1.055000e+001 -2.665128e+001
      vertex  8.400000e+000 -1.981228e+000 -1.990163e+001
      vertex  8.400000e+000 -1.585919e+000 -1.993702e+001
    endloop
  endfacet
  facet normal -9.999999e-001  0.000000e+000  -0.000000e+000
    outer loop
      vertex  8.400000e+000 -1.055000e+001 -2.665128e+001
      vertex  8.400000e+000 -1.585919e+000 -1.993702e+001
      vertex  8.400000e+000 -1.189986e+000 -1.996457e+001
    endloop
  endfacet
  facet normal -9.999999e-001  0.000000e+000  -0.000000e+000
    outer loop
      vertex  8.400000e+000 -1.055000e+001 -2.665128e+001
      vertex  8.400000e+000 -1.189986e+000 -1.996457e+001
      vertex  8.400000e+000 -7.935847e-001 -1.998425e+001
    endloop
  endfacet
  facet normal -1.000000e+000  0.000000e+000  -0.000000e+000
    outer loop
      vertex  8.400000e+000 -1.055000e+001 -2.665128e+001
      vertex  8.400000e+000 -7.935847e-001 -1.998425e+001
      vertex  8.400000e+000 -3.968705e-001 -1.999606e+001
    endloop
  endfacet
  facet normal -1.000000e+000  0.000000e+000  -0.000000e+000
    outer loop
      vertex  8.400000e+000 -1.055000e+001 -2.665128e+001
      vertex  8.400000e+000 -3.968705e-001 -1.999606e+001
      vertex  8.400000e+000  3.673819e-015 -2.000000e+001
    endloop
  endfacet
  facet normal -1.000000e+000  0.000000e+000  -0.000000e+000
    outer loop
      vertex  8.400000e+000 -1.055000e+001 -2.665128e+001
      vertex  8.400000e+000  3.673819e-015 -2.000000e+001
      vertex  8.400000e+000  6.856275e+000 -2.665128e+001
    endloop
  endfacet
  facet normal -1.000000e+000  0.000000e+000  0.000000e+000
    outer loop
      vertex  8.400000e+000  6.856275e+000 -2.665128e+001
      vertex  8.400000e+000  3.673819e-015 -2.000000e+001
      vertex  8.400000e+000  3.968705e-001 -1.999606e+001
    endloop
  endfacet
  facet normal -1.000000e+000  0.000000e+000  0.000000e+000
    outer loop
      vertex  8.400000e+000  6.856275e+000 -2.665128e+001
      vertex  8.400000e+000  3.968705e-001 -1.999606e+001
      vertex  8.400000e+000  7.935847e-001 -1.998425e+001
    endloop
  endfacet
  facet normal -1.000000e+000  0.000000e+000  0.000000e+000
    outer loop
      vertex  8.400000e+000  6.856275e+000 -2.665128e+001
      vertex  8.400000e+000  7.935847e-001 -1.998425e+001
      vertex  8.400000e+000  1.189986e+000 -1.996457e+001
    endloop
  endfacet
  facet normal -1.000000e+000  0.000000e+000  0.000000e+000
    outer loop
      vertex  8.400000e+000  6.856275e+000 -2.665128e+001
      vertex  8.400000e+000  1.189986e+000 -1.996457e+001
      vertex  8.400000e+000  1.585919e+000 -1.993702e+001
    endloop
  endfacet
  facet normal -1.000000e+000  0.000000e+000  0.000000e+000
    outer loop
      vertex  8.400000e+000  6.856275e+000 -2.665128e+001
      vertex  8.400000e+000  1.585919e+000 -1.993702e+001
      vertex  8.400000e+000  1.981228e+000 -1.990163e+001
    endloop
  endfacet
  facet normal -1.000000e+000  0.000000e+000  0.000000e+000
    outer loop
      vertex  8.400000e+000  6.856275e+000 -2.665128e+001
      vertex  8.400000e+000  1.981228e+000 -1.990163e+001
      vertex  8.400000e+000  2.375756e+000 -1.985839e+001
    endloop
  endfacet
  facet normal -1.000000e+000  0.000000e+000  0.000000e+000
    outer loop
      vertex  8.400000e+000  6.856275e+000 -2.665128e+001
      vertex  8.400000e+000  2.375756e+000 -1.985839e+001
      vertex  8.400000e+000  2.769349e+000 -1.980734e+001
    endloop
  endfacet
  facet normal -1.000000e+000  0.000000e+000  0.000000e+000
    outer loop
      vertex  8.400000e+000  6.856275e+000 -2.665128e+001
      vertex  8.400000e+000  2.769349e+000 -1.980734e+001
      vertex  8.400000e+000  3.161851e+000 -1.974849e+001
    endloop
  endfacet
  facet normal -9.999999e-001  0.000000e+000  0.000000e+000
    outer loop
      vertex  8.400000e+000  6.856275e+000 -2.665128e+001
      vertex  8.400000e+000  3.161851e+000 -1.974849e+001
      vertex  8.400000e+000  3.553108e+000 -1.968185e+001
    endloop
  endfacet
  facet normal -1.000000e+000  0.000000e+000  0.000000e+000
    outer loop
      vertex  8.400000e+000  6.856275e+000 -2.665128e+001
      vertex  8.400000e+000  3.553108e+000 -1.968185e+001
      vertex  8.400000e+000  3.942966e+000 -1.960747e+001
    endloop
  endfacet
  facet normal -1.000000e+000  0.000000e+000  0.000000e+000
    outer loop
      vertex  8.400000e+000  6.856275e+000 -2.665128e+001
      vertex  8.400000e+000  3.942966e+000 -1.960747e+001
      vertex  8.400000e+000  4.331271e+000 -1.952537e+001
    endloop
  endfacet
  facet normal -1.000000e+000  0.000000e+000  0.000000e+000
    outer loop
      vertex  8.400000e+000  6.856275e+000 -2.665128e+001
      vertex  8.400000e+000  4.331271e+000 -1.952537e+001
      vertex  8.400000e+000  4.717870e+000 -1.943558e+001
    endloop
  endfacet
  facet normal -1.000000e+000  0.000000e+000  0.000000e+000
    outer loop
      vertex  8.400000e+000  6.856275e+000 -2.665128e+001
      vertex  8.400000e+000  4.717870e+000 -1.943558e+001
      vertex  8.400000e+000  5.102612e+000 -1.933813e+001
    endloop
  endfacet
  facet normal -9.999999e-001  0.000000e+000  0.000000e+000
    outer loop
      vertex  8.400000e+000  6.856275e+000 -2.665128e+001
      vertex  8.400000e+000  5.102612e+000 -1.933813e+001
      vertex  8.400000e+000  5.485343e+000 -1.923307e+001
    endloop
  endfacet
  facet normal -1.000000e+000  0.000000e+000  0.000000e+000
    outer loop
      vertex  8.400000e+000  6.856275e+000 -2.665128e+001
      vertex  8.400000e+000  5.485343e+000 -1.923307e+001
      vertex  8.400000e+000  5.865915e+000 -1.912044e+001
    endloop
  endfacet
  facet normal -1.000000e+000  0.000000e+000  0.000000e+000
    outer loop
      vertex  8.400000e+000  6.856275e+000 -2.665128e+001
      vertex  8.400000e+000  5.865915e+000 -1.912044e+001
      vertex  8.400000e+000  6.244177e+000 -1.900027e+001
    endloop
  endfacet
  facet normal -1.000000e+000  0.000000e+000  0.000000e+000
    outer loop
      vertex  8.400000e+000  6.856275e+000 -2.665128e+001
      vertex  8.400000e+000  6.244177e+000 -1.900027e+001
      vertex  8.400000e+000  6.619980e+000 -1.887262e+001
    endloop
  endfacet
  facet normal -1.000000e+000  0.000000e+000  0.000000e+000
    outer loop
      vertex  8.400000e+000  6.856275e+000 -2.665128e+001
      vertex  8.400000e+000  6.619980e+000 -1.887262e+001
      vertex  8.400000e+000  6.993176e+000 -1.873754e+001
    endloop
  endfacet
  facet normal -1.000000e+000  0.000000e+000  -0.000000e+000
    outer loop
      vertex  8.400000e+000  6.856275e+000 -2.665128e+001
      vertex  8.400000e+000  6.993176e+000 -1.873754e+001
      vertex  8.400000e+000  7.363618e+000 -1.859508e+001
    endloop
  endfacet
  facet normal -1.000000e+000  0.000000e+000  -0.000000e+000
    outer loop
      vertex  8.400000e+000  6.856275e+000 -2.665128e+001
      vertex  8.400000e+000  7.363618e+000 -1.859508e+001
      vertex  8.400000e+000  7.731160e+000 -1.844530e+001
    endloop
  endfacet
  facet normal -9.999999e-001  0.000000e+000  -0.000000e+000
    outer loop
      vertex  8.400000e+000  6.856275e+000 -2.665128e+001
      vertex  8.400000e+000  7.731160e+000 -1.844530e+001
      vertex  8.400000e+000  8.095657e+000 -1.828826e+001
    endloop
  endfacet
  facet normal -1.000000e+000  0.000000e+000  -0.000000e+000
    outer loop
      vertex  8.400000e+000  6.856275e+000 -2.665128e+001
      vertex  8.400000e+000  8.095657e+000 -1.828826e+001
      vertex  8.400000e+000  8.456966e+000 -1.812401e+001
    endloop
  endfacet
  facet normal -9.999999e-001  0.000000e+000  -0.000000e+000
    outer loop
      vertex  8.400000e+000  6.856275e+000 -2.665128e+001
      vertex  8.400000e+000  8.456966e+000 -1.812401e+001
      vertex  8.400000e+000  8.814946e+000 -1.795263e+001
    endloop
  endfacet
  facet normal -1.000000e+000  0.000000e+000  -0.000000e+000
    outer loop
      vertex  8.400000e+000  6.856275e+000 -2.665128e+001
      vertex  8.400000e+000  8.814946e+000 -1.795263e+001
      vertex  8.400000e+000  9.169454e+000 -1.777417e+001
    endloop
  endfacet
  facet normal -1.000000e+000  0.000000e+000  -0.000000e+000
    outer loop
      vertex  8.400000e+000  6.856275e+000 -2.665128e+001
      vertex  8.400000e+000  9.169454e+000 -1.777417e+001
      vertex  8.400000e+000  9.520350e+000 -1.758872e+001
    endloop
  endfacet
  facet normal -1.000000e+000  0.000000e+000  -0.000000e+000
    outer loop
      vertex  8.400000e+000  6.856275e+000 -2.665128e+001
      vertex  8.400000e+000  9.520350e+000 -1.758872e+001
      vertex  8.400000e+000  9.867497e+000 -1.739634e+001
    endloop
  endfacet
  facet normal -1.000000e+000  0.000000e+000  -0.000000e+000
    outer loop
      vertex  8.400000e+000  6.856275e+000 -2.665128e+001
      vertex  8.400000e+000  9.867497e+000 -1.739634e+001
      vertex  8.400000e+000  1.021076e+001 -1.719710e+001
    endloop
  endfacet
  facet normal -1.000000e+000  0.000000e+000  -0.000000e+000
    outer loop
      vertex  8.400000e+000  6.856275e+000 -2.665128e+001
      vertex  8.400000e+000  1.021076e+001 -1.719710e+001
      vertex  8.400000e+000  1.055000e+001 -1.699110e+001
    endloop
  endfacet
  facet normal -1.000000e+000  0.000000e+000  -0.000000e+000
    outer loop
      vertex  8.400000e+000  6.856275e+000 -2.665128e+001
      vertex  8.400000e+000  1.055000e+001 -1.699110e+001
      vertex  8.400000e+000  1.055000e+001 -4.322254e+001
    endloop
  endfacet
  facet normal -1.000000e+000  0.000000e+000  0.000000e+000
    outer loop
      vertex  8.400000e+000  6.856275e+000 -2.665128e+001
      vertex  8.400000e+000  1.055000e+001 -4.322254e+001
      vertex  8.400000e+000  6.856275e+000 -4.322254e+001
    endloop
  endfacet
  facet normal  0.000000e+000 -1.000000e+000  0.000000e+000
    outer loop
      vertex  8.400000e+000 -1.055000e+001 -1.372254e+001
      vertex  8.400000e+000 -1.055000e+001 -1.699110e+001
      vertex  1.140000e+001 -1.055000e+001 -1.372254e+001
    endloop
  endfacet
  facet normal  0.000000e+000 -1.000000e+000  0.000000e+000
    outer loop
      vertex  1.140000e+001 -1.055000e+001 -1.372254e+001
      vertex  8.400000e+000 -1.055000e+001 -1.699110e+001
      vertex  8.400000e+000 -1.055000e+001 -2.665128e+001
    endloop
  endfacet
  facet normal  0.000000e+000 -1.000000e+000  0.000000e+000
    outer loop
      vertex  1.140000e+001 -1.055000e+001 -1.372254e+001
      vertex  8.400000e+000 -1.055000e+001 -2.665128e+001
      vertex  1.140000e+001 -1.055000e+001 -2.665128e+001
    endloop
  endfacet
  facet normal  -0.000000e+000  0.000000e+000 -1.000000e+000
    outer loop
      vertex  8.400000e+000  1.055000e+001 -4.322254e+001
      vertex  1.140000e+001  1.055000e+001 -4.322254e+001
      vertex  8.400000e+000  6.856275e+000 -4.322254e+001
    endloop
  endfacet
  facet normal  0.000000e+000  0.000000e+000 -1.000000e+000
    outer loop
      vertex  8.400000e+000  6.856275e+000 -4.322254e+001
      vertex  1.140000e+001  1.055000e+001 -4.322254e+001
      vertex  1.140000e+001  6.856275e+000 -4.322254e+001
    endloop
  endfacet
  facet normal  1.000000e+000  0.000000e+000  0.000000e+000
    outer loop
      vertex  1.140000e+001 -1.355000e+001 -1.372254e+001
      vertex  1.140000e+001 -1.055000e+001 -1.372254e+001
      vertex  1.140000e+001 -1.150000e+001  1.200000e+001
    endloop
  endfacet
  facet normal  1.000000e+000  0.000000e+000  0.000000e+000
    outer loop
      vertex  1.140000e+001 -1.355000e+001 -1.372254e+001
      vertex  1.140000e+001 -1.150000e+001  1.200000e+001
      vertex  1.140000e+001 -1.158716e+001  1.200381e+001
    endloop
  endfacet
  facet normal  1.000000e+000  0.000000e+000  0.000000e+000
    outer loop
      vertex  1.140000e+001 -1.355000e+001 -1.372254e+001
      vertex  1.140000e+001 -1.158716e+001  1.200381e+001
      vertex  1.140000e+001 -1.167365e+001  1.201519e+001
    endloop
  endfacet
  facet normal  1.000000e+000  0.000000e+000  0.000000e+000
    outer loop
      vertex  1.140000e+001 -1.355000e+001 -1.372254e+001
      vertex  1.140000e+001 -1.167365e+001  1.201519e+001
      vertex  1.140000e+001 -1.175882e+001  1.203407e+001
    endloop
  endfacet
  facet normal  1.000000e+000  0.000000e+000  0.000000e+000
    outer loop
      vertex  1.140000e+001 -1.355000e+001 -1.372254e+001
      vertex  1.140000e+001 -1.175882e+001  1.203407e+001
      vertex  1.140000e+001 -1.184202e+001  1.206031e+001
    endloop
  endfacet
  facet normal  1.000000e+000  0.000000e+000  0.000000e+000
    outer loop
      vertex  1.140000e+001 -1.355000e+001 -1.372254e+001
      vertex  1.140000e+001 -1.184202e+001  1.206031e+001
      vertex  1.140000e+001 -1.192262e+001  1.209369e+001
    endloop
  endfacet
  facet normal  1.000000e+000  0.000000e+000  0.000000e+000
    outer loop
      vertex  1.140000e+001 -1.355000e+001 -1.372254e+001
      vertex  1.140000e+001 -1.192262e+001  1.209369e+001
      vertex  1.140000e+001 -1.200000e+001  1.213398e+001
    endloop
  endfacet
  facet normal  1.000000e+000  0.000000e+000  0.000000e+000
    outer loop
      vertex  1.140000e+001 -1.355000e+001 -1.372254e+001
      vertex  1.140000e+001 -1.200000e+001  1.213398e+001
      vertex  1.140000e+001 -1.207358e+001  1.218085e+001
    endloop
  endfacet
  facet normal  1.000000e+000  0.000000e+000  0.000000e+000
    outer loop
      vertex  1.140000e+001 -1.355000e+001 -1.372254e+001
      vertex  1.140000e+001 -1.207358e+001  1.218085e+001
      vertex  1.140000e+001 -1.214279e+001  1.223396e+001
    endloop
  endfacet
  facet normal  1.000000e+000  0.000000e+000  0.000000e+000
    outer loop
      vertex  1.140000e+001 -1.355000e+001 -1.372254e+001
      vertex  1.140000e+001 -1.214279e+001  1.223396e+001
      vertex  1.140000e+001 -1.220711e+001  1.229289e+001
    endloop
  endfacet
  facet normal  1.000000e+000  0.000000e+000  0.000000e+000
    outer loop
      vertex  1.140000e+001 -1.355000e+001 -1.372254e+001
      vertex  1.140000e+001 -1.220711e+001  1.229289e+001
      vertex  1.140000e+001 -1.226604e+001  1.235721e+001
    endloop
  endfacet
  facet normal  1.000000e+000  0.000000e+000  0.000000e+000
    outer loop
      vertex  1.140000e+001 -1.355000e+001 -1.372254e+001
      vertex  1.140000e+001 -1.226604e+001  1.235721e+001
      vertex  1.140000e+001 -1.231915e+001  1.242642e+001
    endloop
  endfacet
  facet normal  9.999999e-001  0.000000e+000  0.000000e+000
    outer loop
      vertex  1.140000e+001 -1.355000e+001 -1.372254e+001
      vertex  1.140000e+001 -1.231915e+001  1.242642e+001
      vertex  1.140000e+001 -1.236602e+001  1.250000e+001
    endloop
  endfacet
  facet normal  1.000000e+000  0.000000e+000  0.000000e+000
    outer loop
      vertex  1.140000e+001 -1.355000e+001 -1.372254e+001
      vertex  1.140000e+001 -1.236602e+001  1.250000e+001
      vertex  1.140000e+001 -1.240631e+001  1.257738e+001
    endloop
  endfacet
  facet normal  1.000000e+000  0.000000e+000  0.000000e+000
    outer loop
      vertex  1.140000e+001 -1.355000e+001 -1.372254e+001
      vertex  1.140000e+001 -1.240631e+001  1.257738e+001
      vertex  1.140000e+001 -1.355000e+001  1.500000e+001
    endloop
  endfacet
  facet normal  1.000000e+000  0.000000e+000  0.000000e+000
    outer loop
      vertex  1.140000e+001  1.055000e+001 -1.372254e+001
      vertex  1.140000e+001  1.355000e+001 -1.372254e+001
      vertex  1.140000e+001  1.150000e+001  1.200000e+001
    endloop
  endfacet
  facet normal  1.000000e+000  0.000000e+000  0.000000e+000
    outer loop
      vertex  1.140000e+001  1.055000e+001 -1.372254e+001
      vertex  1.140000e+001  1.150000e+001  1.200000e+001
      vertex  1.140000e+001  1.141284e+001  1.200381e+001
    endloop
  endfacet
  facet normal  1.000000e+000  0.000000e+000  0.000000e+000
    outer loop
      vertex  1.140000e+001  1.055000e+001 -1.372254e+001
      vertex  1.140000e+001  1.141284e+001  1.200381e+001
      vertex  1.140000e+001 -1.150000e+001  1.200000e+001
    endloop
  endfacet
  facet normal  1.000000e+000  0.000000e+000  0.000000e+000
    outer loop
      vertex  1.140000e+001  1.055000e+001 -1.372254e+001
      vertex  1.140000e+001 -1.150000e+001  1.200000e+001
      vertex  1.140000e+001 -1.055000e+001 -1.372254e+001
    endloop
  endfacet
  facet normal  1.000000e+000  -0.000000e+000  0.000000e+000
    outer loop
      vertex  1.140000e+001  1.055000e+001 -1.372254e+001
      vertex  1.140000e+001 -1.055000e+001 -1.372254e+001
      vertex  1.140000e+001 -1.055000e+001 -2.665128e+001
    endloop
  endfacet
  facet normal  1.000000e+000  0.000000e+000  0.000000e+000
    outer loop
      vertex  1.140000e+001  1.055000e+001 -1.372254e+001
      vertex  1.140000e+001 -1.055000e+001 -2.665128e+001
      vertex  1.140000e+001  6.856275e+000 -2.665128e+001
    endloop
  endfacet
  facet normal  1.000000e+000  -0.000000e+000  0.000000e+000
    outer loop
      vertex  1.140000e+001  1.055000e+001 -1.372254e+001
      vertex  1.140000e+001  6.856275e+000 -2.665128e+001
      vertex  1.140000e+001  6.856275e+000 -4.322254e+001
    endloop
  endfacet
  facet normal  9.999999e-001  0.000000e+000  0.000000e+000
    outer loop
      vertex  1.140000e+001  1.055000e+001 -1.372254e+001
      vertex  1.140000e+001  6.856275e+000 -4.322254e+001
      vertex  1.140000e+001  1.055000e+001 -4.322254e+001
    endloop
  endfacet
  facet normal  1.000000e+000  0.000000e+000  0.000000e+000
    outer loop
      vertex  1.140000e+001  1.355000e+001 -1.372254e+001
      vertex  1.140000e+001  1.355000e+001  1.500000e+001
      vertex  1.140000e+001  1.241515e+001  1.259688e+001
    endloop
  endfacet
  facet normal  1.000000e+000  0.000000e+000  0.000000e+000
    outer loop
      vertex  1.140000e+001  1.355000e+001 -1.372254e+001
      vertex  1.140000e+001  1.241515e+001  1.259688e+001
      vertex  1.140000e+001  1.237574e+001  1.251721e+001
    endloop
  endfacet
  facet normal  1.000000e+000  0.000000e+000  0.000000e+000
    outer loop
      vertex  1.140000e+001  1.355000e+001 -1.372254e+001
      vertex  1.140000e+001  1.237574e+001  1.251721e+001
      vertex  1.140000e+001  1.232941e+001  1.244135e+001
    endloop
  endfacet
  facet normal  1.000000e+000  0.000000e+000  0.000000e+000
    outer loop
      vertex  1.140000e+001  1.355000e+001 -1.372254e+001
      vertex  1.140000e+001  1.232941e+001  1.244135e+001
      vertex  1.140000e+001  1.227652e+001  1.236991e+001
    endloop
  endfacet
  facet normal  1.000000e+000  0.000000e+000  0.000000e+000
    outer loop
      vertex  1.140000e+001  1.355000e+001 -1.372254e+001
      vertex  1.140000e+001  1.227652e+001  1.236991e+001
      vertex  1.140000e+001  1.221751e+001  1.230345e+001
    endloop
  endfacet
  facet normal  1.000000e+000  0.000000e+000  0.000000e+000
    outer loop
      vertex  1.140000e+001  1.355000e+001 -1.372254e+001
      vertex  1.140000e+001  1.221751e+001  1.230345e+001
      vertex  1.140000e+001  1.215282e+001  1.224249e+001
    endloop
  endfacet
  facet normal  1.000000e+000  0.000000e+000  0.000000e+000
    outer loop
      vertex  1.140000e+001  1.355000e+001 -1.372254e+001
      vertex  1.140000e+001  1.215282e+001  1.224249e+001
      vertex  1.140000e+001  1.208298e+001  1.218751e+001
    endloop
  endfacet
  facet normal  1.000000e+000  0.000000e+000  0.000000e+000
    outer loop
      vertex  1.140000e+001  1.355000e+001 -1.372254e+001
      vertex  1.140000e+001  1.208298e+001  1.218751e+001
      vertex  1.140000e+001  1.200853e+001  1.213896e+001
    endloop
  endfacet
  facet normal  1.000000e+000  0.000000e+000  0.000000e+000
    outer loop
      vertex  1.140000e+001  1.355000e+001 -1.372254e+001
      vertex  1.140000e+001  1.200853e+001  1.213896e+001
      vertex  1.140000e+001  1.193007e+001  1.209720e+001
    endloop
  endfacet
  facet normal  1.000000e+000  0.000000e+000  0.000000e+000
    outer loop
      vertex  1.140000e+001  1.355000e+001 -1.372254e+001
      vertex  1.140000e+001  1.193007e+001  1.209720e+001
      vertex  1.140000e+001  1.184820e+001  1.206258e+001
    endloop
  endfacet
  facet normal  1.000000e+000  0.000000e+000  0.000000e+000
    outer loop
      vertex  1.140000e+001  1.355000e+001 -1.372254e+001
      vertex  1.140000e+001  1.184820e+001  1.206258e+001
      vertex  1.140000e+001  1.176359e+001  1.203536e+001
    endloop
  endfacet
  facet normal  1.000000e+000  0.000000e+000  0.000000e+000
    outer loop
      vertex  1.140000e+001  1.355000e+001 -1.372254e+001
      vertex  1.140000e+001  1.176359e+001  1.203536e+001
      vertex  1.140000e+001  1.167689e+001  1.201577e+001
    endloop
  endfacet
  facet normal  1.000000e+000  0.000000e+000  0.000000e+000
    outer loop
      vertex  1.140000e+001  1.355000e+001 -1.372254e+001
      vertex  1.140000e+001  1.167689e+001  1.201577e+001
      vertex  1.140000e+001  1.158880e+001  1.200395e+001
    endloop
  endfacet
  facet normal  1.000000e+000  0.000000e+000  0.000000e+000
    outer loop
      vertex  1.140000e+001  1.355000e+001 -1.372254e+001
      vertex  1.140000e+001  1.158880e+001  1.200395e+001
      vertex  1.140000e+001  1.150000e+001  1.200000e+001
    endloop
  endfacet
  facet normal  1.000000e+000  -0.000000e+000  0.000000e+000
    outer loop
      vertex  1.140000e+001  1.355000e+001  1.500000e+001
      vertex  1.140000e+001 -3.552714e-015  1.500000e+001
      vertex  1.140000e+001 -1.147037e+001  1.399956e+001
    endloop
  endfacet
  facet normal  1.000000e+000  -0.000000e+000  0.000000e+000
    outer loop
      vertex  1.140000e+001  1.355000e+001  1.500000e+001
      vertex  1.140000e+001 -1.147037e+001  1.399956e+001
      vertex  1.140000e+001  1.144076e+001  1.399824e+001
    endloop
  endfacet
  facet normal  1.000000e+000  0.000000e+000  0.000000e+000
    outer loop
      vertex  1.140000e+001  1.355000e+001  1.500000e+001
      vertex  1.140000e+001  1.144076e+001  1.399824e+001
      vertex  1.140000e+001  1.152963e+001  1.399956e+001
    endloop
  endfacet
  facet normal  1.000000e+000  -0.000000e+000  0.000000e+000
    outer loop
      vertex  1.140000e+001  1.355000e+001  1.500000e+001
      vertex  1.140000e+001  1.152963e+001  1.399956e+001
      vertex  1.140000e+001  1.161827e+001  1.399298e+001
    endloop
  endfacet
  facet normal  9.999999e-001  -0.000000e+000  0.000000e+000
    outer loop
      vertex  1.140000e+001  1.355000e+001  1.500000e+001
      vertex  1.140000e+001  1.161827e+001  1.399298e+001
      vertex  1.140000e+001  1.170598e+001  1.397856e+001
    endloop
  endfacet
  facet normal  1.000000e+000  -0.000000e+000  0.000000e+000
    outer loop
      vertex  1.140000e+001  1.355000e+001  1.500000e+001
      vertex  1.140000e+001  1.170598e+001  1.397856e+001
      vertex  1.140000e+001  1.179206e+001  1.395640e+001
    endloop
  endfacet
  facet normal  1.000000e+000  -0.000000e+000  0.000000e+000
    outer loop
      vertex  1.140000e+001  1.355000e+001  1.500000e+001
      vertex  1.140000e+001  1.179206e+001  1.395640e+001
      vertex  1.140000e+001  1.187583e+001  1.392669e+001
    endloop
  endfacet
  facet normal  1.000000e+000  -0.000000e+000  0.000000e+000
    outer loop
      vertex  1.140000e+001  1.355000e+001  1.500000e+001
      vertex  1.140000e+001  1.187583e+001  1.392669e+001
      vertex  1.140000e+001  1.195663e+001  1.388966e+001
    endloop
  endfacet
  facet normal  1.000000e+000  -0.000000e+000  0.000000e+000
    outer loop
      vertex  1.140000e+001  1.355000e+001  1.500000e+001
      vertex  1.140000e+001  1.195663e+001  1.388966e+001
      vertex  1.140000e+001  1.203382e+001  1.384560e+001
    endloop
  endfacet
  facet normal  1.000000e+000  -0.000000e+000  0.000000e+000
    outer loop
      vertex  1.140000e+001  1.355000e+001  1.500000e+001
      vertex  1.140000e+001  1.203382e+001  1.384560e+001
      vertex  1.140000e+001  1.210680e+001  1.379485e+001
    endloop
  endfacet
  facet normal  1.000000e+000  -0.000000e+000  0.000000e+000
    outer loop
      vertex  1.140000e+001  1.355000e+001  1.500000e+001
      vertex  1.140000e+001  1.210680e+001  1.379485e+001
      vertex  1.140000e+001  1.217498e+001  1.373783e+001
    endloop
  endfacet
  facet normal  9.999999e-001  -0.000000e+000  0.000000e+000
    outer loop
      vertex  1.140000e+001  1.355000e+001  1.500000e+001
      vertex  1.140000e+001  1.217498e+001  1.373783e+001
      vertex  1.140000e+001  1.223783e+001  1.367498e+001
    endloop
  endfacet
  facet normal  1.000000e+000  -0.000000e+000  0.000000e+000
    outer loop
      vertex  1.140000e+001  1.355000e+001  1.500000e+001
      vertex  1.140000e+001  1.223783e+001  1.367498e+001
      vertex  1.140000e+001  1.229485e+001  1.360680e+001
    endloop
  endfacet
  facet normal  9.999999e-001  -0.000000e+000  0.000000e+000
    outer loop
      vertex  1.140000e+001  1.355000e+001  1.500000e+001
      vertex  1.140000e+001  1.229485e+001  1.360680e+001
      vertex  1.140000e+001  1.234560e+001  1.353382e+001
    endloop
  endfacet
  facet normal  1.000000e+000  -0.000000e+000  0.000000e+000
    outer loop
      vertex  1.140000e+001  1.355000e+001  1.500000e+001
      vertex  1.140000e+001  1.234560e+001  1.353382e+001
      vertex  1.140000e+001  1.238966e+001  1.345663e+001
    endloop
  endfacet
  facet normal  1.000000e+000  -0.000000e+000  0.000000e+000
    outer loop
      vertex  1.140000e+001  1.355000e+001  1.500000e+001
      vertex  1.140000e+001  1.238966e+001  1.345663e+001
      vertex  1.140000e+001  1.242669e+001  1.337583e+001
    endloop
  endfacet
  facet normal  1.000000e+000  -0.000000e+000  0.000000e+000
    outer loop
      vertex  1.140000e+001  1.355000e+001  1.500000e+001
      vertex  1.140000e+001  1.242669e+001  1.337583e+001
      vertex  1.140000e+001  1.245640e+001  1.329206e+001
    endloop
  endfacet
  facet normal  1.000000e+000  -0.000000e+000  0.000000e+000
    outer loop
      vertex  1.140000e+001  1.355000e+001  1.500000e+001
      vertex  1.140000e+001  1.245640e+001  1.329206e+001
      vertex  1.140000e+001  1.247856e+001  1.320598e+001
    endloop
  endfacet
  facet normal  1.000000e+000  -0.000000e+000  0.000000e+000
    outer loop
      vertex  1.140000e+001  1.355000e+001  1.500000e+001
      vertex  1.140000e+001  1.247856e+001  1.320598e+001
      vertex  1.140000e+001  1.249298e+001  1.311827e+001
    endloop
  endfacet
  facet normal  1.000000e+000  -0.000000e+000  0.000000e+000
    outer loop
      vertex  1.140000e+001  1.355000e+001  1.500000e+001
      vertex  1.140000e+001  1.249298e+001  1.311827e+001
      vertex  1.140000e+001  1.249956e+001  1.302963e+001
    endloop
  endfacet
  facet normal  1.000000e+000  -0.000000e+000  0.000000e+000
    outer loop
      vertex  1.140000e+001  1.355000e+001  1.500000e+001
      vertex  1.140000e+001  1.249956e+001  1.302963e+001
      vertex  1.140000e+001  1.249824e+001  1.294076e+001
    endloop
  endfacet
  facet normal  1.000000e+000  -0.000000e+000  0.000000e+000
    outer loop
      vertex  1.140000e+001  1.355000e+001  1.500000e+001
      vertex  1.140000e+001  1.249824e+001  1.294076e+001
      vertex  1.140000e+001  1.248904e+001  1.285235e+001
    endloop
  endfacet
  facet normal  1.000000e+000  -0.000000e+000  0.000000e+000
    outer loop
      vertex  1.140000e+001  1.355000e+001  1.500000e+001
      vertex  1.140000e+001  1.248904e+001  1.285235e+001
      vertex  1.140000e+001  1.247202e+001  1.276511e+001
    endloop
  endfacet
  facet normal  1.000000e+000  -0.000000e+000  0.000000e+000
    outer loop
      vertex  1.140000e+001  1.355000e+001  1.500000e+001
      vertex  1.140000e+001  1.247202e+001  1.276511e+001
      vertex  1.140000e+001  1.244733e+001  1.267973e+001
    endloop
  endfacet
  facet normal  1.000000e+000  -0.000000e+000  0.000000e+000
    outer loop
      vertex  1.140000e+001  1.355000e+001  1.500000e+001
      vertex  1.140000e+001  1.244733e+001  1.267973e+001
      vertex  1.140000e+001  1.241515e+001  1.259688e+001
    endloop
  endfacet
  facet normal  1.000000e+000  0.000000e+000  0.000000e+000
    outer loop
      vertex  1.140000e+001 -1.355000e+001  1.500000e+001
      vertex  1.140000e+001 -1.240631e+001  1.257738e+001
      vertex  1.140000e+001 -1.243969e+001  1.265798e+001
    endloop
  endfacet
  facet normal  1.000000e+000  0.000000e+000  0.000000e+000
    outer loop
      vertex  1.140000e+001 -1.355000e+001  1.500000e+001
      vertex  1.140000e+001 -1.243969e+001  1.265798e+001
      vertex  1.140000e+001 -1.246593e+001  1.274118e+001
    endloop
  endfacet
  facet normal  9.999999e-001  0.000000e+000  0.000000e+000
    outer loop
      vertex  1.140000e+001 -1.355000e+001  1.500000e+001
      vertex  1.140000e+001 -1.246593e+001  1.274118e+001
      vertex  1.140000e+001 -1.248481e+001  1.282635e+001
    endloop
  endfacet
  facet normal  1.000000e+000  0.000000e+000  0.000000e+000
    outer loop
      vertex  1.140000e+001 -1.355000e+001  1.500000e+001
      vertex  1.140000e+001 -1.248481e+001  1.282635e+001
      vertex  1.140000e+001 -1.249619e+001  1.291284e+001
    endloop
  endfacet
  facet normal  1.000000e+000  0.000000e+000  0.000000e+000
    outer loop
      vertex  1.140000e+001 -1.355000e+001  1.500000e+001
      vertex  1.140000e+001 -1.249619e+001  1.291284e+001
      vertex  1.140000e+001 -1.250000e+001  1.300000e+001
    endloop
  endfacet
  facet normal  9.999999e-001  0.000000e+000  -0.000000e+000
    outer loop
      vertex  1.140000e+001 -1.355000e+001  1.500000e+001
      vertex  1.140000e+001 -1.250000e+001  1.300000e+001
      vertex  1.140000e+001 -1.249605e+001  1.308880e+001
    endloop
  endfacet
  facet normal  1.000000e+000  0.000000e+000  -0.000000e+000
    outer loop
      vertex  1.140000e+001 -1.355000e+001  1.500000e+001
      vertex  1.140000e+001 -1.249605e+001  1.308880e+001
      vertex  1.140000e+001 -1.248423e+001  1.317689e+001
    endloop
  endfacet
  facet normal  1.000000e+000  0.000000e+000  -0.000000e+000
    outer loop
      vertex  1.140000e+001 -1.355000e+001  1.500000e+001
      vertex  1.140000e+001 -1.248423e+001  1.317689e+001
      vertex  1.140000e+001 -1.246464e+001  1.326359e+001
    endloop
  endfacet
  facet normal  1.000000e+000  0.000000e+000  -0.000000e+000
    outer loop
      vertex  1.140000e+001 -1.355000e+001  1.500000e+001
      vertex  1.140000e+001 -1.246464e+001  1.326359e+001
      vertex  1.140000e+001 -1.243742e+001  1.334820e+001
    endloop
  endfacet
  facet normal  1.000000e+000  0.000000e+000  -0.000000e+000
    outer loop
      vertex  1.140000e+001 -1.355000e+001  1.500000e+001
      vertex  1.140000e+001 -1.243742e+001  1.334820e+001
      vertex  1.140000e+001 -1.240280e+001  1.343007e+001
    endloop
  endfacet
  facet normal  1.000000e+000  0.000000e+000  -0.000000e+000
    outer loop
      vertex  1.140000e+001 -1.355000e+001  1.500000e+001
      vertex  1.140000e+001 -1.240280e+001  1.343007e+001
      vertex  1.140000e+001 -1.236104e+001  1.350853e+001
    endloop
  endfacet
  facet normal  1.000000e+000  0.000000e+000  -0.000000e+000
    outer loop
      vertex  1.140000e+001 -1.355000e+001  1.500000e+001
      vertex  1.140000e+001 -1.236104e+001  1.350853e+001
      vertex  1.140000e+001 -1.231249e+001  1.358298e+001
    endloop
  endfacet
  facet normal  1.000000e+000  0.000000e+000  -0.000000e+000
    outer loop
      vertex  1.140000e+001 -1.355000e+001  1.500000e+001
      vertex  1.140000e+001 -1.231249e+001  1.358298e+001
      vertex  1.140000e+001 -1.225751e+001  1.365282e+001
    endloop
  endfacet
  facet normal  9.999999e-001  0.000000e+000  -0.000000e+000
    outer loop
      vertex  1.140000e+001 -1.355000e+001  1.500000e+001
      vertex  1.140000e+001 -1.225751e+001  1.365282e+001
      vertex  1.140000e+001 -1.219655e+001  1.371751e+001
    endloop
  endfacet
  facet normal  1.000000e+000  0.000000e+000  -0.000000e+000
    outer loop
      vertex  1.140000e+001 -1.355000e+001  1.500000e+001
      vertex  1.140000e+001 -1.219655e+001  1.371751e+001
      vertex  1.140000e+001 -1.213009e+001  1.377652e+001
    endloop
  endfacet
  facet normal  1.000000e+000  0.000000e+000  -0.000000e+000
    outer loop
      vertex  1.140000e+001 -1.355000e+001  1.500000e+001
      vertex  1.140000e+001 -1.213009e+001  1.377652e+001
      vertex  1.140000e+001 -1.205865e+001  1.382941e+001
    endloop
  endfacet
  facet normal  9.999999e-001  0.000000e+000  -0.000000e+000
    outer loop
      vertex  1.140000e+001 -1.355000e+001  1.500000e+001
      vertex  1.140000e+001 -1.205865e+001  1.382941e+001
      vertex  1.140000e+001 -1.198279e+001  1.387574e+001
    endloop
  endfacet
  facet normal  1.000000e+000  0.000000e+000  -0.000000e+000
    outer loop
      vertex  1.140000e+001 -1.355000e+001  1.500000e+001
      vertex  1.140000e+001 -1.198279e+001  1.387574e+001
      vertex  1.140000e+001 -1.190312e+001  1.391515e+001
    endloop
  endfacet
  facet normal  9.999999e-001  0.000000e+000  -0.000000e+000
    outer loop
      vertex  1.140000e+001 -1.355000e+001  1.500000e+001
      vertex  1.140000e+001 -1.190312e+001  1.391515e+001
      vertex  1.140000e+001 -1.182027e+001  1.394733e+001
    endloop
  endfacet
  facet normal  1.000000e+000  0.000000e+000  -0.000000e+000
    outer loop
      vertex  1.140000e+001 -1.355000e+001  1.500000e+001
      vertex  1.140000e+001 -1.182027e+001  1.394733e+001
      vertex  1.140000e+001 -1.173489e+001  1.397202e+001
    endloop
  endfacet
  facet normal  1.000000e+000  0.000000e+000  -0.000000e+000
    outer loop
      vertex  1.140000e+001 -1.355000e+001  1.500000e+001
      vertex  1.140000e+001 -1.173489e+001  1.397202e+001
      vertex  1.140000e+001 -1.164765e+001  1.398904e+001
    endloop
  endfacet
  facet normal  1.000000e+000  0.000000e+000  -0.000000e+000
    outer loop
      vertex  1.140000e+001 -1.355000e+001  1.500000e+001
      vertex  1.140000e+001 -1.164765e+001  1.398904e+001
      vertex  1.140000e+001 -1.155924e+001  1.399824e+001
    endloop
  endfacet
  facet normal  1.000000e+000  0.000000e+000  -0.000000e+000
    outer loop
      vertex  1.140000e+001 -1.355000e+001  1.500000e+001
      vertex  1.140000e+001 -1.155924e+001  1.399824e+001
      vertex  1.140000e+001 -1.147037e+001  1.399956e+001
    endloop
  endfacet
  facet normal  1.000000e+000  0.000000e+000  -0.000000e+000
    outer loop
      vertex  1.140000e+001 -1.355000e+001  1.500000e+001
      vertex  1.140000e+001 -1.147037e+001  1.399956e+001
      vertex  1.140000e+001 -3.552714e-015  1.500000e+001
    endloop
  endfacet
  facet normal  1.000000e+000  0.000000e+000  0.000000e+000
    outer loop
      vertex  1.140000e+001  1.144076e+001  1.399824e+001
      vertex  1.140000e+001 -1.147037e+001  1.399956e+001
      vertex  1.140000e+001  1.135235e+001  1.398904e+001
    endloop
  endfacet
  facet normal  1.000000e+000  0.000000e+000  0.000000e+000
    outer loop
      vertex  1.140000e+001  1.135235e+001  1.398904e+001
      vertex  1.140000e+001 -1.147037e+001  1.399956e+001
      vertex  1.140000e+001 -1.138173e+001  1.399298e+001
    endloop
  endfacet
  facet normal  1.000000e+000  0.000000e+000  0.000000e+000
    outer loop
      vertex  1.140000e+001  1.135235e+001  1.398904e+001
      vertex  1.140000e+001 -1.138173e+001  1.399298e+001
      vertex  1.140000e+001  1.126511e+001  1.397202e+001
    endloop
  endfacet
  facet normal  1.000000e+000  0.000000e+000  0.000000e+000
    outer loop
      vertex  1.140000e+001  1.126511e+001  1.397202e+001
      vertex  1.140000e+001 -1.138173e+001  1.399298e+001
      vertex  1.140000e+001 -1.129402e+001  1.397856e+001
    endloop
  endfacet
  facet normal  1.000000e+000  0.000000e+000  0.000000e+000
    outer loop
      vertex  1.140000e+001  1.126511e+001  1.397202e+001
      vertex  1.140000e+001 -1.129402e+001  1.397856e+001
      vertex  1.140000e+001  1.117973e+001  1.394733e+001
    endloop
  endfacet
  facet normal  1.000000e+000  0.000000e+000  0.000000e+000
    outer loop
      vertex  1.140000e+001  1.117973e+001  1.394733e+001
      vertex  1.140000e+001 -1.129402e+001  1.397856e+001
      vertex  1.140000e+001 -1.120794e+001  1.395640e+001
    endloop
  endfacet
  facet normal  1.000000e+000  0.000000e+000  0.000000e+000
    outer loop
      vertex  1.140000e+001  1.117973e+001  1.394733e+001
      vertex  1.140000e+001 -1.120794e+001  1.395640e+001
      vertex  1.140000e+001  1.109688e+001  1.391515e+001
    endloop
  endfacet
  facet normal  1.000000e+000  0.000000e+000  0.000000e+000
    outer loop
      vertex  1.140000e+001  1.109688e+001  1.391515e+001
      vertex  1.140000e+001 -1.120794e+001  1.395640e+001
      vertex  1.140000e+001 -1.112417e+001  1.392669e+001
    endloop
  endfacet
  facet normal  9.999999e-001  0.000000e+000  0.000000e+000
    outer loop
      vertex  1.140000e+001  1.109688e+001  1.391515e+001
      vertex  1.140000e+001 -1.112417e+001  1.392669e+001
      vertex  1.140000e+001  1.101721e+001  1.387574e+001
    endloop
  endfacet
  facet normal  9.999999e-001  0.000000e+000  0.000000e+000
    outer loop
      vertex  1.140000e+001  1.101721e+001  1.387574e+001
      vertex  1.140000e+001 -1.112417e+001  1.392669e+001
      vertex  1.140000e+001 -1.104337e+001  1.388966e+001
    endloop
  endfacet
  facet normal  1.000000e+000  0.000000e+000  0.000000e+000
    outer loop
      vertex  1.140000e+001  1.101721e+001  1.387574e+001
      vertex  1.140000e+001 -1.104337e+001  1.388966e+001
      vertex  1.140000e+001  1.094135e+001  1.382941e+001
    endloop
  endfacet
  facet normal  9.999999e-001  0.000000e+000  0.000000e+000
    outer loop
      vertex  1.140000e+001  1.094135e+001  1.382941e+001
      vertex  1.140000e+001 -1.104337e+001  1.388966e+001
      vertex  1.140000e+001 -1.096618e+001  1.384560e+001
    endloop
  endfacet
  facet normal  1.000000e+000  0.000000e+000  0.000000e+000
    outer loop
      vertex  1.140000e+001  1.094135e+001  1.382941e+001
      vertex  1.140000e+001 -1.096618e+001  1.384560e+001
      vertex  1.140000e+001  1.086991e+001  1.377652e+001
    endloop
  endfacet
  facet normal  1.000000e+000  0.000000e+000  0.000000e+000
    outer loop
      vertex  1.140000e+001  1.086991e+001  1.377652e+001
      vertex  1.140000e+001 -1.096618e+001  1.384560e+001
      vertex  1.140000e+001 -1.089320e+001  1.379485e+001
    endloop
  endfacet
  facet normal  1.000000e+000  0.000000e+000  0.000000e+000
    outer loop
      vertex  1.140000e+001  1.086991e+001  1.377652e+001
      vertex  1.140000e+001 -1.089320e+001  1.379485e+001
      vertex  1.140000e+001  1.080345e+001  1.371751e+001
    endloop
  endfacet
  facet normal  1.000000e+000  0.000000e+000  0.000000e+000
    outer loop
      vertex  1.140000e+001  1.080345e+001  1.371751e+001
      vertex  1.140000e+001 -1.089320e+001  1.379485e+001
      vertex  1.140000e+001 -1.082502e+001  1.373783e+001
    endloop
  endfacet
  facet normal  1.000000e+000  0.000000e+000  0.000000e+000
    outer loop
      vertex  1.140000e+001  1.080345e+001  1.371751e+001
      vertex  1.140000e+001 -1.082502e+001  1.373783e+001
      vertex  1.140000e+001  1.074249e+001  1.365282e+001
    endloop
  endfacet
  facet normal  1.000000e+000  0.000000e+000  0.000000e+000
    outer loop
      vertex  1.140000e+001  1.074249e+001  1.365282e+001
      vertex  1.140000e+001 -1.082502e+001  1.373783e+001
      vertex  1.140000e+001 -1.076217e+001  1.367498e+001
    endloop
  endfacet
  facet normal  1.000000e+000  0.000000e+000  0.000000e+000
    outer loop
      vertex  1.140000e+001  1.074249e+001  1.365282e+001
      vertex  1.140000e+001 -1.076217e+001  1.367498e+001
      vertex  1.140000e+001  1.068751e+001  1.358298e+001
    endloop
  endfacet
  facet normal  1.000000e+000  0.000000e+000  0.000000e+000
    outer loop
      vertex  1.140000e+001  1.068751e+001  1.358298e+001
      vertex  1.140000e+001 -1.076217e+001  1.367498e+001
      vertex  1.140000e+001 -1.070515e+001  1.360680e+001
    endloop
  endfacet
  facet normal  1.000000e+000  0.000000e+000  0.000000e+000
    outer loop
      vertex  1.140000e+001  1.068751e+001  1.358298e+001
      vertex  1.140000e+001 -1.070515e+001  1.360680e+001
      vertex  1.140000e+001  1.063896e+001  1.350853e+001
    endloop
  endfacet
  facet normal  9.999999e-001  0.000000e+000  0.000000e+000
    outer loop
      vertex  1.140000e+001  1.063896e+001  1.350853e+001
      vertex  1.140000e+001 -1.070515e+001  1.360680e+001
      vertex  1.140000e+001 -1.065440e+001  1.353382e+001
    endloop
  endfacet
  facet normal  1.000000e+000  0.000000e+000  0.000000e+000
    outer loop
      vertex  1.140000e+001  1.063896e+001  1.350853e+001
      vertex  1.140000e+001 -1.065440e+001  1.353382e+001
      vertex  1.140000e+001  1.059720e+001  1.343007e+001
    endloop
  endfacet
  facet normal  1.000000e+000  0.000000e+000  0.000000e+000
    outer loop
      vertex  1.140000e+001  1.059720e+001  1.343007e+001
      vertex  1.140000e+001 -1.065440e+001  1.353382e+001
      vertex  1.140000e+001 -1.061034e+001  1.345663e+001
    endloop
  endfacet
  facet normal  1.000000e+000  0.000000e+000  0.000000e+000
    outer loop
      vertex  1.140000e+001  1.059720e+001  1.343007e+001
      vertex  1.140000e+001 -1.061034e+001  1.345663e+001
      vertex  1.140000e+001  1.056258e+001  1.334820e+001
    endloop
  endfacet
  facet normal  1.000000e+000  0.000000e+000  0.000000e+000
    outer loop
      vertex  1.140000e+001  1.056258e+001  1.334820e+001
      vertex  1.140000e+001 -1.061034e+001  1.345663e+001
      vertex  1.140000e+001 -1.057331e+001  1.337583e+001
    endloop
  endfacet
  facet normal  1.000000e+000  0.000000e+000  0.000000e+000
    outer loop
      vertex  1.140000e+001  1.056258e+001  1.334820e+001
      vertex  1.140000e+001 -1.057331e+001  1.337583e+001
      vertex  1.140000e+001  1.053536e+001  1.326359e+001
    endloop
  endfacet
  facet normal  1.000000e+000  0.000000e+000  0.000000e+000
    outer loop
      vertex  1.140000e+001  1.053536e+001  1.326359e+001
      vertex  1.140000e+001 -1.057331e+001  1.337583e+001
      vertex  1.140000e+001 -1.054360e+001  1.329206e+001
    endloop
  endfacet
  facet normal  1.000000e+000  0.000000e+000  0.000000e+000
    outer loop
      vertex  1.140000e+001  1.053536e+001  1.326359e+001
      vertex  1.140000e+001 -1.054360e+001  1.329206e+001
      vertex  1.140000e+001  1.051577e+001  1.317689e+001
    endloop
  endfacet
  facet normal  1.000000e+000  0.000000e+000  0.000000e+000
    outer loop
      vertex  1.140000e+001  1.051577e+001  1.317689e+001
      vertex  1.140000e+001 -1.054360e+001  1.329206e+001
      vertex  1.140000e+001 -1.052144e+001  1.320598e+001
    endloop
  endfacet
  facet normal  1.000000e+000  0.000000e+000  0.000000e+000
    outer loop
      vertex  1.140000e+001  1.051577e+001  1.317689e+001
      vertex  1.140000e+001 -1.052144e+001  1.320598e+001
      vertex  1.140000e+001  1.050395e+001  1.308880e+001
    endloop
  endfacet
  facet normal  1.000000e+000  0.000000e+000  0.000000e+000
    outer loop
      vertex  1.140000e+001  1.050395e+001  1.308880e+001
      vertex  1.140000e+001 -1.052144e+001  1.320598e+001
      vertex  1.140000e+001 -1.050702e+001  1.311827e+001
    endloop
  endfacet
  facet normal  9.999999e-001  0.000000e+000  0.000000e+000
    outer loop
      vertex  1.140000e+001  1.050395e+001  1.308880e+001
      vertex  1.140000e+001 -1.050702e+001  1.311827e+001
      vertex  1.140000e+001  1.050000e+001  1.300000e+001
    endloop
  endfacet
  facet normal  9.999999e-001  0.000000e+000  0.000000e+000
    outer loop
      vertex  1.140000e+001  1.050000e+001  1.300000e+001
      vertex  1.140000e+001 -1.050702e+001  1.311827e+001
      vertex  1.140000e+001 -1.050044e+001  1.302963e+001
    endloop
  endfacet
  facet normal  9.999999e-001  0.000000e+000  0.000000e+000
    outer loop
      vertex  1.140000e+001  1.050000e+001  1.300000e+001
      vertex  1.140000e+001 -1.050044e+001  1.302963e+001
      vertex  1.140000e+001  1.050381e+001  1.291284e+001
    endloop
  endfacet
  facet normal  1.000000e+000  0.000000e+000  0.000000e+000
    outer loop
      vertex  1.140000e+001  1.050381e+001  1.291284e+001
      vertex  1.140000e+001 -1.050044e+001  1.302963e+001
      vertex  1.140000e+001 -1.050176e+001  1.294076e+001
    endloop
  endfacet
  facet normal  1.000000e+000  0.000000e+000  0.000000e+000
    outer loop
      vertex  1.140000e+001  1.050381e+001  1.291284e+001
      vertex  1.140000e+001 -1.050176e+001  1.294076e+001
      vertex  1.140000e+001  1.051519e+001  1.282635e+001
    endloop
  endfacet
  facet normal  1.000000e+000  0.000000e+000  0.000000e+000
    outer loop
      vertex  1.140000e+001  1.051519e+001  1.282635e+001
      vertex  1.140000e+001 -1.050176e+001  1.294076e+001
      vertex  1.140000e+001 -1.051096e+001  1.285235e+001
    endloop
  endfacet
  facet normal  9.999999e-001  0.000000e+000  0.000000e+000
    outer loop
      vertex  1.140000e+001  1.051519e+001  1.282635e+001
      vertex  1.140000e+001 -1.051096e+001  1.285235e+001
      vertex  1.140000e+001  1.053407e+001  1.274118e+001
    endloop
  endfacet
  facet normal  1.000000e+000  0.000000e+000  0.000000e+000
    outer loop
      vertex  1.140000e+001  1.053407e+001  1.274118e+001
      vertex  1.140000e+001 -1.051096e+001  1.285235e+001
      vertex  1.140000e+001 -1.052798e+001  1.276511e+001
    endloop
  endfacet
  facet normal  9.999999e-001  0.000000e+000  0.000000e+000
    outer loop
      vertex  1.140000e+001  1.053407e+001  1.274118e+001
      vertex  1.140000e+001 -1.052798e+001  1.276511e+001
      vertex  1.140000e+001  1.056031e+001  1.265798e+001
    endloop
  endfacet
  facet normal  1.000000e+000  0.000000e+000  0.000000e+000
    outer loop
      vertex  1.140000e+001  1.056031e+001  1.265798e+001
      vertex  1.140000e+001 -1.052798e+001  1.276511e+001
      vertex  1.140000e+001 -1.055267e+001  1.267973e+001
    endloop
  endfacet
  facet normal  1.000000e+000  0.000000e+000  0.000000e+000
    outer loop
      vertex  1.140000e+001  1.056031e+001  1.265798e+001
      vertex  1.140000e+001 -1.055267e+001  1.267973e+001
      vertex  1.140000e+001  1.059369e+001  1.257738e+001
    endloop
  endfacet
  facet normal  1.000000e+000  0.000000e+000  0.000000e+000
    outer loop
      vertex  1.140000e+001  1.059369e+001  1.257738e+001
      vertex  1.140000e+001 -1.055267e+001  1.267973e+001
      vertex  1.140000e+001 -1.058485e+001  1.259688e+001
    endloop
  endfacet
  facet normal  1.000000e+000  0.000000e+000  0.000000e+000
    outer loop
      vertex  1.140000e+001  1.059369e+001  1.257738e+001
      vertex  1.140000e+001 -1.058485e+001  1.259688e+001
      vertex  1.140000e+001  1.063398e+001  1.250000e+001
    endloop
  endfacet
  facet normal  1.000000e+000  0.000000e+000  0.000000e+000
    outer loop
      vertex  1.140000e+001  1.063398e+001  1.250000e+001
      vertex  1.140000e+001 -1.058485e+001  1.259688e+001
      vertex  1.140000e+001 -1.062426e+001  1.251721e+001
    endloop
  endfacet
  facet normal  1.000000e+000  0.000000e+000  0.000000e+000
    outer loop
      vertex  1.140000e+001  1.063398e+001  1.250000e+001
      vertex  1.140000e+001 -1.062426e+001  1.251721e+001
      vertex  1.140000e+001  1.068085e+001  1.242642e+001
    endloop
  endfacet
  facet normal  1.000000e+000  0.000000e+000  0.000000e+000
    outer loop
      vertex  1.140000e+001  1.068085e+001  1.242642e+001
      vertex  1.140000e+001 -1.062426e+001  1.251721e+001
      vertex  1.140000e+001 -1.067059e+001  1.244135e+001
    endloop
  endfacet
  facet normal  9.999999e-001  0.000000e+000  0.000000e+000
    outer loop
      vertex  1.140000e+001  1.068085e+001  1.242642e+001
      vertex  1.140000e+001 -1.067059e+001  1.244135e+001
      vertex  1.140000e+001  1.073396e+001  1.235721e+001
    endloop
  endfacet
  facet normal  1.000000e+000  0.000000e+000  0.000000e+000
    outer loop
      vertex  1.140000e+001  1.073396e+001  1.235721e+001
      vertex  1.140000e+001 -1.067059e+001  1.244135e+001
      vertex  1.140000e+001 -1.072348e+001  1.236991e+001
    endloop
  endfacet
  facet normal  1.000000e+000  0.000000e+000  0.000000e+000
    outer loop
      vertex  1.140000e+001  1.073396e+001  1.235721e+001
      vertex  1.140000e+001 -1.072348e+001  1.236991e+001
      vertex  1.140000e+001  1.079289e+001  1.229289e+001
    endloop
  endfacet
  facet normal  1.000000e+000  0.000000e+000  0.000000e+000
    outer loop
      vertex  1.140000e+001  1.079289e+001  1.229289e+001
      vertex  1.140000e+001 -1.072348e+001  1.236991e+001
      vertex  1.140000e+001 -1.078249e+001  1.230345e+001
    endloop
  endfacet
  facet normal  1.000000e+000  0.000000e+000  0.000000e+000
    outer loop
      vertex  1.140000e+001  1.079289e+001  1.229289e+001
      vertex  1.140000e+001 -1.078249e+001  1.230345e+001
      vertex  1.140000e+001  1.085721e+001  1.223396e+001
    endloop
  endfacet
  facet normal  1.000000e+000  0.000000e+000  0.000000e+000
    outer loop
      vertex  1.140000e+001  1.085721e+001  1.223396e+001
      vertex  1.140000e+001 -1.078249e+001  1.230345e+001
      vertex  1.140000e+001 -1.084718e+001  1.224249e+001
    endloop
  endfacet
  facet normal  1.000000e+000  0.000000e+000  0.000000e+000
    outer loop
      vertex  1.140000e+001  1.085721e+001  1.223396e+001
      vertex  1.140000e+001 -1.084718e+001  1.224249e+001
      vertex  1.140000e+001  1.092642e+001  1.218085e+001
    endloop
  endfacet
  facet normal  1.000000e+000  0.000000e+000  0.000000e+000
    outer loop
      vertex  1.140000e+001  1.092642e+001  1.218085e+001
      vertex  1.140000e+001 -1.084718e+001  1.224249e+001
      vertex  1.140000e+001 -1.091702e+001  1.218751e+001
    endloop
  endfacet
  facet normal  1.000000e+000  0.000000e+000  0.000000e+000
    outer loop
      vertex  1.140000e+001  1.092642e+001  1.218085e+001
      vertex  1.140000e+001 -1.091702e+001  1.218751e+001
      vertex  1.140000e+001  1.100000e+001  1.213398e+001
    endloop
  endfacet
  facet normal  1.000000e+000  0.000000e+000  0.000000e+000
    outer loop
      vertex  1.140000e+001  1.100000e+001  1.213398e+001
      vertex  1.140000e+001 -1.091702e+001  1.218751e+001
      vertex  1.140000e+001 -1.099147e+001  1.213896e+001
    endloop
  endfacet
  facet normal  1.000000e+000  0.000000e+000  0.000000e+000
    outer loop
      vertex  1.140000e+001  1.100000e+001  1.213398e+001
      vertex  1.140000e+001 -1.099147e+001  1.213896e+001
      vertex  1.140000e+001  1.107738e+001  1.209369e+001
    endloop
  endfacet
  facet normal  1.000000e+000  0.000000e+000  0.000000e+000
    outer loop
      vertex  1.140000e+001  1.107738e+001  1.209369e+001
      vertex  1.140000e+001 -1.099147e+001  1.213896e+001
      vertex  1.140000e+001 -1.106993e+001  1.209720e+001
    endloop
  endfacet
  facet normal  1.000000e+000  0.000000e+000  0.000000e+000
    outer loop
      vertex  1.140000e+001  1.107738e+001  1.209369e+001
      vertex  1.140000e+001 -1.106993e+001  1.209720e+001
      vertex  1.140000e+001  1.115798e+001  1.206031e+001
    endloop
  endfacet
  facet normal  1.000000e+000  0.000000e+000  0.000000e+000
    outer loop
      vertex  1.140000e+001  1.115798e+001  1.206031e+001
      vertex  1.140000e+001 -1.106993e+001  1.209720e+001
      vertex  1.140000e+001 -1.115180e+001  1.206258e+001
    endloop
  endfacet
  facet normal  1.000000e+000  0.000000e+000  0.000000e+000
    outer loop
      vertex  1.140000e+001  1.115798e+001  1.206031e+001
      vertex  1.140000e+001 -1.115180e+001  1.206258e+001
      vertex  1.140000e+001  1.124118e+001  1.203407e+001
    endloop
  endfacet
  facet normal  1.000000e+000  0.000000e+000  0.000000e+000
    outer loop
      vertex  1.140000e+001  1.124118e+001  1.203407e+001
      vertex  1.140000e+001 -1.115180e+001  1.206258e+001
      vertex  1.140000e+001 -1.123641e+001  1.203536e+001
    endloop
  endfacet
  facet normal  1.000000e+000  0.000000e+000  0.000000e+000
    outer loop
      vertex  1.140000e+001  1.124118e+001  1.203407e+001
      vertex  1.140000e+001 -1.123641e+001  1.203536e+001
      vertex  1.140000e+001  1.132635e+001  1.201519e+001
    endloop
  endfacet
  facet normal  9.999999e-001  0.000000e+000  0.000000e+000
    outer loop
      vertex  1.140000e+001  1.132635e+001  1.201519e+001
      vertex  1.140000e+001 -1.123641e+001  1.203536e+001
      vertex  1.140000e+001 -1.132311e+001  1.201577e+001
    endloop
  endfacet
  facet normal  1.000000e+000  0.000000e+000  0.000000e+000
    outer loop
      vertex  1.140000e+001  1.132635e+001  1.201519e+001
      vertex  1.140000e+001 -1.132311e+001  1.201577e+001
      vertex  1.140000e+001  1.141284e+001  1.200381e+001
    endloop
  endfacet
  facet normal  1.000000e+000  0.000000e+000  0.000000e+000
    outer loop
      vertex  1.140000e+001  1.141284e+001  1.200381e+001
      vertex  1.140000e+001 -1.132311e+001  1.201577e+001
      vertex  1.140000e+001 -1.141120e+001  1.200395e+001
    endloop
  endfacet
  facet normal  9.999999e-001  0.000000e+000  0.000000e+000
    outer loop
      vertex  1.140000e+001  1.141284e+001  1.200381e+001
      vertex  1.140000e+001 -1.141120e+001  1.200395e+001
      vertex  1.140000e+001 -1.150000e+001  1.200000e+001
    endloop
  endfacet
  facet normal  0.000000e+000  0.000000e+000 -9.999999e-001
    outer loop
      vertex  8.400000e+000 -1.055000e+001 -2.665128e+001
      vertex  8.400000e+000  6.856275e+000 -2.665128e+001
      vertex  1.140000e+001 -1.055000e+001 -2.665128e+001
    endloop
  endfacet
  facet normal  0.000000e+000  0.000000e+000 -9.999999e-001
    outer loop
      vertex  1.140000e+001 -1.055000e+001 -2.665128e+001
      vertex  8.400000e+000  6.856275e+000 -2.665128e+001
      vertex  1.140000e+001  6.856275e+000 -2.665128e+001
    endloop
  endfacet
  facet normal  0.000000e+000 -1.000000e+000  0.000000e+000
    outer loop
      vertex  8.400000e+000  6.856275e+000 -2.665128e+001
      vertex  8.400000e+000  6.856275e+000 -4.322254e+001
      vertex  1.140000e+001  6.856275e+000 -2.665128e+001
    endloop
  endfacet
  facet normal  0.000000e+000 -1.000000e+000  -0.000000e+000
    outer loop
      vertex  1.140000e+001  6.856275e+000 -2.665128e+001
      vertex  8.400000e+000  6.856275e+000 -4.322254e+001
      vertex  1.140000e+001  6.856275e+000 -4.322254e+001
    endloop
  endfacet
  facet normal  3.170741e-004 -6.755955e-001 -7.372726e-001
    outer loop
      vertex  8.400000e+000  1.214279e+001  1.376604e+001
      vertex  8.400000e+000  1.220711e+001  1.370711e+001
      vertex  1.140000e+001  1.217498e+001  1.373783e+001
    endloop
  endfacet
  facet normal -9.750617e-004 -7.372722e-001 -6.755951e-001
    outer loop
      vertex  1.140000e+001  1.217498e+001  1.373783e+001
      vertex  8.400000e+000  1.220711e+001  1.370711e+001
      vertex  8.400000e+000  1.226604e+001  1.364279e+001
    endloop
  endfacet
  facet normal  9.389190e-004 -7.071065e-001 -7.071065e-001
    outer loop
      vertex  1.140000e+001  1.217498e+001  1.373783e+001
      vertex  8.400000e+000  1.226604e+001  1.364279e+001
      vertex  1.140000e+001  1.223783e+001  1.367498e+001
    endloop
  endfacet
  facet normal -9.276659e-004 -7.933583e-001 -6.087544e-001
    outer loop
      vertex  1.140000e+001  1.223783e+001  1.367498e+001
      vertex  8.400000e+000  1.226604e+001  1.364279e+001
      vertex  8.400000e+000  1.231915e+001  1.357358e+001
    endloop
  endfacet
  facet normal  8.917511e-004 -7.671020e-001 -6.415245e-001
    outer loop
      vertex  1.140000e+001  1.223783e+001  1.367498e+001
      vertex  8.400000e+000  1.231915e+001  1.357358e+001
      vertex  1.140000e+001  1.229485e+001  1.360680e+001
    endloop
  endfacet
  facet normal -8.803910e-004 -8.433910e-001 -5.372996e-001
    outer loop
      vertex  1.140000e+001  1.229485e+001  1.360680e+001
      vertex  8.400000e+000  1.231915e+001  1.357358e+001
      vertex  8.400000e+000  1.236602e+001  1.350000e+001
    endloop
  endfacet
  facet normal  8.454018e-004 -8.210342e-001 -5.708785e-001
    outer loop
      vertex  1.140000e+001  1.229485e+001  1.360680e+001
      vertex  8.400000e+000  1.236602e+001  1.350000e+001
      vertex  1.140000e+001  1.234560e+001  1.353382e+001
    endloop
  endfacet
  facet normal -8.341515e-004 -8.870075e-001 -4.617542e-001
    outer loop
      vertex  1.140000e+001  1.234560e+001  1.353382e+001
      vertex  8.400000e+000  1.236602e+001  1.350000e+001
      vertex  8.400000e+000  1.240631e+001  1.342262e+001
    endloop
  endfacet
  facet normal  7.994387e-004 -8.684864e-001 -4.957124e-001
    outer loop
      vertex  1.140000e+001  1.234560e+001  1.353382e+001
      vertex  8.400000e+000  1.240631e+001  1.342262e+001
      vertex  1.140000e+001  1.238966e+001  1.345663e+001
    endloop
  endfacet
  facet normal -7.894735e-004 -9.238809e-001 -3.826793e-001
    outer loop
      vertex  1.140000e+001  1.238966e+001  1.345663e+001
      vertex  8.400000e+000  1.240631e+001  1.342262e+001
      vertex  8.400000e+000  1.243969e+001  1.334202e+001
    endloop
  endfacet
  facet normal  7.548850e-004 -9.090716e-001 -4.166391e-001
    outer loop
      vertex  1.140000e+001  1.238966e+001  1.345663e+001
      vertex  8.400000e+000  1.243969e+001  1.334202e+001
      vertex  1.140000e+001  1.242669e+001  1.337583e+001
    endloop
  endfacet
  facet normal -7.450600e-004 -9.537154e-001 -3.007096e-001
    outer loop
      vertex  1.140000e+001  1.242669e+001  1.337583e+001
      vertex  8.400000e+000  1.243969e+001  1.334202e+001
      vertex  8.400000e+000  1.246593e+001  1.325882e+001
    endloop
  endfacet
  facet normal  7.111495e-004 -9.424750e-001 -3.342760e-001
    outer loop
      vertex  1.140000e+001  1.242669e+001  1.337583e+001
      vertex  8.400000e+000  1.246593e+001  1.325882e+001
      vertex  1.140000e+001  1.245640e+001  1.329206e+001
    endloop
  endfacet
  facet normal -7.018138e-004 -9.762960e-001 -2.164384e-001
    outer loop
      vertex  1.140000e+001  1.245640e+001  1.329206e+001
      vertex  8.400000e+000  1.246593e+001  1.325882e+001
      vertex  8.400000e+000  1.248481e+001  1.317365e+001
    endloop
  endfacet
  facet normal  6.682873e-004 -9.684350e-001 -2.492653e-001
    outer loop
      vertex  1.140000e+001  1.245640e+001  1.329206e+001
      vertex  8.400000e+000  1.248481e+001  1.317365e+001
      vertex  1.140000e+001  1.247856e+001  1.320598e+001
    endloop
  endfacet
  facet normal -6.593025e-004 -9.914448e-001 -1.305252e-001
    outer loop
      vertex  1.140000e+001  1.247856e+001  1.320598e+001
      vertex  8.400000e+000  1.248481e+001  1.317365e+001
      vertex  8.400000e+000  1.249619e+001  1.308716e+001
    endloop
  endfacet
  facet normal  6.261824e-004 -9.867441e-001 -1.622829e-001
    outer loop
      vertex  1.140000e+001  1.247856e+001  1.320598e+001
      vertex  8.400000e+000  1.249619e+001  1.308716e+001
      vertex  1.140000e+001  1.249298e+001  1.311827e+001
    endloop
  endfacet
  facet normal -6.178480e-004 -9.990481e-001 -4.361796e-002
    outer loop
      vertex  1.140000e+001  1.249298e+001  1.311827e+001
      vertex  8.400000e+000  1.249619e+001  1.308716e+001
      vertex  8.400000e+000  1.250000e+001  1.300000e+001
    endloop
  endfacet
  facet normal  5.854645e-004 -9.972556e-001 -7.403371e-002
    outer loop
      vertex  1.140000e+001  1.249298e+001  1.311827e+001
      vertex  8.400000e+000  1.250000e+001  1.300000e+001
      vertex  1.140000e+001  1.249956e+001  1.302963e+001
    endloop
  endfacet
  facet normal -5.769422e-004 -9.990481e-001  4.361796e-002
    outer loop
      vertex  1.140000e+001  1.249956e+001  1.302963e+001
      vertex  8.400000e+000  1.250000e+001  1.300000e+001
      vertex  8.400000e+000  1.249619e+001  1.291284e+001
    endloop
  endfacet
  facet normal  5.447799e-004 -9.998899e-001  1.482813e-002
    outer loop
      vertex  1.140000e+001  1.249956e+001  1.302963e+001
      vertex  8.400000e+000  1.249619e+001  1.291284e+001
      vertex  1.140000e+001  1.249824e+001  1.294076e+001
    endloop
  endfacet
  facet normal -5.375479e-004 -9.914449e-001  1.305252e-001
    outer loop
      vertex  1.140000e+001  1.249824e+001  1.294076e+001
      vertex  8.400000e+000  1.249619e+001  1.291284e+001
      vertex  8.400000e+000  1.248481e+001  1.282635e+001
    endloop
  endfacet
  facet normal  5.058511e-004 -9.946252e-001  1.035386e-001
    outer loop
      vertex  1.140000e+001  1.249824e+001  1.294076e+001
      vertex  8.400000e+000  1.248481e+001  1.282635e+001
      vertex  1.140000e+001  1.248904e+001  1.285235e+001
    endloop
  endfacet
  facet normal -4.985098e-004 -9.762961e-001  2.164385e-001
    outer loop
      vertex  1.140000e+001  1.248904e+001  1.285235e+001
      vertex  8.400000e+000  1.248481e+001  1.282635e+001
      vertex  8.400000e+000  1.246593e+001  1.274118e+001
    endloop
  endfacet
  facet normal  4.673400e-004 -9.815009e-001  1.914569e-001
    outer loop
      vertex  1.140000e+001  1.248904e+001  1.285235e+001
      vertex  8.400000e+000  1.246593e+001  1.274118e+001
      vertex  1.140000e+001  1.247202e+001  1.276511e+001
    endloop
  endfacet
  facet normal -4.606895e-004 -9.537156e-001  3.007096e-001
    outer loop
      vertex  1.140000e+001  1.247202e+001  1.276511e+001
      vertex  8.400000e+000  1.246593e+001  1.274118e+001
      vertex  8.400000e+000  1.243969e+001  1.265798e+001
    endloop
  endfacet
  facet normal  4.300552e-004 -9.606239e-001  2.778514e-001
    outer loop
      vertex  1.140000e+001  1.247202e+001  1.276511e+001
      vertex  8.400000e+000  1.243969e+001  1.265798e+001
      vertex  1.140000e+001  1.244733e+001  1.267973e+001
    endloop
  endfacet
  facet normal -4.234633e-004 -9.238812e-001  3.826794e-001
    outer loop
      vertex  1.140000e+001  1.244733e+001  1.267973e+001
      vertex  8.400000e+000  1.243969e+001  1.265798e+001
      vertex  8.400000e+000  1.240631e+001  1.257738e+001
    endloop
  endfacet
  facet normal  3.934216e-004 -9.321578e-001  3.620522e-001
    outer loop
      vertex  1.140000e+001  1.244733e+001  1.267973e+001
      vertex  8.400000e+000  1.240631e+001  1.257738e+001
      vertex  1.140000e+001  1.241515e+001  1.259688e+001
    endloop
  endfacet
  facet normal -3.874522e-004 -8.870077e-001  4.617543e-001
    outer loop
      vertex  1.140000e+001  1.241515e+001  1.259688e+001
      vertex  8.400000e+000  1.240631e+001  1.257738e+001
      vertex  8.400000e+000  1.236602e+001  1.250000e+001
    endloop
  endfacet
  facet normal  3.578493e-004 -8.963245e-001  4.433984e-001
    outer loop
      vertex  1.140000e+001  1.241515e+001  1.259688e+001
      vertex  8.400000e+000  1.236602e+001  1.250000e+001
      vertex  1.140000e+001  1.237574e+001  1.251721e+001
    endloop
  endfacet
  facet normal -3.521054e-004 -8.433913e-001  5.372998e-001
    outer loop
      vertex  1.140000e+001  1.237574e+001  1.251721e+001
      vertex  8.400000e+000  1.236602e+001  1.250000e+001
      vertex  8.400000e+000  1.231915e+001  1.242642e+001
    endloop
  endfacet
  facet normal  3.231463e-004 -8.534143e-001  5.212330e-001
    outer loop
      vertex  1.140000e+001  1.237574e+001  1.251721e+001
      vertex  8.400000e+000  1.231915e+001  1.242642e+001
      vertex  1.140000e+001  1.232941e+001  1.244135e+001
    endloop
  endfacet
  facet normal -3.176542e-004 -7.933586e-001  6.087546e-001
    outer loop
      vertex  1.140000e+001  1.232941e+001  1.244135e+001
      vertex  8.400000e+000  1.231915e+001  1.242642e+001
      vertex  8.400000e+000  1.226604e+001  1.235721e+001
    endloop
  endfacet
  facet normal  2.888309e-004 -8.037554e-001  5.949599e-001
    outer loop
      vertex  1.140000e+001  1.232941e+001  1.244135e+001
      vertex  8.400000e+000  1.226604e+001  1.235721e+001
      vertex  1.140000e+001  1.227652e+001  1.236991e+001
    endloop
  endfacet
  facet normal -2.847523e-004 -7.372726e-001  6.755955e-001
    outer loop
      vertex  1.140000e+001  1.227652e+001  1.236991e+001
      vertex  8.400000e+000  1.226604e+001  1.235721e+001
      vertex  8.400000e+000  1.220711e+001  1.229289e+001
    endloop
  endfacet
  facet normal  2.562876e-004 -7.477579e-001  6.639715e-001
    outer loop
      vertex  1.140000e+001  1.227652e+001  1.236991e+001
      vertex  8.400000e+000  1.220711e+001  1.229289e+001
      vertex  1.140000e+001  1.221751e+001  1.230345e+001
    endloop
  endfacet
  facet normal -2.517983e-004 -6.755955e-001  7.372726e-001
    outer loop
      vertex  1.140000e+001  1.221751e+001  1.230345e+001
      vertex  8.400000e+000  1.220711e+001  1.229289e+001
      vertex  8.400000e+000  1.214279e+001  1.223396e+001
    endloop
  endfacet
  facet normal  2.239572e-004 -6.858415e-001  7.277510e-001
    outer loop
      vertex  1.140000e+001  1.221751e+001  1.230345e+001
      vertex  8.400000e+000  1.214279e+001  1.223396e+001
      vertex  1.140000e+001  1.215282e+001  1.224249e+001
    endloop
  endfacet
  facet normal -2.205074e-004 -6.087546e-001  7.933586e-001
    outer loop
      vertex  1.140000e+001  1.215282e+001  1.224249e+001
      vertex  8.400000e+000  1.214279e+001  1.223396e+001
      vertex  8.400000e+000  1.207358e+001  1.218085e+001
    endloop
  endfacet
  facet normal  1.928567e-004 -6.185074e-001  7.857789e-001
    outer loop
      vertex  1.140000e+001  1.215282e+001  1.224249e+001
      vertex  8.400000e+000  1.207358e+001  1.218085e+001
      vertex  1.140000e+001  1.208298e+001  1.218751e+001
    endloop
  endfacet
  facet normal -1.896812e-004 -5.372998e-001  8.433913e-001
    outer loop
      vertex  1.140000e+001  1.208298e+001  1.218751e+001
      vertex  8.400000e+000  1.207358e+001  1.218085e+001
      vertex  8.400000e+000  1.200000e+001  1.213398e+001
    endloop
  endfacet
  facet normal  1.629219e-004 -5.463032e-001  8.375875e-001
    outer loop
      vertex  1.140000e+001  1.208298e+001  1.218751e+001
      vertex  8.400000e+000  1.200000e+001  1.213398e+001
      vertex  1.140000e+001  1.200853e+001  1.213896e+001
    endloop
  endfacet
  facet normal -1.595775e-004 -4.617544e-001  8.870078e-001
    outer loop
      vertex  1.140000e+001  1.200853e+001  1.213896e+001
      vertex  8.400000e+000  1.200000e+001  1.213398e+001
      vertex  8.400000e+000  1.192262e+001  1.209369e+001
    endloop
  endfacet
  facet normal  1.331176e-004 -4.697560e-001  8.827963e-001
    outer loop
      vertex  1.140000e+001  1.200853e+001  1.213896e+001
      vertex  8.400000e+000  1.192262e+001  1.209369e+001
      vertex  1.140000e+001  1.193007e+001  1.209720e+001
    endloop
  endfacet
  facet normal -1.311185e-004 -3.826794e-001  9.238812e-001
    outer loop
      vertex  1.140000e+001  1.193007e+001  1.209720e+001
      vertex  8.400000e+000  1.192262e+001  1.209369e+001
      vertex  8.400000e+000  1.184202e+001  1.206031e+001
    endloop
  endfacet
  facet normal  1.049361e-004 -3.895224e-001  9.210170e-001
    outer loop
      vertex  1.140000e+001  1.193007e+001  1.209720e+001
      vertex  8.400000e+000  1.184202e+001  1.206031e+001
      vertex  1.140000e+001  1.184820e+001  1.206258e+001
    endloop
  endfacet
  facet normal -1.028393e-004 -3.007096e-001  9.537157e-001
    outer loop
      vertex  1.140000e+001  1.184820e+001  1.206258e+001
      vertex  8.400000e+000  1.184202e+001  1.206031e+001
      vertex  8.400000e+000  1.175882e+001  1.203407e+001
    endloop
  endfacet
  facet normal  7.723767e-005 -3.061964e-001  9.519684e-001
    outer loop
      vertex  1.140000e+001  1.184820e+001  1.206258e+001
      vertex  8.400000e+000  1.175882e+001  1.203407e+001
      vertex  1.140000e+001  1.176359e+001  1.203536e+001
    endloop
  endfacet
  facet normal -7.589224e-005 -2.164385e-001  9.762962e-001
    outer loop
      vertex  1.140000e+001  1.176359e+001  1.203536e+001
      vertex  8.400000e+000  1.175882e+001  1.203407e+001
      vertex  8.400000e+000  1.167365e+001  1.201519e+001
    endloop
  endfacet
  facet normal  5.068624e-005 -2.204588e-001  9.753963e-001
    outer loop
      vertex  1.140000e+001  1.176359e+001  1.203536e+001
      vertex  8.400000e+000  1.167365e+001  1.201519e+001
      vertex  1.140000e+001  1.167689e+001  1.201577e+001
    endloop
  endfacet
  facet normal -4.960331e-005 -1.305252e-001  9.914450e-001
    outer loop
      vertex  1.140000e+001  1.167689e+001  1.201577e+001
      vertex  8.400000e+000  1.167365e+001  1.201519e+001
      vertex  8.400000e+000  1.158716e+001  1.200381e+001
    endloop
  endfacet
  facet normal  2.481390e-005 -1.329698e-001  9.911200e-001
    outer loop
      vertex  1.140000e+001  1.167689e+001  1.201577e+001
      vertex  8.400000e+000  1.158716e+001  1.200381e+001
      vertex  1.140000e+001  1.158880e+001  1.200395e+001
    endloop
  endfacet
  facet normal -2.442437e-005 -4.361797e-002  9.990482e-001
    outer loop
      vertex  1.140000e+001  1.158880e+001  1.200395e+001
      vertex  8.400000e+000  1.158716e+001  1.200381e+001
      vertex  8.400000e+000  1.150000e+001  1.200000e+001
    endloop
  endfacet
  facet normal  0.000000e+000 -4.444154e-002  9.990120e-001
    outer loop
      vertex  1.140000e+001  1.158880e+001  1.200395e+001
      vertex  8.400000e+000  1.150000e+001  1.200000e+001
      vertex  1.140000e+001  1.150000e+001  1.200000e+001
    endloop
  endfacet
  facet normal -2.528513e-004  3.620522e-001 -9.321578e-001
    outer loop
      vertex  1.140000e+001  1.109688e+001  1.391515e+001
      vertex  8.400000e+000  1.115798e+001  1.393969e+001
      vertex  1.140000e+001  1.117973e+001  1.394733e+001
    endloop
  endfacet
  facet normal  2.467503e-004  3.007096e-001 -9.537157e-001
    outer loop
      vertex  1.140000e+001  1.117973e+001  1.394733e+001
      vertex  8.400000e+000  1.115798e+001  1.393969e+001
      vertex  8.400000e+000  1.124118e+001  1.396593e+001
    endloop
  endfacet
  facet normal -2.642991e-004  2.778515e-001 -9.606240e-001
    outer loop
      vertex  1.140000e+001  1.117973e+001  1.394733e+001
      vertex  8.400000e+000  1.124118e+001  1.396593e+001
      vertex  1.140000e+001  1.126511e+001  1.397202e+001
    endloop
  endfacet
  facet normal  2.574723e-004  2.164385e-001 -9.762962e-001
    outer loop
      vertex  1.140000e+001  1.126511e+001  1.397202e+001
      vertex  8.400000e+000  1.124118e+001  1.396593e+001
      vertex  8.400000e+000  1.132635e+001  1.398481e+001
    endloop
  endfacet
  facet normal -2.746517e-004  1.914569e-001 -9.815009e-001
    outer loop
      vertex  1.140000e+001  1.126511e+001  1.397202e+001
      vertex  8.400000e+000  1.132635e+001  1.398481e+001
      vertex  1.140000e+001  1.135235e+001  1.398904e+001
    endloop
  endfacet
  facet normal  2.674718e-004  1.305252e-001 -9.914450e-001
    outer loop
      vertex  1.140000e+001  1.135235e+001  1.398904e+001
      vertex  8.400000e+000  1.132635e+001  1.398481e+001
      vertex  8.400000e+000  1.141284e+001  1.399619e+001
    endloop
  endfacet
  facet normal -2.842662e-004  1.035386e-001 -9.946254e-001
    outer loop
      vertex  1.140000e+001  1.135235e+001  1.398904e+001
      vertex  8.400000e+000  1.141284e+001  1.399619e+001
      vertex  1.140000e+001  1.144076e+001  1.399824e+001
    endloop
  endfacet
  facet normal  2.763157e-004  4.361797e-002 -9.990482e-001
    outer loop
      vertex  1.140000e+001  1.144076e+001  1.399824e+001
      vertex  8.400000e+000  1.141284e+001  1.399619e+001
      vertex  8.400000e+000  1.150000e+001  1.400000e+001
    endloop
  endfacet
  facet normal -2.926839e-004  1.482813e-002 -9.998900e-001
    outer loop
      vertex  1.140000e+001  1.144076e+001  1.399824e+001
      vertex  8.400000e+000  1.150000e+001  1.400000e+001
      vertex  1.140000e+001  1.152963e+001  1.399956e+001
    endloop
  endfacet
  facet normal  2.847604e-004 -4.361797e-002 -9.990482e-001
    outer loop
      vertex  1.140000e+001  1.152963e+001  1.399956e+001
      vertex  8.400000e+000  1.150000e+001  1.400000e+001
      vertex  8.400000e+000  1.158716e+001  1.399619e+001
    endloop
  endfacet
  facet normal -3.004409e-004 -7.403372e-002 -9.972557e-001
    outer loop
      vertex  1.140000e+001  1.152963e+001  1.399956e+001
      vertex  8.400000e+000  1.158716e+001  1.399619e+001
      vertex  1.140000e+001  1.161827e+001  1.399298e+001
    endloop
  endfacet
  facet normal  2.917409e-004 -1.305252e-001 -9.914450e-001
    outer loop
      vertex  1.140000e+001  1.161827e+001  1.399298e+001
      vertex  8.400000e+000  1.158716e+001  1.399619e+001
      vertex  8.400000e+000  1.167365e+001  1.398481e+001
    endloop
  endfacet
  facet normal -3.072601e-004 -1.622829e-001 -9.867442e-001
    outer loop
      vertex  1.140000e+001  1.161827e+001  1.399298e+001
      vertex  8.400000e+000  1.167365e+001  1.398481e+001
      vertex  1.140000e+001  1.170598e+001  1.397856e+001
    endloop
  endfacet
  facet normal  2.981375e-004 -2.164385e-001 -9.762962e-001
    outer loop
      vertex  1.140000e+001  1.170598e+001  1.397856e+001
      vertex  8.400000e+000  1.167365e+001  1.398481e+001
      vertex  8.400000e+000  1.175882e+001  1.396593e+001
    endloop
  endfacet
  facet normal -3.131507e-004 -2.492653e-001 -9.684351e-001
    outer loop
      vertex  1.140000e+001  1.170598e+001  1.397856e+001
      vertex  8.400000e+000  1.175882e+001  1.396593e+001
      vertex  1.140000e+001  1.179206e+001  1.395640e+001
    endloop
  endfacet
  facet normal  3.035612e-004 -3.007096e-001 -9.537157e-001
    outer loop
      vertex  1.140000e+001  1.179206e+001  1.395640e+001
      vertex  8.400000e+000  1.175882e+001  1.396593e+001
      vertex  8.400000e+000  1.184202e+001  1.393969e+001
    endloop
  endfacet
  facet normal -3.180697e-004 -3.342761e-001 -9.424752e-001
    outer loop
      vertex  1.140000e+001  1.179206e+001  1.395640e+001
      vertex  8.400000e+000  1.184202e+001  1.393969e+001
      vertex  1.140000e+001  1.187583e+001  1.392669e+001
    endloop
  endfacet
  facet normal  3.079939e-004 -3.826794e-001 -9.238812e-001
    outer loop
      vertex  1.140000e+001  1.187583e+001  1.392669e+001
      vertex  8.400000e+000  1.184202e+001  1.393969e+001
      vertex  8.400000e+000  1.192262e+001  1.390631e+001
    endloop
  endfacet
  facet normal -3.222759e-004 -4.166392e-001 -9.090719e-001
    outer loop
      vertex  1.140000e+001  1.187583e+001  1.392669e+001
      vertex  8.400000e+000  1.192262e+001  1.390631e+001
      vertex  1.140000e+001  1.195663e+001  1.388966e+001
    endloop
  endfacet
  facet normal  3.116573e-004 -4.617543e-001 -8.870077e-001
    outer loop
      vertex  1.140000e+001  1.195663e+001  1.388966e+001
      vertex  8.400000e+000  1.192262e+001  1.390631e+001
      vertex  8.400000e+000  1.200000e+001  1.386602e+001
    endloop
  endfacet
  facet normal -3.251754e-004 -4.957125e-001 -8.684866e-001
    outer loop
      vertex  1.140000e+001  1.195663e+001  1.388966e+001
      vertex  8.400000e+000  1.200000e+001  1.386602e+001
      vertex  1.140000e+001  1.203382e+001  1.384560e+001
    endloop
  endfacet
  facet normal  3.145825e-004 -5.372998e-001 -8.433913e-001
    outer loop
      vertex  1.140000e+001  1.203382e+001  1.384560e+001
      vertex  8.400000e+000  1.200000e+001  1.386602e+001
      vertex  8.400000e+000  1.207358e+001  1.381915e+001
    endloop
  endfacet
  facet normal -3.274420e-004 -5.708787e-001 -8.210344e-001
    outer loop
      vertex  1.140000e+001  1.203382e+001  1.384560e+001
      vertex  8.400000e+000  1.207358e+001  1.381915e+001
      vertex  1.140000e+001  1.210680e+001  1.379485e+001
    endloop
  endfacet
  facet normal  3.161762e-004 -6.087546e-001 -7.933586e-001
    outer loop
      vertex  1.140000e+001  1.210680e+001  1.379485e+001
      vertex  8.400000e+000  1.207358e+001  1.381915e+001
      vertex  8.400000e+000  1.214279e+001  1.376604e+001
    endloop
  endfacet
  facet normal -3.290766e-004 -6.415247e-001 -7.671022e-001
    outer loop
      vertex  1.140000e+001  1.210680e+001  1.379485e+001
      vertex  8.400000e+000  1.214279e+001  1.376604e+001
      vertex  1.140000e+001  1.217498e+001  1.373783e+001
    endloop
  endfacet
  facet normal  2.350035e-004  3.826794e-001 -9.238812e-001
    outer loop
      vertex  8.400000e+000  1.115798e+001  1.393969e+001
      vertex  1.140000e+001  1.109688e+001  1.391515e+001
      vertex  8.400000e+000  1.107738e+001  1.390631e+001
    endloop
  endfacet
  facet normal -2.407285e-004  4.433984e-001 -8.963246e-001
    outer loop
      vertex  8.400000e+000  1.107738e+001  1.390631e+001
      vertex  1.140000e+001  1.109688e+001  1.391515e+001
      vertex  1.140000e+001  1.101721e+001  1.387574e+001
    endloop
  endfacet
  facet normal  2.224026e-004  4.617544e-001 -8.870078e-001
    outer loop
      vertex  8.400000e+000  1.107738e+001  1.390631e+001
      vertex  1.140000e+001  1.101721e+001  1.387574e+001
      vertex  8.400000e+000  1.100000e+001  1.386602e+001
    endloop
  endfacet
  facet normal -2.275030e-004  5.212330e-001 -8.534144e-001
    outer loop
      vertex  8.400000e+000  1.100000e+001  1.386602e+001
      vertex  1.140000e+001  1.101721e+001  1.387574e+001
      vertex  1.140000e+001  1.094135e+001  1.382941e+001
    endloop
  endfacet
  facet normal  2.089347e-004  5.372998e-001 -8.433913e-001
    outer loop
      vertex  8.400000e+000  1.100000e+001  1.386602e+001
      vertex  1.140000e+001  1.094135e+001  1.382941e+001
      vertex  8.400000e+000  1.092642e+001  1.381915e+001
    endloop
  endfacet
  facet normal -2.134718e-004  5.949599e-001 -8.037554e-001
    outer loop
      vertex  8.400000e+000  1.092642e+001  1.381915e+001
      vertex  1.140000e+001  1.094135e+001  1.382941e+001
      vertex  1.140000e+001  1.086991e+001  1.377652e+001
    endloop
  endfacet
  facet normal  1.941168e-004  6.087546e-001 -7.933586e-001
    outer loop
      vertex  8.400000e+000  1.092642e+001  1.381915e+001
      vertex  1.140000e+001  1.086991e+001  1.377652e+001
      vertex  8.400000e+000  1.085721e+001  1.376604e+001
    endloop
  endfacet
  facet normal -1.989189e-004  6.639715e-001 -7.477579e-001
    outer loop
      vertex  8.400000e+000  1.085721e+001  1.376604e+001
      vertex  1.140000e+001  1.086991e+001  1.377652e+001
      vertex  1.140000e+001  1.080345e+001  1.371751e+001
    endloop
  endfacet
  facet normal  1.790379e-004  6.755955e-001 -7.372726e-001
    outer loop
      vertex  8.400000e+000  1.085721e+001  1.376604e+001
      vertex  1.140000e+001  1.080345e+001  1.371751e+001
      vertex  8.400000e+000  1.079289e+001  1.370711e+001
    endloop
  endfacet
  facet normal -1.827751e-004  7.277510e-001 -6.858415e-001
    outer loop
      vertex  8.400000e+000  1.079289e+001  1.370711e+001
      vertex  1.140000e+001  1.080345e+001  1.371751e+001
      vertex  1.140000e+001  1.074249e+001  1.365282e+001
    endloop
  endfacet
  facet normal  1.626015e-004  7.372726e-001 -6.755955e-001
    outer loop
      vertex  8.400000e+000  1.079289e+001  1.370711e+001
      vertex  1.140000e+001  1.074249e+001  1.365282e+001
      vertex  8.400000e+000  1.073396e+001  1.364279e+001
    endloop
  endfacet
  facet normal -1.663254e-004  7.857789e-001 -6.185074e-001
    outer loop
      vertex  8.400000e+000  1.073396e+001  1.364279e+001
      vertex  1.140000e+001  1.074249e+001  1.365282e+001
      vertex  1.140000e+001  1.068751e+001  1.358298e+001
    endloop
  endfacet
  facet normal  1.454473e-004  7.933586e-001 -6.087546e-001
    outer loop
      vertex  8.400000e+000  1.073396e+001  1.364279e+001
      vertex  1.140000e+001  1.068751e+001  1.358298e+001
      vertex  8.400000e+000  1.068085e+001  1.357358e+001
    endloop
  endfacet
  facet normal -1.485667e-004  8.375875e-001 -5.463032e-001
    outer loop
      vertex  8.400000e+000  1.068085e+001  1.357358e+001
      vertex  1.140000e+001  1.068751e+001  1.358298e+001
      vertex  1.140000e+001  1.063896e+001  1.350853e+001
    endloop
  endfacet
  facet normal  1.276816e-004  8.433913e-001 -5.372998e-001
    outer loop
      vertex  8.400000e+000  1.068085e+001  1.357358e+001
      vertex  1.140000e+001  1.063896e+001  1.350853e+001
      vertex  8.400000e+000  1.063398e+001  1.350000e+001
    endloop
  endfacet
  facet normal -1.298293e-004  8.827963e-001 -4.697560e-001
    outer loop
      vertex  8.400000e+000  1.063398e+001  1.350000e+001
      vertex  1.140000e+001  1.063896e+001  1.350853e+001
      vertex  1.140000e+001  1.059720e+001  1.343007e+001
    endloop
  endfacet
  facet normal  1.083260e-004  8.870078e-001 -4.617544e-001
    outer loop
      vertex  8.400000e+000  1.063398e+001  1.350000e+001
      vertex  1.140000e+001  1.059720e+001  1.343007e+001
      vertex  8.400000e+000  1.059369e+001  1.342262e+001
    endloop
  endfacet
  facet normal -1.107799e-004  9.210170e-001 -3.895224e-001
    outer loop
      vertex  8.400000e+000  1.059369e+001  1.342262e+001
      vertex  1.140000e+001  1.059720e+001  1.343007e+001
      vertex  1.140000e+001  1.056258e+001  1.334820e+001
    endloop
  endfacet
  facet normal  8.866598e-005  9.238812e-001 -3.826794e-001
    outer loop
      vertex  8.400000e+000  1.059369e+001  1.342262e+001
      vertex  1.140000e+001  1.056258e+001  1.334820e+001
      vertex  8.400000e+000  1.056031e+001  1.334202e+001
    endloop
  endfacet
  facet normal -9.020988e-005  9.519684e-001 -3.061964e-001
    outer loop
      vertex  8.400000e+000  1.056031e+001  1.334202e+001
      vertex  1.140000e+001  1.056258e+001  1.334820e+001
      vertex  1.140000e+001  1.053536e+001  1.326359e+001
    endloop
  endfacet
  facet normal  6.776519e-005  9.537157e-001 -3.007096e-001
    outer loop
      vertex  8.400000e+000  1.056031e+001  1.334202e+001
      vertex  1.140000e+001  1.053536e+001  1.326359e+001
      vertex  8.400000e+000  1.053407e+001  1.325882e+001
    endloop
  endfacet
  facet normal -6.911508e-005  9.753963e-001 -2.204588e-001
    outer loop
      vertex  8.400000e+000  1.053407e+001  1.325882e+001
      vertex  1.140000e+001  1.053536e+001  1.326359e+001
      vertex  1.140000e+001  1.051577e+001  1.317689e+001
    endloop
  endfacet
  facet normal  4.616790e-005  9.762962e-001 -2.164385e-001
    outer loop
      vertex  8.400000e+000  1.053407e+001  1.325882e+001
      vertex  1.140000e+001  1.051577e+001  1.317689e+001
      vertex  8.400000e+000  1.051519e+001  1.317365e+001
    endloop
  endfacet
  facet normal -4.689864e-005  9.911200e-001 -1.329698e-001
    outer loop
      vertex  8.400000e+000  1.051519e+001  1.317365e+001
      vertex  1.140000e+001  1.051577e+001  1.317689e+001
      vertex  1.140000e+001  1.050395e+001  1.308880e+001
    endloop
  endfacet
  facet normal  2.346157e-005  9.914450e-001 -1.305252e-001
    outer loop
      vertex  8.400000e+000  1.051519e+001  1.317365e+001
      vertex  1.140000e+001  1.050395e+001  1.308880e+001
      vertex  8.400000e+000  1.050381e+001  1.308716e+001
    endloop
  endfacet
  facet normal -2.397231e-005  9.990120e-001 -4.444154e-002
    outer loop
      vertex  8.400000e+000  1.050381e+001  1.308716e+001
      vertex  1.140000e+001  1.050395e+001  1.308880e+001
      vertex  1.140000e+001  1.050000e+001  1.300000e+001
    endloop
  endfacet
  facet normal  0.000000e+000  9.990482e-001 -4.361797e-002
    outer loop
      vertex  8.400000e+000  1.050381e+001  1.308716e+001
      vertex  1.140000e+001  1.050000e+001  1.300000e+001
      vertex  8.400000e+000  1.050000e+001  1.300000e+001
    endloop
  endfacet
  facet normal  3.170741e-004 -6.755955e-001 -7.372726e-001
    outer loop
      vertex  8.400000e+000 -1.085721e+001  1.376604e+001
      vertex  8.400000e+000 -1.079289e+001  1.370711e+001
      vertex  1.140000e+001 -1.082502e+001  1.373783e+001
    endloop
  endfacet
  facet normal -9.750617e-004 -7.372722e-001 -6.755951e-001
    outer loop
      vertex  1.140000e+001 -1.082502e+001  1.373783e+001
      vertex  8.400000e+000 -1.079289e+001  1.370711e+001
      vertex  8.400000e+000 -1.073396e+001  1.364279e+001
    endloop
  endfacet
  facet normal  9.389190e-004 -7.071065e-001 -7.071065e-001
    outer loop
      vertex  1.140000e+001 -1.082502e+001  1.373783e+001
      vertex  8.400000e+000 -1.073396e+001  1.364279e+001
      vertex  1.140000e+001 -1.076217e+001  1.367498e+001
    endloop
  endfacet
  facet normal -9.276659e-004 -7.933583e-001 -6.087544e-001
    outer loop
      vertex  1.140000e+001 -1.076217e+001  1.367498e+001
      vertex  8.400000e+000 -1.073396e+001  1.364279e+001
      vertex  8.400000e+000 -1.068085e+001  1.357358e+001
    endloop
  endfacet
  facet normal  8.917511e-004 -7.671020e-001 -6.415245e-001
    outer loop
      vertex  1.140000e+001 -1.076217e+001  1.367498e+001
      vertex  8.400000e+000 -1.068085e+001  1.357358e+001
      vertex  1.140000e+001 -1.070515e+001  1.360680e+001
    endloop
  endfacet
  facet normal -8.803910e-004 -8.433910e-001 -5.372996e-001
    outer loop
      vertex  1.140000e+001 -1.070515e+001  1.360680e+001
      vertex  8.400000e+000 -1.068085e+001  1.357358e+001
      vertex  8.400000e+000 -1.063398e+001  1.350000e+001
    endloop
  endfacet
  facet normal  8.454018e-004 -8.210342e-001 -5.708785e-001
    outer loop
      vertex  1.140000e+001 -1.070515e+001  1.360680e+001
      vertex  8.400000e+000 -1.063398e+001  1.350000e+001
      vertex  1.140000e+001 -1.065440e+001  1.353382e+001
    endloop
  endfacet
  facet normal -8.341515e-004 -8.870075e-001 -4.617542e-001
    outer loop
      vertex  1.140000e+001 -1.065440e+001  1.353382e+001
      vertex  8.400000e+000 -1.063398e+001  1.350000e+001
      vertex  8.400000e+000 -1.059369e+001  1.342262e+001
    endloop
  endfacet
  facet normal  7.994387e-004 -8.684864e-001 -4.957124e-001
    outer loop
      vertex  1.140000e+001 -1.065440e+001  1.353382e+001
      vertex  8.400000e+000 -1.059369e+001  1.342262e+001
      vertex  1.140000e+001 -1.061034e+001  1.345663e+001
    endloop
  endfacet
  facet normal -7.894735e-004 -9.238809e-001 -3.826793e-001
    outer loop
      vertex  1.140000e+001 -1.061034e+001  1.345663e+001
      vertex  8.400000e+000 -1.059369e+001  1.342262e+001
      vertex  8.400000e+000 -1.056031e+001  1.334202e+001
    endloop
  endfacet
  facet normal  7.548850e-004 -9.090716e-001 -4.166391e-001
    outer loop
      vertex  1.140000e+001 -1.061034e+001  1.345663e+001
      vertex  8.400000e+000 -1.056031e+001  1.334202e+001
      vertex  1.140000e+001 -1.057331e+001  1.337583e+001
    endloop
  endfacet
  facet normal -7.450600e-004 -9.537154e-001 -3.007096e-001
    outer loop
      vertex  1.140000e+001 -1.057331e+001  1.337583e+001
      vertex  8.400000e+000 -1.056031e+001  1.334202e+001
      vertex  8.400000e+000 -1.053407e+001  1.325882e+001
    endloop
  endfacet
  facet normal  7.111495e-004 -9.424750e-001 -3.342760e-001
    outer loop
      vertex  1.140000e+001 -1.057331e+001  1.337583e+001
      vertex  8.400000e+000 -1.053407e+001  1.325882e+001
      vertex  1.140000e+001 -1.054360e+001  1.329206e+001
    endloop
  endfacet
  facet normal -7.018138e-004 -9.762960e-001 -2.164384e-001
    outer loop
      vertex  1.140000e+001 -1.054360e+001  1.329206e+001
      vertex  8.400000e+000 -1.053407e+001  1.325882e+001
      vertex  8.400000e+000 -1.051519e+001  1.317365e+001
    endloop
  endfacet
  facet normal  6.682873e-004 -9.684350e-001 -2.492653e-001
    outer loop
      vertex  1.140000e+001 -1.054360e+001  1.329206e+001
      vertex  8.400000e+000 -1.051519e+001  1.317365e+001
      vertex  1.140000e+001 -1.052144e+001  1.320598e+001
    endloop
  endfacet
  facet normal -6.593025e-004 -9.914448e-001 -1.305252e-001
    outer loop
      vertex  1.140000e+001 -1.052144e+001  1.320598e+001
      vertex  8.400000e+000 -1.051519e+001  1.317365e+001
      vertex  8.400000e+000 -1.050381e+001  1.308716e+001
    endloop
  endfacet
  facet normal  6.261824e-004 -9.867441e-001 -1.622829e-001
    outer loop
      vertex  1.140000e+001 -1.052144e+001  1.320598e+001
      vertex  8.400000e+000 -1.050381e+001  1.308716e+001
      vertex  1.140000e+001 -1.050702e+001  1.311827e+001
    endloop
  endfacet
  facet normal -6.178480e-004 -9.990481e-001 -4.361796e-002
    outer loop
      vertex  1.140000e+001 -1.050702e+001  1.311827e+001
      vertex  8.400000e+000 -1.050381e+001  1.308716e+001
      vertex  8.400000e+000 -1.050000e+001  1.300000e+001
    endloop
  endfacet
  facet normal  5.854645e-004 -9.972556e-001 -7.403371e-002
    outer loop
      vertex  1.140000e+001 -1.050702e+001  1.311827e+001
      vertex  8.400000e+000 -1.050000e+001  1.300000e+001
      vertex  1.140000e+001 -1.050044e+001  1.302963e+001
    endloop
  endfacet
  facet normal -5.769422e-004 -9.990481e-001  4.361796e-002
    outer loop
      vertex  1.140000e+001 -1.050044e+001  1.302963e+001
      vertex  8.400000e+000 -1.050000e+001  1.300000e+001
      vertex  8.400000e+000 -1.050381e+001  1.291284e+001
    endloop
  endfacet
  facet normal  5.447799e-004 -9.998899e-001  1.482813e-002
    outer loop
      vertex  1.140000e+001 -1.050044e+001  1.302963e+001
      vertex  8.400000e+000 -1.050381e+001  1.291284e+001
      vertex  1.140000e+001 -1.050176e+001  1.294076e+001
    endloop
  endfacet
  facet normal -5.375479e-004 -9.914449e-001  1.305252e-001
    outer loop
      vertex  1.140000e+001 -1.050176e+001  1.294076e+001
      vertex  8.400000e+000 -1.050381e+001  1.291284e+001
      vertex  8.400000e+000 -1.051519e+001  1.282635e+001
    endloop
  endfacet
  facet normal  5.058511e-004 -9.946252e-001  1.035386e-001
    outer loop
      vertex  1.140000e+001 -1.050176e+001  1.294076e+001
      vertex  8.400000e+000 -1.051519e+001  1.282635e+001
      vertex  1.140000e+001 -1.051096e+001  1.285235e+001
    endloop
  endfacet
  facet normal -4.985098e-004 -9.762961e-001  2.164385e-001
    outer loop
      vertex  1.140000e+001 -1.051096e+001  1.285235e+001
      vertex  8.400000e+000 -1.051519e+001  1.282635e+001
      vertex  8.400000e+000 -1.053407e+001  1.274118e+001
    endloop
  endfacet
  facet normal  4.673400e-004 -9.815009e-001  1.914569e-001
    outer loop
      vertex  1.140000e+001 -1.051096e+001  1.285235e+001
      vertex  8.400000e+000 -1.053407e+001  1.274118e+001
      vertex  1.140000e+001 -1.052798e+001  1.276511e+001
    endloop
  endfacet
  facet normal -4.606895e-004 -9.537156e-001  3.007096e-001
    outer loop
      vertex  1.140000e+001 -1.052798e+001  1.276511e+001
      vertex  8.400000e+000 -1.053407e+001  1.274118e+001
      vertex  8.400000e+000 -1.056031e+001  1.265798e+001
    endloop
  endfacet
  facet normal  4.300552e-004 -9.606239e-001  2.778514e-001
    outer loop
      vertex  1.140000e+001 -1.052798e+001  1.276511e+001
      vertex  8.400000e+000 -1.056031e+001  1.265798e+001
      vertex  1.140000e+001 -1.055267e+001  1.267973e+001
    endloop
  endfacet
  facet normal -4.234633e-004 -9.238812e-001  3.826794e-001
    outer loop
      vertex  1.140000e+001 -1.055267e+001  1.267973e+001
      vertex  8.400000e+000 -1.056031e+001  1.265798e+001
      vertex  8.400000e+000 -1.059369e+001  1.257738e+001
    endloop
  endfacet
  facet normal  3.934216e-004 -9.321578e-001  3.620522e-001
    outer loop
      vertex  1.140000e+001 -1.055267e+001  1.267973e+001
      vertex  8.400000e+000 -1.059369e+001  1.257738e+001
      vertex  1.140000e+001 -1.058485e+001  1.259688e+001
    endloop
  endfacet
  facet normal -3.874522e-004 -8.870077e-001  4.617543e-001
    outer loop
      vertex  1.140000e+001 -1.058485e+001  1.259688e+001
      vertex  8.400000e+000 -1.059369e+001  1.257738e+001
      vertex  8.400000e+000 -1.063398e+001  1.250000e+001
    endloop
  endfacet
  facet normal  3.578493e-004 -8.963245e-001  4.433984e-001
    outer loop
      vertex  1.140000e+001 -1.058485e+001  1.259688e+001
      vertex  8.400000e+000 -1.063398e+001  1.250000e+001
      vertex  1.140000e+001 -1.062426e+001  1.251721e+001
    endloop
  endfacet
  facet normal -3.521054e-004 -8.433913e-001  5.372998e-001
    outer loop
      vertex  1.140000e+001 -1.062426e+001  1.251721e+001
      vertex  8.400000e+000 -1.063398e+001  1.250000e+001
      vertex  8.400000e+000 -1.068085e+001  1.242642e+001
    endloop
  endfacet
  facet normal  3.231463e-004 -8.534143e-001  5.212330e-001
    outer loop
      vertex  1.140000e+001 -1.062426e+001  1.251721e+001
      vertex  8.400000e+000 -1.068085e+001  1.242642e+001
      vertex  1.140000e+001 -1.067059e+001  1.244135e+001
    endloop
  endfacet
  facet normal -3.176542e-004 -7.933586e-001  6.087546e-001
    outer loop
      vertex  1.140000e+001 -1.067059e+001  1.244135e+001
      vertex  8.400000e+000 -1.068085e+001  1.242642e+001
      vertex  8.400000e+000 -1.073396e+001  1.235721e+001
    endloop
  endfacet
  facet normal  2.888309e-004 -8.037554e-001  5.949599e-001
    outer loop
      vertex  1.140000e+001 -1.067059e+001  1.244135e+001
      vertex  8.400000e+000 -1.073396e+001  1.235721e+001
      vertex  1.140000e+001 -1.072348e+001  1.236991e+001
    endloop
  endfacet
  facet normal -2.847523e-004 -7.372726e-001  6.755955e-001
    outer loop
      vertex  1.140000e+001 -1.072348e+001  1.236991e+001
      vertex  8.400000e+000 -1.073396e+001  1.235721e+001
      vertex  8.400000e+000 -1.079289e+001  1.229289e+001
    endloop
  endfacet
  facet normal  2.562876e-004 -7.477579e-001  6.639715e-001
    outer loop
      vertex  1.140000e+001 -1.072348e+001  1.236991e+001
      vertex  8.400000e+000 -1.079289e+001  1.229289e+001
      vertex  1.140000e+001 -1.078249e+001  1.230345e+001
    endloop
  endfacet
  facet normal -2.517983e-004 -6.755955e-001  7.372726e-001
    outer loop
      vertex  1.140000e+001 -1.078249e+001  1.230345e+001
      vertex  8.400000e+000 -1.079289e+001  1.229289e+001
      vertex  8.400000e+000 -1.085721e+001  1.223396e+001
    endloop
  endfacet
  facet normal  2.239572e-004 -6.858415e-001  7.277510e-001
    outer loop
      vertex  1.140000e+001 -1.078249e+001  1.230345e+001
      vertex  8.400000e+000 -1.085721e+001  1.223396e+001
      vertex  1.140000e+001 -1.084718e+001  1.224249e+001
    endloop
  endfacet
  facet normal -2.205074e-004 -6.087546e-001  7.933586e-001
    outer loop
      vertex  1.140000e+001 -1.084718e+001  1.224249e+001
      vertex  8.400000e+000 -1.085721e+001  1.223396e+001
      vertex  8.400000e+000 -1.092642e+001  1.218085e+001
    endloop
  endfacet
  facet normal  1.928567e-004 -6.185074e-001  7.857789e-001
    outer loop
      vertex  1.140000e+001 -1.084718e+001  1.224249e+001
      vertex  8.400000e+000 -1.092642e+001  1.218085e+001
      vertex  1.140000e+001 -1.091702e+001  1.218751e+001
    endloop
  endfacet
  facet normal -1.896812e-004 -5.372998e-001  8.433913e-001
    outer loop
      vertex  1.140000e+001 -1.091702e+001  1.218751e+001
      vertex  8.400000e+000 -1.092642e+001  1.218085e+001
      vertex  8.400000e+000 -1.100000e+001  1.213398e+001
    endloop
  endfacet
  facet normal  1.629219e-004 -5.463032e-001  8.375875e-001
    outer loop
      vertex  1.140000e+001 -1.091702e+001  1.218751e+001
      vertex  8.400000e+000 -1.100000e+001  1.213398e+001
      vertex  1.140000e+001 -1.099147e+001  1.213896e+001
    endloop
  endfacet
  facet normal -1.595775e-004 -4.617544e-001  8.870078e-001
    outer loop
      vertex  1.140000e+001 -1.099147e+001  1.213896e+001
      vertex  8.400000e+000 -1.100000e+001  1.213398e+001
      vertex  8.400000e+000 -1.107738e+001  1.209369e+001
    endloop
  endfacet
  facet normal  1.331176e-004 -4.697560e-001  8.827963e-001
    outer loop
      vertex  1.140000e+001 -1.099147e+001  1.213896e+001
      vertex  8.400000e+000 -1.107738e+001  1.209369e+001
      vertex  1.140000e+001 -1.106993e+001  1.209720e+001
    endloop
  endfacet
  facet normal -1.311185e-004 -3.826794e-001  9.238812e-001
    outer loop
      vertex  1.140000e+001 -1.106993e+001  1.209720e+001
      vertex  8.400000e+000 -1.107738e+001  1.209369e+001
      vertex  8.400000e+000 -1.115798e+001  1.206031e+001
    endloop
  endfacet
  facet normal  1.049361e-004 -3.895224e-001  9.210170e-001
    outer loop
      vertex  1.140000e+001 -1.106993e+001  1.209720e+001
      vertex  8.400000e+000 -1.115798e+001  1.206031e+001
      vertex  1.140000e+001 -1.115180e+001  1.206258e+001
    endloop
  endfacet
  facet normal -1.028393e-004 -3.007096e-001  9.537157e-001
    outer loop
      vertex  1.140000e+001 -1.115180e+001  1.206258e+001
      vertex  8.400000e+000 -1.115798e+001  1.206031e+001
      vertex  8.400000e+000 -1.124118e+001  1.203407e+001
    endloop
  endfacet
  facet normal  7.723767e-005 -3.061964e-001  9.519684e-001
    outer loop
      vertex  1.140000e+001 -1.115180e+001  1.206258e+001
      vertex  8.400000e+000 -1.124118e+001  1.203407e+001
      vertex  1.140000e+001 -1.123641e+001  1.203536e+001
    endloop
  endfacet
  facet normal -7.589224e-005 -2.164385e-001  9.762962e-001
    outer loop
      vertex  1.140000e+001 -1.123641e+001  1.203536e+001
      vertex  8.400000e+000 -1.124118e+001  1.203407e+001
      vertex  8.400000e+000 -1.132635e+001  1.201519e+001
    endloop
  endfacet
  facet normal  5.068624e-005 -2.204588e-001  9.753963e-001
    outer loop
      vertex  1.140000e+001 -1.123641e+001  1.203536e+001
      vertex  8.400000e+000 -1.132635e+001  1.201519e+001
      vertex  1.140000e+001 -1.132311e+001  1.201577e+001
    endloop
  endfacet
  facet normal -4.960331e-005 -1.305252e-001  9.914450e-001
    outer loop
      vertex  1.140000e+001 -1.132311e+001  1.201577e+001
      vertex  8.400000e+000 -1.132635e+001  1.201519e+001
      vertex  8.400000e+000 -1.141284e+001  1.200381e+001
    endloop
  endfacet
  facet normal  2.481390e-005 -1.329698e-001  9.911200e-001
    outer loop
      vertex  1.140000e+001 -1.132311e+001  1.201577e+001
      vertex  8.400000e+000 -1.141284e+001  1.200381e+001
      vertex  1.140000e+001 -1.141120e+001  1.200395e+001
    endloop
  endfacet
  facet normal -2.442437e-005 -4.361797e-002  9.990482e-001
    outer loop
      vertex  1.140000e+001 -1.141120e+001  1.200395e+001
      vertex  8.400000e+000 -1.141284e+001  1.200381e+001
      vertex  8.400000e+000 -1.150000e+001  1.200000e+001
    endloop
  endfacet
  facet normal  0.000000e+000 -4.444154e-002  9.990120e-001
    outer loop
      vertex  1.140000e+001 -1.141120e+001  1.200395e+001
      vertex  8.400000e+000 -1.150000e+001  1.200000e+001
      vertex  1.140000e+001 -1.150000e+001  1.200000e+001
    endloop
  endfacet
  facet normal -2.528513e-004  3.620522e-001 -9.321578e-001
    outer loop
      vertex  1.140000e+001 -1.190312e+001  1.391515e+001
      vertex  8.400000e+000 -1.184202e+001  1.393969e+001
      vertex  1.140000e+001 -1.182027e+001  1.394733e+001
    endloop
  endfacet
  facet normal  2.467503e-004  3.007096e-001 -9.537157e-001
    outer loop
      vertex  1.140000e+001 -1.182027e+001  1.394733e+001
      vertex  8.400000e+000 -1.184202e+001  1.393969e+001
      vertex  8.400000e+000 -1.175882e+001  1.396593e+001
    endloop
  endfacet
  facet normal -2.642991e-004  2.778515e-001 -9.606240e-001
    outer loop
      vertex  1.140000e+001 -1.182027e+001  1.394733e+001
      vertex  8.400000e+000 -1.175882e+001  1.396593e+001
      vertex  1.140000e+001 -1.173489e+001  1.397202e+001
    endloop
  endfacet
  facet normal  2.574723e-004  2.164385e-001 -9.762962e-001
    outer loop
      vertex  1.140000e+001 -1.173489e+001  1.397202e+001
      vertex  8.400000e+000 -1.175882e+001  1.396593e+001
      vertex  8.400000e+000 -1.167365e+001  1.398481e+001
    endloop
  endfacet
  facet normal -2.746517e-004  1.914569e-001 -9.815009e-001
    outer loop
      vertex  1.140000e+001 -1.173489e+001  1.397202e+001
      vertex  8.400000e+000 -1.167365e+001  1.398481e+001
      vertex  1.140000e+001 -1.164765e+001  1.398904e+001
    endloop
  endfacet
  facet normal  2.674718e-004  1.305252e-001 -9.914450e-001
    outer loop
      vertex  1.140000e+001 -1.164765e+001  1.398904e+001
      vertex  8.400000e+000 -1.167365e+001  1.398481e+001
      vertex  8.400000e+000 -1.158716e+001  1.399619e+001
    endloop
  endfacet
  facet normal -2.842662e-004  1.035386e-001 -9.946254e-001
    outer loop
      vertex  1.140000e+001 -1.164765e+001  1.398904e+001
      vertex  8.400000e+000 -1.158716e+001  1.399619e+001
      vertex  1.140000e+001 -1.155924e+001  1.399824e+001
    endloop
  endfacet
  facet normal  2.763157e-004  4.361797e-002 -9.990482e-001
    outer loop
      vertex  1.140000e+001 -1.155924e+001  1.399824e+001
      vertex  8.400000e+000 -1.158716e+001  1.399619e+001
      vertex  8.400000e+000 -1.150000e+001  1.400000e+001
    endloop
  endfacet
  facet normal -2.926839e-004  1.482813e-002 -9.998900e-001
    outer loop
      vertex  1.140000e+001 -1.155924e+001  1.399824e+001
      vertex  8.400000e+000 -1.150000e+001  1.400000e+001
      vertex  1.140000e+001 -1.147037e+001  1.399956e+001
    endloop
  endfacet
  facet normal  2.847604e-004 -4.361797e-002 -9.990482e-001
    outer loop
      vertex  1.140000e+001 -1.147037e+001  1.399956e+001
      vertex  8.400000e+000 -1.150000e+001  1.400000e+001
      vertex  8.400000e+000 -1.141284e+001  1.399619e+001
    endloop
  endfacet
  facet normal -3.004409e-004 -7.403372e-002 -9.972557e-001
    outer loop
      vertex  1.140000e+001 -1.147037e+001  1.399956e+001
      vertex  8.400000e+000 -1.141284e+001  1.399619e+001
      vertex  1.140000e+001 -1.138173e+001  1.399298e+001
    endloop
  endfacet
  facet normal  2.917409e-004 -1.305252e-001 -9.914450e-001
    outer loop
      vertex  1.140000e+001 -1.138173e+001  1.399298e+001
      vertex  8.400000e+000 -1.141284e+001  1.399619e+001
      vertex  8.400000e+000 -1.132635e+001  1.398481e+001
    endloop
  endfacet
  facet normal -3.072601e-004 -1.622829e-001 -9.867442e-001
    outer loop
      vertex  1.140000e+001 -1.138173e+001  1.399298e+001
      vertex  8.400000e+000 -1.132635e+001  1.398481e+001
      vertex  1.140000e+001 -1.129402e+001  1.397856e+001
    endloop
  endfacet
  facet normal  2.981375e-004 -2.164385e-001 -9.762962e-001
    outer loop
      vertex  1.140000e+001 -1.129402e+001  1.397856e+001
      vertex  8.400000e+000 -1.132635e+001  1.398481e+001
      vertex  8.400000e+000 -1.124118e+001  1.396593e+001
    endloop
  endfacet
  facet normal -3.131507e-004 -2.492653e-001 -9.684351e-001
    outer loop
      vertex  1.140000e+001 -1.129402e+001  1.397856e+001
      vertex  8.400000e+000 -1.124118e+001  1.396593e+001
      vertex  1.140000e+001 -1.120794e+001  1.395640e+001
    endloop
  endfacet
  facet normal  3.035612e-004 -3.007096e-001 -9.537157e-001
    outer loop
      vertex  1.140000e+001 -1.120794e+001  1.395640e+001
      vertex  8.400000e+000 -1.124118e+001  1.396593e+001
      vertex  8.400000e+000 -1.115798e+001  1.393969e+001
    endloop
  endfacet
  facet normal -3.180697e-004 -3.342761e-001 -9.424752e-001
    outer loop
      vertex  1.140000e+001 -1.120794e+001  1.395640e+001
      vertex  8.400000e+000 -1.115798e+001  1.393969e+001
      vertex  1.140000e+001 -1.112417e+001  1.392669e+001
    endloop
  endfacet
  facet normal  3.079939e-004 -3.826794e-001 -9.238812e-001
    outer loop
      vertex  1.140000e+001 -1.112417e+001  1.392669e+001
      vertex  8.400000e+000 -1.115798e+001  1.393969e+001
      vertex  8.400000e+000 -1.107738e+001  1.390631e+001
    endloop
  endfacet
  facet normal -3.222759e-004 -4.166392e-001 -9.090719e-001
    outer loop
      vertex  1.140000e+001 -1.112417e+001  1.392669e+001
      vertex  8.400000e+000 -1.107738e+001  1.390631e+001
      vertex  1.140000e+001 -1.104337e+001  1.388966e+001
    endloop
  endfacet
  facet normal  3.116573e-004 -4.617543e-001 -8.870077e-001
    outer loop
      vertex  1.140000e+001 -1.104337e+001  1.388966e+001
      vertex  8.400000e+000 -1.107738e+001  1.390631e+001
      vertex  8.400000e+000 -1.100000e+001  1.386602e+001
    endloop
  endfacet
  facet normal -3.251754e-004 -4.957125e-001 -8.684866e-001
    outer loop
      vertex  1.140000e+001 -1.104337e+001  1.388966e+001
      vertex  8.400000e+000 -1.100000e+001  1.386602e+001
      vertex  1.140000e+001 -1.096618e+001  1.384560e+001
    endloop
  endfacet
  facet normal  3.145825e-004 -5.372998e-001 -8.433913e-001
    outer loop
      vertex  1.140000e+001 -1.096618e+001  1.384560e+001
      vertex  8.400000e+000 -1.100000e+001  1.386602e+001
      vertex  8.400000e+000 -1.092642e+001  1.381915e+001
    endloop
  endfacet
  facet normal -3.274420e-004 -5.708787e-001 -8.210344e-001
    outer loop
      vertex  1.140000e+001 -1.096618e+001  1.384560e+001
      vertex  8.400000e+000 -1.092642e+001  1.381915e+001
      vertex  1.140000e+001 -1.089320e+001  1.379485e+001
    endloop
  endfacet
  facet normal  3.161762e-004 -6.087546e-001 -7.933586e-001
    outer loop
      vertex  1.140000e+001 -1.089320e+001  1.379485e+001
      vertex  8.400000e+000 -1.092642e+001  1.381915e+001
      vertex  8.400000e+000 -1.085721e+001  1.376604e+001
    endloop
  endfacet
  facet normal -3.290766e-004 -6.415247e-001 -7.671022e-001
    outer loop
      vertex  1.140000e+001 -1.089320e+001  1.379485e+001
      vertex  8.400000e+000 -1.085721e+001  1.376604e+001
      vertex  1.140000e+001 -1.082502e+001  1.373783e+001
    endloop
  endfacet
  facet normal  2.350035e-004  3.826794e-001 -9.238812e-001
    outer loop
      vertex  8.400000e+000 -1.184202e+001  1.393969e+001
      vertex  1.140000e+001 -1.190312e+001  1.391515e+001
      vertex  8.400000e+000 -1.192262e+001  1.390631e+001
    endloop
  endfacet
  facet normal -2.407285e-004  4.433984e-001 -8.963246e-001
    outer loop
      vertex  8.400000e+000 -1.192262e+001  1.390631e+001
      vertex  1.140000e+001 -1.190312e+001  1.391515e+001
      vertex  1.140000e+001 -1.198279e+001  1.387574e+001
    endloop
  endfacet
  facet normal  2.224026e-004  4.617544e-001 -8.870078e-001
    outer loop
      vertex  8.400000e+000 -1.192262e+001  1.390631e+001
      vertex  1.140000e+001 -1.198279e+001  1.387574e+001
      vertex  8.400000e+000 -1.200000e+001  1.386602e+001
    endloop
  endfacet
  facet normal -2.275030e-004  5.212330e-001 -8.534144e-001
    outer loop
      vertex  8.400000e+000 -1.200000e+001  1.386602e+001
      vertex  1.140000e+001 -1.198279e+001  1.387574e+001
      vertex  1.140000e+001 -1.205865e+001  1.382941e+001
    endloop
  endfacet
  facet normal  2.089347e-004  5.372998e-001 -8.433913e-001
    outer loop
      vertex  8.400000e+000 -1.200000e+001  1.386602e+001
      vertex  1.140000e+001 -1.205865e+001  1.382941e+001
      vertex  8.400000e+000 -1.207358e+001  1.381915e+001
    endloop
  endfacet
  facet normal -2.134718e-004  5.949599e-001 -8.037554e-001
    outer loop
      vertex  8.400000e+000 -1.207358e+001  1.381915e+001
      vertex  1.140000e+001 -1.205865e+001  1.382941e+001
      vertex  1.140000e+001 -1.213009e+001  1.377652e+001
    endloop
  endfacet
  facet normal  1.941168e-004  6.087546e-001 -7.933586e-001
    outer loop
      vertex  8.400000e+000 -1.207358e+001  1.381915e+001
      vertex  1.140000e+001 -1.213009e+001  1.377652e+001
      vertex  8.400000e+000 -1.214279e+001  1.376604e+001
    endloop
  endfacet
  facet normal -1.989189e-004  6.639715e-001 -7.477579e-001
    outer loop
      vertex  8.400000e+000 -1.214279e+001  1.376604e+001
      vertex  1.140000e+001 -1.213009e+001  1.377652e+001
      vertex  1.140000e+001 -1.219655e+001  1.371751e+001
    endloop
  endfacet
  facet normal  1.790379e-004  6.755955e-001 -7.372726e-001
    outer loop
      vertex  8.400000e+000 -1.214279e+001  1.376604e+001
      vertex  1.140000e+001 -1.219655e+001  1.371751e+001
      vertex  8.400000e+000 -1.220711e+001  1.370711e+001
    endloop
  endfacet
  facet normal -1.827751e-004  7.277510e-001 -6.858415e-001
    outer loop
      vertex  8.400000e+000 -1.220711e+001  1.370711e+001
      vertex  1.140000e+001 -1.219655e+001  1.371751e+001
      vertex  1.140000e+001 -1.225751e+001  1.365282e+001
    endloop
  endfacet
  facet normal  1.626015e-004  7.372726e-001 -6.755955e-001
    outer loop
      vertex  8.400000e+000 -1.220711e+001  1.370711e+001
      vertex  1.140000e+001 -1.225751e+001  1.365282e+001
      vertex  8.400000e+000 -1.226604e+001  1.364279e+001
    endloop
  endfacet
  facet normal -1.663254e-004  7.857789e-001 -6.185074e-001
    outer loop
      vertex  8.400000e+000 -1.226604e+001  1.364279e+001
      vertex  1.140000e+001 -1.225751e+001  1.365282e+001
      vertex  1.140000e+001 -1.231249e+001  1.358298e+001
    endloop
  endfacet
  facet normal  1.454473e-004  7.933586e-001 -6.087546e-001
    outer loop
      vertex  8.400000e+000 -1.226604e+001  1.364279e+001
      vertex  1.140000e+001 -1.231249e+001  1.358298e+001
      vertex  8.400000e+000 -1.231915e+001  1.357358e+001
    endloop
  endfacet
  facet normal -1.485667e-004  8.375875e-001 -5.463032e-001
    outer loop
      vertex  8.400000e+000 -1.231915e+001  1.357358e+001
      vertex  1.140000e+001 -1.231249e+001  1.358298e+001
      vertex  1.140000e+001 -1.236104e+001  1.350853e+001
    endloop
  endfacet
  facet normal  1.276816e-004  8.433913e-001 -5.372998e-001
    outer loop
      vertex  8.400000e+000 -1.231915e+001  1.357358e+001
      vertex  1.140000e+001 -1.236104e+001  1.350853e+001
      vertex  8.400000e+000 -1.236602e+001  1.350000e+001
    endloop
  endfacet
  facet normal -1.298293e-004  8.827963e-001 -4.697560e-001
    outer loop
      vertex  8.400000e+000 -1.236602e+001  1.350000e+001
      vertex  1.140000e+001 -1.236104e+001  1.350853e+001
      vertex  1.140000e+001 -1.240280e+001  1.343007e+001
    endloop
  endfacet
  facet normal  1.083260e-004  8.870078e-001 -4.617544e-001
    outer loop
      vertex  8.400000e+000 -1.236602e+001  1.350000e+001
      vertex  1.140000e+001 -1.240280e+001  1.343007e+001
      vertex  8.400000e+000 -1.240631e+001  1.342262e+001
    endloop
  endfacet
  facet normal -1.107799e-004  9.210170e-001 -3.895224e-001
    outer loop
      vertex  8.400000e+000 -1.240631e+001  1.342262e+001
      vertex  1.140000e+001 -1.240280e+001  1.343007e+001
      vertex  1.140000e+001 -1.243742e+001  1.334820e+001
    endloop
  endfacet
  facet normal  8.866598e-005  9.238812e-001 -3.826794e-001
    outer loop
      vertex  8.400000e+000 -1.240631e+001  1.342262e+001
      vertex  1.140000e+001 -1.243742e+001  1.334820e+001
      vertex  8.400000e+000 -1.243969e+001  1.334202e+001
    endloop
  endfacet
  facet normal -9.020988e-005  9.519684e-001 -3.061964e-001
    outer loop
      vertex  8.400000e+000 -1.243969e+001  1.334202e+001
      vertex  1.140000e+001 -1.243742e+001  1.334820e+001
      vertex  1.140000e+001 -1.246464e+001  1.326359e+001
    endloop
  endfacet
  facet normal  6.776519e-005  9.537157e-001 -3.007096e-001
    outer loop
      vertex  8.400000e+000 -1.243969e+001  1.334202e+001
      vertex  1.140000e+001 -1.246464e+001  1.326359e+001
      vertex  8.400000e+000 -1.246593e+001  1.325882e+001
    endloop
  endfacet
  facet normal -6.911508e-005  9.753963e-001 -2.204588e-001
    outer loop
      vertex  8.400000e+000 -1.246593e+001  1.325882e+001
      vertex  1.140000e+001 -1.246464e+001  1.326359e+001
      vertex  1.140000e+001 -1.248423e+001  1.317689e+001
    endloop
  endfacet
  facet normal  4.616790e-005  9.762962e-001 -2.164385e-001
    outer loop
      vertex  8.400000e+000 -1.246593e+001  1.325882e+001
      vertex  1.140000e+001 -1.248423e+001  1.317689e+001
      vertex  8.400000e+000 -1.248481e+001  1.317365e+001
    endloop
  endfacet
  facet normal -4.689864e-005  9.911200e-001 -1.329698e-001
    outer loop
      vertex  8.400000e+000 -1.248481e+001  1.317365e+001
      vertex  1.140000e+001 -1.248423e+001  1.317689e+001
      vertex  1.140000e+001 -1.249605e+001  1.308880e+001
    endloop
  endfacet
  facet normal  2.346157e-005  9.914450e-001 -1.305252e-001
    outer loop
      vertex  8.400000e+000 -1.248481e+001  1.317365e+001
      vertex  1.140000e+001 -1.249605e+001  1.308880e+001
      vertex  8.400000e+000 -1.249619e+001  1.308716e+001
    endloop
  endfacet
  facet normal -2.397231e-005  9.990120e-001 -4.444154e-002
    outer loop
      vertex  8.400000e+000 -1.249619e+001  1.308716e+001
      vertex  1.140000e+001 -1.249605e+001  1.308880e+001
      vertex  1.140000e+001 -1.250000e+001  1.300000e+001
    endloop
  endfacet
  facet normal  0.000000e+000  9.990482e-001 -4.361797e-002
    outer loop
      vertex  8.400000e+000 -1.249619e+001  1.308716e+001
      vertex  1.140000e+001 -1.250000e+001  1.300000e+001
      vertex  8.400000e+000 -1.250000e+001  1.300000e+001
    endloop
  endfacet
  facet normal  0.000000e+000  4.361797e-002 -9.990482e-001
    outer loop
      vertex  4.400000e+000  1.150000e+001  1.400000e+001
      vertex  8.400000e+000  1.141284e+001  1.399619e+001
      vertex  4.400000e+000  1.141284e+001  1.399619e+001
    endloop
  endfacet
  facet normal  0.000000e+000  1.305252e-001 -9.914449e-001
    outer loop
      vertex  4.400000e+000  1.141284e+001  1.399619e+001
      vertex  8.400000e+000  1.141284e+001  1.399619e+001
      vertex  8.400000e+000  1.132635e+001  1.398481e+001
    endloop
  endfacet
  facet normal  0.000000e+000  1.305252e-001 -9.914449e-001
    outer loop
      vertex  4.400000e+000  1.141284e+001  1.399619e+001
      vertex  8.400000e+000  1.132635e+001  1.398481e+001
      vertex  4.400000e+000  1.132635e+001  1.398481e+001
    endloop
  endfacet
  facet normal  0.000000e+000  2.164385e-001 -9.762963e-001
    outer loop
      vertex  4.400000e+000  1.132635e+001  1.398481e+001
      vertex  8.400000e+000  1.132635e+001  1.398481e+001
      vertex  8.400000e+000  1.124118e+001  1.396593e+001
    endloop
  endfacet
  facet normal  0.000000e+000  2.164385e-001 -9.762963e-001
    outer loop
      vertex  4.400000e+000  1.132635e+001  1.398481e+001
      vertex  8.400000e+000  1.124118e+001  1.396593e+001
      vertex  4.400000e+000  1.124118e+001  1.396593e+001
    endloop
  endfacet
  facet normal  0.000000e+000  3.007096e-001 -9.537157e-001
    outer loop
      vertex  4.400000e+000  1.124118e+001  1.396593e+001
      vertex  8.400000e+000  1.124118e+001  1.396593e+001
      vertex  8.400000e+000  1.115798e+001  1.393969e+001
    endloop
  endfacet
  facet normal  0.000000e+000  3.007096e-001 -9.537157e-001
    outer loop
      vertex  4.400000e+000  1.124118e+001  1.396593e+001
      vertex  8.400000e+000  1.115798e+001  1.393969e+001
      vertex  4.400000e+000  1.115798e+001  1.393969e+001
    endloop
  endfacet
  facet normal  0.000000e+000  3.826794e-001 -9.238812e-001
    outer loop
      vertex  4.400000e+000  1.115798e+001  1.393969e+001
      vertex  8.400000e+000  1.115798e+001  1.393969e+001
      vertex  8.400000e+000  1.107738e+001  1.390631e+001
    endloop
  endfacet
  facet normal  0.000000e+000  3.826794e-001 -9.238812e-001
    outer loop
      vertex  4.400000e+000  1.115798e+001  1.393969e+001
      vertex  8.400000e+000  1.107738e+001  1.390631e+001
      vertex  4.400000e+000  1.107738e+001  1.390631e+001
    endloop
  endfacet
  facet normal  0.000000e+000  4.617544e-001 -8.870078e-001
    outer loop
      vertex  4.400000e+000  1.107738e+001  1.390631e+001
      vertex  8.400000e+000  1.107738e+001  1.390631e+001
      vertex  8.400000e+000  1.100000e+001  1.386602e+001
    endloop
  endfacet
  facet normal  0.000000e+000  4.617544e-001 -8.870078e-001
    outer loop
      vertex  4.400000e+000  1.107738e+001  1.390631e+001
      vertex  8.400000e+000  1.100000e+001  1.386602e+001
      vertex  4.400000e+000  1.100000e+001  1.386602e+001
    endloop
  endfacet
  facet normal  0.000000e+000  5.372999e-001 -8.433914e-001
    outer loop
      vertex  4.400000e+000  1.100000e+001  1.386602e+001
      vertex  8.400000e+000  1.100000e+001  1.386602e+001
      vertex  8.400000e+000  1.092642e+001  1.381915e+001
    endloop
  endfacet
  facet normal  0.000000e+000  5.372999e-001 -8.433914e-001
    outer loop
      vertex  4.400000e+000  1.100000e+001  1.386602e+001
      vertex  8.400000e+000  1.092642e+001  1.381915e+001
      vertex  4.400000e+000  1.092642e+001  1.381915e+001
    endloop
  endfacet
  facet normal  0.000000e+000  6.087546e-001 -7.933586e-001
    outer loop
      vertex  4.400000e+000  1.092642e+001  1.381915e+001
      vertex  8.400000e+000  1.092642e+001  1.381915e+001
      vertex  8.400000e+000  1.085721e+001  1.376604e+001
    endloop
  endfacet
  facet normal  0.000000e+000  6.087546e-001 -7.933586e-001
    outer loop
      vertex  4.400000e+000  1.092642e+001  1.381915e+001
      vertex  8.400000e+000  1.085721e+001  1.376604e+001
      vertex  4.400000e+000  1.085721e+001  1.376604e+001
    endloop
  endfacet
  facet normal  0.000000e+000  6.755954e-001 -7.372726e-001
    outer loop
      vertex  4.400000e+000  1.085721e+001  1.376604e+001
      vertex  8.400000e+000  1.085721e+001  1.376604e+001
      vertex  8.400000e+000  1.079289e+001  1.370711e+001
    endloop
  endfacet
  facet normal  0.000000e+000  6.755954e-001 -7.372726e-001
    outer loop
      vertex  4.400000e+000  1.085721e+001  1.376604e+001
      vertex  8.400000e+000  1.079289e+001  1.370711e+001
      vertex  4.400000e+000  1.079289e+001  1.370711e+001
    endloop
  endfacet
  facet normal  0.000000e+000  7.372726e-001 -6.755954e-001
    outer loop
      vertex  4.400000e+000  1.079289e+001  1.370711e+001
      vertex  8.400000e+000  1.079289e+001  1.370711e+001
      vertex  8.400000e+000  1.073396e+001  1.364279e+001
    endloop
  endfacet
  facet normal  0.000000e+000  7.372726e-001 -6.755954e-001
    outer loop
      vertex  4.400000e+000  1.079289e+001  1.370711e+001
      vertex  8.400000e+000  1.073396e+001  1.364279e+001
      vertex  4.400000e+000  1.073396e+001  1.364279e+001
    endloop
  endfacet
  facet normal  0.000000e+000  7.933586e-001 -6.087546e-001
    outer loop
      vertex  4.400000e+000  1.073396e+001  1.364279e+001
      vertex  8.400000e+000  1.073396e+001  1.364279e+001
      vertex  8.400000e+000  1.068085e+001  1.357358e+001
    endloop
  endfacet
  facet normal  0.000000e+000  7.933586e-001 -6.087546e-001
    outer loop
      vertex  4.400000e+000  1.073396e+001  1.364279e+001
      vertex  8.400000e+000  1.068085e+001  1.357358e+001
      vertex  4.400000e+000  1.068085e+001  1.357358e+001
    endloop
  endfacet
  facet normal  0.000000e+000  8.433914e-001 -5.372999e-001
    outer loop
      vertex  4.400000e+000  1.068085e+001  1.357358e+001
      vertex  8.400000e+000  1.068085e+001  1.357358e+001
      vertex  8.400000e+000  1.063398e+001  1.350000e+001
    endloop
  endfacet
  facet normal  0.000000e+000  8.433914e-001 -5.372999e-001
    outer loop
      vertex  4.400000e+000  1.068085e+001  1.357358e+001
      vertex  8.400000e+000  1.063398e+001  1.350000e+001
      vertex  4.400000e+000  1.063398e+001  1.350000e+001
    endloop
  endfacet
  facet normal  0.000000e+000  8.870078e-001 -4.617544e-001
    outer loop
      vertex  4.400000e+000  1.063398e+001  1.350000e+001
      vertex  8.400000e+000  1.063398e+001  1.350000e+001
      vertex  8.400000e+000  1.059369e+001  1.342262e+001
    endloop
  endfacet
  facet normal  0.000000e+000  8.870078e-001 -4.617544e-001
    outer loop
      vertex  4.400000e+000  1.063398e+001  1.350000e+001
      vertex  8.400000e+000  1.059369e+001  1.342262e+001
      vertex  4.400000e+000  1.059369e+001  1.342262e+001
    endloop
  endfacet
  facet normal  0.000000e+000  9.238812e-001 -3.826794e-001
    outer loop
      vertex  4.400000e+000  1.059369e+001  1.342262e+001
      vertex  8.400000e+000  1.059369e+001  1.342262e+001
      vertex  8.400000e+000  1.056031e+001  1.334202e+001
    endloop
  endfacet
  facet normal  0.000000e+000  9.238812e-001 -3.826794e-001
    outer loop
      vertex  4.400000e+000  1.059369e+001  1.342262e+001
      vertex  8.400000e+000  1.056031e+001  1.334202e+001
      vertex  4.400000e+000  1.056031e+001  1.334202e+001
    endloop
  endfacet
  facet normal  0.000000e+000  9.537157e-001 -3.007096e-001
    outer loop
      vertex  4.400000e+000  1.056031e+001  1.334202e+001
      vertex  8.400000e+000  1.056031e+001  1.334202e+001
      vertex  8.400000e+000  1.053407e+001  1.325882e+001
    endloop
  endfacet
  facet normal  0.000000e+000  9.537157e-001 -3.007096e-001
    outer loop
      vertex  4.400000e+000  1.056031e+001  1.334202e+001
      vertex  8.400000e+000  1.053407e+001  1.325882e+001
      vertex  4.400000e+000  1.053407e+001  1.325882e+001
    endloop
  endfacet
  facet normal  0.000000e+000  9.762963e-001 -2.164385e-001
    outer loop
      vertex  4.400000e+000  1.053407e+001  1.325882e+001
      vertex  8.400000e+000  1.053407e+001  1.325882e+001
      vertex  8.400000e+000  1.051519e+001  1.317365e+001
    endloop
  endfacet
  facet normal  0.000000e+000  9.762963e-001 -2.164385e-001
    outer loop
      vertex  4.400000e+000  1.053407e+001  1.325882e+001
      vertex  8.400000e+000  1.051519e+001  1.317365e+001
      vertex  4.400000e+000  1.051519e+001  1.317365e+001
    endloop
  endfacet
  facet normal  0.000000e+000  9.914449e-001 -1.305252e-001
    outer loop
      vertex  4.400000e+000  1.051519e+001  1.317365e+001
      vertex  8.400000e+000  1.051519e+001  1.317365e+001
      vertex  8.400000e+000  1.050381e+001  1.308716e+001
    endloop
  endfacet
  facet normal  0.000000e+000  9.914449e-001 -1.305252e-001
    outer loop
      vertex  4.400000e+000  1.051519e+001  1.317365e+001
      vertex  8.400000e+000  1.050381e+001  1.308716e+001
      vertex  4.400000e+000  1.050381e+001  1.308716e+001
    endloop
  endfacet
  facet normal  0.000000e+000  9.990482e-001 -4.361797e-002
    outer loop
      vertex  4.400000e+000  1.050381e+001  1.308716e+001
      vertex  8.400000e+000  1.050381e+001  1.308716e+001
      vertex  8.400000e+000  1.050000e+001  1.300000e+001
    endloop
  endfacet
  facet normal  0.000000e+000  9.990482e-001 -4.361797e-002
    outer loop
      vertex  4.400000e+000  1.050381e+001  1.308716e+001
      vertex  8.400000e+000  1.050000e+001  1.300000e+001
      vertex  4.400000e+000  1.050000e+001  1.300000e+001
    endloop
  endfacet
  facet normal  0.000000e+000  4.361797e-002 -9.990482e-001
    outer loop
      vertex  8.400000e+000  1.141284e+001  1.399619e+001
      vertex  4.400000e+000  1.150000e+001  1.400000e+001
      vertex  8.400000e+000  1.150000e+001  1.400000e+001
    endloop
  endfacet
  facet normal  -0.000000e+000 -4.361797e-002 -9.990482e-001
    outer loop
      vertex  8.400000e+000  1.150000e+001  1.400000e+001
      vertex  4.400000e+000  1.150000e+001  1.400000e+001
      vertex  4.400000e+000  1.158716e+001  1.399619e+001
    endloop
  endfacet
  facet normal  0.000000e+000 -4.361797e-002 -9.990482e-001
    outer loop
      vertex  8.400000e+000  1.150000e+001  1.400000e+001
      vertex  4.400000e+000  1.158716e+001  1.399619e+001
      vertex  8.400000e+000  1.158716e+001  1.399619e+001
    endloop
  endfacet
  facet normal  -0.000000e+000 -1.305252e-001 -9.914449e-001
    outer loop
      vertex  8.400000e+000  1.158716e+001  1.399619e+001
      vertex  4.400000e+000  1.158716e+001  1.399619e+001
      vertex  4.400000e+000  1.167365e+001  1.398481e+001
    endloop
  endfacet
  facet normal  0.000000e+000 -1.305252e-001 -9.914449e-001
    outer loop
      vertex  8.400000e+000  1.158716e+001  1.399619e+001
      vertex  4.400000e+000  1.167365e+001  1.398481e+001
      vertex  8.400000e+000  1.167365e+001  1.398481e+001
    endloop
  endfacet
  facet normal  -0.000000e+000 -2.164385e-001 -9.762963e-001
    outer loop
      vertex  8.400000e+000  1.167365e+001  1.398481e+001
      vertex  4.400000e+000  1.167365e+001  1.398481e+001
      vertex  4.400000e+000  1.175882e+001  1.396593e+001
    endloop
  endfacet
  facet normal  0.000000e+000 -2.164385e-001 -9.762963e-001
    outer loop
      vertex  8.400000e+000  1.167365e+001  1.398481e+001
      vertex  4.400000e+000  1.175882e+001  1.396593e+001
      vertex  8.400000e+000  1.175882e+001  1.396593e+001
    endloop
  endfacet
  facet normal  -0.000000e+000 -3.007096e-001 -9.537157e-001
    outer loop
      vertex  8.400000e+000  1.175882e+001  1.396593e+001
      vertex  4.400000e+000  1.175882e+001  1.396593e+001
      vertex  4.400000e+000  1.184202e+001  1.393969e+001
    endloop
  endfacet
  facet normal  0.000000e+000 -3.007096e-001 -9.537157e-001
    outer loop
      vertex  8.400000e+000  1.175882e+001  1.396593e+001
      vertex  4.400000e+000  1.184202e+001  1.393969e+001
      vertex  8.400000e+000  1.184202e+001  1.393969e+001
    endloop
  endfacet
  facet normal  -0.000000e+000 -3.826794e-001 -9.238812e-001
    outer loop
      vertex  8.400000e+000  1.184202e+001  1.393969e+001
      vertex  4.400000e+000  1.184202e+001  1.393969e+001
      vertex  4.400000e+000  1.192262e+001  1.390631e+001
    endloop
  endfacet
  facet normal  0.000000e+000 -3.826794e-001 -9.238812e-001
    outer loop
      vertex  8.400000e+000  1.184202e+001  1.393969e+001
      vertex  4.400000e+000  1.192262e+001  1.390631e+001
      vertex  8.400000e+000  1.192262e+001  1.390631e+001
    endloop
  endfacet
  facet normal  -0.000000e+000 -4.617544e-001 -8.870078e-001
    outer loop
      vertex  8.400000e+000  1.192262e+001  1.390631e+001
      vertex  4.400000e+000  1.192262e+001  1.390631e+001
      vertex  4.400000e+000  1.200000e+001  1.386602e+001
    endloop
  endfacet
  facet normal  0.000000e+000 -4.617544e-001 -8.870078e-001
    outer loop
      vertex  8.400000e+000  1.192262e+001  1.390631e+001
      vertex  4.400000e+000  1.200000e+001  1.386602e+001
      vertex  8.400000e+000  1.200000e+001  1.386602e+001
    endloop
  endfacet
  facet normal  -0.000000e+000 -5.372999e-001 -8.433914e-001
    outer loop
      vertex  8.400000e+000  1.200000e+001  1.386602e+001
      vertex  4.400000e+000  1.200000e+001  1.386602e+001
      vertex  4.400000e+000  1.207358e+001  1.381915e+001
    endloop
  endfacet
  facet normal  0.000000e+000 -5.372999e-001 -8.433914e-001
    outer loop
      vertex  8.400000e+000  1.200000e+001  1.386602e+001
      vertex  4.400000e+000  1.207358e+001  1.381915e+001
      vertex  8.400000e+000  1.207358e+001  1.381915e+001
    endloop
  endfacet
  facet normal  -0.000000e+000 -6.087546e-001 -7.933586e-001
    outer loop
      vertex  8.400000e+000  1.207358e+001  1.381915e+001
      vertex  4.400000e+000  1.207358e+001  1.381915e+001
      vertex  4.400000e+000  1.214279e+001  1.376604e+001
    endloop
  endfacet
  facet normal  0.000000e+000 -6.087546e-001 -7.933586e-001
    outer loop
      vertex  8.400000e+000  1.207358e+001  1.381915e+001
      vertex  4.400000e+000  1.214279e+001  1.376604e+001
      vertex  8.400000e+000  1.214279e+001  1.376604e+001
    endloop
  endfacet
  facet normal  -0.000000e+000 -6.755954e-001 -7.372726e-001
    outer loop
      vertex  8.400000e+000  1.214279e+001  1.376604e+001
      vertex  4.400000e+000  1.214279e+001  1.376604e+001
      vertex  4.400000e+000  1.220711e+001  1.370711e+001
    endloop
  endfacet
  facet normal  0.000000e+000 -6.755954e-001 -7.372726e-001
    outer loop
      vertex  8.400000e+000  1.214279e+001  1.376604e+001
      vertex  4.400000e+000  1.220711e+001  1.370711e+001
      vertex  8.400000e+000  1.220711e+001  1.370711e+001
    endloop
  endfacet
  facet normal  -0.000000e+000 -7.372726e-001 -6.755954e-001
    outer loop
      vertex  8.400000e+000  1.220711e+001  1.370711e+001
      vertex  4.400000e+000  1.220711e+001  1.370711e+001
      vertex  4.400000e+000  1.226604e+001  1.364279e+001
    endloop
  endfacet
  facet normal  0.000000e+000 -7.372726e-001 -6.755954e-001
    outer loop
      vertex  8.400000e+000  1.220711e+001  1.370711e+001
      vertex  4.400000e+000  1.226604e+001  1.364279e+001
      vertex  8.400000e+000  1.226604e+001  1.364279e+001
    endloop
  endfacet
  facet normal  -0.000000e+000 -7.933586e-001 -6.087546e-001
    outer loop
      vertex  8.400000e+000  1.226604e+001  1.364279e+001
      vertex  4.400000e+000  1.226604e+001  1.364279e+001
      vertex  4.400000e+000  1.231915e+001  1.357358e+001
    endloop
  endfacet
  facet normal  0.000000e+000 -7.933586e-001 -6.087546e-001
    outer loop
      vertex  8.400000e+000  1.226604e+001  1.364279e+001
      vertex  4.400000e+000  1.231915e+001  1.357358e+001
      vertex  8.400000e+000  1.231915e+001  1.357358e+001
    endloop
  endfacet
  facet normal  -0.000000e+000 -8.433914e-001 -5.372999e-001
    outer loop
      vertex  8.400000e+000  1.231915e+001  1.357358e+001
      vertex  4.400000e+000  1.231915e+001  1.357358e+001
      vertex  4.400000e+000  1.236602e+001  1.350000e+001
    endloop
  endfacet
  facet normal  0.000000e+000 -8.433914e-001 -5.372999e-001
    outer loop
      vertex  8.400000e+000  1.231915e+001  1.357358e+001
      vertex  4.400000e+000  1.236602e+001  1.350000e+001
      vertex  8.400000e+000  1.236602e+001  1.350000e+001
    endloop
  endfacet
  facet normal  -0.000000e+000 -8.870078e-001 -4.617544e-001
    outer loop
      vertex  8.400000e+000  1.236602e+001  1.350000e+001
      vertex  4.400000e+000  1.236602e+001  1.350000e+001
      vertex  4.400000e+000  1.240631e+001  1.342262e+001
    endloop
  endfacet
  facet normal  0.000000e+000 -8.870078e-001 -4.617544e-001
    outer loop
      vertex  8.400000e+000  1.236602e+001  1.350000e+001
      vertex  4.400000e+000  1.240631e+001  1.342262e+001
      vertex  8.400000e+000  1.240631e+001  1.342262e+001
    endloop
  endfacet
  facet normal  -0.000000e+000 -9.238812e-001 -3.826794e-001
    outer loop
      vertex  8.400000e+000  1.240631e+001  1.342262e+001
      vertex  4.400000e+000  1.240631e+001  1.342262e+001
      vertex  4.400000e+000  1.243969e+001  1.334202e+001
    endloop
  endfacet
  facet normal  0.000000e+000 -9.238812e-001 -3.826794e-001
    outer loop
      vertex  8.400000e+000  1.240631e+001  1.342262e+001
      vertex  4.400000e+000  1.243969e+001  1.334202e+001
      vertex  8.400000e+000  1.243969e+001  1.334202e+001
    endloop
  endfacet
  facet normal  -0.000000e+000 -9.537157e-001 -3.007096e-001
    outer loop
      vertex  8.400000e+000  1.243969e+001  1.334202e+001
      vertex  4.400000e+000  1.243969e+001  1.334202e+001
      vertex  4.400000e+000  1.246593e+001  1.325882e+001
    endloop
  endfacet
  facet normal  0.000000e+000 -9.537157e-001 -3.007096e-001
    outer loop
      vertex  8.400000e+000  1.243969e+001  1.334202e+001
      vertex  4.400000e+000  1.246593e+001  1.325882e+001
      vertex  8.400000e+000  1.246593e+001  1.325882e+001
    endloop
  endfacet
  facet normal  -0.000000e+000 -9.762963e-001 -2.164385e-001
    outer loop
      vertex  8.400000e+000  1.246593e+001  1.325882e+001
      vertex  4.400000e+000  1.246593e+001  1.325882e+001
      vertex  4.400000e+000  1.248481e+001  1.317365e+001
    endloop
  endfacet
  facet normal  0.000000e+000 -9.762963e-001 -2.164385e-001
    outer loop
      vertex  8.400000e+000  1.246593e+001  1.325882e+001
      vertex  4.400000e+000  1.248481e+001  1.317365e+001
      vertex  8.400000e+000  1.248481e+001  1.317365e+001
    endloop
  endfacet
  facet normal  -0.000000e+000 -9.914449e-001 -1.305252e-001
    outer loop
      vertex  8.400000e+000  1.248481e+001  1.317365e+001
      vertex  4.400000e+000  1.248481e+001  1.317365e+001
      vertex  4.400000e+000  1.249619e+001  1.308716e+001
    endloop
  endfacet
  facet normal  0.000000e+000 -9.914449e-001 -1.305252e-001
    outer loop
      vertex  8.400000e+000  1.248481e+001  1.317365e+001
      vertex  4.400000e+000  1.249619e+001  1.308716e+001
      vertex  8.400000e+000  1.249619e+001  1.308716e+001
    endloop
  endfacet
  facet normal  -0.000000e+000 -9.990482e-001 -4.361797e-002
    outer loop
      vertex  8.400000e+000  1.249619e+001  1.308716e+001
      vertex  4.400000e+000  1.249619e+001  1.308716e+001
      vertex  4.400000e+000  1.250000e+001  1.300000e+001
    endloop
  endfacet
  facet normal  0.000000e+000 -9.990482e-001 -4.361797e-002
    outer loop
      vertex  8.400000e+000  1.249619e+001  1.308716e+001
      vertex  4.400000e+000  1.250000e+001  1.300000e+001
      vertex  8.400000e+000  1.250000e+001  1.300000e+001
    endloop
  endfacet
  facet normal  0.000000e+000 -4.361797e-002  9.990482e-001
    outer loop
      vertex  4.400000e+000 -1.150000e+001  1.200000e+001
      vertex  8.400000e+000 -1.141284e+001  1.200381e+001
      vertex  4.400000e+000 -1.141284e+001  1.200381e+001
    endloop
  endfacet
  facet normal  0.000000e+000 -1.305252e-001  9.914449e-001
    outer loop
      vertex  4.400000e+000 -1.141284e+001  1.200381e+001
      vertex  8.400000e+000 -1.141284e+001  1.200381e+001
      vertex  8.400000e+000 -1.132635e+001  1.201519e+001
    endloop
  endfacet
  facet normal  0.000000e+000 -1.305252e-001  9.914449e-001
    outer loop
      vertex  4.400000e+000 -1.141284e+001  1.200381e+001
      vertex  8.400000e+000 -1.132635e+001  1.201519e+001
      vertex  4.400000e+000 -1.132635e+001  1.201519e+001
    endloop
  endfacet
  facet normal  0.000000e+000 -2.164385e-001  9.762963e-001
    outer loop
      vertex  4.400000e+000 -1.132635e+001  1.201519e+001
      vertex  8.400000e+000 -1.132635e+001  1.201519e+001
      vertex  8.400000e+000 -1.124118e+001  1.203407e+001
    endloop
  endfacet
  facet normal  0.000000e+000 -2.164385e-001  9.762963e-001
    outer loop
      vertex  4.400000e+000 -1.132635e+001  1.201519e+001
      vertex  8.400000e+000 -1.124118e+001  1.203407e+001
      vertex  4.400000e+000 -1.124118e+001  1.203407e+001
    endloop
  endfacet
  facet normal  0.000000e+000 -3.007096e-001  9.537157e-001
    outer loop
      vertex  4.400000e+000 -1.124118e+001  1.203407e+001
      vertex  8.400000e+000 -1.124118e+001  1.203407e+001
      vertex  8.400000e+000 -1.115798e+001  1.206031e+001
    endloop
  endfacet
  facet normal  0.000000e+000 -3.007096e-001  9.537157e-001
    outer loop
      vertex  4.400000e+000 -1.124118e+001  1.203407e+001
      vertex  8.400000e+000 -1.115798e+001  1.206031e+001
      vertex  4.400000e+000 -1.115798e+001  1.206031e+001
    endloop
  endfacet
  facet normal  0.000000e+000 -3.826794e-001  9.238812e-001
    outer loop
      vertex  4.400000e+000 -1.115798e+001  1.206031e+001
      vertex  8.400000e+000 -1.115798e+001  1.206031e+001
      vertex  8.400000e+000 -1.107738e+001  1.209369e+001
    endloop
  endfacet
  facet normal  0.000000e+000 -3.826794e-001  9.238812e-001
    outer loop
      vertex  4.400000e+000 -1.115798e+001  1.206031e+001
      vertex  8.400000e+000 -1.107738e+001  1.209369e+001
      vertex  4.400000e+000 -1.107738e+001  1.209369e+001
    endloop
  endfacet
  facet normal  0.000000e+000 -4.617544e-001  8.870078e-001
    outer loop
      vertex  4.400000e+000 -1.107738e+001  1.209369e+001
      vertex  8.400000e+000 -1.107738e+001  1.209369e+001
      vertex  8.400000e+000 -1.100000e+001  1.213398e+001
    endloop
  endfacet
  facet normal  0.000000e+000 -4.617544e-001  8.870078e-001
    outer loop
      vertex  4.400000e+000 -1.107738e+001  1.209369e+001
      vertex  8.400000e+000 -1.100000e+001  1.213398e+001
      vertex  4.400000e+000 -1.100000e+001  1.213398e+001
    endloop
  endfacet
  facet normal  0.000000e+000 -5.372999e-001  8.433914e-001
    outer loop
      vertex  4.400000e+000 -1.100000e+001  1.213398e+001
      vertex  8.400000e+000 -1.100000e+001  1.213398e+001
      vertex  8.400000e+000 -1.092642e+001  1.218085e+001
    endloop
  endfacet
  facet normal  0.000000e+000 -5.372999e-001  8.433914e-001
    outer loop
      vertex  4.400000e+000 -1.100000e+001  1.213398e+001
      vertex  8.400000e+000 -1.092642e+001  1.218085e+001
      vertex  4.400000e+000 -1.092642e+001  1.218085e+001
    endloop
  endfacet
  facet normal  0.000000e+000 -6.087546e-001  7.933586e-001
    outer loop
      vertex  4.400000e+000 -1.092642e+001  1.218085e+001
      vertex  8.400000e+000 -1.092642e+001  1.218085e+001
      vertex  8.400000e+000 -1.085721e+001  1.223396e+001
    endloop
  endfacet
  facet normal  0.000000e+000 -6.087546e-001  7.933586e-001
    outer loop
      vertex  4.400000e+000 -1.092642e+001  1.218085e+001
      vertex  8.400000e+000 -1.085721e+001  1.223396e+001
      vertex  4.400000e+000 -1.085721e+001  1.223396e+001
    endloop
  endfacet
  facet normal  0.000000e+000 -6.755954e-001  7.372726e-001
    outer loop
      vertex  4.400000e+000 -1.085721e+001  1.223396e+001
      vertex  8.400000e+000 -1.085721e+001  1.223396e+001
      vertex  8.400000e+000 -1.079289e+001  1.229289e+001
    endloop
  endfacet
  facet normal  0.000000e+000 -6.755954e-001  7.372726e-001
    outer loop
      vertex  4.400000e+000 -1.085721e+001  1.223396e+001
      vertex  8.400000e+000 -1.079289e+001  1.229289e+001
      vertex  4.400000e+000 -1.079289e+001  1.229289e+001
    endloop
  endfacet
  facet normal  0.000000e+000 -7.372726e-001  6.755954e-001
    outer loop
      vertex  4.400000e+000 -1.079289e+001  1.229289e+001
      vertex  8.400000e+000 -1.079289e+001  1.229289e+001
      vertex  8.400000e+000 -1.073396e+001  1.235721e+001
    endloop
  endfacet
  facet normal  0.000000e+000 -7.372726e-001  6.755954e-001
    outer loop
      vertex  4.400000e+000 -1.079289e+001  1.229289e+001
      vertex  8.400000e+000 -1.073396e+001  1.235721e+001
      vertex  4.400000e+000 -1.073396e+001  1.235721e+001
    endloop
  endfacet
  facet normal  0.000000e+000 -7.933586e-001  6.087546e-001
    outer loop
      vertex  4.400000e+000 -1.073396e+001  1.235721e+001
      vertex  8.400000e+000 -1.073396e+001  1.235721e+001
      vertex  8.400000e+000 -1.068085e+001  1.242642e+001
    endloop
  endfacet
  facet normal  0.000000e+000 -7.933586e-001  6.087546e-001
    outer loop
      vertex  4.400000e+000 -1.073396e+001  1.235721e+001
      vertex  8.400000e+000 -1.068085e+001  1.242642e+001
      vertex  4.400000e+000 -1.068085e+001  1.242642e+001
    endloop
  endfacet
  facet normal  0.000000e+000 -8.433914e-001  5.372999e-001
    outer loop
      vertex  4.400000e+000 -1.068085e+001  1.242642e+001
      vertex  8.400000e+000 -1.068085e+001  1.242642e+001
      vertex  8.400000e+000 -1.063398e+001  1.250000e+001
    endloop
  endfacet
  facet normal  0.000000e+000 -8.433914e-001  5.372999e-001
    outer loop
      vertex  4.400000e+000 -1.068085e+001  1.242642e+001
      vertex  8.400000e+000 -1.063398e+001  1.250000e+001
      vertex  4.400000e+000 -1.063398e+001  1.250000e+001
    endloop
  endfacet
  facet normal  0.000000e+000 -8.870078e-001  4.617544e-001
    outer loop
      vertex  4.400000e+000 -1.063398e+001  1.250000e+001
      vertex  8.400000e+000 -1.063398e+001  1.250000e+001
      vertex  8.400000e+000 -1.059369e+001  1.257738e+001
    endloop
  endfacet
  facet normal  0.000000e+000 -8.870078e-001  4.617544e-001
    outer loop
      vertex  4.400000e+000 -1.063398e+001  1.250000e+001
      vertex  8.400000e+000 -1.059369e+001  1.257738e+001
      vertex  4.400000e+000 -1.059369e+001  1.257738e+001
    endloop
  endfacet
  facet normal  0.000000e+000 -9.238812e-001  3.826794e-001
    outer loop
      vertex  4.400000e+000 -1.059369e+001  1.257738e+001
      vertex  8.400000e+000 -1.059369e+001  1.257738e+001
      vertex  8.400000e+000 -1.056031e+001  1.265798e+001
    endloop
  endfacet
  facet normal  0.000000e+000 -9.238812e-001  3.826794e-001
    outer loop
      vertex  4.400000e+000 -1.059369e+001  1.257738e+001
      vertex  8.400000e+000 -1.056031e+001  1.265798e+001
      vertex  4.400000e+000 -1.056031e+001  1.265798e+001
    endloop
  endfacet
  facet normal  0.000000e+000 -9.537157e-001  3.007096e-001
    outer loop
      vertex  4.400000e+000 -1.056031e+001  1.265798e+001
      vertex  8.400000e+000 -1.056031e+001  1.265798e+001
      vertex  8.400000e+000 -1.053407e+001  1.274118e+001
    endloop
  endfacet
  facet normal  0.000000e+000 -9.537157e-001  3.007096e-001
    outer loop
      vertex  4.400000e+000 -1.056031e+001  1.265798e+001
      vertex  8.400000e+000 -1.053407e+001  1.274118e+001
      vertex  4.400000e+000 -1.053407e+001  1.274118e+001
    endloop
  endfacet
  facet normal  0.000000e+000 -9.762963e-001  2.164385e-001
    outer loop
      vertex  4.400000e+000 -1.053407e+001  1.274118e+001
      vertex  8.400000e+000 -1.053407e+001  1.274118e+001
      vertex  8.400000e+000 -1.051519e+001  1.282635e+001
    endloop
  endfacet
  facet normal  0.000000e+000 -9.762963e-001  2.164385e-001
    outer loop
      vertex  4.400000e+000 -1.053407e+001  1.274118e+001
      vertex  8.400000e+000 -1.051519e+001  1.282635e+001
      vertex  4.400000e+000 -1.051519e+001  1.282635e+001
    endloop
  endfacet
  facet normal  0.000000e+000 -9.914449e-001  1.305252e-001
    outer loop
      vertex  4.400000e+000 -1.051519e+001  1.282635e+001
      vertex  8.400000e+000 -1.051519e+001  1.282635e+001
      vertex  8.400000e+000 -1.050381e+001  1.291284e+001
    endloop
  endfacet
  facet normal  0.000000e+000 -9.914449e-001  1.305252e-001
    outer loop
      vertex  4.400000e+000 -1.051519e+001  1.282635e+001
      vertex  8.400000e+000 -1.050381e+001  1.291284e+001
      vertex  4.400000e+000 -1.050381e+001  1.291284e+001
    endloop
  endfacet
  facet normal  0.000000e+000 -9.990482e-001  4.361797e-002
    outer loop
      vertex  4.400000e+000 -1.050381e+001  1.291284e+001
      vertex  8.400000e+000 -1.050381e+001  1.291284e+001
      vertex  8.400000e+000 -1.050000e+001  1.300000e+001
    endloop
  endfacet
  facet normal  0.000000e+000 -9.990482e-001  4.361797e-002
    outer loop
      vertex  4.400000e+000 -1.050381e+001  1.291284e+001
      vertex  8.400000e+000 -1.050000e+001  1.300000e+001
      vertex  4.400000e+000 -1.050000e+001  1.300000e+001
    endloop
  endfacet
  facet normal  0.000000e+000 -4.361797e-002  9.990482e-001
    outer loop
      vertex  8.400000e+000 -1.141284e+001  1.200381e+001
      vertex  4.400000e+000 -1.150000e+001  1.200000e+001
      vertex  8.400000e+000 -1.150000e+001  1.200000e+001
    endloop
  endfacet
  facet normal  0.000000e+000  4.361797e-002  9.990482e-001
    outer loop
      vertex  8.400000e+000 -1.150000e+001  1.200000e+001
      vertex  4.400000e+000 -1.150000e+001  1.200000e+001
      vertex  4.400000e+000 -1.158716e+001  1.200381e+001
    endloop
  endfacet
  facet normal  -0.000000e+000  4.361797e-002  9.990482e-001
    outer loop
      vertex  8.400000e+000 -1.150000e+001  1.200000e+001
      vertex  4.400000e+000 -1.158716e+001  1.200381e+001
      vertex  8.400000e+000 -1.158716e+001  1.200381e+001
    endloop
  endfacet
  facet normal  0.000000e+000  1.305252e-001  9.914449e-001
    outer loop
      vertex  8.400000e+000 -1.158716e+001  1.200381e+001
      vertex  4.400000e+000 -1.158716e+001  1.200381e+001
      vertex  4.400000e+000 -1.167365e+001  1.201519e+001
    endloop
  endfacet
  facet normal  -0.000000e+000  1.305252e-001  9.914449e-001
    outer loop
      vertex  8.400000e+000 -1.158716e+001  1.200381e+001
      vertex  4.400000e+000 -1.167365e+001  1.201519e+001
      vertex  8.400000e+000 -1.167365e+001  1.201519e+001
    endloop
  endfacet
  facet normal  0.000000e+000  2.164385e-001  9.762963e-001
    outer loop
      vertex  8.400000e+000 -1.167365e+001  1.201519e+001
      vertex  4.400000e+000 -1.167365e+001  1.201519e+001
      vertex  4.400000e+000 -1.175882e+001  1.203407e+001
    endloop
  endfacet
  facet normal  -0.000000e+000  2.164385e-001  9.762963e-001
    outer loop
      vertex  8.400000e+000 -1.167365e+001  1.201519e+001
      vertex  4.400000e+000 -1.175882e+001  1.203407e+001
      vertex  8.400000e+000 -1.175882e+001  1.203407e+001
    endloop
  endfacet
  facet normal  0.000000e+000  3.007096e-001  9.537157e-001
    outer loop
      vertex  8.400000e+000 -1.175882e+001  1.203407e+001
      vertex  4.400000e+000 -1.175882e+001  1.203407e+001
      vertex  4.400000e+000 -1.184202e+001  1.206031e+001
    endloop
  endfacet
  facet normal  -0.000000e+000  3.007096e-001  9.537157e-001
    outer loop
      vertex  8.400000e+000 -1.175882e+001  1.203407e+001
      vertex  4.400000e+000 -1.184202e+001  1.206031e+001
      vertex  8.400000e+000 -1.184202e+001  1.206031e+001
    endloop
  endfacet
  facet normal  0.000000e+000  3.826794e-001  9.238812e-001
    outer loop
      vertex  8.400000e+000 -1.184202e+001  1.206031e+001
      vertex  4.400000e+000 -1.184202e+001  1.206031e+001
      vertex  4.400000e+000 -1.192262e+001  1.209369e+001
    endloop
  endfacet
  facet normal  -0.000000e+000  3.826794e-001  9.238812e-001
    outer loop
      vertex  8.400000e+000 -1.184202e+001  1.206031e+001
      vertex  4.400000e+000 -1.192262e+001  1.209369e+001
      vertex  8.400000e+000 -1.192262e+001  1.209369e+001
    endloop
  endfacet
  facet normal  0.000000e+000  4.617544e-001  8.870078e-001
    outer loop
      vertex  8.400000e+000 -1.192262e+001  1.209369e+001
      vertex  4.400000e+000 -1.192262e+001  1.209369e+001
      vertex  4.400000e+000 -1.200000e+001  1.213398e+001
    endloop
  endfacet
  facet normal  -0.000000e+000  4.617544e-001  8.870078e-001
    outer loop
      vertex  8.400000e+000 -1.192262e+001  1.209369e+001
      vertex  4.400000e+000 -1.200000e+001  1.213398e+001
      vertex  8.400000e+000 -1.200000e+001  1.213398e+001
    endloop
  endfacet
  facet normal  0.000000e+000  5.372999e-001  8.433914e-001
    outer loop
      vertex  8.400000e+000 -1.200000e+001  1.213398e+001
      vertex  4.400000e+000 -1.200000e+001  1.213398e+001
      vertex  4.400000e+000 -1.207358e+001  1.218085e+001
    endloop
  endfacet
  facet normal  -0.000000e+000  5.372999e-001  8.433914e-001
    outer loop
      vertex  8.400000e+000 -1.200000e+001  1.213398e+001
      vertex  4.400000e+000 -1.207358e+001  1.218085e+001
      vertex  8.400000e+000 -1.207358e+001  1.218085e+001
    endloop
  endfacet
  facet normal  0.000000e+000  6.087546e-001  7.933586e-001
    outer loop
      vertex  8.400000e+000 -1.207358e+001  1.218085e+001
      vertex  4.400000e+000 -1.207358e+001  1.218085e+001
      vertex  4.400000e+000 -1.214279e+001  1.223396e+001
    endloop
  endfacet
  facet normal  -0.000000e+000  6.087546e-001  7.933586e-001
    outer loop
      vertex  8.400000e+000 -1.207358e+001  1.218085e+001
      vertex  4.400000e+000 -1.214279e+001  1.223396e+001
      vertex  8.400000e+000 -1.214279e+001  1.223396e+001
    endloop
  endfacet
  facet normal  0.000000e+000  6.755954e-001  7.372726e-001
    outer loop
      vertex  8.400000e+000 -1.214279e+001  1.223396e+001
      vertex  4.400000e+000 -1.214279e+001  1.223396e+001
      vertex  4.400000e+000 -1.220711e+001  1.229289e+001
    endloop
  endfacet
  facet normal  -0.000000e+000  6.755954e-001  7.372726e-001
    outer loop
      vertex  8.400000e+000 -1.214279e+001  1.223396e+001
      vertex  4.400000e+000 -1.220711e+001  1.229289e+001
      vertex  8.400000e+000 -1.220711e+001  1.229289e+001
    endloop
  endfacet
  facet normal  0.000000e+000  7.372726e-001  6.755954e-001
    outer loop
      vertex  8.400000e+000 -1.220711e+001  1.229289e+001
      vertex  4.400000e+000 -1.220711e+001  1.229289e+001
      vertex  4.400000e+000 -1.226604e+001  1.235721e+001
    endloop
  endfacet
  facet normal  -0.000000e+000  7.372726e-001  6.755954e-001
    outer loop
      vertex  8.400000e+000 -1.220711e+001  1.229289e+001
      vertex  4.400000e+000 -1.226604e+001  1.235721e+001
      vertex  8.400000e+000 -1.226604e+001  1.235721e+001
    endloop
  endfacet
  facet normal  0.000000e+000  7.933586e-001  6.087546e-001
    outer loop
      vertex  8.400000e+000 -1.226604e+001  1.235721e+001
      vertex  4.400000e+000 -1.226604e+001  1.235721e+001
      vertex  4.400000e+000 -1.231915e+001  1.242642e+001
    endloop
  endfacet
  facet normal  -0.000000e+000  7.933586e-001  6.087546e-001
    outer loop
      vertex  8.400000e+000 -1.226604e+001  1.235721e+001
      vertex  4.400000e+000 -1.231915e+001  1.242642e+001
      vertex  8.400000e+000 -1.231915e+001  1.242642e+001
    endloop
  endfacet
  facet normal  0.000000e+000  8.433914e-001  5.372999e-001
    outer loop
      vertex  8.400000e+000 -1.231915e+001  1.242642e+001
      vertex  4.400000e+000 -1.231915e+001  1.242642e+001
      vertex  4.400000e+000 -1.236602e+001  1.250000e+001
    endloop
  endfacet
  facet normal  -0.000000e+000  8.433914e-001  5.372999e-001
    outer loop
      vertex  8.400000e+000 -1.231915e+001  1.242642e+001
      vertex  4.400000e+000 -1.236602e+001  1.250000e+001
      vertex  8.400000e+000 -1.236602e+001  1.250000e+001
    endloop
  endfacet
  facet normal  0.000000e+000  8.870078e-001  4.617544e-001
    outer loop
      vertex  8.400000e+000 -1.236602e+001  1.250000e+001
      vertex  4.400000e+000 -1.236602e+001  1.250000e+001
      vertex  4.400000e+000 -1.240631e+001  1.257738e+001
    endloop
  endfacet
  facet normal  -0.000000e+000  8.870078e-001  4.617544e-001
    outer loop
      vertex  8.400000e+000 -1.236602e+001  1.250000e+001
      vertex  4.400000e+000 -1.240631e+001  1.257738e+001
      vertex  8.400000e+000 -1.240631e+001  1.257738e+001
    endloop
  endfacet
  facet normal  0.000000e+000  9.238812e-001  3.826794e-001
    outer loop
      vertex  8.400000e+000 -1.240631e+001  1.257738e+001
      vertex  4.400000e+000 -1.240631e+001  1.257738e+001
      vertex  4.400000e+000 -1.243969e+001  1.265798e+001
    endloop
  endfacet
  facet normal  -0.000000e+000  9.238812e-001  3.826794e-001
    outer loop
      vertex  8.400000e+000 -1.240631e+001  1.257738e+001
      vertex  4.400000e+000 -1.243969e+001  1.265798e+001
      vertex  8.400000e+000 -1.243969e+001  1.265798e+001
    endloop
  endfacet
  facet normal  0.000000e+000  9.537157e-001  3.007096e-001
    outer loop
      vertex  8.400000e+000 -1.243969e+001  1.265798e+001
      vertex  4.400000e+000 -1.243969e+001  1.265798e+001
      vertex  4.400000e+000 -1.246593e+001  1.274118e+001
    endloop
  endfacet
  facet normal  -0.000000e+000  9.537157e-001  3.007096e-001
    outer loop
      vertex  8.400000e+000 -1.243969e+001  1.265798e+001
      vertex  4.400000e+000 -1.246593e+001  1.274118e+001
      vertex  8.400000e+000 -1.246593e+001  1.274118e+001
    endloop
  endfacet
  facet normal  0.000000e+000  9.762963e-001  2.164385e-001
    outer loop
      vertex  8.400000e+000 -1.246593e+001  1.274118e+001
      vertex  4.400000e+000 -1.246593e+001  1.274118e+001
      vertex  4.400000e+000 -1.248481e+001  1.282635e+001
    endloop
  endfacet
  facet normal  -0.000000e+000  9.762963e-001  2.164385e-001
    outer loop
      vertex  8.400000e+000 -1.246593e+001  1.274118e+001
      vertex  4.400000e+000 -1.248481e+001  1.282635e+001
      vertex  8.400000e+000 -1.248481e+001  1.282635e+001
    endloop
  endfacet
  facet normal  0.000000e+000  9.914449e-001  1.305252e-001
    outer loop
      vertex  8.400000e+000 -1.248481e+001  1.282635e+001
      vertex  4.400000e+000 -1.248481e+001  1.282635e+001
      vertex  4.400000e+000 -1.249619e+001  1.291284e+001
    endloop
  endfacet
  facet normal  -0.000000e+000  9.914449e-001  1.305252e-001
    outer loop
      vertex  8.400000e+000 -1.248481e+001  1.282635e+001
      vertex  4.400000e+000 -1.249619e+001  1.291284e+001
      vertex  8.400000e+000 -1.249619e+001  1.291284e+001
    endloop
  endfacet
  facet normal  0.000000e+000  9.990482e-001  4.361797e-002
    outer loop
      vertex  8.400000e+000 -1.249619e+001  1.291284e+001
      vertex  4.400000e+000 -1.249619e+001  1.291284e+001
      vertex  4.400000e+000 -1.250000e+001  1.300000e+001
    endloop
  endfacet
  facet normal  -0.000000e+000  9.990482e-001  4.361797e-002
    outer loop
      vertex  8.400000e+000 -1.249619e+001  1.291284e+001
      vertex  4.400000e+000 -1.250000e+001  1.300000e+001
      vertex  8.400000e+000 -1.250000e+001  1.300000e+001
    endloop
  endfacet
  facet normal  0.000000e+000  4.361797e-002 -9.990482e-001
    outer loop
      vertex  4.400000e+000 -1.150000e+001  1.400000e+001
      vertex  8.400000e+000 -1.158716e+001  1.399619e+001
      vertex  4.400000e+000 -1.158716e+001  1.399619e+001
    endloop
  endfacet
  facet normal  0.000000e+000  1.305252e-001 -9.914449e-001
    outer loop
      vertex  4.400000e+000 -1.158716e+001  1.399619e+001
      vertex  8.400000e+000 -1.158716e+001  1.399619e+001
      vertex  8.400000e+000 -1.167365e+001  1.398481e+001
    endloop
  endfacet
  facet normal  0.000000e+000  1.305252e-001 -9.914449e-001
    outer loop
      vertex  4.400000e+000 -1.158716e+001  1.399619e+001
      vertex  8.400000e+000 -1.167365e+001  1.398481e+001
      vertex  4.400000e+000 -1.167365e+001  1.398481e+001
    endloop
  endfacet
  facet normal  0.000000e+000  2.164385e-001 -9.762963e-001
    outer loop
      vertex  4.400000e+000 -1.167365e+001  1.398481e+001
      vertex  8.400000e+000 -1.167365e+001  1.398481e+001
      vertex  8.400000e+000 -1.175882e+001  1.396593e+001
    endloop
  endfacet
  facet normal  0.000000e+000  2.164385e-001 -9.762963e-001
    outer loop
      vertex  4.400000e+000 -1.167365e+001  1.398481e+001
      vertex  8.400000e+000 -1.175882e+001  1.396593e+001
      vertex  4.400000e+000 -1.175882e+001  1.396593e+001
    endloop
  endfacet
  facet normal  0.000000e+000  3.007096e-001 -9.537157e-001
    outer loop
      vertex  4.400000e+000 -1.175882e+001  1.396593e+001
      vertex  8.400000e+000 -1.175882e+001  1.396593e+001
      vertex  8.400000e+000 -1.184202e+001  1.393969e+001
    endloop
  endfacet
  facet normal  0.000000e+000  3.007096e-001 -9.537157e-001
    outer loop
      vertex  4.400000e+000 -1.175882e+001  1.396593e+001
      vertex  8.400000e+000 -1.184202e+001  1.393969e+001
      vertex  4.400000e+000 -1.184202e+001  1.393969e+001
    endloop
  endfacet
  facet normal  0.000000e+000  3.826794e-001 -9.238812e-001
    outer loop
      vertex  4.400000e+000 -1.184202e+001  1.393969e+001
      vertex  8.400000e+000 -1.184202e+001  1.393969e+001
      vertex  8.400000e+000 -1.192262e+001  1.390631e+001
    endloop
  endfacet
  facet normal  0.000000e+000  3.826794e-001 -9.238812e-001
    outer loop
      vertex  4.400000e+000 -1.184202e+001  1.393969e+001
      vertex  8.400000e+000 -1.192262e+001  1.390631e+001
      vertex  4.400000e+000 -1.192262e+001  1.390631e+001
    endloop
  endfacet
  facet normal  0.000000e+000  4.617544e-001 -8.870078e-001
    outer loop
      vertex  4.400000e+000 -1.192262e+001  1.390631e+001
      vertex  8.400000e+000 -1.192262e+001  1.390631e+001
      vertex  8.400000e+000 -1.200000e+001  1.386602e+001
    endloop
  endfacet
  facet normal  0.000000e+000  4.617544e-001 -8.870078e-001
    outer loop
      vertex  4.400000e+000 -1.192262e+001  1.390631e+001
      vertex  8.400000e+000 -1.200000e+001  1.386602e+001
      vertex  4.400000e+000 -1.200000e+001  1.386602e+001
    endloop
  endfacet
  facet normal  0.000000e+000  5.372999e-001 -8.433914e-001
    outer loop
      vertex  4.400000e+000 -1.200000e+001  1.386602e+001
      vertex  8.400000e+000 -1.200000e+001  1.386602e+001
      vertex  8.400000e+000 -1.207358e+001  1.381915e+001
    endloop
  endfacet
  facet normal  0.000000e+000  5.372999e-001 -8.433914e-001
    outer loop
      vertex  4.400000e+000 -1.200000e+001  1.386602e+001
      vertex  8.400000e+000 -1.207358e+001  1.381915e+001
      vertex  4.400000e+000 -1.207358e+001  1.381915e+001
    endloop
  endfacet
  facet normal  0.000000e+000  6.087546e-001 -7.933586e-001
    outer loop
      vertex  4.400000e+000 -1.207358e+001  1.381915e+001
      vertex  8.400000e+000 -1.207358e+001  1.381915e+001
      vertex  8.400000e+000 -1.214279e+001  1.376604e+001
    endloop
  endfacet
  facet normal  0.000000e+000  6.087546e-001 -7.933586e-001
    outer loop
      vertex  4.400000e+000 -1.207358e+001  1.381915e+001
      vertex  8.400000e+000 -1.214279e+001  1.376604e+001
      vertex  4.400000e+000 -1.214279e+001  1.376604e+001
    endloop
  endfacet
  facet normal  0.000000e+000  6.755954e-001 -7.372726e-001
    outer loop
      vertex  4.400000e+000 -1.214279e+001  1.376604e+001
      vertex  8.400000e+000 -1.214279e+001  1.376604e+001
      vertex  8.400000e+000 -1.220711e+001  1.370711e+001
    endloop
  endfacet
  facet normal  0.000000e+000  6.755954e-001 -7.372726e-001
    outer loop
      vertex  4.400000e+000 -1.214279e+001  1.376604e+001
      vertex  8.400000e+000 -1.220711e+001  1.370711e+001
      vertex  4.400000e+000 -1.220711e+001  1.370711e+001
    endloop
  endfacet
  facet normal  0.000000e+000  7.372726e-001 -6.755954e-001
    outer loop
      vertex  4.400000e+000 -1.220711e+001  1.370711e+001
      vertex  8.400000e+000 -1.220711e+001  1.370711e+001
      vertex  8.400000e+000 -1.226604e+001  1.364279e+001
    endloop
  endfacet
  facet normal  0.000000e+000  7.372726e-001 -6.755954e-001
    outer loop
      vertex  4.400000e+000 -1.220711e+001  1.370711e+001
      vertex  8.400000e+000 -1.226604e+001  1.364279e+001
      vertex  4.400000e+000 -1.226604e+001  1.364279e+001
    endloop
  endfacet
  facet normal  0.000000e+000  7.933586e-001 -6.087546e-001
    outer loop
      vertex  4.400000e+000 -1.226604e+001  1.364279e+001
      vertex  8.400000e+000 -1.226604e+001  1.364279e+001
      vertex  8.400000e+000 -1.231915e+001  1.357358e+001
    endloop
  endfacet
  facet normal  0.000000e+000  7.933586e-001 -6.087546e-001
    outer loop
      vertex  4.400000e+000 -1.226604e+001  1.364279e+001
      vertex  8.400000e+000 -1.231915e+001  1.357358e+001
      vertex  4.400000e+000 -1.231915e+001  1.357358e+001
    endloop
  endfacet
  facet normal  0.000000e+000  8.433914e-001 -5.372999e-001
    outer loop
      vertex  4.400000e+000 -1.231915e+001  1.357358e+001
      vertex  8.400000e+000 -1.231915e+001  1.357358e+001
      vertex  8.400000e+000 -1.236602e+001  1.350000e+001
    endloop
  endfacet
  facet normal  0.000000e+000  8.433914e-001 -5.372999e-001
    outer loop
      vertex  4.400000e+000 -1.231915e+001  1.357358e+001
      vertex  8.400000e+000 -1.236602e+001  1.350000e+001
      vertex  4.400000e+000 -1.236602e+001  1.350000e+001
    endloop
  endfacet
  facet normal  0.000000e+000  8.870078e-001 -4.617544e-001
    outer loop
      vertex  4.400000e+000 -1.236602e+001  1.350000e+001
      vertex  8.400000e+000 -1.236602e+001  1.350000e+001
      vertex  8.400000e+000 -1.240631e+001  1.342262e+001
    endloop
  endfacet
  facet normal  0.000000e+000  8.870078e-001 -4.617544e-001
    outer loop
      vertex  4.400000e+000 -1.236602e+001  1.350000e+001
      vertex  8.400000e+000 -1.240631e+001  1.342262e+001
      vertex  4.400000e+000 -1.240631e+001  1.342262e+001
    endloop
  endfacet
  facet normal  0.000000e+000  9.238812e-001 -3.826794e-001
    outer loop
      vertex  4.400000e+000 -1.240631e+001  1.342262e+001
      vertex  8.400000e+000 -1.240631e+001  1.342262e+001
      vertex  8.400000e+000 -1.243969e+001  1.334202e+001
    endloop
  endfacet
  facet normal  0.000000e+000  9.238812e-001 -3.826794e-001
    outer loop
      vertex  4.400000e+000 -1.240631e+001  1.342262e+001
      vertex  8.400000e+000 -1.243969e+001  1.334202e+001
      vertex  4.400000e+000 -1.243969e+001  1.334202e+001
    endloop
  endfacet
  facet normal  0.000000e+000  9.537157e-001 -3.007096e-001
    outer loop
      vertex  4.400000e+000 -1.243969e+001  1.334202e+001
      vertex  8.400000e+000 -1.243969e+001  1.334202e+001
      vertex  8.400000e+000 -1.246593e+001  1.325882e+001
    endloop
  endfacet
  facet normal  0.000000e+000  9.537157e-001 -3.007096e-001
    outer loop
      vertex  4.400000e+000 -1.243969e+001  1.334202e+001
      vertex  8.400000e+000 -1.246593e+001  1.325882e+001
      vertex  4.400000e+000 -1.246593e+001  1.325882e+001
    endloop
  endfacet
  facet normal  0.000000e+000  9.762963e-001 -2.164385e-001
    outer loop
      vertex  4.400000e+000 -1.246593e+001  1.325882e+001
      vertex  8.400000e+000 -1.246593e+001  1.325882e+001
      vertex  8.400000e+000 -1.248481e+001  1.317365e+001
    endloop
  endfacet
  facet normal  0.000000e+000  9.762963e-001 -2.164385e-001
    outer loop
      vertex  4.400000e+000 -1.246593e+001  1.325882e+001
      vertex  8.400000e+000 -1.248481e+001  1.317365e+001
      vertex  4.400000e+000 -1.248481e+001  1.317365e+001
    endloop
  endfacet
  facet normal  0.000000e+000  9.914449e-001 -1.305252e-001
    outer loop
      vertex  4.400000e+000 -1.248481e+001  1.317365e+001
      vertex  8.400000e+000 -1.248481e+001  1.317365e+001
      vertex  8.400000e+000 -1.249619e+001  1.308716e+001
    endloop
  endfacet
  facet normal  0.000000e+000  9.914449e-001 -1.305252e-001
    outer loop
      vertex  4.400000e+000 -1.248481e+001  1.317365e+001
      vertex  8.400000e+000 -1.249619e+001  1.308716e+001
      vertex  4.400000e+000 -1.249619e+001  1.308716e+001
    endloop
  endfacet
  facet normal  0.000000e+000  9.990482e-001 -4.361797e-002
    outer loop
      vertex  4.400000e+000 -1.249619e+001  1.308716e+001
      vertex  8.400000e+000 -1.249619e+001  1.308716e+001
      vertex  8.400000e+000 -1.250000e+001  1.300000e+001
    endloop
  endfacet
  facet normal  0.000000e+000  9.990482e-001 -4.361797e-002
    outer loop
      vertex  4.400000e+000 -1.249619e+001  1.308716e+001
      vertex  8.400000e+000 -1.250000e+001  1.300000e+001
      vertex  4.400000e+000 -1.250000e+001  1.300000e+001
    endloop
  endfacet
  facet normal  0.000000e+000  4.361797e-002 -9.990482e-001
    outer loop
      vertex  8.400000e+000 -1.158716e+001  1.399619e+001
      vertex  4.400000e+000 -1.150000e+001  1.400000e+001
      vertex  8.400000e+000 -1.150000e+001  1.400000e+001
    endloop
  endfacet
  facet normal  -0.000000e+000 -4.361797e-002 -9.990482e-001
    outer loop
      vertex  8.400000e+000 -1.150000e+001  1.400000e+001
      vertex  4.400000e+000 -1.150000e+001  1.400000e+001
      vertex  4.400000e+000 -1.141284e+001  1.399619e+001
    endloop
  endfacet
  facet normal  0.000000e+000 -4.361797e-002 -9.990482e-001
    outer loop
      vertex  8.400000e+000 -1.150000e+001  1.400000e+001
      vertex  4.400000e+000 -1.141284e+001  1.399619e+001
      vertex  8.400000e+000 -1.141284e+001  1.399619e+001
    endloop
  endfacet
  facet normal  -0.000000e+000 -1.305252e-001 -9.914449e-001
    outer loop
      vertex  8.400000e+000 -1.141284e+001  1.399619e+001
      vertex  4.400000e+000 -1.141284e+001  1.399619e+001
      vertex  4.400000e+000 -1.132635e+001  1.398481e+001
    endloop
  endfacet
  facet normal  0.000000e+000 -1.305252e-001 -9.914449e-001
    outer loop
      vertex  8.400000e+000 -1.141284e+001  1.399619e+001
      vertex  4.400000e+000 -1.132635e+001  1.398481e+001
      vertex  8.400000e+000 -1.132635e+001  1.398481e+001
    endloop
  endfacet
  facet normal  -0.000000e+000 -2.164385e-001 -9.762963e-001
    outer loop
      vertex  8.400000e+000 -1.132635e+001  1.398481e+001
      vertex  4.400000e+000 -1.132635e+001  1.398481e+001
      vertex  4.400000e+000 -1.124118e+001  1.396593e+001
    endloop
  endfacet
  facet normal  0.000000e+000 -2.164385e-001 -9.762963e-001
    outer loop
      vertex  8.400000e+000 -1.132635e+001  1.398481e+001
      vertex  4.400000e+000 -1.124118e+001  1.396593e+001
      vertex  8.400000e+000 -1.124118e+001  1.396593e+001
    endloop
  endfacet
  facet normal  -0.000000e+000 -3.007096e-001 -9.537157e-001
    outer loop
      vertex  8.400000e+000 -1.124118e+001  1.396593e+001
      vertex  4.400000e+000 -1.124118e+001  1.396593e+001
      vertex  4.400000e+000 -1.115798e+001  1.393969e+001
    endloop
  endfacet
  facet normal  0.000000e+000 -3.007096e-001 -9.537157e-001
    outer loop
      vertex  8.400000e+000 -1.124118e+001  1.396593e+001
      vertex  4.400000e+000 -1.115798e+001  1.393969e+001
      vertex  8.400000e+000 -1.115798e+001  1.393969e+001
    endloop
  endfacet
  facet normal  -0.000000e+000 -3.826794e-001 -9.238812e-001
    outer loop
      vertex  8.400000e+000 -1.115798e+001  1.393969e+001
      vertex  4.400000e+000 -1.115798e+001  1.393969e+001
      vertex  4.400000e+000 -1.107738e+001  1.390631e+001
    endloop
  endfacet
  facet normal  0.000000e+000 -3.826794e-001 -9.238812e-001
    outer loop
      vertex  8.400000e+000 -1.115798e+001  1.393969e+001
      vertex  4.400000e+000 -1.107738e+001  1.390631e+001
      vertex  8.400000e+000 -1.107738e+001  1.390631e+001
    endloop
  endfacet
  facet normal  -0.000000e+000 -4.617544e-001 -8.870078e-001
    outer loop
      vertex  8.400000e+000 -1.107738e+001  1.390631e+001
      vertex  4.400000e+000 -1.107738e+001  1.390631e+001
      vertex  4.400000e+000 -1.100000e+001  1.386602e+001
    endloop
  endfacet
  facet normal  0.000000e+000 -4.617544e-001 -8.870078e-001
    outer loop
      vertex  8.400000e+000 -1.107738e+001  1.390631e+001
      vertex  4.400000e+000 -1.100000e+001  1.386602e+001
      vertex  8.400000e+000 -1.100000e+001  1.386602e+001
    endloop
  endfacet
  facet normal  -0.000000e+000 -5.372999e-001 -8.433914e-001
    outer loop
      vertex  8.400000e+000 -1.100000e+001  1.386602e+001
      vertex  4.400000e+000 -1.100000e+001  1.386602e+001
      vertex  4.400000e+000 -1.092642e+001  1.381915e+001
    endloop
  endfacet
  facet normal  0.000000e+000 -5.372999e-001 -8.433914e-001
    outer loop
      vertex  8.400000e+000 -1.100000e+001  1.386602e+001
      vertex  4.400000e+000 -1.092642e+001  1.381915e+001
      vertex  8.400000e+000 -1.092642e+001  1.381915e+001
    endloop
  endfacet
  facet normal  -0.000000e+000 -6.087546e-001 -7.933586e-001
    outer loop
      vertex  8.400000e+000 -1.092642e+001  1.381915e+001
      vertex  4.400000e+000 -1.092642e+001  1.381915e+001
      vertex  4.400000e+000 -1.085721e+001  1.376604e+001
    endloop
  endfacet
  facet normal  0.000000e+000 -6.087546e-001 -7.933586e-001
    outer loop
      vertex  8.400000e+000 -1.092642e+001  1.381915e+001
      vertex  4.400000e+000 -1.085721e+001  1.376604e+001
      vertex  8.400000e+000 -1.085721e+001  1.376604e+001
    endloop
  endfacet
  facet normal  -0.000000e+000 -6.755954e-001 -7.372726e-001
    outer loop
      vertex  8.400000e+000 -1.085721e+001  1.376604e+001
      vertex  4.400000e+000 -1.085721e+001  1.376604e+001
      vertex  4.400000e+000 -1.079289e+001  1.370711e+001
    endloop
  endfacet
  facet normal  0.000000e+000 -6.755954e-001 -7.372726e-001
    outer loop
      vertex  8.400000e+000 -1.085721e+001  1.376604e+001
      vertex  4.400000e+000 -1.079289e+001  1.370711e+001
      vertex  8.400000e+000 -1.079289e+001  1.370711e+001
    endloop
  endfacet
  facet normal  -0.000000e+000 -7.372726e-001 -6.755954e-001
    outer loop
      vertex  8.400000e+000 -1.079289e+001  1.370711e+001
      vertex  4.400000e+000 -1.079289e+001  1.370711e+001
      vertex  4.400000e+000 -1.073396e+001  1.364279e+001
    endloop
  endfacet
  facet normal  0.000000e+000 -7.372726e-001 -6.755954e-001
    outer loop
      vertex  8.400000e+000 -1.079289e+001  1.370711e+001
      vertex  4.400000e+000 -1.073396e+001  1.364279e+001
      vertex  8.400000e+000 -1.073396e+001  1.364279e+001
    endloop
  endfacet
  facet normal  -0.000000e+000 -7.933586e-001 -6.087546e-001
    outer loop
      vertex  8.400000e+000 -1.073396e+001  1.364279e+001
      vertex  4.400000e+000 -1.073396e+001  1.364279e+001
      vertex  4.400000e+000 -1.068085e+001  1.357358e+001
    endloop
  endfacet
  facet normal  0.000000e+000 -7.933586e-001 -6.087546e-001
    outer loop
      vertex  8.400000e+000 -1.073396e+001  1.364279e+001
      vertex  4.400000e+000 -1.068085e+001  1.357358e+001
      vertex  8.400000e+000 -1.068085e+001  1.357358e+001
    endloop
  endfacet
  facet normal  -0.000000e+000 -8.433914e-001 -5.372999e-001
    outer loop
      vertex  8.400000e+000 -1.068085e+001  1.357358e+001
      vertex  4.400000e+000 -1.068085e+001  1.357358e+001
      vertex  4.400000e+000 -1.063398e+001  1.350000e+001
    endloop
  endfacet
  facet normal  0.000000e+000 -8.433914e-001 -5.372999e-001
    outer loop
      vertex  8.400000e+000 -1.068085e+001  1.357358e+001
      vertex  4.400000e+000 -1.063398e+001  1.350000e+001
      vertex  8.400000e+000 -1.063398e+001  1.350000e+001
    endloop
  endfacet
  facet normal  -0.000000e+000 -8.870078e-001 -4.617544e-001
    outer loop
      vertex  8.400000e+000 -1.063398e+001  1.350000e+001
      vertex  4.400000e+000 -1.063398e+001  1.350000e+001
      vertex  4.400000e+000 -1.059369e+001  1.342262e+001
    endloop
  endfacet
  facet normal  0.000000e+000 -8.870078e-001 -4.617544e-001
    outer loop
      vertex  8.400000e+000 -1.063398e+001  1.350000e+001
      vertex  4.400000e+000 -1.059369e+001  1.342262e+001
      vertex  8.400000e+000 -1.059369e+001  1.342262e+001
    endloop
  endfacet
  facet normal  -0.000000e+000 -9.238812e-001 -3.826794e-001
    outer loop
      vertex  8.400000e+000 -1.059369e+001  1.342262e+001
      vertex  4.400000e+000 -1.059369e+001  1.342262e+001
      vertex  4.400000e+000 -1.056031e+001  1.334202e+001
    endloop
  endfacet
  facet normal  0.000000e+000 -9.238812e-001 -3.826794e-001
    outer loop
      vertex  8.400000e+000 -1.059369e+001  1.342262e+001
      vertex  4.400000e+000 -1.056031e+001  1.334202e+001
      vertex  8.400000e+000 -1.056031e+001  1.334202e+001
    endloop
  endfacet
  facet normal  -0.000000e+000 -9.537157e-001 -3.007096e-001
    outer loop
      vertex  8.400000e+000 -1.056031e+001  1.334202e+001
      vertex  4.400000e+000 -1.056031e+001  1.334202e+001
      vertex  4.400000e+000 -1.053407e+001  1.325882e+001
    endloop
  endfacet
  facet normal  0.000000e+000 -9.537157e-001 -3.007096e-001
    outer loop
      vertex  8.400000e+000 -1.056031e+001  1.334202e+001
      vertex  4.400000e+000 -1.053407e+001  1.325882e+001
      vertex  8.400000e+000 -1.053407e+001  1.325882e+001
    endloop
  endfacet
  facet normal  -0.000000e+000 -9.762963e-001 -2.164385e-001
    outer loop
      vertex  8.400000e+000 -1.053407e+001  1.325882e+001
      vertex  4.400000e+000 -1.053407e+001  1.325882e+001
      vertex  4.400000e+000 -1.051519e+001  1.317365e+001
    endloop
  endfacet
  facet normal  0.000000e+000 -9.762963e-001 -2.164385e-001
    outer loop
      vertex  8.400000e+000 -1.053407e+001  1.325882e+001
      vertex  4.400000e+000 -1.051519e+001  1.317365e+001
      vertex  8.400000e+000 -1.051519e+001  1.317365e+001
    endloop
  endfacet
  facet normal  -0.000000e+000 -9.914449e-001 -1.305252e-001
    outer loop
      vertex  8.400000e+000 -1.051519e+001  1.317365e+001
      vertex  4.400000e+000 -1.051519e+001  1.317365e+001
      vertex  4.400000e+000 -1.050381e+001  1.308716e+001
    endloop
  endfacet
  facet normal  0.000000e+000 -9.914449e-001 -1.305252e-001
    outer loop
      vertex  8.400000e+000 -1.051519e+001  1.317365e+001
      vertex  4.400000e+000 -1.050381e+001  1.308716e+001
      vertex  8.400000e+000 -1.050381e+001  1.308716e+001
    endloop
  endfacet
  facet normal  -0.000000e+000 -9.990482e-001 -4.361797e-002
    outer loop
      vertex  8.400000e+000 -1.050381e+001  1.308716e+001
      vertex  4.400000e+000 -1.050381e+001  1.308716e+001
      vertex  4.400000e+000 -1.050000e+001  1.300000e+001
    endloop
  endfacet
  facet normal  0.000000e+000 -9.990482e-001 -4.361797e-002
    outer loop
      vertex  8.400000e+000 -1.050381e+001  1.308716e+001
      vertex  4.400000e+000 -1.050000e+001  1.300000e+001
      vertex  8.400000e+000 -1.050000e+001  1.300000e+001
    endloop
  endfacet
  facet normal  0.000000e+000 -4.361797e-002  9.990482e-001
    outer loop
      vertex  4.400000e+000  1.150000e+001  1.200000e+001
      vertex  8.400000e+000  1.158716e+001  1.200381e+001
      vertex  4.400000e+000  1.158716e+001  1.200381e+001
    endloop
  endfacet
  facet normal  0.000000e+000 -1.305252e-001  9.914449e-001
    outer loop
      vertex  4.400000e+000  1.158716e+001  1.200381e+001
      vertex  8.400000e+000  1.158716e+001  1.200381e+001
      vertex  8.400000e+000  1.167365e+001  1.201519e+001
    endloop
  endfacet
  facet normal  0.000000e+000 -1.305252e-001  9.914449e-001
    outer loop
      vertex  4.400000e+000  1.158716e+001  1.200381e+001
      vertex  8.400000e+000  1.167365e+001  1.201519e+001
      vertex  4.400000e+000  1.167365e+001  1.201519e+001
    endloop
  endfacet
  facet normal  0.000000e+000 -2.164385e-001  9.762963e-001
    outer loop
      vertex  4.400000e+000  1.167365e+001  1.201519e+001
      vertex  8.400000e+000  1.167365e+001  1.201519e+001
      vertex  8.400000e+000  1.175882e+001  1.203407e+001
    endloop
  endfacet
  facet normal  0.000000e+000 -2.164385e-001  9.762963e-001
    outer loop
      vertex  4.400000e+000  1.167365e+001  1.201519e+001
      vertex  8.400000e+000  1.175882e+001  1.203407e+001
      vertex  4.400000e+000  1.175882e+001  1.203407e+001
    endloop
  endfacet
  facet normal  0.000000e+000 -3.007096e-001  9.537157e-001
    outer loop
      vertex  4.400000e+000  1.175882e+001  1.203407e+001
      vertex  8.400000e+000  1.175882e+001  1.203407e+001
      vertex  8.400000e+000  1.184202e+001  1.206031e+001
    endloop
  endfacet
  facet normal  0.000000e+000 -3.007096e-001  9.537157e-001
    outer loop
      vertex  4.400000e+000  1.175882e+001  1.203407e+001
      vertex  8.400000e+000  1.184202e+001  1.206031e+001
      vertex  4.400000e+000  1.184202e+001  1.206031e+001
    endloop
  endfacet
  facet normal  0.000000e+000 -3.826794e-001  9.238812e-001
    outer loop
      vertex  4.400000e+000  1.184202e+001  1.206031e+001
      vertex  8.400000e+000  1.184202e+001  1.206031e+001
      vertex  8.400000e+000  1.192262e+001  1.209369e+001
    endloop
  endfacet
  facet normal  0.000000e+000 -3.826794e-001  9.238812e-001
    outer loop
      vertex  4.400000e+000  1.184202e+001  1.206031e+001
      vertex  8.400000e+000  1.192262e+001  1.209369e+001
      vertex  4.400000e+000  1.192262e+001  1.209369e+001
    endloop
  endfacet
  facet normal  0.000000e+000 -4.617544e-001  8.870078e-001
    outer loop
      vertex  4.400000e+000  1.192262e+001  1.209369e+001
      vertex  8.400000e+000  1.192262e+001  1.209369e+001
      vertex  8.400000e+000  1.200000e+001  1.213398e+001
    endloop
  endfacet
  facet normal  0.000000e+000 -4.617544e-001  8.870078e-001
    outer loop
      vertex  4.400000e+000  1.192262e+001  1.209369e+001
      vertex  8.400000e+000  1.200000e+001  1.213398e+001
      vertex  4.400000e+000  1.200000e+001  1.213398e+001
    endloop
  endfacet
  facet normal  0.000000e+000 -5.372999e-001  8.433914e-001
    outer loop
      vertex  4.400000e+000  1.200000e+001  1.213398e+001
      vertex  8.400000e+000  1.200000e+001  1.213398e+001
      vertex  8.400000e+000  1.207358e+001  1.218085e+001
    endloop
  endfacet
  facet normal  0.000000e+000 -5.372999e-001  8.433914e-001
    outer loop
      vertex  4.400000e+000  1.200000e+001  1.213398e+001
      vertex  8.400000e+000  1.207358e+001  1.218085e+001
      vertex  4.400000e+000  1.207358e+001  1.218085e+001
    endloop
  endfacet
  facet normal  0.000000e+000 -6.087546e-001  7.933586e-001
    outer loop
      vertex  4.400000e+000  1.207358e+001  1.218085e+001
      vertex  8.400000e+000  1.207358e+001  1.218085e+001
      vertex  8.400000e+000  1.214279e+001  1.223396e+001
    endloop
  endfacet
  facet normal  0.000000e+000 -6.087546e-001  7.933586e-001
    outer loop
      vertex  4.400000e+000  1.207358e+001  1.218085e+001
      vertex  8.400000e+000  1.214279e+001  1.223396e+001
      vertex  4.400000e+000  1.214279e+001  1.223396e+001
    endloop
  endfacet
  facet normal  0.000000e+000 -6.755954e-001  7.372726e-001
    outer loop
      vertex  4.400000e+000  1.214279e+001  1.223396e+001
      vertex  8.400000e+000  1.214279e+001  1.223396e+001
      vertex  8.400000e+000  1.220711e+001  1.229289e+001
    endloop
  endfacet
  facet normal  0.000000e+000 -6.755954e-001  7.372726e-001
    outer loop
      vertex  4.400000e+000  1.214279e+001  1.223396e+001
      vertex  8.400000e+000  1.220711e+001  1.229289e+001
      vertex  4.400000e+000  1.220711e+001  1.229289e+001
    endloop
  endfacet
  facet normal  0.000000e+000 -7.372726e-001  6.755954e-001
    outer loop
      vertex  4.400000e+000  1.220711e+001  1.229289e+001
      vertex  8.400000e+000  1.220711e+001  1.229289e+001
      vertex  8.400000e+000  1.226604e+001  1.235721e+001
    endloop
  endfacet
  facet normal  0.000000e+000 -7.372726e-001  6.755954e-001
    outer loop
      vertex  4.400000e+000  1.220711e+001  1.229289e+001
      vertex  8.400000e+000  1.226604e+001  1.235721e+001
      vertex  4.400000e+000  1.226604e+001  1.235721e+001
    endloop
  endfacet
  facet normal  0.000000e+000 -7.933586e-001  6.087546e-001
    outer loop
      vertex  4.400000e+000  1.226604e+001  1.235721e+001
      vertex  8.400000e+000  1.226604e+001  1.235721e+001
      vertex  8.400000e+000  1.231915e+001  1.242642e+001
    endloop
  endfacet
  facet normal  0.000000e+000 -7.933586e-001  6.087546e-001
    outer loop
      vertex  4.400000e+000  1.226604e+001  1.235721e+001
      vertex  8.400000e+000  1.231915e+001  1.242642e+001
      vertex  4.400000e+000  1.231915e+001  1.242642e+001
    endloop
  endfacet
  facet normal  0.000000e+000 -8.433914e-001  5.372999e-001
    outer loop
      vertex  4.400000e+000  1.231915e+001  1.242642e+001
      vertex  8.400000e+000  1.231915e+001  1.242642e+001
      vertex  8.400000e+000  1.236602e+001  1.250000e+001
    endloop
  endfacet
  facet normal  0.000000e+000 -8.433914e-001  5.372999e-001
    outer loop
      vertex  4.400000e+000  1.231915e+001  1.242642e+001
      vertex  8.400000e+000  1.236602e+001  1.250000e+001
      vertex  4.400000e+000  1.236602e+001  1.250000e+001
    endloop
  endfacet
  facet normal  0.000000e+000 -8.870078e-001  4.617544e-001
    outer loop
      vertex  4.400000e+000  1.236602e+001  1.250000e+001
      vertex  8.400000e+000  1.236602e+001  1.250000e+001
      vertex  8.400000e+000  1.240631e+001  1.257738e+001
    endloop
  endfacet
  facet normal  0.000000e+000 -8.870078e-001  4.617544e-001
    outer loop
      vertex  4.400000e+000  1.236602e+001  1.250000e+001
      vertex  8.400000e+000  1.240631e+001  1.257738e+001
      vertex  4.400000e+000  1.240631e+001  1.257738e+001
    endloop
  endfacet
  facet normal  0.000000e+000 -9.238812e-001  3.826794e-001
    outer loop
      vertex  4.400000e+000  1.240631e+001  1.257738e+001
      vertex  8.400000e+000  1.240631e+001  1.257738e+001
      vertex  8.400000e+000  1.243969e+001  1.265798e+001
    endloop
  endfacet
  facet normal  0.000000e+000 -9.238812e-001  3.826794e-001
    outer loop
      vertex  4.400000e+000  1.240631e+001  1.257738e+001
      vertex  8.400000e+000  1.243969e+001  1.265798e+001
      vertex  4.400000e+000  1.243969e+001  1.265798e+001
    endloop
  endfacet
  facet normal  0.000000e+000 -9.537157e-001  3.007096e-001
    outer loop
      vertex  4.400000e+000  1.243969e+001  1.265798e+001
      vertex  8.400000e+000  1.243969e+001  1.265798e+001
      vertex  8.400000e+000  1.246593e+001  1.274118e+001
    endloop
  endfacet
  facet normal  0.000000e+000 -9.537157e-001  3.007096e-001
    outer loop
      vertex  4.400000e+000  1.243969e+001  1.265798e+001
      vertex  8.400000e+000  1.246593e+001  1.274118e+001
      vertex  4.400000e+000  1.246593e+001  1.274118e+001
    endloop
  endfacet
  facet normal  0.000000e+000 -9.762963e-001  2.164385e-001
    outer loop
      vertex  4.400000e+000  1.246593e+001  1.274118e+001
      vertex  8.400000e+000  1.246593e+001  1.274118e+001
      vertex  8.400000e+000  1.248481e+001  1.282635e+001
    endloop
  endfacet
  facet normal  0.000000e+000 -9.762963e-001  2.164385e-001
    outer loop
      vertex  4.400000e+000  1.246593e+001  1.274118e+001
      vertex  8.400000e+000  1.248481e+001  1.282635e+001
      vertex  4.400000e+000  1.248481e+001  1.282635e+001
    endloop
  endfacet
  facet normal  0.000000e+000 -9.914449e-001  1.305252e-001
    outer loop
      vertex  4.400000e+000  1.248481e+001  1.282635e+001
      vertex  8.400000e+000  1.248481e+001  1.282635e+001
      vertex  8.400000e+000  1.249619e+001  1.291284e+001
    endloop
  endfacet
  facet normal  0.000000e+000 -9.914449e-001  1.305252e-001
    outer loop
      vertex  4.400000e+000  1.248481e+001  1.282635e+001
      vertex  8.400000e+000  1.249619e+001  1.291284e+001
      vertex  4.400000e+000  1.249619e+001  1.291284e+001
    endloop
  endfacet
  facet normal  0.000000e+000 -9.990482e-001  4.361797e-002
    outer loop
      vertex  4.400000e+000  1.249619e+001  1.291284e+001
      vertex  8.400000e+000  1.249619e+001  1.291284e+001
      vertex  8.400000e+000  1.250000e+001  1.300000e+001
    endloop
  endfacet
  facet normal  0.000000e+000 -9.990482e-001  4.361797e-002
    outer loop
      vertex  4.400000e+000  1.249619e+001  1.291284e+001
      vertex  8.400000e+000  1.250000e+001  1.300000e+001
      vertex  4.400000e+000  1.250000e+001  1.300000e+001
    endloop
  endfacet
  facet normal  0.000000e+000 -4.361797e-002  9.990482e-001
    outer loop
      vertex  8.400000e+000  1.158716e+001  1.200381e+001
      vertex  4.400000e+000  1.150000e+001  1.200000e+001
      vertex  8.400000e+000  1.150000e+001  1.200000e+001
    endloop
  endfacet
  facet normal  0.000000e+000  4.361797e-002  9.990482e-001
    outer loop
      vertex  8.400000e+000  1.150000e+001  1.200000e+001
      vertex  4.400000e+000  1.150000e+001  1.200000e+001
      vertex  4.400000e+000  1.141284e+001  1.200381e+001
    endloop
  endfacet
  facet normal  -0.000000e+000  4.361797e-002  9.990482e-001
    outer loop
      vertex  8.400000e+000  1.150000e+001  1.200000e+001
      vertex  4.400000e+000  1.141284e+001  1.200381e+001
      vertex  8.400000e+000  1.141284e+001  1.200381e+001
    endloop
  endfacet
  facet normal  0.000000e+000  1.305252e-001  9.914449e-001
    outer loop
      vertex  8.400000e+000  1.141284e+001  1.200381e+001
      vertex  4.400000e+000  1.141284e+001  1.200381e+001
      vertex  4.400000e+000  1.132635e+001  1.201519e+001
    endloop
  endfacet
  facet normal  -0.000000e+000  1.305252e-001  9.914449e-001
    outer loop
      vertex  8.400000e+000  1.141284e+001  1.200381e+001
      vertex  4.400000e+000  1.132635e+001  1.201519e+001
      vertex  8.400000e+000  1.132635e+001  1.201519e+001
    endloop
  endfacet
  facet normal  0.000000e+000  2.164385e-001  9.762963e-001
    outer loop
      vertex  8.400000e+000  1.132635e+001  1.201519e+001
      vertex  4.400000e+000  1.132635e+001  1.201519e+001
      vertex  4.400000e+000  1.124118e+001  1.203407e+001
    endloop
  endfacet
  facet normal  -0.000000e+000  2.164385e-001  9.762963e-001
    outer loop
      vertex  8.400000e+000  1.132635e+001  1.201519e+001
      vertex  4.400000e+000  1.124118e+001  1.203407e+001
      vertex  8.400000e+000  1.124118e+001  1.203407e+001
    endloop
  endfacet
  facet normal  0.000000e+000  3.007096e-001  9.537157e-001
    outer loop
      vertex  8.400000e+000  1.124118e+001  1.203407e+001
      vertex  4.400000e+000  1.124118e+001  1.203407e+001
      vertex  4.400000e+000  1.115798e+001  1.206031e+001
    endloop
  endfacet
  facet normal  -0.000000e+000  3.007096e-001  9.537157e-001
    outer loop
      vertex  8.400000e+000  1.124118e+001  1.203407e+001
      vertex  4.400000e+000  1.115798e+001  1.206031e+001
      vertex  8.400000e+000  1.115798e+001  1.206031e+001
    endloop
  endfacet
  facet normal  0.000000e+000  3.826794e-001  9.238812e-001
    outer loop
      vertex  8.400000e+000  1.115798e+001  1.206031e+001
      vertex  4.400000e+000  1.115798e+001  1.206031e+001
      vertex  4.400000e+000  1.107738e+001  1.209369e+001
    endloop
  endfacet
  facet normal  -0.000000e+000  3.826794e-001  9.238812e-001
    outer loop
      vertex  8.400000e+000  1.115798e+001  1.206031e+001
      vertex  4.400000e+000  1.107738e+001  1.209369e+001
      vertex  8.400000e+000  1.107738e+001  1.209369e+001
    endloop
  endfacet
  facet normal  0.000000e+000  4.617544e-001  8.870078e-001
    outer loop
      vertex  8.400000e+000  1.107738e+001  1.209369e+001
      vertex  4.400000e+000  1.107738e+001  1.209369e+001
      vertex  4.400000e+000  1.100000e+001  1.213398e+001
    endloop
  endfacet
  facet normal  -0.000000e+000  4.617544e-001  8.870078e-001
    outer loop
      vertex  8.400000e+000  1.107738e+001  1.209369e+001
      vertex  4.400000e+000  1.100000e+001  1.213398e+001
      vertex  8.400000e+000  1.100000e+001  1.213398e+001
    endloop
  endfacet
  facet normal  0.000000e+000  5.372999e-001  8.433914e-001
    outer loop
      vertex  8.400000e+000  1.100000e+001  1.213398e+001
      vertex  4.400000e+000  1.100000e+001  1.213398e+001
      vertex  4.400000e+000  1.092642e+001  1.218085e+001
    endloop
  endfacet
  facet normal  -0.000000e+000  5.372999e-001  8.433914e-001
    outer loop
      vertex  8.400000e+000  1.100000e+001  1.213398e+001
      vertex  4.400000e+000  1.092642e+001  1.218085e+001
      vertex  8.400000e+000  1.092642e+001  1.218085e+001
    endloop
  endfacet
  facet normal  0.000000e+000  6.087546e-001  7.933586e-001
    outer loop
      vertex  8.400000e+000  1.092642e+001  1.218085e+001
      vertex  4.400000e+000  1.092642e+001  1.218085e+001
      vertex  4.400000e+000  1.085721e+001  1.223396e+001
    endloop
  endfacet
  facet normal  -0.000000e+000  6.087546e-001  7.933586e-001
    outer loop
      vertex  8.400000e+000  1.092642e+001  1.218085e+001
      vertex  4.400000e+000  1.085721e+001  1.223396e+001
      vertex  8.400000e+000  1.085721e+001  1.223396e+001
    endloop
  endfacet
  facet normal  0.000000e+000  6.755954e-001  7.372726e-001
    outer loop
      vertex  8.400000e+000  1.085721e+001  1.223396e+001
      vertex  4.400000e+000  1.085721e+001  1.223396e+001
      vertex  4.400000e+000  1.079289e+001  1.229289e+001
    endloop
  endfacet
  facet normal  -0.000000e+000  6.755954e-001  7.372726e-001
    outer loop
      vertex  8.400000e+000  1.085721e+001  1.223396e+001
      vertex  4.400000e+000  1.079289e+001  1.229289e+001
      vertex  8.400000e+000  1.079289e+001  1.229289e+001
    endloop
  endfacet
  facet normal  0.000000e+000  7.372726e-001  6.755954e-001
    outer loop
      vertex  8.400000e+000  1.079289e+001  1.229289e+001
      vertex  4.400000e+000  1.079289e+001  1.229289e+001
      vertex  4.400000e+000  1.073396e+001  1.235721e+001
    endloop
  endfacet
  facet normal  -0.000000e+000  7.372726e-001  6.755954e-001
    outer loop
      vertex  8.400000e+000  1.079289e+001  1.229289e+001
      vertex  4.400000e+000  1.073396e+001  1.235721e+001
      vertex  8.400000e+000  1.073396e+001  1.235721e+001
    endloop
  endfacet
  facet normal  0.000000e+000  7.933586e-001  6.087546e-001
    outer loop
      vertex  8.400000e+000  1.073396e+001  1.235721e+001
      vertex  4.400000e+000  1.073396e+001  1.235721e+001
      vertex  4.400000e+000  1.068085e+001  1.242642e+001
    endloop
  endfacet
  facet normal  -0.000000e+000  7.933586e-001  6.087546e-001
    outer loop
      vertex  8.400000e+000  1.073396e+001  1.235721e+001
      vertex  4.400000e+000  1.068085e+001  1.242642e+001
      vertex  8.400000e+000  1.068085e+001  1.242642e+001
    endloop
  endfacet
  facet normal  0.000000e+000  8.433914e-001  5.372999e-001
    outer loop
      vertex  8.400000e+000  1.068085e+001  1.242642e+001
      vertex  4.400000e+000  1.068085e+001  1.242642e+001
      vertex  4.400000e+000  1.063398e+001  1.250000e+001
    endloop
  endfacet
  facet normal  -0.000000e+000  8.433914e-001  5.372999e-001
    outer loop
      vertex  8.400000e+000  1.068085e+001  1.242642e+001
      vertex  4.400000e+000  1.063398e+001  1.250000e+001
      vertex  8.400000e+000  1.063398e+001  1.250000e+001
    endloop
  endfacet
  facet normal  0.000000e+000  8.870078e-001  4.617544e-001
    outer loop
      vertex  8.400000e+000  1.063398e+001  1.250000e+001
      vertex  4.400000e+000  1.063398e+001  1.250000e+001
      vertex  4.400000e+000  1.059369e+001  1.257738e+001
    endloop
  endfacet
  facet normal  -0.000000e+000  8.870078e-001  4.617544e-001
    outer loop
      vertex  8.400000e+000  1.063398e+001  1.250000e+001
      vertex  4.400000e+000  1.059369e+001  1.257738e+001
      vertex  8.400000e+000  1.059369e+001  1.257738e+001
    endloop
  endfacet
  facet normal  0.000000e+000  9.238812e-001  3.826794e-001
    outer loop
      vertex  8.400000e+000  1.059369e+001  1.257738e+001
      vertex  4.400000e+000  1.059369e+001  1.257738e+001
      vertex  4.400000e+000  1.056031e+001  1.265798e+001
    endloop
  endfacet
  facet normal  -0.000000e+000  9.238812e-001  3.826794e-001
    outer loop
      vertex  8.400000e+000  1.059369e+001  1.257738e+001
      vertex  4.400000e+000  1.056031e+001  1.265798e+001
      vertex  8.400000e+000  1.056031e+001  1.265798e+001
    endloop
  endfacet
  facet normal  0.000000e+000  9.537157e-001  3.007096e-001
    outer loop
      vertex  8.400000e+000  1.056031e+001  1.265798e+001
      vertex  4.400000e+000  1.056031e+001  1.265798e+001
      vertex  4.400000e+000  1.053407e+001  1.274118e+001
    endloop
  endfacet
  facet normal  -0.000000e+000  9.537157e-001  3.007096e-001
    outer loop
      vertex  8.400000e+000  1.056031e+001  1.265798e+001
      vertex  4.400000e+000  1.053407e+001  1.274118e+001
      vertex  8.400000e+000  1.053407e+001  1.274118e+001
    endloop
  endfacet
  facet normal  0.000000e+000  9.762963e-001  2.164385e-001
    outer loop
      vertex  8.400000e+000  1.053407e+001  1.274118e+001
      vertex  4.400000e+000  1.053407e+001  1.274118e+001
      vertex  4.400000e+000  1.051519e+001  1.282635e+001
    endloop
  endfacet
  facet normal  -0.000000e+000  9.762963e-001  2.164385e-001
    outer loop
      vertex  8.400000e+000  1.053407e+001  1.274118e+001
      vertex  4.400000e+000  1.051519e+001  1.282635e+001
      vertex  8.400000e+000  1.051519e+001  1.282635e+001
    endloop
  endfacet
  facet normal  0.000000e+000  9.914449e-001  1.305252e-001
    outer loop
      vertex  8.400000e+000  1.051519e+001  1.282635e+001
      vertex  4.400000e+000  1.051519e+001  1.282635e+001
      vertex  4.400000e+000  1.050381e+001  1.291284e+001
    endloop
  endfacet
  facet normal  -0.000000e+000  9.914449e-001  1.305252e-001
    outer loop
      vertex  8.400000e+000  1.051519e+001  1.282635e+001
      vertex  4.400000e+000  1.050381e+001  1.291284e+001
      vertex  8.400000e+000  1.050381e+001  1.291284e+001
    endloop
  endfacet
  facet normal  0.000000e+000  9.990482e-001  4.361797e-002
    outer loop
      vertex  8.400000e+000  1.050381e+001  1.291284e+001
      vertex  4.400000e+000  1.050381e+001  1.291284e+001
      vertex  4.400000e+000  1.050000e+001  1.300000e+001
    endloop
  endfacet
  facet normal  -0.000000e+000  9.990482e-001  4.361797e-002
    outer loop
      vertex  8.400000e+000  1.050381e+001  1.291284e+001
      vertex  4.400000e+000  1.050000e+001  1.300000e+001
      vertex  8.400000e+000  1.050000e+001  1.300000e+001
    endloop
  endfacet
  facet normal  -0.000000e+000  7.372726e-001  6.755955e-001
    outer loop
      vertex  1.140000e+001 -1.220711e+001  1.229289e+001
      vertex  8.400000e+000 -1.226604e+001  1.235721e+001
      vertex  1.140000e+001 -1.226604e+001  1.235721e+001
    endloop
  endfacet
  facet normal  0.000000e+000  7.933586e-001  6.087546e-001
    outer loop
      vertex  1.140000e+001 -1.226604e+001  1.235721e+001
      vertex  8.400000e+000 -1.226604e+001  1.235721e+001
      vertex  8.400000e+000 -1.231915e+001  1.242642e+001
    endloop
  endfacet
  facet normal  -0.000000e+000  7.933586e-001  6.087546e-001
    outer loop
      vertex  1.140000e+001 -1.226604e+001  1.235721e+001
      vertex  8.400000e+000 -1.231915e+001  1.242642e+001
      vertex  1.140000e+001 -1.231915e+001  1.242642e+001
    endloop
  endfacet
  facet normal  0.000000e+000  8.433913e-001  5.372998e-001
    outer loop
      vertex  1.140000e+001 -1.231915e+001  1.242642e+001
      vertex  8.400000e+000 -1.231915e+001  1.242642e+001
      vertex  8.400000e+000 -1.236602e+001  1.250000e+001
    endloop
  endfacet
  facet normal  -0.000000e+000  8.433913e-001  5.372998e-001
    outer loop
      vertex  1.140000e+001 -1.231915e+001  1.242642e+001
      vertex  8.400000e+000 -1.236602e+001  1.250000e+001
      vertex  1.140000e+001 -1.236602e+001  1.250000e+001
    endloop
  endfacet
  facet normal  0.000000e+000  8.870078e-001  4.617544e-001
    outer loop
      vertex  1.140000e+001 -1.236602e+001  1.250000e+001
      vertex  8.400000e+000 -1.236602e+001  1.250000e+001
      vertex  8.400000e+000 -1.240631e+001  1.257738e+001
    endloop
  endfacet
  facet normal  -0.000000e+000  8.870078e-001  4.617544e-001
    outer loop
      vertex  1.140000e+001 -1.236602e+001  1.250000e+001
      vertex  8.400000e+000 -1.240631e+001  1.257738e+001
      vertex  1.140000e+001 -1.240631e+001  1.257738e+001
    endloop
  endfacet
  facet normal  0.000000e+000  9.238813e-001  3.826794e-001
    outer loop
      vertex  1.140000e+001 -1.240631e+001  1.257738e+001
      vertex  8.400000e+000 -1.240631e+001  1.257738e+001
      vertex  8.400000e+000 -1.243969e+001  1.265798e+001
    endloop
  endfacet
  facet normal  -0.000000e+000  9.238813e-001  3.826794e-001
    outer loop
      vertex  1.140000e+001 -1.240631e+001  1.257738e+001
      vertex  8.400000e+000 -1.243969e+001  1.265798e+001
      vertex  1.140000e+001 -1.243969e+001  1.265798e+001
    endloop
  endfacet
  facet normal  0.000000e+000  9.537157e-001  3.007096e-001
    outer loop
      vertex  1.140000e+001 -1.243969e+001  1.265798e+001
      vertex  8.400000e+000 -1.243969e+001  1.265798e+001
      vertex  8.400000e+000 -1.246593e+001  1.274118e+001
    endloop
  endfacet
  facet normal  -0.000000e+000  9.537157e-001  3.007096e-001
    outer loop
      vertex  1.140000e+001 -1.243969e+001  1.265798e+001
      vertex  8.400000e+000 -1.246593e+001  1.274118e+001
      vertex  1.140000e+001 -1.246593e+001  1.274118e+001
    endloop
  endfacet
  facet normal  0.000000e+000  9.762962e-001  2.164385e-001
    outer loop
      vertex  1.140000e+001 -1.246593e+001  1.274118e+001
      vertex  8.400000e+000 -1.246593e+001  1.274118e+001
      vertex  8.400000e+000 -1.248481e+001  1.282635e+001
    endloop
  endfacet
  facet normal  -0.000000e+000  9.762962e-001  2.164385e-001
    outer loop
      vertex  1.140000e+001 -1.246593e+001  1.274118e+001
      vertex  8.400000e+000 -1.248481e+001  1.282635e+001
      vertex  1.140000e+001 -1.248481e+001  1.282635e+001
    endloop
  endfacet
  facet normal  0.000000e+000  9.914450e-001  1.305252e-001
    outer loop
      vertex  1.140000e+001 -1.248481e+001  1.282635e+001
      vertex  8.400000e+000 -1.248481e+001  1.282635e+001
      vertex  8.400000e+000 -1.249619e+001  1.291284e+001
    endloop
  endfacet
  facet normal  -0.000000e+000  9.914450e-001  1.305252e-001
    outer loop
      vertex  1.140000e+001 -1.248481e+001  1.282635e+001
      vertex  8.400000e+000 -1.249619e+001  1.291284e+001
      vertex  1.140000e+001 -1.249619e+001  1.291284e+001
    endloop
  endfacet
  facet normal  0.000000e+000  9.990482e-001  4.361797e-002
    outer loop
      vertex  1.140000e+001 -1.249619e+001  1.291284e+001
      vertex  8.400000e+000 -1.249619e+001  1.291284e+001
      vertex  8.400000e+000 -1.250000e+001  1.300000e+001
    endloop
  endfacet
  facet normal  -0.000000e+000  9.990482e-001  4.361797e-002
    outer loop
      vertex  1.140000e+001 -1.249619e+001  1.291284e+001
      vertex  8.400000e+000 -1.250000e+001  1.300000e+001
      vertex  1.140000e+001 -1.250000e+001  1.300000e+001
    endloop
  endfacet
  facet normal  0.000000e+000  7.372726e-001  6.755955e-001
    outer loop
      vertex  8.400000e+000 -1.226604e+001  1.235721e+001
      vertex  1.140000e+001 -1.220711e+001  1.229289e+001
      vertex  8.400000e+000 -1.220711e+001  1.229289e+001
    endloop
  endfacet
  facet normal  -0.000000e+000  6.755955e-001  7.372726e-001
    outer loop
      vertex  8.400000e+000 -1.220711e+001  1.229289e+001
      vertex  1.140000e+001 -1.220711e+001  1.229289e+001
      vertex  1.140000e+001 -1.214279e+001  1.223396e+001
    endloop
  endfacet
  facet normal  0.000000e+000  6.755955e-001  7.372726e-001
    outer loop
      vertex  8.400000e+000 -1.220711e+001  1.229289e+001
      vertex  1.140000e+001 -1.214279e+001  1.223396e+001
      vertex  8.400000e+000 -1.214279e+001  1.223396e+001
    endloop
  endfacet
  facet normal  -0.000000e+000  6.087546e-001  7.933586e-001
    outer loop
      vertex  8.400000e+000 -1.214279e+001  1.223396e+001
      vertex  1.140000e+001 -1.214279e+001  1.223396e+001
      vertex  1.140000e+001 -1.207358e+001  1.218085e+001
    endloop
  endfacet
  facet normal  0.000000e+000  6.087546e-001  7.933586e-001
    outer loop
      vertex  8.400000e+000 -1.214279e+001  1.223396e+001
      vertex  1.140000e+001 -1.207358e+001  1.218085e+001
      vertex  8.400000e+000 -1.207358e+001  1.218085e+001
    endloop
  endfacet
  facet normal  -0.000000e+000  5.372998e-001  8.433913e-001
    outer loop
      vertex  8.400000e+000 -1.207358e+001  1.218085e+001
      vertex  1.140000e+001 -1.207358e+001  1.218085e+001
      vertex  1.140000e+001 -1.200000e+001  1.213398e+001
    endloop
  endfacet
  facet normal  0.000000e+000  5.372998e-001  8.433913e-001
    outer loop
      vertex  8.400000e+000 -1.207358e+001  1.218085e+001
      vertex  1.140000e+001 -1.200000e+001  1.213398e+001
      vertex  8.400000e+000 -1.200000e+001  1.213398e+001
    endloop
  endfacet
  facet normal  -0.000000e+000  4.617544e-001  8.870078e-001
    outer loop
      vertex  8.400000e+000 -1.200000e+001  1.213398e+001
      vertex  1.140000e+001 -1.200000e+001  1.213398e+001
      vertex  1.140000e+001 -1.192262e+001  1.209369e+001
    endloop
  endfacet
  facet normal  0.000000e+000  4.617544e-001  8.870078e-001
    outer loop
      vertex  8.400000e+000 -1.200000e+001  1.213398e+001
      vertex  1.140000e+001 -1.192262e+001  1.209369e+001
      vertex  8.400000e+000 -1.192262e+001  1.209369e+001
    endloop
  endfacet
  facet normal  -0.000000e+000  3.826794e-001  9.238813e-001
    outer loop
      vertex  8.400000e+000 -1.192262e+001  1.209369e+001
      vertex  1.140000e+001 -1.192262e+001  1.209369e+001
      vertex  1.140000e+001 -1.184202e+001  1.206031e+001
    endloop
  endfacet
  facet normal  0.000000e+000  3.826794e-001  9.238813e-001
    outer loop
      vertex  8.400000e+000 -1.192262e+001  1.209369e+001
      vertex  1.140000e+001 -1.184202e+001  1.206031e+001
      vertex  8.400000e+000 -1.184202e+001  1.206031e+001
    endloop
  endfacet
  facet normal  -0.000000e+000  3.007096e-001  9.537157e-001
    outer loop
      vertex  8.400000e+000 -1.184202e+001  1.206031e+001
      vertex  1.140000e+001 -1.184202e+001  1.206031e+001
      vertex  1.140000e+001 -1.175882e+001  1.203407e+001
    endloop
  endfacet
  facet normal  0.000000e+000  3.007096e-001  9.537157e-001
    outer loop
      vertex  8.400000e+000 -1.184202e+001  1.206031e+001
      vertex  1.140000e+001 -1.175882e+001  1.203407e+001
      vertex  8.400000e+000 -1.175882e+001  1.203407e+001
    endloop
  endfacet
  facet normal  -0.000000e+000  2.164385e-001  9.762962e-001
    outer loop
      vertex  8.400000e+000 -1.175882e+001  1.203407e+001
      vertex  1.140000e+001 -1.175882e+001  1.203407e+001
      vertex  1.140000e+001 -1.167365e+001  1.201519e+001
    endloop
  endfacet
  facet normal  0.000000e+000  2.164385e-001  9.762962e-001
    outer loop
      vertex  8.400000e+000 -1.175882e+001  1.203407e+001
      vertex  1.140000e+001 -1.167365e+001  1.201519e+001
      vertex  8.400000e+000 -1.167365e+001  1.201519e+001
    endloop
  endfacet
  facet normal  -0.000000e+000  1.305252e-001  9.914450e-001
    outer loop
      vertex  8.400000e+000 -1.167365e+001  1.201519e+001
      vertex  1.140000e+001 -1.167365e+001  1.201519e+001
      vertex  1.140000e+001 -1.158716e+001  1.200381e+001
    endloop
  endfacet
  facet normal  0.000000e+000  1.305252e-001  9.914450e-001
    outer loop
      vertex  8.400000e+000 -1.167365e+001  1.201519e+001
      vertex  1.140000e+001 -1.158716e+001  1.200381e+001
      vertex  8.400000e+000 -1.158716e+001  1.200381e+001
    endloop
  endfacet
  facet normal  -0.000000e+000  4.361797e-002  9.990482e-001
    outer loop
      vertex  8.400000e+000 -1.158716e+001  1.200381e+001
      vertex  1.140000e+001 -1.158716e+001  1.200381e+001
      vertex  1.140000e+001 -1.150000e+001  1.200000e+001
    endloop
  endfacet
  facet normal  0.000000e+000  4.361797e-002  9.990482e-001
    outer loop
      vertex  8.400000e+000 -1.158716e+001  1.200381e+001
      vertex  1.140000e+001 -1.150000e+001  1.200000e+001
      vertex  8.400000e+000 -1.150000e+001  1.200000e+001
    endloop
  endfacet
  facet normal  -0.000000e+000  7.372726e-001  6.755955e-001
    outer loop
      vertex  1.140000e+001  1.079289e+001  1.229289e+001
      vertex  8.400000e+000  1.073396e+001  1.235721e+001
      vertex  1.140000e+001  1.073396e+001  1.235721e+001
    endloop
  endfacet
  facet normal  0.000000e+000  7.933586e-001  6.087546e-001
    outer loop
      vertex  1.140000e+001  1.073396e+001  1.235721e+001
      vertex  8.400000e+000  1.073396e+001  1.235721e+001
      vertex  8.400000e+000  1.068085e+001  1.242642e+001
    endloop
  endfacet
  facet normal  -0.000000e+000  7.933586e-001  6.087546e-001
    outer loop
      vertex  1.140000e+001  1.073396e+001  1.235721e+001
      vertex  8.400000e+000  1.068085e+001  1.242642e+001
      vertex  1.140000e+001  1.068085e+001  1.242642e+001
    endloop
  endfacet
  facet normal  0.000000e+000  8.433913e-001  5.372998e-001
    outer loop
      vertex  1.140000e+001  1.068085e+001  1.242642e+001
      vertex  8.400000e+000  1.068085e+001  1.242642e+001
      vertex  8.400000e+000  1.063398e+001  1.250000e+001
    endloop
  endfacet
  facet normal  -0.000000e+000  8.433913e-001  5.372998e-001
    outer loop
      vertex  1.140000e+001  1.068085e+001  1.242642e+001
      vertex  8.400000e+000  1.063398e+001  1.250000e+001
      vertex  1.140000e+001  1.063398e+001  1.250000e+001
    endloop
  endfacet
  facet normal  0.000000e+000  8.870078e-001  4.617544e-001
    outer loop
      vertex  1.140000e+001  1.063398e+001  1.250000e+001
      vertex  8.400000e+000  1.063398e+001  1.250000e+001
      vertex  8.400000e+000  1.059369e+001  1.257738e+001
    endloop
  endfacet
  facet normal  -0.000000e+000  8.870078e-001  4.617544e-001
    outer loop
      vertex  1.140000e+001  1.063398e+001  1.250000e+001
      vertex  8.400000e+000  1.059369e+001  1.257738e+001
      vertex  1.140000e+001  1.059369e+001  1.257738e+001
    endloop
  endfacet
  facet normal  0.000000e+000  9.238813e-001  3.826794e-001
    outer loop
      vertex  1.140000e+001  1.059369e+001  1.257738e+001
      vertex  8.400000e+000  1.059369e+001  1.257738e+001
      vertex  8.400000e+000  1.056031e+001  1.265798e+001
    endloop
  endfacet
  facet normal  -0.000000e+000  9.238813e-001  3.826794e-001
    outer loop
      vertex  1.140000e+001  1.059369e+001  1.257738e+001
      vertex  8.400000e+000  1.056031e+001  1.265798e+001
      vertex  1.140000e+001  1.056031e+001  1.265798e+001
    endloop
  endfacet
  facet normal  0.000000e+000  9.537157e-001  3.007096e-001
    outer loop
      vertex  1.140000e+001  1.056031e+001  1.265798e+001
      vertex  8.400000e+000  1.056031e+001  1.265798e+001
      vertex  8.400000e+000  1.053407e+001  1.274118e+001
    endloop
  endfacet
  facet normal  -0.000000e+000  9.537157e-001  3.007096e-001
    outer loop
      vertex  1.140000e+001  1.056031e+001  1.265798e+001
      vertex  8.400000e+000  1.053407e+001  1.274118e+001
      vertex  1.140000e+001  1.053407e+001  1.274118e+001
    endloop
  endfacet
  facet normal  0.000000e+000  9.762962e-001  2.164385e-001
    outer loop
      vertex  1.140000e+001  1.053407e+001  1.274118e+001
      vertex  8.400000e+000  1.053407e+001  1.274118e+001
      vertex  8.400000e+000  1.051519e+001  1.282635e+001
    endloop
  endfacet
  facet normal  -0.000000e+000  9.762962e-001  2.164385e-001
    outer loop
      vertex  1.140000e+001  1.053407e+001  1.274118e+001
      vertex  8.400000e+000  1.051519e+001  1.282635e+001
      vertex  1.140000e+001  1.051519e+001  1.282635e+001
    endloop
  endfacet
  facet normal  0.000000e+000  9.914450e-001  1.305252e-001
    outer loop
      vertex  1.140000e+001  1.051519e+001  1.282635e+001
      vertex  8.400000e+000  1.051519e+001  1.282635e+001
      vertex  8.400000e+000  1.050381e+001  1.291284e+001
    endloop
  endfacet
  facet normal  -0.000000e+000  9.914450e-001  1.305252e-001
    outer loop
      vertex  1.140000e+001  1.051519e+001  1.282635e+001
      vertex  8.400000e+000  1.050381e+001  1.291284e+001
      vertex  1.140000e+001  1.050381e+001  1.291284e+001
    endloop
  endfacet
  facet normal  0.000000e+000  9.990482e-001  4.361797e-002
    outer loop
      vertex  1.140000e+001  1.050381e+001  1.291284e+001
      vertex  8.400000e+000  1.050381e+001  1.291284e+001
      vertex  8.400000e+000  1.050000e+001  1.300000e+001
    endloop
  endfacet
  facet normal  -0.000000e+000  9.990482e-001  4.361797e-002
    outer loop
      vertex  1.140000e+001  1.050381e+001  1.291284e+001
      vertex  8.400000e+000  1.050000e+001  1.300000e+001
      vertex  1.140000e+001  1.050000e+001  1.300000e+001
    endloop
  endfacet
  facet normal  0.000000e+000  7.372726e-001  6.755955e-001
    outer loop
      vertex  8.400000e+000  1.073396e+001  1.235721e+001
      vertex  1.140000e+001  1.079289e+001  1.229289e+001
      vertex  8.400000e+000  1.079289e+001  1.229289e+001
    endloop
  endfacet
  facet normal  -0.000000e+000  6.755955e-001  7.372726e-001
    outer loop
      vertex  8.400000e+000  1.079289e+001  1.229289e+001
      vertex  1.140000e+001  1.079289e+001  1.229289e+001
      vertex  1.140000e+001  1.085721e+001  1.223396e+001
    endloop
  endfacet
  facet normal  0.000000e+000  6.755955e-001  7.372726e-001
    outer loop
      vertex  8.400000e+000  1.079289e+001  1.229289e+001
      vertex  1.140000e+001  1.085721e+001  1.223396e+001
      vertex  8.400000e+000  1.085721e+001  1.223396e+001
    endloop
  endfacet
  facet normal  -0.000000e+000  6.087546e-001  7.933586e-001
    outer loop
      vertex  8.400000e+000  1.085721e+001  1.223396e+001
      vertex  1.140000e+001  1.085721e+001  1.223396e+001
      vertex  1.140000e+001  1.092642e+001  1.218085e+001
    endloop
  endfacet
  facet normal  0.000000e+000  6.087546e-001  7.933586e-001
    outer loop
      vertex  8.400000e+000  1.085721e+001  1.223396e+001
      vertex  1.140000e+001  1.092642e+001  1.218085e+001
      vertex  8.400000e+000  1.092642e+001  1.218085e+001
    endloop
  endfacet
  facet normal  -0.000000e+000  5.372998e-001  8.433913e-001
    outer loop
      vertex  8.400000e+000  1.092642e+001  1.218085e+001
      vertex  1.140000e+001  1.092642e+001  1.218085e+001
      vertex  1.140000e+001  1.100000e+001  1.213398e+001
    endloop
  endfacet
  facet normal  0.000000e+000  5.372998e-001  8.433913e-001
    outer loop
      vertex  8.400000e+000  1.092642e+001  1.218085e+001
      vertex  1.140000e+001  1.100000e+001  1.213398e+001
      vertex  8.400000e+000  1.100000e+001  1.213398e+001
    endloop
  endfacet
  facet normal  -0.000000e+000  4.617544e-001  8.870078e-001
    outer loop
      vertex  8.400000e+000  1.100000e+001  1.213398e+001
      vertex  1.140000e+001  1.100000e+001  1.213398e+001
      vertex  1.140000e+001  1.107738e+001  1.209369e+001
    endloop
  endfacet
  facet normal  0.000000e+000  4.617544e-001  8.870078e-001
    outer loop
      vertex  8.400000e+000  1.100000e+001  1.213398e+001
      vertex  1.140000e+001  1.107738e+001  1.209369e+001
      vertex  8.400000e+000  1.107738e+001  1.209369e+001
    endloop
  endfacet
  facet normal  -0.000000e+000  3.826794e-001  9.238813e-001
    outer loop
      vertex  8.400000e+000  1.107738e+001  1.209369e+001
      vertex  1.140000e+001  1.107738e+001  1.209369e+001
      vertex  1.140000e+001  1.115798e+001  1.206031e+001
    endloop
  endfacet
  facet normal  0.000000e+000  3.826794e-001  9.238813e-001
    outer loop
      vertex  8.400000e+000  1.107738e+001  1.209369e+001
      vertex  1.140000e+001  1.115798e+001  1.206031e+001
      vertex  8.400000e+000  1.115798e+001  1.206031e+001
    endloop
  endfacet
  facet normal  -0.000000e+000  3.007096e-001  9.537157e-001
    outer loop
      vertex  8.400000e+000  1.115798e+001  1.206031e+001
      vertex  1.140000e+001  1.115798e+001  1.206031e+001
      vertex  1.140000e+001  1.124118e+001  1.203407e+001
    endloop
  endfacet
  facet normal  0.000000e+000  3.007096e-001  9.537157e-001
    outer loop
      vertex  8.400000e+000  1.115798e+001  1.206031e+001
      vertex  1.140000e+001  1.124118e+001  1.203407e+001
      vertex  8.400000e+000  1.124118e+001  1.203407e+001
    endloop
  endfacet
  facet normal  -0.000000e+000  2.164385e-001  9.762962e-001
    outer loop
      vertex  8.400000e+000  1.124118e+001  1.203407e+001
      vertex  1.140000e+001  1.124118e+001  1.203407e+001
      vertex  1.140000e+001  1.132635e+001  1.201519e+001
    endloop
  endfacet
  facet normal  0.000000e+000  2.164385e-001  9.762962e-001
    outer loop
      vertex  8.400000e+000  1.124118e+001  1.203407e+001
      vertex  1.140000e+001  1.132635e+001  1.201519e+001
      vertex  8.400000e+000  1.132635e+001  1.201519e+001
    endloop
  endfacet
  facet normal  -0.000000e+000  1.305252e-001  9.914450e-001
    outer loop
      vertex  8.400000e+000  1.132635e+001  1.201519e+001
      vertex  1.140000e+001  1.132635e+001  1.201519e+001
      vertex  1.140000e+001  1.141284e+001  1.200381e+001
    endloop
  endfacet
  facet normal  0.000000e+000  1.305252e-001  9.914450e-001
    outer loop
      vertex  8.400000e+000  1.132635e+001  1.201519e+001
      vertex  1.140000e+001  1.141284e+001  1.200381e+001
      vertex  8.400000e+000  1.141284e+001  1.200381e+001
    endloop
  endfacet
  facet normal  -0.000000e+000  4.361797e-002  9.990482e-001
    outer loop
      vertex  8.400000e+000  1.141284e+001  1.200381e+001
      vertex  1.140000e+001  1.141284e+001  1.200381e+001
      vertex  1.140000e+001  1.150000e+001  1.200000e+001
    endloop
  endfacet
  facet normal  0.000000e+000  4.361797e-002  9.990482e-001
    outer loop
      vertex  8.400000e+000  1.141284e+001  1.200381e+001
      vertex  1.140000e+001  1.150000e+001  1.200000e+001
      vertex  8.400000e+000  1.150000e+001  1.200000e+001
    endloop
  endfacet
  facet normal -1.000000e+000  0.000000e+000  0.000000e+000
    outer loop
      vertex  4.400000e+000 -1.455758e+001 -1.371412e+001
      vertex  4.400000e+000 -1.475997e+001 -1.175749e+000
      vertex  4.400000e+000 -1.466614e+001 -1.152622e+000
    endloop
  endfacet
  facet normal -1.000000e+000  0.000000e+000  0.000000e+000
    outer loop
      vertex  4.400000e+000 -1.428203e+001 -1.400084e+001
      vertex  4.400000e+000 -1.448557e+001 -1.084141e+000
      vertex  4.400000e+000 -1.440000e+001 -1.039230e+000
    endloop
  endfacet
  facet normal -1.000000e+000  0.000000e+000  0.000000e+000
    outer loop
      vertex  4.400000e+000 -1.428203e+001 -1.400084e+001
      vertex  4.400000e+000 -1.440000e+001 -1.039230e+000
      vertex  4.400000e+000 -1.431832e+001 -9.875807e-001
    endloop
  endfacet
  facet normal -1.000000e+000  0.000000e+000  0.000000e+000
    outer loop
      vertex  4.400000e+000 -1.924935e-001  1.618446e+001
      vertex  4.400000e+000 -1.123509e+001  1.654608e+001
      vertex  4.400000e+000 -9.655988e-002  1.619611e+001
    endloop
  endfacet
  facet normal -1.000000e+000  0.000000e+000  0.000000e+000
    outer loop
      vertex  4.400000e+000  1.455758e+001 -1.371412e+001
      vertex  4.400000e+000  1.431832e+001 -9.875807e-001
      vertex  4.400000e+000  1.440000e+001 -1.039230e+000
    endloop
  endfacet
  facet normal -1.000000e+000  0.000000e+000  0.000000e+000
    outer loop
      vertex  4.400000e+000  1.482736e+001 -1.342197e+001
      vertex  4.400000e+000  1.457447e+001 -1.122020e+000
      vertex  4.400000e+000  1.466614e+001 -1.152622e+000
    endloop
  endfacet
  facet normal -1.000000e+000  0.000000e+000  0.000000e+000
    outer loop
      vertex  4.400000e+000  1.482736e+001 -1.342197e+001
      vertex  4.400000e+000  1.466614e+001 -1.152622e+000
      vertex  4.400000e+000  1.475997e+001 -1.175749e+000
    endloop
  endfacet
  facet normal -1.000000e+000  -0.000000e+000  0.000000e+000
    outer loop
      vertex  4.400000e+000  1.475997e+001 -1.175749e+000
      vertex  4.400000e+000  1.485536e+001 -1.191251e+000
      vertex  4.400000e+000  1.482736e+001 -1.342197e+001
    endloop
  endfacet
  facet normal -1.000000e+000  0.000000e+000  0.000000e+000
    outer loop
      vertex  4.400000e+000  1.924935e-001  1.618446e+001
      vertex  4.400000e+000  9.655988e-002  1.619611e+001
      vertex  4.400000e+000  1.123509e+001  1.654608e+001
    endloop
  endfacet
  facet normal -1.000000e+000  0.000000e+000  0.000000e+000
    outer loop
      vertex  4.400000e+000  1.141284e+001  1.399619e+001
      vertex  4.400000e+000  1.132635e+001  1.398481e+001
      vertex  4.400000e+000  6.413590e-001  1.398577e+001
    endloop
  endfacet
  facet normal -1.000000e+000  0.000000e+000  -0.000000e+000
    outer loop
      vertex  4.400000e+000  9.655988e-002  1.380389e+001
      vertex  4.400000e+000  1.924935e-001  1.381554e+001
      vertex  4.400000e+000  1.092642e+001  1.381915e+001
    endloop
  endfacet
  facet normal -1.000000e+000  -0.000000e+000  0.000000e+000
    outer loop
      vertex  4.400000e+000 -1.141284e+001  1.399619e+001
      vertex  4.400000e+000 -6.413590e-001  1.398577e+001
      vertex  4.400000e+000 -1.132635e+001  1.398481e+001
    endloop
  endfacet
  facet normal -1.000000e+000  -0.000000e+000  -0.000000e+000
    outer loop
      vertex  4.400000e+000 -1.092642e+001  1.381915e+001
      vertex  4.400000e+000 -1.924935e-001  1.381554e+001
      vertex  4.400000e+000 -9.655988e-002  1.380389e+001
    endloop
  endfacet
  facet normal -1.000000e+000  0.000000e+000  -0.000000e+000
    outer loop
      vertex  4.400000e+000 -6.980559e-016  1.380000e+001
      vertex  4.400000e+000  9.655988e-002  1.380389e+001
      vertex  4.400000e+000  1.092642e+001  1.381915e+001
    endloop
  endfacet
  facet normal -1.000000e+000  0.000000e+000  0.000000e+000
    outer loop
      vertex  4.400000e+000 -6.980559e-016  1.380000e+001
      vertex  4.400000e+000  1.092642e+001  1.381915e+001
      vertex  4.400000e+000  1.085721e+001  1.376604e+001
    endloop
  endfacet
  facet normal -1.000000e+000  -0.000000e+000  0.000000e+000
    outer loop
      vertex  4.400000e+000 -6.980559e-016  1.380000e+001
      vertex  4.400000e+000  1.085721e+001  1.376604e+001
      vertex  4.400000e+000  1.079289e+001  1.370711e+001
    endloop
  endfacet
  facet normal -9.999999e-001  -0.000000e+000  0.000000e+000
    outer loop
      vertex  4.400000e+000 -6.980559e-016  1.380000e+001
      vertex  4.400000e+000  1.079289e+001  1.370711e+001
      vertex  4.400000e+000  1.073396e+001  1.364279e+001
    endloop
  endfacet
  facet normal -1.000000e+000  -0.000000e+000  0.000000e+000
    outer loop
      vertex  4.400000e+000 -6.980559e-016  1.380000e+001
      vertex  4.400000e+000  1.073396e+001  1.364279e+001
      vertex  4.400000e+000  1.068085e+001  1.357358e+001
    endloop
  endfacet
  facet normal -1.000000e+000  -0.000000e+000  0.000000e+000
    outer loop
      vertex  4.400000e+000 -6.980559e-016  1.380000e+001
      vertex  4.400000e+000  1.068085e+001  1.357358e+001
      vertex  4.400000e+000  1.063398e+001  1.350000e+001
    endloop
  endfacet
  facet normal -9.999999e-001  -0.000000e+000  0.000000e+000
    outer loop
      vertex  4.400000e+000 -6.980559e-016  1.380000e+001
      vertex  4.400000e+000  1.063398e+001  1.350000e+001
      vertex  4.400000e+000  1.059369e+001  1.342262e+001
    endloop
  endfacet
  facet normal -9.999999e-001  -0.000000e+000  0.000000e+000
    outer loop
      vertex  4.400000e+000 -6.980559e-016  1.380000e+001
      vertex  4.400000e+000  1.059369e+001  1.342262e+001
      vertex  4.400000e+000  1.056031e+001  1.334202e+001
    endloop
  endfacet
  facet normal -1.000000e+000  -0.000000e+000  0.000000e+000
    outer loop
      vertex  4.400000e+000 -6.980559e-016  1.380000e+001
      vertex  4.400000e+000  1.056031e+001  1.334202e+001
      vertex  4.400000e+000  2.388073e-015 -1.380000e+001
    endloop
  endfacet
  facet normal -1.000000e+000  0.000000e+000  0.000000e+000
    outer loop
      vertex  4.400000e+000 -6.980559e-016  1.380000e+001
      vertex  4.400000e+000  2.388073e-015 -1.380000e+001
      vertex  4.400000e+000 -1.056031e+001  1.334202e+001
    endloop
  endfacet
  facet normal -9.999999e-001  0.000000e+000  0.000000e+000
    outer loop
      vertex  4.400000e+000 -6.980559e-016  1.380000e+001
      vertex  4.400000e+000 -1.056031e+001  1.334202e+001
      vertex  4.400000e+000 -1.059369e+001  1.342262e+001
    endloop
  endfacet
  facet normal -9.999999e-001  0.000000e+000  0.000000e+000
    outer loop
      vertex  4.400000e+000 -6.980559e-016  1.380000e+001
      vertex  4.400000e+000 -1.059369e+001  1.342262e+001
      vertex  4.400000e+000 -1.063398e+001  1.350000e+001
    endloop
  endfacet
  facet normal -1.000000e+000  0.000000e+000  0.000000e+000
    outer loop
      vertex  4.400000e+000 -6.980559e-016  1.380000e+001
      vertex  4.400000e+000 -1.063398e+001  1.350000e+001
      vertex  4.400000e+000 -1.068085e+001  1.357358e+001
    endloop
  endfacet
  facet normal -1.000000e+000  0.000000e+000  0.000000e+000
    outer loop
      vertex  4.400000e+000 -6.980559e-016  1.380000e+001
      vertex  4.400000e+000 -1.068085e+001  1.357358e+001
      vertex  4.400000e+000 -1.073396e+001  1.364279e+001
    endloop
  endfacet
  facet normal -9.999999e-001  0.000000e+000  0.000000e+000
    outer loop
      vertex  4.400000e+000 -6.980559e-016  1.380000e+001
      vertex  4.400000e+000 -1.073396e+001  1.364279e+001
      vertex  4.400000e+000 -1.079289e+001  1.370711e+001
    endloop
  endfacet
  facet normal -1.000000e+000  0.000000e+000  0.000000e+000
    outer loop
      vertex  4.400000e+000 -6.980559e-016  1.380000e+001
      vertex  4.400000e+000 -1.079289e+001  1.370711e+001
      vertex  4.400000e+000 -1.085721e+001  1.376604e+001
    endloop
  endfacet
  facet normal -1.000000e+000  0.000000e+000  0.000000e+000
    outer loop
      vertex  4.400000e+000 -6.980559e-016  1.380000e+001
      vertex  4.400000e+000 -1.085721e+001  1.376604e+001
      vertex  4.400000e+000 -1.092642e+001  1.381915e+001
    endloop
  endfacet
  facet normal -9.999999e-001  0.000000e+000  0.000000e+000
    outer loop
      vertex  4.400000e+000 -6.980559e-016  1.380000e+001
      vertex  4.400000e+000 -1.092642e+001  1.381915e+001
      vertex  4.400000e+000 -9.655988e-002  1.380389e+001
    endloop
  endfacet
  facet normal -1.000000e+000  -0.000000e+000  0.000000e+000
    outer loop
      vertex  4.400000e+000 -1.150000e+001  1.200000e+001
      vertex  4.400000e+000  2.388073e-015 -1.380000e+001
      vertex  4.400000e+000 -9.655988e-002 -1.380389e+001
    endloop
  endfacet
  facet normal -1.000000e+000  -0.000000e+000  0.000000e+000
    outer loop
      vertex  4.400000e+000 -1.150000e+001  1.200000e+001
      vertex  4.400000e+000 -9.655988e-002 -1.380389e+001
      vertex  4.400000e+000 -1.924935e-001 -1.381554e+001
    endloop
  endfacet
  facet normal -1.000000e+000  -0.000000e+000  0.000000e+000
    outer loop
      vertex  4.400000e+000 -1.150000e+001  1.200000e+001
      vertex  4.400000e+000 -1.924935e-001 -1.381554e+001
      vertex  4.400000e+000 -2.871788e-001 -1.383487e+001
    endloop
  endfacet
  facet normal -1.000000e+000  -0.000000e+000  0.000000e+000
    outer loop
      vertex  4.400000e+000 -1.150000e+001  1.200000e+001
      vertex  4.400000e+000 -2.871788e-001 -1.383487e+001
      vertex  4.400000e+000 -1.123509e+001 -1.654608e+001
    endloop
  endfacet
  facet normal -1.000000e+000  0.000000e+000  0.000000e+000
    outer loop
      vertex  4.400000e+000 -1.150000e+001  1.200000e+001
      vertex  4.400000e+000 -1.123509e+001 -1.654608e+001
      vertex  4.400000e+000 -1.156184e+001 -1.631943e+001
    endloop
  endfacet
  facet normal -1.000000e+000  0.000000e+000  0.000000e+000
    outer loop
      vertex  4.400000e+000 -1.150000e+001  1.200000e+001
      vertex  4.400000e+000 -1.156184e+001 -1.631943e+001
      vertex  4.400000e+000 -1.188402e+001 -1.608633e+001
    endloop
  endfacet
  facet normal -1.000000e+000  0.000000e+000  0.000000e+000
    outer loop
      vertex  4.400000e+000 -1.150000e+001  1.200000e+001
      vertex  4.400000e+000 -1.188402e+001 -1.608633e+001
      vertex  4.400000e+000 -1.220150e+001 -1.584687e+001
    endloop
  endfacet
  facet normal -1.000000e+000  0.000000e+000  0.000000e+000
    outer loop
      vertex  4.400000e+000 -1.150000e+001  1.200000e+001
      vertex  4.400000e+000 -1.220150e+001 -1.584687e+001
      vertex  4.400000e+000 -1.251416e+001 -1.560115e+001
    endloop
  endfacet
  facet normal -1.000000e+000  0.000000e+000  0.000000e+000
    outer loop
      vertex  4.400000e+000 -1.150000e+001  1.200000e+001
      vertex  4.400000e+000 -1.251416e+001 -1.560115e+001
      vertex  4.400000e+000 -1.282187e+001 -1.534925e+001
    endloop
  endfacet
  facet normal -1.000000e+000  0.000000e+000  0.000000e+000
    outer loop
      vertex  4.400000e+000 -1.150000e+001  1.200000e+001
      vertex  4.400000e+000 -1.282187e+001 -1.534925e+001
      vertex  4.400000e+000 -1.312451e+001 -1.509129e+001
    endloop
  endfacet
  facet normal -1.000000e+000  0.000000e+000  0.000000e+000
    outer loop
      vertex  4.400000e+000 -1.150000e+001  1.200000e+001
      vertex  4.400000e+000 -1.312451e+001 -1.509129e+001
      vertex  4.400000e+000 -1.342197e+001 -1.482736e+001
    endloop
  endfacet
  facet normal -1.000000e+000  0.000000e+000  0.000000e+000
    outer loop
      vertex  4.400000e+000 -1.150000e+001  1.200000e+001
      vertex  4.400000e+000 -1.342197e+001 -1.482736e+001
      vertex  4.400000e+000 -1.371412e+001 -1.455758e+001
    endloop
  endfacet
  facet normal -1.000000e+000  0.000000e+000  0.000000e+000
    outer loop
      vertex  4.400000e+000 -1.150000e+001  1.200000e+001
      vertex  4.400000e+000 -1.371412e+001 -1.455758e+001
      vertex  4.400000e+000 -1.380000e+001  1.469528e-016
    endloop
  endfacet
  facet normal -1.000000e+000  0.000000e+000  0.000000e+000
    outer loop
      vertex  4.400000e+000 -1.150000e+001  1.200000e+001
      vertex  4.400000e+000 -1.380000e+001  1.469528e-016
      vertex  4.400000e+000 -1.380389e+001  9.655988e-002
    endloop
  endfacet
  facet normal -9.999999e-001  0.000000e+000  0.000000e+000
    outer loop
      vertex  4.400000e+000 -1.150000e+001  1.200000e+001
      vertex  4.400000e+000 -1.380389e+001  9.655988e-002
      vertex  4.400000e+000 -1.381554e+001  1.924935e-001
    endloop
  endfacet
  facet normal -1.000000e+000  0.000000e+000  0.000000e+000
    outer loop
      vertex  4.400000e+000 -1.150000e+001  1.200000e+001
      vertex  4.400000e+000 -1.381554e+001  1.924935e-001
      vertex  4.400000e+000 -1.383487e+001  2.871788e-001
    endloop
  endfacet
  facet normal -1.000000e+000  0.000000e+000  0.000000e+000
    outer loop
      vertex  4.400000e+000 -1.150000e+001  1.200000e+001
      vertex  4.400000e+000 -1.383487e+001  2.871788e-001
      vertex  4.400000e+000 -1.386176e+001  3.800016e-001
    endloop
  endfacet
  facet normal -1.000000e+000  0.000000e+000  0.000000e+000
    outer loop
      vertex  4.400000e+000 -1.150000e+001  1.200000e+001
      vertex  4.400000e+000 -1.386176e+001  3.800016e-001
      vertex  4.400000e+000 -1.389602e+001  4.703599e-001
    endloop
  endfacet
  facet normal -1.000000e+000  0.000000e+000  0.000000e+000
    outer loop
      vertex  4.400000e+000 -1.150000e+001  1.200000e+001
      vertex  4.400000e+000 -1.389602e+001  4.703599e-001
      vertex  4.400000e+000 -1.393745e+001  5.576678e-001
    endloop
  endfacet
  facet normal -9.999999e-001  0.000000e+000  0.000000e+000
    outer loop
      vertex  4.400000e+000 -1.150000e+001  1.200000e+001
      vertex  4.400000e+000 -1.393745e+001  5.576678e-001
      vertex  4.400000e+000 -1.398577e+001  6.413590e-001
    endloop
  endfacet
  facet normal -1.000000e+000  0.000000e+000  0.000000e+000
    outer loop
      vertex  4.400000e+000 -1.150000e+001  1.200000e+001
      vertex  4.400000e+000 -1.398577e+001  6.413590e-001
      vertex  4.400000e+000 -1.404067e+001  7.208907e-001
    endloop
  endfacet
  facet normal -9.999999e-001  0.000000e+000  0.000000e+000
    outer loop
      vertex  4.400000e+000 -1.150000e+001  1.200000e+001
      vertex  4.400000e+000 -1.404067e+001  7.208907e-001
      vertex  4.400000e+000 -1.410179e+001  7.957472e-001
    endloop
  endfacet
  facet normal -9.999999e-001  0.000000e+000  0.000000e+000
    outer loop
      vertex  4.400000e+000 -1.150000e+001  1.200000e+001
      vertex  4.400000e+000 -1.410179e+001  7.957472e-001
      vertex  4.400000e+000 -1.416873e+001  8.654429e-001
    endloop
  endfacet
  facet normal -1.000000e+000  0.000000e+000  0.000000e+000
    outer loop
      vertex  4.400000e+000 -1.150000e+001  1.200000e+001
      vertex  4.400000e+000 -1.416873e+001  8.654429e-001
      vertex  4.400000e+000 -1.424107e+001  9.295260e-001
    endloop
  endfacet
  facet normal -1.000000e+000  0.000000e+000  0.000000e+000
    outer loop
      vertex  4.400000e+000 -1.150000e+001  1.200000e+001
      vertex  4.400000e+000 -1.424107e+001  9.295260e-001
      vertex  4.400000e+000 -1.431832e+001  9.875807e-001
    endloop
  endfacet
  facet normal -1.000000e+000  0.000000e+000  0.000000e+000
    outer loop
      vertex  4.400000e+000 -1.150000e+001  1.200000e+001
      vertex  4.400000e+000 -1.431832e+001  9.875807e-001
      vertex  4.400000e+000 -1.440000e+001  1.039230e+000
    endloop
  endfacet
  facet normal -1.000000e+000  0.000000e+000  0.000000e+000
    outer loop
      vertex  4.400000e+000 -1.150000e+001  1.200000e+001
      vertex  4.400000e+000 -1.440000e+001  1.039230e+000
      vertex  4.400000e+000 -1.448557e+001  1.084141e+000
    endloop
  endfacet
  facet normal -1.000000e+000  0.000000e+000  0.000000e+000
    outer loop
      vertex  4.400000e+000 -1.150000e+001  1.200000e+001
      vertex  4.400000e+000 -1.448557e+001  1.084141e+000
      vertex  4.400000e+000 -1.457447e+001  1.122020e+000
    endloop
  endfacet
  facet normal -1.000000e+000  0.000000e+000  0.000000e+000
    outer loop
      vertex  4.400000e+000 -1.150000e+001  1.200000e+001
      vertex  4.400000e+000 -1.457447e+001  1.122020e+000
      vertex  4.400000e+000 -1.466614e+001  1.152622e+000
    endloop
  endfacet
  facet normal -1.000000e+000  0.000000e+000  0.000000e+000
    outer loop
      vertex  4.400000e+000 -1.150000e+001  1.200000e+001
      vertex  4.400000e+000 -1.466614e+001  1.152622e+000
      vertex  4.400000e+000 -1.475997e+001  1.175749e+000
    endloop
  endfacet
  facet normal -1.000000e+000  0.000000e+000  0.000000e+000
    outer loop
      vertex  4.400000e+000 -1.150000e+001  1.200000e+001
      vertex  4.400000e+000 -1.475997e+001  1.175749e+000
      vertex  4.400000e+000 -1.485536e+001  1.191251e+000
    endloop
  endfacet
  facet normal -1.000000e+000  0.000000e+000  0.000000e+000
    outer loop
      vertex  4.400000e+000 -1.150000e+001  1.200000e+001
      vertex  4.400000e+000 -1.485536e+001  1.191251e+000
      vertex  4.400000e+000 -1.495168e+001  1.199027e+000
    endloop
  endfacet
  facet normal -1.000000e+000  0.000000e+000  0.000000e+000
    outer loop
      vertex  4.400000e+000 -1.371412e+001 -1.455758e+001
      vertex  4.400000e+000 -1.400084e+001 -1.428203e+001
      vertex  4.400000e+000 -1.404067e+001 -7.208907e-001
    endloop
  endfacet
  facet normal -9.999999e-001  0.000000e+000  0.000000e+000
    outer loop
      vertex  4.400000e+000 -1.371412e+001 -1.455758e+001
      vertex  4.400000e+000 -1.404067e+001 -7.208907e-001
      vertex  4.400000e+000 -1.398577e+001 -6.413590e-001
    endloop
  endfacet
  facet normal -1.000000e+000  0.000000e+000  0.000000e+000
    outer loop
      vertex  4.400000e+000 -1.371412e+001 -1.455758e+001
      vertex  4.400000e+000 -1.398577e+001 -6.413590e-001
      vertex  4.400000e+000 -1.393745e+001 -5.576678e-001
    endloop
  endfacet
  facet normal -1.000000e+000  0.000000e+000  0.000000e+000
    outer loop
      vertex  4.400000e+000 -1.371412e+001 -1.455758e+001
      vertex  4.400000e+000 -1.393745e+001 -5.576678e-001
      vertex  4.400000e+000 -1.389602e+001 -4.703599e-001
    endloop
  endfacet
  facet normal -1.000000e+000  0.000000e+000  0.000000e+000
    outer loop
      vertex  4.400000e+000 -1.371412e+001 -1.455758e+001
      vertex  4.400000e+000 -1.389602e+001 -4.703599e-001
      vertex  4.400000e+000 -1.386176e+001 -3.800016e-001
    endloop
  endfacet
  facet normal -9.999999e-001  0.000000e+000  0.000000e+000
    outer loop
      vertex  4.400000e+000 -1.371412e+001 -1.455758e+001
      vertex  4.400000e+000 -1.386176e+001 -3.800016e-001
      vertex  4.400000e+000 -1.383487e+001 -2.871788e-001
    endloop
  endfacet
  facet normal -1.000000e+000  0.000000e+000  0.000000e+000
    outer loop
      vertex  4.400000e+000 -1.371412e+001 -1.455758e+001
      vertex  4.400000e+000 -1.383487e+001 -2.871788e-001
      vertex  4.400000e+000 -1.381554e+001 -1.924935e-001
    endloop
  endfacet
  facet normal -1.000000e+000  0.000000e+000  0.000000e+000
    outer loop
      vertex  4.400000e+000 -1.371412e+001 -1.455758e+001
      vertex  4.400000e+000 -1.381554e+001 -1.924935e-001
      vertex  4.400000e+000 -1.380389e+001 -9.655988e-002
    endloop
  endfacet
  facet normal -1.000000e+000  0.000000e+000  0.000000e+000
    outer loop
      vertex  4.400000e+000 -1.371412e+001 -1.455758e+001
      vertex  4.400000e+000 -1.380389e+001 -9.655988e-002
      vertex  4.400000e+000 -1.380000e+001  1.469528e-016
    endloop
  endfacet
  facet normal -1.000000e+000  0.000000e+000  0.000000e+000
    outer loop
      vertex  4.400000e+000 -1.400084e+001 -1.428203e+001
      vertex  4.400000e+000 -1.428203e+001 -1.400084e+001
      vertex  4.400000e+000 -1.431832e+001 -9.875807e-001
    endloop
  endfacet
  facet normal -1.000000e+000  0.000000e+000  0.000000e+000
    outer loop
      vertex  4.400000e+000 -1.400084e+001 -1.428203e+001
      vertex  4.400000e+000 -1.431832e+001 -9.875807e-001
      vertex  4.400000e+000 -1.424107e+001 -9.295260e-001
    endloop
  endfacet
  facet normal -1.000000e+000  0.000000e+000  0.000000e+000
    outer loop
      vertex  4.400000e+000 -1.400084e+001 -1.428203e+001
      vertex  4.400000e+000 -1.424107e+001 -9.295260e-001
      vertex  4.400000e+000 -1.416873e+001 -8.654429e-001
    endloop
  endfacet
  facet normal -9.999999e-001  0.000000e+000  0.000000e+000
    outer loop
      vertex  4.400000e+000 -1.400084e+001 -1.428203e+001
      vertex  4.400000e+000 -1.416873e+001 -8.654429e-001
      vertex  4.400000e+000 -1.410179e+001 -7.957472e-001
    endloop
  endfacet
  facet normal -9.999999e-001  0.000000e+000  0.000000e+000
    outer loop
      vertex  4.400000e+000 -1.400084e+001 -1.428203e+001
      vertex  4.400000e+000 -1.410179e+001 -7.957472e-001
      vertex  4.400000e+000 -1.404067e+001 -7.208907e-001
    endloop
  endfacet
  facet normal -1.000000e+000  0.000000e+000  0.000000e+000
    outer loop
      vertex  4.400000e+000  3.673819e-015 -2.000000e+001
      vertex  4.400000e+000 -1.152622e+000 -1.533386e+001
      vertex  4.400000e+000 -1.122020e+000 -1.542553e+001
    endloop
  endfacet
  facet normal -1.000000e+000  0.000000e+000  0.000000e+000
    outer loop
      vertex  4.400000e+000  3.673819e-015 -2.000000e+001
      vertex  4.400000e+000 -1.122020e+000 -1.542553e+001
      vertex  4.400000e+000 -1.084141e+000 -1.551443e+001
    endloop
  endfacet
  facet normal -1.000000e+000  0.000000e+000  0.000000e+000
    outer loop
      vertex  4.400000e+000  3.673819e-015 -2.000000e+001
      vertex  4.400000e+000 -1.084141e+000 -1.551443e+001
      vertex  4.400000e+000 -1.039230e+000 -1.560000e+001
    endloop
  endfacet
  facet normal -1.000000e+000  0.000000e+000  0.000000e+000
    outer loop
      vertex  4.400000e+000  3.673819e-015 -2.000000e+001
      vertex  4.400000e+000 -1.039230e+000 -1.560000e+001
      vertex  4.400000e+000 -9.875807e-001 -1.568168e+001
    endloop
  endfacet
  facet normal -1.000000e+000  0.000000e+000  0.000000e+000
    outer loop
      vertex  4.400000e+000  3.673819e-015 -2.000000e+001
      vertex  4.400000e+000 -9.875807e-001 -1.568168e+001
      vertex  4.400000e+000 -9.295260e-001 -1.575893e+001
    endloop
  endfacet
  facet normal -1.000000e+000  0.000000e+000  0.000000e+000
    outer loop
      vertex  4.400000e+000  3.673819e-015 -2.000000e+001
      vertex  4.400000e+000 -9.295260e-001 -1.575893e+001
      vertex  4.400000e+000 -8.654429e-001 -1.583127e+001
    endloop
  endfacet
  facet normal -1.000000e+000  0.000000e+000  0.000000e+000
    outer loop
      vertex  4.400000e+000  3.673819e-015 -2.000000e+001
      vertex  4.400000e+000 -8.654429e-001 -1.583127e+001
      vertex  4.400000e+000 -7.957472e-001 -1.589821e+001
    endloop
  endfacet
  facet normal -1.000000e+000  0.000000e+000  0.000000e+000
    outer loop
      vertex  4.400000e+000  3.673819e-015 -2.000000e+001
      vertex  4.400000e+000 -7.957472e-001 -1.589821e+001
      vertex  4.400000e+000 -7.208907e-001 -1.595933e+001
    endloop
  endfacet
  facet normal -1.000000e+000  0.000000e+000  0.000000e+000
    outer loop
      vertex  4.400000e+000  3.673819e-015 -2.000000e+001
      vertex  4.400000e+000 -7.208907e-001 -1.595933e+001
      vertex  4.400000e+000 -6.413590e-001 -1.601423e+001
    endloop
  endfacet
  facet normal -1.000000e+000  0.000000e+000  0.000000e+000
    outer loop
      vertex  4.400000e+000  3.673819e-015 -2.000000e+001
      vertex  4.400000e+000 -6.413590e-001 -1.601423e+001
      vertex  4.400000e+000 -5.576678e-001 -1.606255e+001
    endloop
  endfacet
  facet normal -1.000000e+000  0.000000e+000  0.000000e+000
    outer loop
      vertex  4.400000e+000  3.673819e-015 -2.000000e+001
      vertex  4.400000e+000 -5.576678e-001 -1.606255e+001
      vertex  4.400000e+000 -4.703599e-001 -1.610398e+001
    endloop
  endfacet
  facet normal -1.000000e+000  0.000000e+000  0.000000e+000
    outer loop
      vertex  4.400000e+000  3.673819e-015 -2.000000e+001
      vertex  4.400000e+000 -4.703599e-001 -1.610398e+001
      vertex  4.400000e+000 -3.800016e-001 -1.613824e+001
    endloop
  endfacet
  facet normal -1.000000e+000  0.000000e+000  0.000000e+000
    outer loop
      vertex  4.400000e+000  3.673819e-015 -2.000000e+001
      vertex  4.400000e+000 -3.800016e-001 -1.613824e+001
      vertex  4.400000e+000 -2.871788e-001 -1.616513e+001
    endloop
  endfacet
  facet normal -1.000000e+000  0.000000e+000  0.000000e+000
    outer loop
      vertex  4.400000e+000  3.673819e-015 -2.000000e+001
      vertex  4.400000e+000 -2.871788e-001 -1.616513e+001
      vertex  4.400000e+000 -1.924935e-001 -1.618446e+001
    endloop
  endfacet
  facet normal -1.000000e+000  0.000000e+000  0.000000e+000
    outer loop
      vertex  4.400000e+000  3.673819e-015 -2.000000e+001
      vertex  4.400000e+000 -1.924935e-001 -1.618446e+001
      vertex  4.400000e+000 -9.655988e-002 -1.619611e+001
    endloop
  endfacet
  facet normal -1.000000e+000  0.000000e+000  0.000000e+000
    outer loop
      vertex  4.400000e+000  3.673819e-015 -2.000000e+001
      vertex  4.400000e+000 -9.655988e-002 -1.619611e+001
      vertex  4.400000e+000  2.975884e-015 -1.620000e+001
    endloop
  endfacet
  facet normal -1.000000e+000  0.000000e+000  0.000000e+000
    outer loop
      vertex  4.400000e+000  3.673819e-015 -2.000000e+001
      vertex  4.400000e+000  2.975884e-015 -1.620000e+001
      vertex  4.400000e+000  9.655988e-002 -1.619611e+001
    endloop
  endfacet
  facet normal -1.000000e+000  0.000000e+000  -0.000000e+000
    outer loop
      vertex  4.400000e+000  3.673819e-015 -2.000000e+001
      vertex  4.400000e+000  9.655988e-002 -1.619611e+001
      vertex  4.400000e+000  1.123509e+001 -1.654608e+001
    endloop
  endfacet
  facet normal -1.000000e+000  0.000000e+000  0.000000e+000
    outer loop
      vertex  4.400000e+000  3.673819e-015 -2.000000e+001
      vertex  4.400000e+000  1.123509e+001 -1.654608e+001
      vertex  4.400000e+000  1.090390e+001 -1.676619e+001
    endloop
  endfacet
  facet normal -1.000000e+000  0.000000e+000  0.000000e+000
    outer loop
      vertex  4.400000e+000  3.673819e-015 -2.000000e+001
      vertex  4.400000e+000  1.090390e+001 -1.676619e+001
      vertex  4.400000e+000  1.056839e+001 -1.697967e+001
    endloop
  endfacet
  facet normal -1.000000e+000  0.000000e+000  0.000000e+000
    outer loop
      vertex  4.400000e+000  3.673819e-015 -2.000000e+001
      vertex  4.400000e+000  1.056839e+001 -1.697967e+001
      vertex  4.400000e+000  1.022871e+001 -1.718643e+001
    endloop
  endfacet
  facet normal -1.000000e+000  0.000000e+000  0.000000e+000
    outer loop
      vertex  4.400000e+000  3.673819e-015 -2.000000e+001
      vertex  4.400000e+000  1.022871e+001 -1.718643e+001
      vertex  4.400000e+000  9.884984e+000 -1.738641e+001
    endloop
  endfacet
  facet normal -1.000000e+000  0.000000e+000  0.000000e+000
    outer loop
      vertex  4.400000e+000  3.673819e-015 -2.000000e+001
      vertex  4.400000e+000  9.884984e+000 -1.738641e+001
      vertex  4.400000e+000  9.537350e+000 -1.757950e+001
    endloop
  endfacet
  facet normal -1.000000e+000  0.000000e+000  0.000000e+000
    outer loop
      vertex  4.400000e+000  3.673819e-015 -2.000000e+001
      vertex  4.400000e+000  9.537350e+000 -1.757950e+001
      vertex  4.400000e+000  9.185946e+000 -1.776565e+001
    endloop
  endfacet
  facet normal -1.000000e+000  0.000000e+000  0.000000e+000
    outer loop
      vertex  4.400000e+000  3.673819e-015 -2.000000e+001
      vertex  4.400000e+000  9.185946e+000 -1.776565e+001
      vertex  4.400000e+000  8.830910e+000 -1.794478e+001
    endloop
  endfacet
  facet normal -1.000000e+000  0.000000e+000  0.000000e+000
    outer loop
      vertex  4.400000e+000  3.673819e-015 -2.000000e+001
      vertex  4.400000e+000  8.830910e+000 -1.794478e+001
      vertex  4.400000e+000  8.472383e+000 -1.811681e+001
    endloop
  endfacet
  facet normal -1.000000e+000  0.000000e+000  0.000000e+000
    outer loop
      vertex  4.400000e+000  3.673819e-015 -2.000000e+001
      vertex  4.400000e+000  8.472383e+000 -1.811681e+001
      vertex  4.400000e+000  8.110506e+000 -1.828168e+001
    endloop
  endfacet
  facet normal -1.000000e+000  0.000000e+000  0.000000e+000
    outer loop
      vertex  4.400000e+000  3.673819e-015 -2.000000e+001
      vertex  4.400000e+000  8.110506e+000 -1.828168e+001
      vertex  4.400000e+000  7.745423e+000 -1.843932e+001
    endloop
  endfacet
  facet normal -1.000000e+000  0.000000e+000  0.000000e+000
    outer loop
      vertex  4.400000e+000  3.673819e-015 -2.000000e+001
      vertex  4.400000e+000  7.745423e+000 -1.843932e+001
      vertex  4.400000e+000  7.377278e+000 -1.858967e+001
    endloop
  endfacet
  facet normal -1.000000e+000  0.000000e+000  0.000000e+000
    outer loop
      vertex  4.400000e+000  3.673819e-015 -2.000000e+001
      vertex  4.400000e+000  7.377278e+000 -1.858967e+001
      vertex  4.400000e+000  7.006217e+000 -1.873267e+001
    endloop
  endfacet
  facet normal -9.999999e-001  0.000000e+000  0.000000e+000
    outer loop
      vertex  4.400000e+000  3.673819e-015 -2.000000e+001
      vertex  4.400000e+000  7.006217e+000 -1.873267e+001
      vertex  4.400000e+000  6.632386e+000 -1.886827e+001
    endloop
  endfacet
  facet normal -9.999999e-001  0.000000e+000  0.000000e+000
    outer loop
      vertex  4.400000e+000  3.673819e-015 -2.000000e+001
      vertex  4.400000e+000  6.632386e+000 -1.886827e+001
      vertex  4.400000e+000  6.255932e+000 -1.899640e+001
    endloop
  endfacet
  facet normal -9.999999e-001  0.000000e+000  0.000000e+000
    outer loop
      vertex  4.400000e+000  3.673819e-015 -2.000000e+001
      vertex  4.400000e+000  6.255932e+000 -1.899640e+001
      vertex  4.400000e+000  5.877006e+000 -1.911703e+001
    endloop
  endfacet
  facet normal -1.000000e+000  0.000000e+000  0.000000e+000
    outer loop
      vertex  4.400000e+000  3.673819e-015 -2.000000e+001
      vertex  4.400000e+000  5.877006e+000 -1.911703e+001
      vertex  4.400000e+000  5.495755e+000 -1.923010e+001
    endloop
  endfacet
  facet normal -1.000000e+000  0.000000e+000  0.000000e+000
    outer loop
      vertex  4.400000e+000  3.673819e-015 -2.000000e+001
      vertex  4.400000e+000  5.495755e+000 -1.923010e+001
      vertex  4.400000e+000  5.112333e+000 -1.933556e+001
    endloop
  endfacet
  facet normal -1.000000e+000  0.000000e+000  0.000000e+000
    outer loop
      vertex  4.400000e+000  3.673819e-015 -2.000000e+001
      vertex  4.400000e+000  5.112333e+000 -1.933556e+001
      vertex  4.400000e+000  4.726889e+000 -1.943339e+001
    endloop
  endfacet
  facet normal -1.000000e+000  0.000000e+000  0.000000e+000
    outer loop
      vertex  4.400000e+000  3.673819e-015 -2.000000e+001
      vertex  4.400000e+000  4.726889e+000 -1.943339e+001
      vertex  4.400000e+000  4.339576e+000 -1.952353e+001
    endloop
  endfacet
  facet normal -1.000000e+000  0.000000e+000  0.000000e+000
    outer loop
      vertex  4.400000e+000  3.673819e-015 -2.000000e+001
      vertex  4.400000e+000  4.339576e+000 -1.952353e+001
      vertex  4.400000e+000  3.950548e+000 -1.960595e+001
    endloop
  endfacet
  facet normal -1.000000e+000  0.000000e+000  0.000000e+000
    outer loop
      vertex  4.400000e+000  3.673819e-015 -2.000000e+001
      vertex  4.400000e+000  3.950548e+000 -1.960595e+001
      vertex  4.400000e+000  3.559958e+000 -1.968062e+001
    endloop
  endfacet
  facet normal -1.000000e+000  0.000000e+000  0.000000e+000
    outer loop
      vertex  4.400000e+000  3.673819e-015 -2.000000e+001
      vertex  4.400000e+000  3.559958e+000 -1.968062e+001
      vertex  4.400000e+000  3.167960e+000 -1.974751e+001
    endloop
  endfacet
  facet normal -1.000000e+000  0.000000e+000  0.000000e+000
    outer loop
      vertex  4.400000e+000  3.673819e-015 -2.000000e+001
      vertex  4.400000e+000  3.167960e+000 -1.974751e+001
      vertex  4.400000e+000  2.774711e+000 -1.980659e+001
    endloop
  endfacet
  facet normal -1.000000e+000  0.000000e+000  0.000000e+000
    outer loop
      vertex  4.400000e+000  3.673819e-015 -2.000000e+001
      vertex  4.400000e+000  2.774711e+000 -1.980659e+001
      vertex  4.400000e+000  2.380364e+000 -1.985784e+001
    endloop
  endfacet
  facet normal -1.000000e+000  0.000000e+000  0.000000e+000
    outer loop
      vertex  4.400000e+000  3.673819e-015 -2.000000e+001
      vertex  4.400000e+000  2.380364e+000 -1.985784e+001
      vertex  4.400000e+000  1.985076e+000 -1.990124e+001
    endloop
  endfacet
  facet normal -1.000000e+000  0.000000e+000  0.000000e+000
    outer loop
      vertex  4.400000e+000  3.673819e-015 -2.000000e+001
      vertex  4.400000e+000  1.985076e+000 -1.990124e+001
      vertex  4.400000e+000  1.589003e+000 -1.993678e+001
    endloop
  endfacet
  facet normal -1.000000e+000  0.000000e+000  0.000000e+000
    outer loop
      vertex  4.400000e+000  3.673819e-015 -2.000000e+001
      vertex  4.400000e+000  1.589003e+000 -1.993678e+001
      vertex  4.400000e+000  1.192302e+000 -1.996443e+001
    endloop
  endfacet
  facet normal -1.000000e+000  0.000000e+000  0.000000e+000
    outer loop
      vertex  4.400000e+000  3.673819e-015 -2.000000e+001
      vertex  4.400000e+000  1.192302e+000 -1.996443e+001
      vertex  4.400000e+000  7.951303e-001 -1.998419e+001
    endloop
  endfacet
  facet normal -9.999999e-001  0.000000e+000  0.000000e+000
    outer loop
      vertex  4.400000e+000  3.673819e-015 -2.000000e+001
      vertex  4.400000e+000  7.951303e-001 -1.998419e+001
      vertex  4.400000e+000  3.976437e-001 -1.999605e+001
    endloop
  endfacet
  facet normal -9.999999e-001  0.000000e+000  0.000000e+000
    outer loop
      vertex  4.400000e+000 -1.123509e+001 -1.654608e+001
      vertex  4.400000e+000 -2.871788e-001 -1.383487e+001
      vertex  4.400000e+000 -3.800016e-001 -1.386176e+001
    endloop
  endfacet
  facet normal -1.000000e+000  0.000000e+000  0.000000e+000
    outer loop
      vertex  4.400000e+000 -1.123509e+001 -1.654608e+001
      vertex  4.400000e+000 -3.800016e-001 -1.386176e+001
      vertex  4.400000e+000 -4.703599e-001 -1.389602e+001
    endloop
  endfacet
  facet normal -1.000000e+000  0.000000e+000  0.000000e+000
    outer loop
      vertex  4.400000e+000 -1.123509e+001 -1.654608e+001
      vertex  4.400000e+000 -4.703599e-001 -1.389602e+001
      vertex  4.400000e+000 -5.576678e-001 -1.393745e+001
    endloop
  endfacet
  facet normal -1.000000e+000  0.000000e+000  0.000000e+000
    outer loop
      vertex  4.400000e+000 -1.123509e+001 -1.654608e+001
      vertex  4.400000e+000 -5.576678e-001 -1.393745e+001
      vertex  4.400000e+000 -6.413590e-001 -1.398577e+001
    endloop
  endfacet
  facet normal -1.000000e+000  0.000000e+000  0.000000e+000
    outer loop
      vertex  4.400000e+000 -1.123509e+001 -1.654608e+001
      vertex  4.400000e+000 -6.413590e-001 -1.398577e+001
      vertex  4.400000e+000 -7.208907e-001 -1.404067e+001
    endloop
  endfacet
  facet normal -1.000000e+000  0.000000e+000  0.000000e+000
    outer loop
      vertex  4.400000e+000 -1.123509e+001 -1.654608e+001
      vertex  4.400000e+000 -7.208907e-001 -1.404067e+001
      vertex  4.400000e+000 -7.957472e-001 -1.410179e+001
    endloop
  endfacet
  facet normal -1.000000e+000  0.000000e+000  0.000000e+000
    outer loop
      vertex  4.400000e+000 -1.123509e+001 -1.654608e+001
      vertex  4.400000e+000 -7.957472e-001 -1.410179e+001
      vertex  4.400000e+000 -8.654429e-001 -1.416873e+001
    endloop
  endfacet
  facet normal -1.000000e+000  0.000000e+000  0.000000e+000
    outer loop
      vertex  4.400000e+000 -1.123509e+001 -1.654608e+001
      vertex  4.400000e+000 -8.654429e-001 -1.416873e+001
      vertex  4.400000e+000 -9.295260e-001 -1.424107e+001
    endloop
  endfacet
  facet normal -1.000000e+000  0.000000e+000  0.000000e+000
    outer loop
      vertex  4.400000e+000 -1.123509e+001 -1.654608e+001
      vertex  4.400000e+000 -9.295260e-001 -1.424107e+001
      vertex  4.400000e+000 -9.875807e-001 -1.431832e+001
    endloop
  endfacet
  facet normal -1.000000e+000  0.000000e+000  0.000000e+000
    outer loop
      vertex  4.400000e+000 -1.123509e+001 -1.654608e+001
      vertex  4.400000e+000 -9.875807e-001 -1.431832e+001
      vertex  4.400000e+000 -1.039230e+000 -1.440000e+001
    endloop
  endfacet
  facet normal -1.000000e+000  0.000000e+000  0.000000e+000
    outer loop
      vertex  4.400000e+000 -1.123509e+001 -1.654608e+001
      vertex  4.400000e+000 -1.039230e+000 -1.440000e+001
      vertex  4.400000e+000 -1.084141e+000 -1.448557e+001
    endloop
  endfacet
  facet normal -1.000000e+000  0.000000e+000  0.000000e+000
    outer loop
      vertex  4.400000e+000 -1.123509e+001 -1.654608e+001
      vertex  4.400000e+000 -1.084141e+000 -1.448557e+001
      vertex  4.400000e+000 -1.122020e+000 -1.457447e+001
    endloop
  endfacet
  facet normal -9.999999e-001  0.000000e+000  0.000000e+000
    outer loop
      vertex  4.400000e+000 -1.123509e+001 -1.654608e+001
      vertex  4.400000e+000 -1.122020e+000 -1.457447e+001
      vertex  4.400000e+000 -1.152622e+000 -1.466614e+001
    endloop
  endfacet
  facet normal -1.000000e+000  0.000000e+000  0.000000e+000
    outer loop
      vertex  4.400000e+000 -1.123509e+001 -1.654608e+001
      vertex  4.400000e+000 -1.152622e+000 -1.466614e+001
      vertex  4.400000e+000 -1.175749e+000 -1.475997e+001
    endloop
  endfacet
  facet normal -1.000000e+000  0.000000e+000  0.000000e+000
    outer loop
      vertex  4.400000e+000 -1.123509e+001 -1.654608e+001
      vertex  4.400000e+000 -1.175749e+000 -1.475997e+001
      vertex  4.400000e+000 -1.191251e+000 -1.485536e+001
    endloop
  endfacet
  facet normal -1.000000e+000  0.000000e+000  0.000000e+000
    outer loop
      vertex  4.400000e+000 -1.123509e+001 -1.654608e+001
      vertex  4.400000e+000 -1.191251e+000 -1.485536e+001
      vertex  4.400000e+000 -1.199027e+000 -1.495168e+001
    endloop
  endfacet
  facet normal -1.000000e+000  0.000000e+000  -0.000000e+000
    outer loop
      vertex  4.400000e+000 -1.123509e+001 -1.654608e+001
      vertex  4.400000e+000 -1.199027e+000 -1.495168e+001
      vertex  4.400000e+000 -1.199027e+000 -1.504832e+001
    endloop
  endfacet
  facet normal -1.000000e+000  0.000000e+000  -0.000000e+000
    outer loop
      vertex  4.400000e+000 -1.123509e+001 -1.654608e+001
      vertex  4.400000e+000 -1.199027e+000 -1.504832e+001
      vertex  4.400000e+000 -1.191251e+000 -1.514464e+001
    endloop
  endfacet
  facet normal -1.000000e+000  0.000000e+000  -0.000000e+000
    outer loop
      vertex  4.400000e+000 -1.123509e+001 -1.654608e+001
      vertex  4.400000e+000 -1.191251e+000 -1.514464e+001
      vertex  4.400000e+000 -1.175749e+000 -1.524003e+001
    endloop
  endfacet
  facet normal -1.000000e+000  0.000000e+000  -0.000000e+000
    outer loop
      vertex  4.400000e+000 -1.123509e+001 -1.654608e+001
      vertex  4.400000e+000 -1.175749e+000 -1.524003e+001
      vertex  4.400000e+000 -1.152622e+000 -1.533386e+001
    endloop
  endfacet
  facet normal -1.000000e+000  0.000000e+000  -0.000000e+000
    outer loop
      vertex  4.400000e+000 -1.123509e+001 -1.654608e+001
      vertex  4.400000e+000 -1.152622e+000 -1.533386e+001
      vertex  4.400000e+000  3.673819e-015 -2.000000e+001
    endloop
  endfacet
  facet normal -1.000000e+000  -0.000000e+000  -0.000000e+000
    outer loop
      vertex  4.400000e+000 -1.504832e+001 -1.199027e+000
      vertex  4.400000e+000 -1.495168e+001 -1.199027e+000
      vertex  4.400000e+000 -1.482736e+001 -1.342197e+001
    endloop
  endfacet
  facet normal -9.999999e-001  0.000000e+000  0.000000e+000
    outer loop
      vertex  4.400000e+000 -1.504832e+001 -1.199027e+000
      vertex  4.400000e+000 -1.482736e+001 -1.342197e+001
      vertex  4.400000e+000 -1.509129e+001 -1.312451e+001
    endloop
  endfacet
  facet normal -1.000000e+000  0.000000e+000  0.000000e+000
    outer loop
      vertex  4.400000e+000 -1.504832e+001 -1.199027e+000
      vertex  4.400000e+000 -1.509129e+001 -1.312451e+001
      vertex  4.400000e+000 -1.534925e+001 -1.282187e+001
    endloop
  endfacet
  facet normal -1.000000e+000  0.000000e+000  0.000000e+000
    outer loop
      vertex  4.400000e+000 -1.504832e+001 -1.199027e+000
      vertex  4.400000e+000 -1.534925e+001 -1.282187e+001
      vertex  4.400000e+000 -1.560115e+001 -1.251416e+001
    endloop
  endfacet
  facet normal -1.000000e+000  0.000000e+000  0.000000e+000
    outer loop
      vertex  4.400000e+000 -1.504832e+001 -1.199027e+000
      vertex  4.400000e+000 -1.560115e+001 -1.251416e+001
      vertex  4.400000e+000 -1.584687e+001 -1.220150e+001
    endloop
  endfacet
  facet normal -9.999999e-001  0.000000e+000  0.000000e+000
    outer loop
      vertex  4.400000e+000 -1.504832e+001 -1.199027e+000
      vertex  4.400000e+000 -1.584687e+001 -1.220150e+001
      vertex  4.400000e+000 -1.608633e+001 -1.188402e+001
    endloop
  endfacet
  facet normal -1.000000e+000  0.000000e+000  0.000000e+000
    outer loop
      vertex  4.400000e+000 -1.504832e+001 -1.199027e+000
      vertex  4.400000e+000 -1.608633e+001 -1.188402e+001
      vertex  4.400000e+000 -1.631943e+001 -1.156184e+001
    endloop
  endfacet
  facet normal -1.000000e+000  0.000000e+000  0.000000e+000
    outer loop
      vertex  4.400000e+000 -1.504832e+001 -1.199027e+000
      vertex  4.400000e+000 -1.631943e+001 -1.156184e+001
      vertex  4.400000e+000 -1.654608e+001 -1.123509e+001
    endloop
  endfacet
  facet normal -1.000000e+000  0.000000e+000  0.000000e+000
    outer loop
      vertex  4.400000e+000 -1.504832e+001 -1.199027e+000
      vertex  4.400000e+000 -1.654608e+001 -1.123509e+001
      vertex  4.400000e+000 -1.676619e+001 -1.090390e+001
    endloop
  endfacet
  facet normal -1.000000e+000  0.000000e+000  0.000000e+000
    outer loop
      vertex  4.400000e+000 -1.504832e+001 -1.199027e+000
      vertex  4.400000e+000 -1.676619e+001 -1.090390e+001
      vertex  4.400000e+000 -1.697967e+001 -1.056839e+001
    endloop
  endfacet
  facet normal -1.000000e+000  0.000000e+000  0.000000e+000
    outer loop
      vertex  4.400000e+000 -1.504832e+001 -1.199027e+000
      vertex  4.400000e+000 -1.697967e+001 -1.056839e+001
      vertex  4.400000e+000 -1.718643e+001 -1.022871e+001
    endloop
  endfacet
  facet normal -1.000000e+000  0.000000e+000  0.000000e+000
    outer loop
      vertex  4.400000e+000 -1.504832e+001 -1.199027e+000
      vertex  4.400000e+000 -1.718643e+001 -1.022871e+001
      vertex  4.400000e+000 -1.738641e+001 -9.884984e+000
    endloop
  endfacet
  facet normal -1.000000e+000  0.000000e+000  0.000000e+000
    outer loop
      vertex  4.400000e+000 -1.504832e+001 -1.199027e+000
      vertex  4.400000e+000 -1.738641e+001 -9.884984e+000
      vertex  4.400000e+000 -1.757950e+001 -9.537350e+000
    endloop
  endfacet
  facet normal -1.000000e+000  0.000000e+000  0.000000e+000
    outer loop
      vertex  4.400000e+000 -1.504832e+001 -1.199027e+000
      vertex  4.400000e+000 -1.757950e+001 -9.537350e+000
      vertex  4.400000e+000 -1.776565e+001 -9.185946e+000
    endloop
  endfacet
  facet normal -1.000000e+000  0.000000e+000  0.000000e+000
    outer loop
      vertex  4.400000e+000 -1.504832e+001 -1.199027e+000
      vertex  4.400000e+000 -1.776565e+001 -9.185946e+000
      vertex  4.400000e+000 -1.794478e+001 -8.830910e+000
    endloop
  endfacet
  facet normal -1.000000e+000  0.000000e+000  0.000000e+000
    outer loop
      vertex  4.400000e+000 -1.504832e+001 -1.199027e+000
      vertex  4.400000e+000 -1.794478e+001 -8.830910e+000
      vertex  4.400000e+000 -1.811681e+001 -8.472383e+000
    endloop
  endfacet
  facet normal -1.000000e+000  0.000000e+000  0.000000e+000
    outer loop
      vertex  4.400000e+000 -1.504832e+001 -1.199027e+000
      vertex  4.400000e+000 -1.811681e+001 -8.472383e+000
      vertex  4.400000e+000 -1.828168e+001 -8.110506e+000
    endloop
  endfacet
  facet normal -1.000000e+000  0.000000e+000  0.000000e+000
    outer loop
      vertex  4.400000e+000 -1.504832e+001 -1.199027e+000
      vertex  4.400000e+000 -1.828168e+001 -8.110506e+000
      vertex  4.400000e+000 -1.843932e+001 -7.745423e+000
    endloop
  endfacet
  facet normal -1.000000e+000  0.000000e+000  0.000000e+000
    outer loop
      vertex  4.400000e+000 -1.504832e+001 -1.199027e+000
      vertex  4.400000e+000 -1.843932e+001 -7.745423e+000
      vertex  4.400000e+000 -1.858967e+001 -7.377278e+000
    endloop
  endfacet
  facet normal -1.000000e+000  0.000000e+000  0.000000e+000
    outer loop
      vertex  4.400000e+000 -1.504832e+001 -1.199027e+000
      vertex  4.400000e+000 -1.858967e+001 -7.377278e+000
      vertex  4.400000e+000 -1.873267e+001 -7.006217e+000
    endloop
  endfacet
  facet normal -1.000000e+000  0.000000e+000  0.000000e+000
    outer loop
      vertex  4.400000e+000 -1.504832e+001 -1.199027e+000
      vertex  4.400000e+000 -1.873267e+001 -7.006217e+000
      vertex  4.400000e+000 -1.886827e+001 -6.632386e+000
    endloop
  endfacet
  facet normal -1.000000e+000  0.000000e+000  0.000000e+000
    outer loop
      vertex  4.400000e+000 -1.504832e+001 -1.199027e+000
      vertex  4.400000e+000 -1.886827e+001 -6.632386e+000
      vertex  4.400000e+000 -1.899640e+001 -6.255932e+000
    endloop
  endfacet
  facet normal -1.000000e+000  0.000000e+000  0.000000e+000
    outer loop
      vertex  4.400000e+000 -1.504832e+001 -1.199027e+000
      vertex  4.400000e+000 -1.899640e+001 -6.255932e+000
      vertex  4.400000e+000 -1.911703e+001 -5.877006e+000
    endloop
  endfacet
  facet normal -1.000000e+000  0.000000e+000  0.000000e+000
    outer loop
      vertex  4.400000e+000 -1.504832e+001 -1.199027e+000
      vertex  4.400000e+000 -1.911703e+001 -5.877006e+000
      vertex  4.400000e+000 -1.923010e+001 -5.495755e+000
    endloop
  endfacet
  facet normal -1.000000e+000  0.000000e+000  0.000000e+000
    outer loop
      vertex  4.400000e+000 -1.504832e+001 -1.199027e+000
      vertex  4.400000e+000 -1.923010e+001 -5.495755e+000
      vertex  4.400000e+000 -1.933556e+001 -5.112333e+000
    endloop
  endfacet
  facet normal -1.000000e+000  0.000000e+000  0.000000e+000
    outer loop
      vertex  4.400000e+000 -1.504832e+001 -1.199027e+000
      vertex  4.400000e+000 -1.933556e+001 -5.112333e+000
      vertex  4.400000e+000 -1.943339e+001 -4.726889e+000
    endloop
  endfacet
  facet normal -1.000000e+000  0.000000e+000  0.000000e+000
    outer loop
      vertex  4.400000e+000 -1.504832e+001 -1.199027e+000
      vertex  4.400000e+000 -1.943339e+001 -4.726889e+000
      vertex  4.400000e+000 -1.952353e+001 -4.339576e+000
    endloop
  endfacet
  facet normal -1.000000e+000  0.000000e+000  0.000000e+000
    outer loop
      vertex  4.400000e+000 -1.504832e+001 -1.199027e+000
      vertex  4.400000e+000 -1.952353e+001 -4.339576e+000
      vertex  4.400000e+000 -1.960595e+001 -3.950548e+000
    endloop
  endfacet
  facet normal -1.000000e+000  0.000000e+000  0.000000e+000
    outer loop
      vertex  4.400000e+000 -1.504832e+001 -1.199027e+000
      vertex  4.400000e+000 -1.960595e+001 -3.950548e+000
      vertex  4.400000e+000 -1.968062e+001 -3.559958e+000
    endloop
  endfacet
  facet normal -1.000000e+000  0.000000e+000  0.000000e+000
    outer loop
      vertex  4.400000e+000 -1.504832e+001 -1.199027e+000
      vertex  4.400000e+000 -1.968062e+001 -3.559958e+000
      vertex  4.400000e+000 -1.974751e+001 -3.167960e+000
    endloop
  endfacet
  facet normal -1.000000e+000  0.000000e+000  0.000000e+000
    outer loop
      vertex  4.400000e+000 -1.504832e+001 -1.199027e+000
      vertex  4.400000e+000 -1.974751e+001 -3.167960e+000
      vertex  4.400000e+000 -1.980659e+001 -2.774711e+000
    endloop
  endfacet
  facet normal -1.000000e+000  0.000000e+000  0.000000e+000
    outer loop
      vertex  4.400000e+000 -1.504832e+001 -1.199027e+000
      vertex  4.400000e+000 -1.980659e+001 -2.774711e+000
      vertex  4.400000e+000 -1.985784e+001 -2.380364e+000
    endloop
  endfacet
  facet normal -1.000000e+000  0.000000e+000  0.000000e+000
    outer loop
      vertex  4.400000e+000 -1.504832e+001 -1.199027e+000
      vertex  4.400000e+000 -1.985784e+001 -2.380364e+000
      vertex  4.400000e+000 -1.990124e+001 -1.985076e+000
    endloop
  endfacet
  facet normal -1.000000e+000  0.000000e+000  0.000000e+000
    outer loop
      vertex  4.400000e+000 -1.504832e+001 -1.199027e+000
      vertex  4.400000e+000 -1.990124e+001 -1.985076e+000
      vertex  4.400000e+000 -1.993678e+001 -1.589003e+000
    endloop
  endfacet
  facet normal -9.999999e-001  0.000000e+000  0.000000e+000
    outer loop
      vertex  4.400000e+000 -1.504832e+001 -1.199027e+000
      vertex  4.400000e+000 -1.993678e+001 -1.589003e+000
      vertex  4.400000e+000 -1.996443e+001 -1.192302e+000
    endloop
  endfacet
  facet normal -1.000000e+000  0.000000e+000  0.000000e+000
    outer loop
      vertex  4.400000e+000 -1.504832e+001 -1.199027e+000
      vertex  4.400000e+000 -1.996443e+001 -1.192302e+000
      vertex  4.400000e+000 -1.514464e+001 -1.191251e+000
    endloop
  endfacet
  facet normal -1.000000e+000  0.000000e+000  0.000000e+000
    outer loop
      vertex  4.400000e+000 -1.495168e+001  1.199027e+000
      vertex  4.400000e+000 -1.504832e+001  1.199027e+000
      vertex  4.400000e+000 -1.509129e+001  1.312451e+001
    endloop
  endfacet
  facet normal -1.000000e+000  0.000000e+000  0.000000e+000
    outer loop
      vertex  4.400000e+000 -1.495168e+001  1.199027e+000
      vertex  4.400000e+000 -1.509129e+001  1.312451e+001
      vertex  4.400000e+000 -1.482736e+001  1.342197e+001
    endloop
  endfacet
  facet normal -1.000000e+000  0.000000e+000  -0.000000e+000
    outer loop
      vertex  4.400000e+000 -1.495168e+001  1.199027e+000
      vertex  4.400000e+000 -1.482736e+001  1.342197e+001
      vertex  4.400000e+000 -1.192262e+001  1.209369e+001
    endloop
  endfacet
  facet normal -1.000000e+000  0.000000e+000  -0.000000e+000
    outer loop
      vertex  4.400000e+000 -1.495168e+001  1.199027e+000
      vertex  4.400000e+000 -1.192262e+001  1.209369e+001
      vertex  4.400000e+000 -1.184202e+001  1.206031e+001
    endloop
  endfacet
  facet normal -1.000000e+000  0.000000e+000  -0.000000e+000
    outer loop
      vertex  4.400000e+000 -1.495168e+001  1.199027e+000
      vertex  4.400000e+000 -1.184202e+001  1.206031e+001
      vertex  4.400000e+000 -1.175882e+001  1.203407e+001
    endloop
  endfacet
  facet normal -1.000000e+000  0.000000e+000  -0.000000e+000
    outer loop
      vertex  4.400000e+000 -1.495168e+001  1.199027e+000
      vertex  4.400000e+000 -1.175882e+001  1.203407e+001
      vertex  4.400000e+000 -1.167365e+001  1.201519e+001
    endloop
  endfacet
  facet normal -1.000000e+000  0.000000e+000  -0.000000e+000
    outer loop
      vertex  4.400000e+000 -1.495168e+001  1.199027e+000
      vertex  4.400000e+000 -1.167365e+001  1.201519e+001
      vertex  4.400000e+000 -1.158716e+001  1.200381e+001
    endloop
  endfacet
  facet normal -1.000000e+000  0.000000e+000  -0.000000e+000
    outer loop
      vertex  4.400000e+000 -1.495168e+001  1.199027e+000
      vertex  4.400000e+000 -1.158716e+001  1.200381e+001
      vertex  4.400000e+000 -1.150000e+001  1.200000e+001
    endloop
  endfacet
  facet normal -1.000000e+000  0.000000e+000  0.000000e+000
    outer loop
      vertex  4.400000e+000 -1.504832e+001  1.199027e+000
      vertex  4.400000e+000 -1.514464e+001  1.191251e+000
      vertex  4.400000e+000 -1.996443e+001  1.192302e+000
    endloop
  endfacet
  facet normal -9.999999e-001  0.000000e+000  0.000000e+000
    outer loop
      vertex  4.400000e+000 -1.504832e+001  1.199027e+000
      vertex  4.400000e+000 -1.996443e+001  1.192302e+000
      vertex  4.400000e+000 -1.993678e+001  1.589003e+000
    endloop
  endfacet
  facet normal -1.000000e+000  0.000000e+000  0.000000e+000
    outer loop
      vertex  4.400000e+000 -1.504832e+001  1.199027e+000
      vertex  4.400000e+000 -1.993678e+001  1.589003e+000
      vertex  4.400000e+000 -1.990124e+001  1.985076e+000
    endloop
  endfacet
  facet normal -1.000000e+000  0.000000e+000  0.000000e+000
    outer loop
      vertex  4.400000e+000 -1.504832e+001  1.199027e+000
      vertex  4.400000e+000 -1.990124e+001  1.985076e+000
      vertex  4.400000e+000 -1.985784e+001  2.380364e+000
    endloop
  endfacet
  facet normal -1.000000e+000  0.000000e+000  0.000000e+000
    outer loop
      vertex  4.400000e+000 -1.504832e+001  1.199027e+000
      vertex  4.400000e+000 -1.985784e+001  2.380364e+000
      vertex  4.400000e+000 -1.980659e+001  2.774711e+000
    endloop
  endfacet
  facet normal -1.000000e+000  0.000000e+000  0.000000e+000
    outer loop
      vertex  4.400000e+000 -1.504832e+001  1.199027e+000
      vertex  4.400000e+000 -1.980659e+001  2.774711e+000
      vertex  4.400000e+000 -1.974751e+001  3.167960e+000
    endloop
  endfacet
  facet normal -1.000000e+000  0.000000e+000  0.000000e+000
    outer loop
      vertex  4.400000e+000 -1.504832e+001  1.199027e+000
      vertex  4.400000e+000 -1.974751e+001  3.167960e+000
      vertex  4.400000e+000 -1.968062e+001  3.559958e+000
    endloop
  endfacet
  facet normal -1.000000e+000  0.000000e+000  0.000000e+000
    outer loop
      vertex  4.400000e+000 -1.504832e+001  1.199027e+000
      vertex  4.400000e+000 -1.968062e+001  3.559958e+000
      vertex  4.400000e+000 -1.960595e+001  3.950548e+000
    endloop
  endfacet
  facet normal -1.000000e+000  0.000000e+000  0.000000e+000
    outer loop
      vertex  4.400000e+000 -1.504832e+001  1.199027e+000
      vertex  4.400000e+000 -1.960595e+001  3.950548e+000
      vertex  4.400000e+000 -1.952353e+001  4.339576e+000
    endloop
  endfacet
  facet normal -1.000000e+000  0.000000e+000  0.000000e+000
    outer loop
      vertex  4.400000e+000 -1.504832e+001  1.199027e+000
      vertex  4.400000e+000 -1.952353e+001  4.339576e+000
      vertex  4.400000e+000 -1.943339e+001  4.726889e+000
    endloop
  endfacet
  facet normal -1.000000e+000  0.000000e+000  0.000000e+000
    outer loop
      vertex  4.400000e+000 -1.504832e+001  1.199027e+000
      vertex  4.400000e+000 -1.943339e+001  4.726889e+000
      vertex  4.400000e+000 -1.933556e+001  5.112333e+000
    endloop
  endfacet
  facet normal -1.000000e+000  0.000000e+000  0.000000e+000
    outer loop
      vertex  4.400000e+000 -1.504832e+001  1.199027e+000
      vertex  4.400000e+000 -1.933556e+001  5.112333e+000
      vertex  4.400000e+000 -1.923010e+001  5.495755e+000
    endloop
  endfacet
  facet normal -1.000000e+000  0.000000e+000  0.000000e+000
    outer loop
      vertex  4.400000e+000 -1.504832e+001  1.199027e+000
      vertex  4.400000e+000 -1.923010e+001  5.495755e+000
      vertex  4.400000e+000 -1.911703e+001  5.877006e+000
    endloop
  endfacet
  facet normal -1.000000e+000  0.000000e+000  0.000000e+000
    outer loop
      vertex  4.400000e+000 -1.504832e+001  1.199027e+000
      vertex  4.400000e+000 -1.911703e+001  5.877006e+000
      vertex  4.400000e+000 -1.899640e+001  6.255932e+000
    endloop
  endfacet
  facet normal -1.000000e+000  0.000000e+000  0.000000e+000
    outer loop
      vertex  4.400000e+000 -1.504832e+001  1.199027e+000
      vertex  4.400000e+000 -1.899640e+001  6.255932e+000
      vertex  4.400000e+000 -1.886827e+001  6.632386e+000
    endloop
  endfacet
  facet normal -1.000000e+000  0.000000e+000  0.000000e+000
    outer loop
      vertex  4.400000e+000 -1.504832e+001  1.199027e+000
      vertex  4.400000e+000 -1.886827e+001  6.632386e+000
      vertex  4.400000e+000 -1.873267e+001  7.006217e+000
    endloop
  endfacet
  facet normal -1.000000e+000  0.000000e+000  0.000000e+000
    outer loop
      vertex  4.400000e+000 -1.504832e+001  1.199027e+000
      vertex  4.400000e+000 -1.873267e+001  7.006217e+000
      vertex  4.400000e+000 -1.858967e+001  7.377278e+000
    endloop
  endfacet
  facet normal -1.000000e+000  0.000000e+000  0.000000e+000
    outer loop
      vertex  4.400000e+000 -1.504832e+001  1.199027e+000
      vertex  4.400000e+000 -1.858967e+001  7.377278e+000
      vertex  4.400000e+000 -1.843932e+001  7.745423e+000
    endloop
  endfacet
  facet normal -1.000000e+000  0.000000e+000  0.000000e+000
    outer loop
      vertex  4.400000e+000 -1.504832e+001  1.199027e+000
      vertex  4.400000e+000 -1.843932e+001  7.745423e+000
      vertex  4.400000e+000 -1.828168e+001  8.110506e+000
    endloop
  endfacet
  facet normal -1.000000e+000  0.000000e+000  0.000000e+000
    outer loop
      vertex  4.400000e+000 -1.504832e+001  1.199027e+000
      vertex  4.400000e+000 -1.828168e+001  8.110506e+000
      vertex  4.400000e+000 -1.811681e+001  8.472383e+000
    endloop
  endfacet
  facet normal -1.000000e+000  0.000000e+000  0.000000e+000
    outer loop
      vertex  4.400000e+000 -1.504832e+001  1.199027e+000
      vertex  4.400000e+000 -1.811681e+001  8.472383e+000
      vertex  4.400000e+000 -1.794478e+001  8.830910e+000
    endloop
  endfacet
  facet normal -1.000000e+000  0.000000e+000  0.000000e+000
    outer loop
      vertex  4.400000e+000 -1.504832e+001  1.199027e+000
      vertex  4.400000e+000 -1.794478e+001  8.830910e+000
      vertex  4.400000e+000 -1.776565e+001  9.185946e+000
    endloop
  endfacet
  facet normal -1.000000e+000  0.000000e+000  0.000000e+000
    outer loop
      vertex  4.400000e+000 -1.504832e+001  1.199027e+000
      vertex  4.400000e+000 -1.776565e+001  9.185946e+000
      vertex  4.400000e+000 -1.757950e+001  9.537350e+000
    endloop
  endfacet
  facet normal -1.000000e+000  0.000000e+000  0.000000e+000
    outer loop
      vertex  4.400000e+000 -1.504832e+001  1.199027e+000
      vertex  4.400000e+000 -1.757950e+001  9.537350e+000
      vertex  4.400000e+000 -1.738641e+001  9.884984e+000
    endloop
  endfacet
  facet normal -1.000000e+000  0.000000e+000  0.000000e+000
    outer loop
      vertex  4.400000e+000 -1.504832e+001  1.199027e+000
      vertex  4.400000e+000 -1.738641e+001  9.884984e+000
      vertex  4.400000e+000 -1.718643e+001  1.022871e+001
    endloop
  endfacet
  facet normal -1.000000e+000  0.000000e+000  0.000000e+000
    outer loop
      vertex  4.400000e+000 -1.504832e+001  1.199027e+000
      vertex  4.400000e+000 -1.718643e+001  1.022871e+001
      vertex  4.400000e+000 -1.697967e+001  1.056839e+001
    endloop
  endfacet
  facet normal -1.000000e+000  0.000000e+000  0.000000e+000
    outer loop
      vertex  4.400000e+000 -1.504832e+001  1.199027e+000
      vertex  4.400000e+000 -1.697967e+001  1.056839e+001
      vertex  4.400000e+000 -1.676619e+001  1.090390e+001
    endloop
  endfacet
  facet normal -1.000000e+000  0.000000e+000  0.000000e+000
    outer loop
      vertex  4.400000e+000 -1.504832e+001  1.199027e+000
      vertex  4.400000e+000 -1.676619e+001  1.090390e+001
      vertex  4.400000e+000 -1.654608e+001  1.123509e+001
    endloop
  endfacet
  facet normal -1.000000e+000  0.000000e+000  0.000000e+000
    outer loop
      vertex  4.400000e+000 -1.504832e+001  1.199027e+000
      vertex  4.400000e+000 -1.654608e+001  1.123509e+001
      vertex  4.400000e+000 -1.631943e+001  1.156184e+001
    endloop
  endfacet
  facet normal -1.000000e+000  0.000000e+000  0.000000e+000
    outer loop
      vertex  4.400000e+000 -1.504832e+001  1.199027e+000
      vertex  4.400000e+000 -1.631943e+001  1.156184e+001
      vertex  4.400000e+000 -1.608633e+001  1.188402e+001
    endloop
  endfacet
  facet normal -9.999999e-001  0.000000e+000  0.000000e+000
    outer loop
      vertex  4.400000e+000 -1.504832e+001  1.199027e+000
      vertex  4.400000e+000 -1.608633e+001  1.188402e+001
      vertex  4.400000e+000 -1.584687e+001  1.220150e+001
    endloop
  endfacet
  facet normal -1.000000e+000  0.000000e+000  0.000000e+000
    outer loop
      vertex  4.400000e+000 -1.504832e+001  1.199027e+000
      vertex  4.400000e+000 -1.584687e+001  1.220150e+001
      vertex  4.400000e+000 -1.560115e+001  1.251416e+001
    endloop
  endfacet
  facet normal -1.000000e+000  0.000000e+000  0.000000e+000
    outer loop
      vertex  4.400000e+000 -1.504832e+001  1.199027e+000
      vertex  4.400000e+000 -1.560115e+001  1.251416e+001
      vertex  4.400000e+000 -1.534925e+001  1.282187e+001
    endloop
  endfacet
  facet normal -1.000000e+000  0.000000e+000  0.000000e+000
    outer loop
      vertex  4.400000e+000 -1.504832e+001  1.199027e+000
      vertex  4.400000e+000 -1.534925e+001  1.282187e+001
      vertex  4.400000e+000 -1.509129e+001  1.312451e+001
    endloop
  endfacet
  facet normal -1.000000e+000  0.000000e+000  -0.000000e+000
    outer loop
      vertex  4.400000e+000 -1.482736e+001  1.342197e+001
      vertex  4.400000e+000 -1.455758e+001  1.371412e+001
      vertex  4.400000e+000 -1.220711e+001  1.370711e+001
    endloop
  endfacet
  facet normal -1.000000e+000  0.000000e+000  0.000000e+000
    outer loop
      vertex  4.400000e+000 -1.482736e+001  1.342197e+001
      vertex  4.400000e+000 -1.220711e+001  1.370711e+001
      vertex  4.400000e+000 -1.226604e+001  1.364279e+001
    endloop
  endfacet
  facet normal -1.000000e+000  0.000000e+000  0.000000e+000
    outer loop
      vertex  4.400000e+000 -1.482736e+001  1.342197e+001
      vertex  4.400000e+000 -1.226604e+001  1.364279e+001
      vertex  4.400000e+000 -1.231915e+001  1.357358e+001
    endloop
  endfacet
  facet normal -1.000000e+000  0.000000e+000  0.000000e+000
    outer loop
      vertex  4.400000e+000 -1.482736e+001  1.342197e+001
      vertex  4.400000e+000 -1.231915e+001  1.357358e+001
      vertex  4.400000e+000 -1.236602e+001  1.350000e+001
    endloop
  endfacet
  facet normal -1.000000e+000  0.000000e+000  0.000000e+000
    outer loop
      vertex  4.400000e+000 -1.482736e+001  1.342197e+001
      vertex  4.400000e+000 -1.236602e+001  1.350000e+001
      vertex  4.400000e+000 -1.240631e+001  1.342262e+001
    endloop
  endfacet
  facet normal -1.000000e+000  0.000000e+000  0.000000e+000
    outer loop
      vertex  4.400000e+000 -1.482736e+001  1.342197e+001
      vertex  4.400000e+000 -1.240631e+001  1.342262e+001
      vertex  4.400000e+000 -1.243969e+001  1.334202e+001
    endloop
  endfacet
  facet normal -1.000000e+000  -0.000000e+000  0.000000e+000
    outer loop
      vertex  4.400000e+000 -1.482736e+001  1.342197e+001
      vertex  4.400000e+000 -1.243969e+001  1.334202e+001
      vertex  4.400000e+000 -1.246593e+001  1.325882e+001
    endloop
  endfacet
  facet normal -1.000000e+000  -0.000000e+000  0.000000e+000
    outer loop
      vertex  4.400000e+000 -1.482736e+001  1.342197e+001
      vertex  4.400000e+000 -1.246593e+001  1.325882e+001
      vertex  4.400000e+000 -1.248481e+001  1.317365e+001
    endloop
  endfacet
  facet normal -1.000000e+000  -0.000000e+000  0.000000e+000
    outer loop
      vertex  4.400000e+000 -1.482736e+001  1.342197e+001
      vertex  4.400000e+000 -1.248481e+001  1.317365e+001
      vertex  4.400000e+000 -1.249619e+001  1.308716e+001
    endloop
  endfacet
  facet normal -9.999999e-001  -0.000000e+000  0.000000e+000
    outer loop
      vertex  4.400000e+000 -1.482736e+001  1.342197e+001
      vertex  4.400000e+000 -1.249619e+001  1.308716e+001
      vertex  4.400000e+000 -1.250000e+001  1.300000e+001
    endloop
  endfacet
  facet normal -1.000000e+000  -0.000000e+000  -0.000000e+000
    outer loop
      vertex  4.400000e+000 -1.482736e+001  1.342197e+001
      vertex  4.400000e+000 -1.250000e+001  1.300000e+001
      vertex  4.400000e+000 -1.249619e+001  1.291284e+001
    endloop
  endfacet
  facet normal -1.000000e+000  -0.000000e+000  -0.000000e+000
    outer loop
      vertex  4.400000e+000 -1.482736e+001  1.342197e+001
      vertex  4.400000e+000 -1.249619e+001  1.291284e+001
      vertex  4.400000e+000 -1.248481e+001  1.282635e+001
    endloop
  endfacet
  facet normal -1.000000e+000  -0.000000e+000  -0.000000e+000
    outer loop
      vertex  4.400000e+000 -1.482736e+001  1.342197e+001
      vertex  4.400000e+000 -1.248481e+001  1.282635e+001
      vertex  4.400000e+000 -1.246593e+001  1.274118e+001
    endloop
  endfacet
  facet normal -1.000000e+000  -0.000000e+000  -0.000000e+000
    outer loop
      vertex  4.400000e+000 -1.482736e+001  1.342197e+001
      vertex  4.400000e+000 -1.246593e+001  1.274118e+001
      vertex  4.400000e+000 -1.243969e+001  1.265798e+001
    endloop
  endfacet
  facet normal -9.999999e-001  -0.000000e+000  -0.000000e+000
    outer loop
      vertex  4.400000e+000 -1.482736e+001  1.342197e+001
      vertex  4.400000e+000 -1.243969e+001  1.265798e+001
      vertex  4.400000e+000 -1.240631e+001  1.257738e+001
    endloop
  endfacet
  facet normal -1.000000e+000  -0.000000e+000  -0.000000e+000
    outer loop
      vertex  4.400000e+000 -1.482736e+001  1.342197e+001
      vertex  4.400000e+000 -1.240631e+001  1.257738e+001
      vertex  4.400000e+000 -1.236602e+001  1.250000e+001
    endloop
  endfacet
  facet normal -1.000000e+000  -0.000000e+000  -0.000000e+000
    outer loop
      vertex  4.400000e+000 -1.482736e+001  1.342197e+001
      vertex  4.400000e+000 -1.236602e+001  1.250000e+001
      vertex  4.400000e+000 -1.231915e+001  1.242642e+001
    endloop
  endfacet
  facet normal -1.000000e+000  -0.000000e+000  -0.000000e+000
    outer loop
      vertex  4.400000e+000 -1.482736e+001  1.342197e+001
      vertex  4.400000e+000 -1.231915e+001  1.242642e+001
      vertex  4.400000e+000 -1.226604e+001  1.235721e+001
    endloop
  endfacet
  facet normal -1.000000e+000  -0.000000e+000  -0.000000e+000
    outer loop
      vertex  4.400000e+000 -1.482736e+001  1.342197e+001
      vertex  4.400000e+000 -1.226604e+001  1.235721e+001
      vertex  4.400000e+000 -1.220711e+001  1.229289e+001
    endloop
  endfacet
  facet normal -1.000000e+000  -0.000000e+000  -0.000000e+000
    outer loop
      vertex  4.400000e+000 -1.482736e+001  1.342197e+001
      vertex  4.400000e+000 -1.220711e+001  1.229289e+001
      vertex  4.400000e+000 -1.214279e+001  1.223396e+001
    endloop
  endfacet
  facet normal -1.000000e+000  -0.000000e+000  -0.000000e+000
    outer loop
      vertex  4.400000e+000 -1.482736e+001  1.342197e+001
      vertex  4.400000e+000 -1.214279e+001  1.223396e+001
      vertex  4.400000e+000 -1.207358e+001  1.218085e+001
    endloop
  endfacet
  facet normal -1.000000e+000  -0.000000e+000  -0.000000e+000
    outer loop
      vertex  4.400000e+000 -1.482736e+001  1.342197e+001
      vertex  4.400000e+000 -1.207358e+001  1.218085e+001
      vertex  4.400000e+000 -1.200000e+001  1.213398e+001
    endloop
  endfacet
  facet normal -1.000000e+000  -0.000000e+000  -0.000000e+000
    outer loop
      vertex  4.400000e+000 -1.482736e+001  1.342197e+001
      vertex  4.400000e+000 -1.200000e+001  1.213398e+001
      vertex  4.400000e+000 -1.192262e+001  1.209369e+001
    endloop
  endfacet
  facet normal -1.000000e+000  0.000000e+000  0.000000e+000
    outer loop
      vertex  4.400000e+000  1.123509e+001 -1.654608e+001
      vertex  4.400000e+000  9.655988e-002 -1.619611e+001
      vertex  4.400000e+000  1.924935e-001 -1.618446e+001
    endloop
  endfacet
  facet normal -1.000000e+000  0.000000e+000  0.000000e+000
    outer loop
      vertex  4.400000e+000  1.123509e+001 -1.654608e+001
      vertex  4.400000e+000  1.924935e-001 -1.618446e+001
      vertex  4.400000e+000  2.871788e-001 -1.616513e+001
    endloop
  endfacet
  facet normal -1.000000e+000  0.000000e+000  0.000000e+000
    outer loop
      vertex  4.400000e+000  1.123509e+001 -1.654608e+001
      vertex  4.400000e+000  2.871788e-001 -1.616513e+001
      vertex  4.400000e+000  3.800016e-001 -1.613824e+001
    endloop
  endfacet
  facet normal -1.000000e+000  0.000000e+000  0.000000e+000
    outer loop
      vertex  4.400000e+000  1.123509e+001 -1.654608e+001
      vertex  4.400000e+000  3.800016e-001 -1.613824e+001
      vertex  4.400000e+000  4.703599e-001 -1.610398e+001
    endloop
  endfacet
  facet normal -1.000000e+000  0.000000e+000  0.000000e+000
    outer loop
      vertex  4.400000e+000  1.123509e+001 -1.654608e+001
      vertex  4.400000e+000  4.703599e-001 -1.610398e+001
      vertex  4.400000e+000  5.576678e-001 -1.606255e+001
    endloop
  endfacet
  facet normal -1.000000e+000  0.000000e+000  0.000000e+000
    outer loop
      vertex  4.400000e+000  1.123509e+001 -1.654608e+001
      vertex  4.400000e+000  5.576678e-001 -1.606255e+001
      vertex  4.400000e+000  6.413590e-001 -1.601423e+001
    endloop
  endfacet
  facet normal -1.000000e+000  0.000000e+000  0.000000e+000
    outer loop
      vertex  4.400000e+000  1.123509e+001 -1.654608e+001
      vertex  4.400000e+000  6.413590e-001 -1.601423e+001
      vertex  4.400000e+000  7.208907e-001 -1.595933e+001
    endloop
  endfacet
  facet normal -1.000000e+000  0.000000e+000  0.000000e+000
    outer loop
      vertex  4.400000e+000  1.123509e+001 -1.654608e+001
      vertex  4.400000e+000  7.208907e-001 -1.595933e+001
      vertex  4.400000e+000  7.957472e-001 -1.589821e+001
    endloop
  endfacet
  facet normal -9.999999e-001  0.000000e+000  0.000000e+000
    outer loop
      vertex  4.400000e+000  1.123509e+001 -1.654608e+001
      vertex  4.400000e+000  7.957472e-001 -1.589821e+001
      vertex  4.400000e+000  8.654429e-001 -1.583127e+001
    endloop
  endfacet
  facet normal -1.000000e+000  0.000000e+000  0.000000e+000
    outer loop
      vertex  4.400000e+000  1.123509e+001 -1.654608e+001
      vertex  4.400000e+000  8.654429e-001 -1.583127e+001
      vertex  4.400000e+000  9.295260e-001 -1.575893e+001
    endloop
  endfacet
  facet normal -1.000000e+000  0.000000e+000  0.000000e+000
    outer loop
      vertex  4.400000e+000  1.123509e+001 -1.654608e+001
      vertex  4.400000e+000  9.295260e-001 -1.575893e+001
      vertex  4.400000e+000  9.875807e-001 -1.568168e+001
    endloop
  endfacet
  facet normal -1.000000e+000  0.000000e+000  0.000000e+000
    outer loop
      vertex  4.400000e+000  1.123509e+001 -1.654608e+001
      vertex  4.400000e+000  9.875807e-001 -1.568168e+001
      vertex  4.400000e+000  1.039230e+000 -1.560000e+001
    endloop
  endfacet
  facet normal -9.999999e-001  0.000000e+000  0.000000e+000
    outer loop
      vertex  4.400000e+000  1.123509e+001 -1.654608e+001
      vertex  4.400000e+000  1.039230e+000 -1.560000e+001
      vertex  4.400000e+000  1.084141e+000 -1.551443e+001
    endloop
  endfacet
  facet normal -1.000000e+000  0.000000e+000  0.000000e+000
    outer loop
      vertex  4.400000e+000  1.123509e+001 -1.654608e+001
      vertex  4.400000e+000  1.084141e+000 -1.551443e+001
      vertex  4.400000e+000  1.122020e+000 -1.542553e+001
    endloop
  endfacet
  facet normal -1.000000e+000  0.000000e+000  0.000000e+000
    outer loop
      vertex  4.400000e+000  1.123509e+001 -1.654608e+001
      vertex  4.400000e+000  1.122020e+000 -1.542553e+001
      vertex  4.400000e+000  1.152622e+000 -1.533386e+001
    endloop
  endfacet
  facet normal -1.000000e+000  0.000000e+000  0.000000e+000
    outer loop
      vertex  4.400000e+000  1.123509e+001 -1.654608e+001
      vertex  4.400000e+000  1.152622e+000 -1.533386e+001
      vertex  4.400000e+000  1.175749e+000 -1.524003e+001
    endloop
  endfacet
  facet normal -1.000000e+000  0.000000e+000  0.000000e+000
    outer loop
      vertex  4.400000e+000  1.123509e+001 -1.654608e+001
      vertex  4.400000e+000  1.175749e+000 -1.524003e+001
      vertex  4.400000e+000  1.191251e+000 -1.514464e+001
    endloop
  endfacet
  facet normal -1.000000e+000  0.000000e+000  0.000000e+000
    outer loop
      vertex  4.400000e+000  1.123509e+001 -1.654608e+001
      vertex  4.400000e+000  1.191251e+000 -1.514464e+001
      vertex  4.400000e+000  1.199027e+000 -1.504832e+001
    endloop
  endfacet
  facet normal -1.000000e+000  0.000000e+000  0.000000e+000
    outer loop
      vertex  4.400000e+000  1.428203e+001 -1.400084e+001
      vertex  4.400000e+000  1.400084e+001 -1.428203e+001
      vertex  4.400000e+000  1.398577e+001 -6.413590e-001
    endloop
  endfacet
  facet normal -1.000000e+000  0.000000e+000  0.000000e+000
    outer loop
      vertex  4.400000e+000  1.428203e+001 -1.400084e+001
      vertex  4.400000e+000  1.398577e+001 -6.413590e-001
      vertex  4.400000e+000  1.404067e+001 -7.208907e-001
    endloop
  endfacet
  facet normal -1.000000e+000  0.000000e+000  0.000000e+000
    outer loop
      vertex  4.400000e+000  1.428203e+001 -1.400084e+001
      vertex  4.400000e+000  1.404067e+001 -7.208907e-001
      vertex  4.400000e+000  1.410179e+001 -7.957472e-001
    endloop
  endfacet
  facet normal -1.000000e+000  0.000000e+000  0.000000e+000
    outer loop
      vertex  4.400000e+000  1.428203e+001 -1.400084e+001
      vertex  4.400000e+000  1.410179e+001 -7.957472e-001
      vertex  4.400000e+000  1.416873e+001 -8.654429e-001
    endloop
  endfacet
  facet normal -1.000000e+000  0.000000e+000  0.000000e+000
    outer loop
      vertex  4.400000e+000  1.428203e+001 -1.400084e+001
      vertex  4.400000e+000  1.416873e+001 -8.654429e-001
      vertex  4.400000e+000  1.424107e+001 -9.295260e-001
    endloop
  endfacet
  facet normal -1.000000e+000  0.000000e+000  0.000000e+000
    outer loop
      vertex  4.400000e+000  1.428203e+001 -1.400084e+001
      vertex  4.400000e+000  1.424107e+001 -9.295260e-001
      vertex  4.400000e+000  1.431832e+001 -9.875807e-001
    endloop
  endfacet
  facet normal -1.000000e+000  0.000000e+000  -0.000000e+000
    outer loop
      vertex  4.400000e+000  1.428203e+001 -1.400084e+001
      vertex  4.400000e+000  1.431832e+001 -9.875807e-001
      vertex  4.400000e+000  1.455758e+001 -1.371412e+001
    endloop
  endfacet
  facet normal -1.000000e+000  0.000000e+000  0.000000e+000
    outer loop
      vertex  4.400000e+000  1.400084e+001 -1.428203e+001
      vertex  4.400000e+000  1.371412e+001 -1.455758e+001
      vertex  4.400000e+000  1.380000e+001  1.543065e-015
    endloop
  endfacet
  facet normal -1.000000e+000  0.000000e+000  0.000000e+000
    outer loop
      vertex  4.400000e+000  1.400084e+001 -1.428203e+001
      vertex  4.400000e+000  1.380000e+001  1.543065e-015
      vertex  4.400000e+000  1.380389e+001 -9.655988e-002
    endloop
  endfacet
  facet normal -1.000000e+000  0.000000e+000  0.000000e+000
    outer loop
      vertex  4.400000e+000  1.400084e+001 -1.428203e+001
      vertex  4.400000e+000  1.380389e+001 -9.655988e-002
      vertex  4.400000e+000  1.381554e+001 -1.924935e-001
    endloop
  endfacet
  facet normal -1.000000e+000  0.000000e+000  0.000000e+000
    outer loop
      vertex  4.400000e+000  1.400084e+001 -1.428203e+001
      vertex  4.400000e+000  1.381554e+001 -1.924935e-001
      vertex  4.400000e+000  1.383487e+001 -2.871788e-001
    endloop
  endfacet
  facet normal -1.000000e+000  0.000000e+000  0.000000e+000
    outer loop
      vertex  4.400000e+000  1.400084e+001 -1.428203e+001
      vertex  4.400000e+000  1.383487e+001 -2.871788e-001
      vertex  4.400000e+000  1.386176e+001 -3.800016e-001
    endloop
  endfacet
  facet normal -1.000000e+000  0.000000e+000  0.000000e+000
    outer loop
      vertex  4.400000e+000  1.400084e+001 -1.428203e+001
      vertex  4.400000e+000  1.386176e+001 -3.800016e-001
      vertex  4.400000e+000  1.389602e+001 -4.703599e-001
    endloop
  endfacet
  facet normal -1.000000e+000  0.000000e+000  0.000000e+000
    outer loop
      vertex  4.400000e+000  1.400084e+001 -1.428203e+001
      vertex  4.400000e+000  1.389602e+001 -4.703599e-001
      vertex  4.400000e+000  1.393745e+001 -5.576678e-001
    endloop
  endfacet
  facet normal -1.000000e+000  0.000000e+000  0.000000e+000
    outer loop
      vertex  4.400000e+000  1.400084e+001 -1.428203e+001
      vertex  4.400000e+000  1.393745e+001 -5.576678e-001
      vertex  4.400000e+000  1.398577e+001 -6.413590e-001
    endloop
  endfacet
  facet normal -1.000000e+000  -0.000000e+000  0.000000e+000
    outer loop
      vertex  4.400000e+000  1.380000e+001  1.543065e-015
      vertex  4.400000e+000  1.371412e+001 -1.455758e+001
      vertex  4.400000e+000  1.342197e+001 -1.482736e+001
    endloop
  endfacet
  facet normal -1.000000e+000  -0.000000e+000  0.000000e+000
    outer loop
      vertex  4.400000e+000  1.380000e+001  1.543065e-015
      vertex  4.400000e+000  1.342197e+001 -1.482736e+001
      vertex  4.400000e+000  1.312451e+001 -1.509129e+001
    endloop
  endfacet
  facet normal -1.000000e+000  -0.000000e+000  0.000000e+000
    outer loop
      vertex  4.400000e+000  1.380000e+001  1.543065e-015
      vertex  4.400000e+000  1.312451e+001 -1.509129e+001
      vertex  4.400000e+000  1.282187e+001 -1.534925e+001
    endloop
  endfacet
  facet normal -1.000000e+000  -0.000000e+000  0.000000e+000
    outer loop
      vertex  4.400000e+000  1.380000e+001  1.543065e-015
      vertex  4.400000e+000  1.282187e+001 -1.534925e+001
      vertex  4.400000e+000  1.251416e+001 -1.560115e+001
    endloop
  endfacet
  facet normal -1.000000e+000  -0.000000e+000  0.000000e+000
    outer loop
      vertex  4.400000e+000  1.380000e+001  1.543065e-015
      vertex  4.400000e+000  1.251416e+001 -1.560115e+001
      vertex  4.400000e+000  1.220150e+001 -1.584687e+001
    endloop
  endfacet
  facet normal -1.000000e+000  -0.000000e+000  0.000000e+000
    outer loop
      vertex  4.400000e+000  1.380000e+001  1.543065e-015
      vertex  4.400000e+000  1.220150e+001 -1.584687e+001
      vertex  4.400000e+000  1.188402e+001 -1.608633e+001
    endloop
  endfacet
  facet normal -1.000000e+000  -0.000000e+000  0.000000e+000
    outer loop
      vertex  4.400000e+000  1.380000e+001  1.543065e-015
      vertex  4.400000e+000  1.188402e+001 -1.608633e+001
      vertex  4.400000e+000  1.156184e+001 -1.631943e+001
    endloop
  endfacet
  facet normal -1.000000e+000  -0.000000e+000  0.000000e+000
    outer loop
      vertex  4.400000e+000  1.380000e+001  1.543065e-015
      vertex  4.400000e+000  1.156184e+001 -1.631943e+001
      vertex  4.400000e+000  1.123509e+001 -1.654608e+001
    endloop
  endfacet
  facet normal -1.000000e+000  0.000000e+000  0.000000e+000
    outer loop
      vertex  4.400000e+000  1.380000e+001  1.543065e-015
      vertex  4.400000e+000  1.123509e+001 -1.654608e+001
      vertex  4.400000e+000  1.150000e+001  1.200000e+001
    endloop
  endfacet
  facet normal -9.999999e-001  0.000000e+000  0.000000e+000
    outer loop
      vertex  4.400000e+000  1.380000e+001  1.543065e-015
      vertex  4.400000e+000  1.150000e+001  1.200000e+001
      vertex  4.400000e+000  1.380389e+001  9.655988e-002
    endloop
  endfacet
  facet normal -1.000000e+000  0.000000e+000  0.000000e+000
    outer loop
      vertex  4.400000e+000  1.150000e+001  1.200000e+001
      vertex  4.400000e+000  1.123509e+001 -1.654608e+001
      vertex  4.400000e+000  1.199027e+000 -1.504832e+001
    endloop
  endfacet
  facet normal -1.000000e+000  0.000000e+000  0.000000e+000
    outer loop
      vertex  4.400000e+000  1.150000e+001  1.200000e+001
      vertex  4.400000e+000  1.199027e+000 -1.504832e+001
      vertex  4.400000e+000  1.199027e+000 -1.495168e+001
    endloop
  endfacet
  facet normal -1.000000e+000  0.000000e+000  0.000000e+000
    outer loop
      vertex  4.400000e+000  1.150000e+001  1.200000e+001
      vertex  4.400000e+000  1.199027e+000 -1.495168e+001
      vertex  4.400000e+000  1.191251e+000 -1.485536e+001
    endloop
  endfacet
  facet normal -1.000000e+000  0.000000e+000  0.000000e+000
    outer loop
      vertex  4.400000e+000  1.150000e+001  1.200000e+001
      vertex  4.400000e+000  1.191251e+000 -1.485536e+001
      vertex  4.400000e+000  1.175749e+000 -1.475997e+001
    endloop
  endfacet
  facet normal -1.000000e+000  0.000000e+000  0.000000e+000
    outer loop
      vertex  4.400000e+000  1.150000e+001  1.200000e+001
      vertex  4.400000e+000  1.175749e+000 -1.475997e+001
      vertex  4.400000e+000  1.152622e+000 -1.466614e+001
    endloop
  endfacet
  facet normal -1.000000e+000  0.000000e+000  0.000000e+000
    outer loop
      vertex  4.400000e+000  1.150000e+001  1.200000e+001
      vertex  4.400000e+000  1.152622e+000 -1.466614e+001
      vertex  4.400000e+000  1.122020e+000 -1.457447e+001
    endloop
  endfacet
  facet normal -1.000000e+000  0.000000e+000  0.000000e+000
    outer loop
      vertex  4.400000e+000  1.150000e+001  1.200000e+001
      vertex  4.400000e+000  1.122020e+000 -1.457447e+001
      vertex  4.400000e+000  1.084141e+000 -1.448557e+001
    endloop
  endfacet
  facet normal -1.000000e+000  0.000000e+000  0.000000e+000
    outer loop
      vertex  4.400000e+000  1.150000e+001  1.200000e+001
      vertex  4.400000e+000  1.084141e+000 -1.448557e+001
      vertex  4.400000e+000  1.039230e+000 -1.440000e+001
    endloop
  endfacet
  facet normal -1.000000e+000  0.000000e+000  0.000000e+000
    outer loop
      vertex  4.400000e+000  1.150000e+001  1.200000e+001
      vertex  4.400000e+000  1.039230e+000 -1.440000e+001
      vertex  4.400000e+000  9.875807e-001 -1.431832e+001
    endloop
  endfacet
  facet normal -1.000000e+000  0.000000e+000  0.000000e+000
    outer loop
      vertex  4.400000e+000  1.150000e+001  1.200000e+001
      vertex  4.400000e+000  9.875807e-001 -1.431832e+001
      vertex  4.400000e+000  9.295260e-001 -1.424107e+001
    endloop
  endfacet
  facet normal -1.000000e+000  0.000000e+000  0.000000e+000
    outer loop
      vertex  4.400000e+000  1.150000e+001  1.200000e+001
      vertex  4.400000e+000  9.295260e-001 -1.424107e+001
      vertex  4.400000e+000  8.654429e-001 -1.416873e+001
    endloop
  endfacet
  facet normal -1.000000e+000  0.000000e+000  0.000000e+000
    outer loop
      vertex  4.400000e+000  1.150000e+001  1.200000e+001
      vertex  4.400000e+000  8.654429e-001 -1.416873e+001
      vertex  4.400000e+000  7.957472e-001 -1.410179e+001
    endloop
  endfacet
  facet normal -1.000000e+000  0.000000e+000  0.000000e+000
    outer loop
      vertex  4.400000e+000  1.150000e+001  1.200000e+001
      vertex  4.400000e+000  7.957472e-001 -1.410179e+001
      vertex  4.400000e+000  7.208907e-001 -1.404067e+001
    endloop
  endfacet
  facet normal -1.000000e+000  0.000000e+000  0.000000e+000
    outer loop
      vertex  4.400000e+000  1.150000e+001  1.200000e+001
      vertex  4.400000e+000  7.208907e-001 -1.404067e+001
      vertex  4.400000e+000  6.413590e-001 -1.398577e+001
    endloop
  endfacet
  facet normal -1.000000e+000  0.000000e+000  0.000000e+000
    outer loop
      vertex  4.400000e+000  1.150000e+001  1.200000e+001
      vertex  4.400000e+000  6.413590e-001 -1.398577e+001
      vertex  4.400000e+000  5.576678e-001 -1.393745e+001
    endloop
  endfacet
  facet normal -1.000000e+000  0.000000e+000  0.000000e+000
    outer loop
      vertex  4.400000e+000  1.150000e+001  1.200000e+001
      vertex  4.400000e+000  5.576678e-001 -1.393745e+001
      vertex  4.400000e+000  4.703599e-001 -1.389602e+001
    endloop
  endfacet
  facet normal -1.000000e+000  0.000000e+000  0.000000e+000
    outer loop
      vertex  4.400000e+000  1.150000e+001  1.200000e+001
      vertex  4.400000e+000  4.703599e-001 -1.389602e+001
      vertex  4.400000e+000  3.800016e-001 -1.386176e+001
    endloop
  endfacet
  facet normal -1.000000e+000  0.000000e+000  0.000000e+000
    outer loop
      vertex  4.400000e+000  1.150000e+001  1.200000e+001
      vertex  4.400000e+000  3.800016e-001 -1.386176e+001
      vertex  4.400000e+000  2.871788e-001 -1.383487e+001
    endloop
  endfacet
  facet normal -1.000000e+000  0.000000e+000  0.000000e+000
    outer loop
      vertex  4.400000e+000  1.150000e+001  1.200000e+001
      vertex  4.400000e+000  2.871788e-001 -1.383487e+001
      vertex  4.400000e+000  1.924935e-001 -1.381554e+001
    endloop
  endfacet
  facet normal -1.000000e+000  0.000000e+000  0.000000e+000
    outer loop
      vertex  4.400000e+000  1.150000e+001  1.200000e+001
      vertex  4.400000e+000  1.924935e-001 -1.381554e+001
      vertex  4.400000e+000  9.655988e-002 -1.380389e+001
    endloop
  endfacet
  facet normal -1.000000e+000  0.000000e+000  0.000000e+000
    outer loop
      vertex  4.400000e+000  1.150000e+001  1.200000e+001
      vertex  4.400000e+000  9.655988e-002 -1.380389e+001
      vertex  4.400000e+000  2.388073e-015 -1.380000e+001
    endloop
  endfacet
  facet normal -1.000000e+000  -0.000000e+000  0.000000e+000
    outer loop
      vertex  4.400000e+000  1.993678e+001 -1.589003e+000
      vertex  4.400000e+000  1.990124e+001 -1.985076e+000
      vertex  4.400000e+000  1.985784e+001 -2.380364e+000
    endloop
  endfacet
  facet normal -1.000000e+000  -0.000000e+000  0.000000e+000
    outer loop
      vertex  4.400000e+000  1.993678e+001 -1.589003e+000
      vertex  4.400000e+000  1.985784e+001 -2.380364e+000
      vertex  4.400000e+000  1.980659e+001 -2.774711e+000
    endloop
  endfacet
  facet normal -1.000000e+000  -0.000000e+000  0.000000e+000
    outer loop
      vertex  4.400000e+000  1.993678e+001 -1.589003e+000
      vertex  4.400000e+000  1.980659e+001 -2.774711e+000
      vertex  4.400000e+000  1.974751e+001 -3.167960e+000
    endloop
  endfacet
  facet normal -1.000000e+000  -0.000000e+000  0.000000e+000
    outer loop
      vertex  4.400000e+000  1.993678e+001 -1.589003e+000
      vertex  4.400000e+000  1.974751e+001 -3.167960e+000
      vertex  4.400000e+000  1.968062e+001 -3.559958e+000
    endloop
  endfacet
  facet normal -1.000000e+000  -0.000000e+000  0.000000e+000
    outer loop
      vertex  4.400000e+000  1.993678e+001 -1.589003e+000
      vertex  4.400000e+000  1.968062e+001 -3.559958e+000
      vertex  4.400000e+000  1.960595e+001 -3.950548e+000
    endloop
  endfacet
  facet normal -1.000000e+000  -0.000000e+000  0.000000e+000
    outer loop
      vertex  4.400000e+000  1.993678e+001 -1.589003e+000
      vertex  4.400000e+000  1.960595e+001 -3.950548e+000
      vertex  4.400000e+000  1.952353e+001 -4.339576e+000
    endloop
  endfacet
  facet normal -1.000000e+000  -0.000000e+000  0.000000e+000
    outer loop
      vertex  4.400000e+000  1.993678e+001 -1.589003e+000
      vertex  4.400000e+000  1.952353e+001 -4.339576e+000
      vertex  4.400000e+000  1.943339e+001 -4.726889e+000
    endloop
  endfacet
  facet normal -1.000000e+000  -0.000000e+000  0.000000e+000
    outer loop
      vertex  4.400000e+000  1.993678e+001 -1.589003e+000
      vertex  4.400000e+000  1.943339e+001 -4.726889e+000
      vertex  4.400000e+000  1.933556e+001 -5.112333e+000
    endloop
  endfacet
  facet normal -1.000000e+000  -0.000000e+000  0.000000e+000
    outer loop
      vertex  4.400000e+000  1.993678e+001 -1.589003e+000
      vertex  4.400000e+000  1.933556e+001 -5.112333e+000
      vertex  4.400000e+000  1.923010e+001 -5.495755e+000
    endloop
  endfacet
  facet normal -9.999999e-001  -0.000000e+000  0.000000e+000
    outer loop
      vertex  4.400000e+000  1.993678e+001 -1.589003e+000
      vertex  4.400000e+000  1.923010e+001 -5.495755e+000
      vertex  4.400000e+000  1.911703e+001 -5.877006e+000
    endloop
  endfacet
  facet normal -1.000000e+000  -0.000000e+000  0.000000e+000
    outer loop
      vertex  4.400000e+000  1.993678e+001 -1.589003e+000
      vertex  4.400000e+000  1.911703e+001 -5.877006e+000
      vertex  4.400000e+000  1.899640e+001 -6.255932e+000
    endloop
  endfacet
  facet normal -9.999999e-001  -0.000000e+000  0.000000e+000
    outer loop
      vertex  4.400000e+000  1.993678e+001 -1.589003e+000
      vertex  4.400000e+000  1.899640e+001 -6.255932e+000
      vertex  4.400000e+000  1.886827e+001 -6.632386e+000
    endloop
  endfacet
  facet normal -1.000000e+000  -0.000000e+000  0.000000e+000
    outer loop
      vertex  4.400000e+000  1.993678e+001 -1.589003e+000
      vertex  4.400000e+000  1.886827e+001 -6.632386e+000
      vertex  4.400000e+000  1.873267e+001 -7.006217e+000
    endloop
  endfacet
  facet normal -9.999999e-001  -0.000000e+000  0.000000e+000
    outer loop
      vertex  4.400000e+000  1.993678e+001 -1.589003e+000
      vertex  4.400000e+000  1.873267e+001 -7.006217e+000
      vertex  4.400000e+000  1.858967e+001 -7.377278e+000
    endloop
  endfacet
  facet normal -1.000000e+000  -0.000000e+000  0.000000e+000
    outer loop
      vertex  4.400000e+000  1.993678e+001 -1.589003e+000
      vertex  4.400000e+000  1.858967e+001 -7.377278e+000
      vertex  4.400000e+000  1.843932e+001 -7.745423e+000
    endloop
  endfacet
  facet normal -1.000000e+000  -0.000000e+000  0.000000e+000
    outer loop
      vertex  4.400000e+000  1.993678e+001 -1.589003e+000
      vertex  4.400000e+000  1.843932e+001 -7.745423e+000
      vertex  4.400000e+000  1.828168e+001 -8.110506e+000
    endloop
  endfacet
  facet normal -1.000000e+000  -0.000000e+000  0.000000e+000
    outer loop
      vertex  4.400000e+000  1.993678e+001 -1.589003e+000
      vertex  4.400000e+000  1.828168e+001 -8.110506e+000
      vertex  4.400000e+000  1.811681e+001 -8.472383e+000
    endloop
  endfacet
  facet normal -1.000000e+000  -0.000000e+000  0.000000e+000
    outer loop
      vertex  4.400000e+000  1.993678e+001 -1.589003e+000
      vertex  4.400000e+000  1.811681e+001 -8.472383e+000
      vertex  4.400000e+000  1.794478e+001 -8.830910e+000
    endloop
  endfacet
  facet normal -1.000000e+000  -0.000000e+000  0.000000e+000
    outer loop
      vertex  4.400000e+000  1.993678e+001 -1.589003e+000
      vertex  4.400000e+000  1.794478e+001 -8.830910e+000
      vertex  4.400000e+000  1.776565e+001 -9.185946e+000
    endloop
  endfacet
  facet normal -1.000000e+000  -0.000000e+000  0.000000e+000
    outer loop
      vertex  4.400000e+000  1.993678e+001 -1.589003e+000
      vertex  4.400000e+000  1.776565e+001 -9.185946e+000
      vertex  4.400000e+000  1.757950e+001 -9.537350e+000
    endloop
  endfacet
  facet normal -1.000000e+000  -0.000000e+000  0.000000e+000
    outer loop
      vertex  4.400000e+000  1.993678e+001 -1.589003e+000
      vertex  4.400000e+000  1.757950e+001 -9.537350e+000
      vertex  4.400000e+000  1.738641e+001 -9.884984e+000
    endloop
  endfacet
  facet normal -1.000000e+000  -0.000000e+000  0.000000e+000
    outer loop
      vertex  4.400000e+000  1.993678e+001 -1.589003e+000
      vertex  4.400000e+000  1.738641e+001 -9.884984e+000
      vertex  4.400000e+000  1.718643e+001 -1.022871e+001
    endloop
  endfacet
  facet normal -1.000000e+000  -0.000000e+000  0.000000e+000
    outer loop
      vertex  4.400000e+000  1.993678e+001 -1.589003e+000
      vertex  4.400000e+000  1.718643e+001 -1.022871e+001
      vertex  4.400000e+000  1.697967e+001 -1.056839e+001
    endloop
  endfacet
  facet normal -1.000000e+000  -0.000000e+000  0.000000e+000
    outer loop
      vertex  4.400000e+000  1.993678e+001 -1.589003e+000
      vertex  4.400000e+000  1.697967e+001 -1.056839e+001
      vertex  4.400000e+000  1.676619e+001 -1.090390e+001
    endloop
  endfacet
  facet normal -1.000000e+000  -0.000000e+000  0.000000e+000
    outer loop
      vertex  4.400000e+000  1.993678e+001 -1.589003e+000
      vertex  4.400000e+000  1.676619e+001 -1.090390e+001
      vertex  4.400000e+000  1.654608e+001 -1.123509e+001
    endloop
  endfacet
  facet normal -1.000000e+000  -0.000000e+000  0.000000e+000
    outer loop
      vertex  4.400000e+000  1.993678e+001 -1.589003e+000
      vertex  4.400000e+000  1.654608e+001 -1.123509e+001
      vertex  4.400000e+000  1.631943e+001 -1.156184e+001
    endloop
  endfacet
  facet normal -1.000000e+000  -0.000000e+000  0.000000e+000
    outer loop
      vertex  4.400000e+000  1.993678e+001 -1.589003e+000
      vertex  4.400000e+000  1.631943e+001 -1.156184e+001
      vertex  4.400000e+000  1.608633e+001 -1.188402e+001
    endloop
  endfacet
  facet normal -1.000000e+000  -0.000000e+000  0.000000e+000
    outer loop
      vertex  4.400000e+000  1.993678e+001 -1.589003e+000
      vertex  4.400000e+000  1.608633e+001 -1.188402e+001
      vertex  4.400000e+000  1.584687e+001 -1.220150e+001
    endloop
  endfacet
  facet normal -1.000000e+000  -0.000000e+000  0.000000e+000
    outer loop
      vertex  4.400000e+000  1.993678e+001 -1.589003e+000
      vertex  4.400000e+000  1.584687e+001 -1.220150e+001
      vertex  4.400000e+000  1.560115e+001 -1.251416e+001
    endloop
  endfacet
  facet normal -1.000000e+000  -0.000000e+000  0.000000e+000
    outer loop
      vertex  4.400000e+000  1.993678e+001 -1.589003e+000
      vertex  4.400000e+000  1.560115e+001 -1.251416e+001
      vertex  4.400000e+000  1.534925e+001 -1.282187e+001
    endloop
  endfacet
  facet normal -1.000000e+000  -0.000000e+000  0.000000e+000
    outer loop
      vertex  4.400000e+000  1.993678e+001 -1.589003e+000
      vertex  4.400000e+000  1.534925e+001 -1.282187e+001
      vertex  4.400000e+000  1.509129e+001 -1.312451e+001
    endloop
  endfacet
  facet normal -1.000000e+000  0.000000e+000  0.000000e+000
    outer loop
      vertex  4.400000e+000  1.993678e+001 -1.589003e+000
      vertex  4.400000e+000  1.509129e+001 -1.312451e+001
      vertex  4.400000e+000  1.504832e+001 -1.199027e+000
    endloop
  endfacet
  facet normal -1.000000e+000  0.000000e+000  0.000000e+000
    outer loop
      vertex  4.400000e+000  1.993678e+001 -1.589003e+000
      vertex  4.400000e+000  1.504832e+001 -1.199027e+000
      vertex  4.400000e+000  1.514464e+001 -1.191251e+000
    endloop
  endfacet
  facet normal -1.000000e+000  0.000000e+000  0.000000e+000
    outer loop
      vertex  4.400000e+000  1.993678e+001 -1.589003e+000
      vertex  4.400000e+000  1.514464e+001 -1.191251e+000
      vertex  4.400000e+000  1.996443e+001 -1.192302e+000
    endloop
  endfacet
  facet normal -1.000000e+000  -0.000000e+000  0.000000e+000
    outer loop
      vertex  4.400000e+000  1.993678e+001  1.589003e+000
      vertex  4.400000e+000  1.996443e+001  1.192302e+000
      vertex  4.400000e+000  1.514464e+001  1.191251e+000
    endloop
  endfacet
  facet normal -1.000000e+000  0.000000e+000  0.000000e+000
    outer loop
      vertex  4.400000e+000  1.993678e+001  1.589003e+000
      vertex  4.400000e+000  1.514464e+001  1.191251e+000
      vertex  4.400000e+000  1.504832e+001  1.199027e+000
    endloop
  endfacet
  facet normal -1.000000e+000  0.000000e+000  0.000000e+000
    outer loop
      vertex  4.400000e+000  1.993678e+001  1.589003e+000
      vertex  4.400000e+000  1.504832e+001  1.199027e+000
      vertex  4.400000e+000  1.509129e+001  1.312451e+001
    endloop
  endfacet
  facet normal -1.000000e+000  0.000000e+000  0.000000e+000
    outer loop
      vertex  4.400000e+000  1.993678e+001  1.589003e+000
      vertex  4.400000e+000  1.509129e+001  1.312451e+001
      vertex  4.400000e+000  1.534925e+001  1.282187e+001
    endloop
  endfacet
  facet normal -1.000000e+000  0.000000e+000  0.000000e+000
    outer loop
      vertex  4.400000e+000  1.993678e+001  1.589003e+000
      vertex  4.400000e+000  1.534925e+001  1.282187e+001
      vertex  4.400000e+000  1.560115e+001  1.251416e+001
    endloop
  endfacet
  facet normal -1.000000e+000  0.000000e+000  0.000000e+000
    outer loop
      vertex  4.400000e+000  1.993678e+001  1.589003e+000
      vertex  4.400000e+000  1.560115e+001  1.251416e+001
      vertex  4.400000e+000  1.584687e+001  1.220150e+001
    endloop
  endfacet
  facet normal -1.000000e+000  0.000000e+000  0.000000e+000
    outer loop
      vertex  4.400000e+000  1.993678e+001  1.589003e+000
      vertex  4.400000e+000  1.584687e+001  1.220150e+001
      vertex  4.400000e+000  1.608633e+001  1.188402e+001
    endloop
  endfacet
  facet normal -1.000000e+000  0.000000e+000  0.000000e+000
    outer loop
      vertex  4.400000e+000  1.993678e+001  1.589003e+000
      vertex  4.400000e+000  1.608633e+001  1.188402e+001
      vertex  4.400000e+000  1.631943e+001  1.156184e+001
    endloop
  endfacet
  facet normal -1.000000e+000  0.000000e+000  0.000000e+000
    outer loop
      vertex  4.400000e+000  1.993678e+001  1.589003e+000
      vertex  4.400000e+000  1.631943e+001  1.156184e+001
      vertex  4.400000e+000  1.654608e+001  1.123509e+001
    endloop
  endfacet
  facet normal -1.000000e+000  0.000000e+000  0.000000e+000
    outer loop
      vertex  4.400000e+000  1.993678e+001  1.589003e+000
      vertex  4.400000e+000  1.654608e+001  1.123509e+001
      vertex  4.400000e+000  1.676619e+001  1.090390e+001
    endloop
  endfacet
  facet normal -1.000000e+000  0.000000e+000  0.000000e+000
    outer loop
      vertex  4.400000e+000  1.993678e+001  1.589003e+000
      vertex  4.400000e+000  1.676619e+001  1.090390e+001
      vertex  4.400000e+000  1.697967e+001  1.056839e+001
    endloop
  endfacet
  facet normal -1.000000e+000  0.000000e+000  0.000000e+000
    outer loop
      vertex  4.400000e+000  1.993678e+001  1.589003e+000
      vertex  4.400000e+000  1.697967e+001  1.056839e+001
      vertex  4.400000e+000  1.718643e+001  1.022871e+001
    endloop
  endfacet
  facet normal -1.000000e+000  0.000000e+000  0.000000e+000
    outer loop
      vertex  4.400000e+000  1.993678e+001  1.589003e+000
      vertex  4.400000e+000  1.718643e+001  1.022871e+001
      vertex  4.400000e+000  1.738641e+001  9.884984e+000
    endloop
  endfacet
  facet normal -1.000000e+000  0.000000e+000  0.000000e+000
    outer loop
      vertex  4.400000e+000  1.993678e+001  1.589003e+000
      vertex  4.400000e+000  1.738641e+001  9.884984e+000
      vertex  4.400000e+000  1.757950e+001  9.537350e+000
    endloop
  endfacet
  facet normal -1.000000e+000  0.000000e+000  0.000000e+000
    outer loop
      vertex  4.400000e+000  1.993678e+001  1.589003e+000
      vertex  4.400000e+000  1.757950e+001  9.537350e+000
      vertex  4.400000e+000  1.776565e+001  9.185946e+000
    endloop
  endfacet
  facet normal -1.000000e+000  0.000000e+000  0.000000e+000
    outer loop
      vertex  4.400000e+000  1.993678e+001  1.589003e+000
      vertex  4.400000e+000  1.776565e+001  9.185946e+000
      vertex  4.400000e+000  1.794478e+001  8.830910e+000
    endloop
  endfacet
  facet normal -1.000000e+000  0.000000e+000  0.000000e+000
    outer loop
      vertex  4.400000e+000  1.993678e+001  1.589003e+000
      vertex  4.400000e+000  1.794478e+001  8.830910e+000
      vertex  4.400000e+000  1.811681e+001  8.472383e+000
    endloop
  endfacet
  facet normal -1.000000e+000  0.000000e+000  0.000000e+000
    outer loop
      vertex  4.400000e+000  1.993678e+001  1.589003e+000
      vertex  4.400000e+000  1.811681e+001  8.472383e+000
      vertex  4.400000e+000  1.828168e+001  8.110506e+000
    endloop
  endfacet
  facet normal -1.000000e+000  0.000000e+000  0.000000e+000
    outer loop
      vertex  4.400000e+000  1.993678e+001  1.589003e+000
      vertex  4.400000e+000  1.828168e+001  8.110506e+000
      vertex  4.400000e+000  1.843932e+001  7.745423e+000
    endloop
  endfacet
  facet normal -1.000000e+000  0.000000e+000  0.000000e+000
    outer loop
      vertex  4.400000e+000  1.993678e+001  1.589003e+000
      vertex  4.400000e+000  1.843932e+001  7.745423e+000
      vertex  4.400000e+000  1.858967e+001  7.377278e+000
    endloop
  endfacet
  facet normal -9.999999e-001  0.000000e+000  0.000000e+000
    outer loop
      vertex  4.400000e+000  1.993678e+001  1.589003e+000
      vertex  4.400000e+000  1.858967e+001  7.377278e+000
      vertex  4.400000e+000  1.873267e+001  7.006217e+000
    endloop
  endfacet
  facet normal -1.000000e+000  0.000000e+000  0.000000e+000
    outer loop
      vertex  4.400000e+000  1.993678e+001  1.589003e+000
      vertex  4.400000e+000  1.873267e+001  7.006217e+000
      vertex  4.400000e+000  1.886827e+001  6.632386e+000
    endloop
  endfacet
  facet normal -9.999999e-001  0.000000e+000  0.000000e+000
    outer loop
      vertex  4.400000e+000  1.993678e+001  1.589003e+000
      vertex  4.400000e+000  1.886827e+001  6.632386e+000
      vertex  4.400000e+000  1.899640e+001  6.255932e+000
    endloop
  endfacet
  facet normal -1.000000e+000  0.000000e+000  0.000000e+000
    outer loop
      vertex  4.400000e+000  1.993678e+001  1.589003e+000
      vertex  4.400000e+000  1.899640e+001  6.255932e+000
      vertex  4.400000e+000  1.911703e+001  5.877006e+000
    endloop
  endfacet
  facet normal -1.000000e+000  0.000000e+000  0.000000e+000
    outer loop
      vertex  4.400000e+000  1.993678e+001  1.589003e+000
      vertex  4.400000e+000  1.911703e+001  5.877006e+000
      vertex  4.400000e+000  1.923010e+001  5.495755e+000
    endloop
  endfacet
  facet normal -1.000000e+000  0.000000e+000  0.000000e+000
    outer loop
      vertex  4.400000e+000  1.993678e+001  1.589003e+000
      vertex  4.400000e+000  1.923010e+001  5.495755e+000
      vertex  4.400000e+000  1.933556e+001  5.112333e+000
    endloop
  endfacet
  facet normal -1.000000e+000  0.000000e+000  0.000000e+000
    outer loop
      vertex  4.400000e+000  1.993678e+001  1.589003e+000
      vertex  4.400000e+000  1.933556e+001  5.112333e+000
      vertex  4.400000e+000  1.943339e+001  4.726889e+000
    endloop
  endfacet
  facet normal -1.000000e+000  0.000000e+000  0.000000e+000
    outer loop
      vertex  4.400000e+000  1.993678e+001  1.589003e+000
      vertex  4.400000e+000  1.943339e+001  4.726889e+000
      vertex  4.400000e+000  1.952353e+001  4.339576e+000
    endloop
  endfacet
  facet normal -1.000000e+000  0.000000e+000  0.000000e+000
    outer loop
      vertex  4.400000e+000  1.993678e+001  1.589003e+000
      vertex  4.400000e+000  1.952353e+001  4.339576e+000
      vertex  4.400000e+000  1.960595e+001  3.950548e+000
    endloop
  endfacet
  facet normal -1.000000e+000  0.000000e+000  0.000000e+000
    outer loop
      vertex  4.400000e+000  1.993678e+001  1.589003e+000
      vertex  4.400000e+000  1.960595e+001  3.950548e+000
      vertex  4.400000e+000  1.968062e+001  3.559958e+000
    endloop
  endfacet
  facet normal -1.000000e+000  0.000000e+000  0.000000e+000
    outer loop
      vertex  4.400000e+000  1.993678e+001  1.589003e+000
      vertex  4.400000e+000  1.968062e+001  3.559958e+000
      vertex  4.400000e+000  1.974751e+001  3.167960e+000
    endloop
  endfacet
  facet normal -1.000000e+000  0.000000e+000  0.000000e+000
    outer loop
      vertex  4.400000e+000  1.993678e+001  1.589003e+000
      vertex  4.400000e+000  1.974751e+001  3.167960e+000
      vertex  4.400000e+000  1.980659e+001  2.774711e+000
    endloop
  endfacet
  facet normal -1.000000e+000  0.000000e+000  0.000000e+000
    outer loop
      vertex  4.400000e+000  1.993678e+001  1.589003e+000
      vertex  4.400000e+000  1.980659e+001  2.774711e+000
      vertex  4.400000e+000  1.985784e+001  2.380364e+000
    endloop
  endfacet
  facet normal -1.000000e+000  0.000000e+000  0.000000e+000
    outer loop
      vertex  4.400000e+000  1.993678e+001  1.589003e+000
      vertex  4.400000e+000  1.985784e+001  2.380364e+000
      vertex  4.400000e+000  1.990124e+001  1.985076e+000
    endloop
  endfacet
  facet normal -1.000000e+000  0.000000e+000  0.000000e+000
    outer loop
      vertex  4.400000e+000  1.495168e+001  1.199027e+000
      vertex  4.400000e+000  1.150000e+001  1.200000e+001
      vertex  4.400000e+000  1.158716e+001  1.200381e+001
    endloop
  endfacet
  facet normal -1.000000e+000  0.000000e+000  0.000000e+000
    outer loop
      vertex  4.400000e+000  1.495168e+001  1.199027e+000
      vertex  4.400000e+000  1.158716e+001  1.200381e+001
      vertex  4.400000e+000  1.167365e+001  1.201519e+001
    endloop
  endfacet
  facet normal -1.000000e+000  0.000000e+000  0.000000e+000
    outer loop
      vertex  4.400000e+000  1.495168e+001  1.199027e+000
      vertex  4.400000e+000  1.167365e+001  1.201519e+001
      vertex  4.400000e+000  1.175882e+001  1.203407e+001
    endloop
  endfacet
  facet normal -1.000000e+000  0.000000e+000  0.000000e+000
    outer loop
      vertex  4.400000e+000  1.495168e+001  1.199027e+000
      vertex  4.400000e+000  1.175882e+001  1.203407e+001
      vertex  4.400000e+000  1.184202e+001  1.206031e+001
    endloop
  endfacet
  facet normal -1.000000e+000  0.000000e+000  0.000000e+000
    outer loop
      vertex  4.400000e+000  1.495168e+001  1.199027e+000
      vertex  4.400000e+000  1.184202e+001  1.206031e+001
      vertex  4.400000e+000  1.192262e+001  1.209369e+001
    endloop
  endfacet
  facet normal -1.000000e+000  0.000000e+000  0.000000e+000
    outer loop
      vertex  4.400000e+000  1.495168e+001  1.199027e+000
      vertex  4.400000e+000  1.192262e+001  1.209369e+001
      vertex  4.400000e+000  1.200000e+001  1.213398e+001
    endloop
  endfacet
  facet normal -1.000000e+000  0.000000e+000  0.000000e+000
    outer loop
      vertex  4.400000e+000  1.495168e+001  1.199027e+000
      vertex  4.400000e+000  1.200000e+001  1.213398e+001
      vertex  4.400000e+000  1.207358e+001  1.218085e+001
    endloop
  endfacet
  facet normal -1.000000e+000  0.000000e+000  0.000000e+000
    outer loop
      vertex  4.400000e+000  1.495168e+001  1.199027e+000
      vertex  4.400000e+000  1.207358e+001  1.218085e+001
      vertex  4.400000e+000  1.214279e+001  1.223396e+001
    endloop
  endfacet
  facet normal -1.000000e+000  0.000000e+000  0.000000e+000
    outer loop
      vertex  4.400000e+000  1.495168e+001  1.199027e+000
      vertex  4.400000e+000  1.214279e+001  1.223396e+001
      vertex  4.400000e+000  1.220711e+001  1.229289e+001
    endloop
  endfacet
  facet normal -1.000000e+000  0.000000e+000  0.000000e+000
    outer loop
      vertex  4.400000e+000  1.495168e+001  1.199027e+000
      vertex  4.400000e+000  1.220711e+001  1.229289e+001
      vertex  4.400000e+000  1.226604e+001  1.235721e+001
    endloop
  endfacet
  facet normal -1.000000e+000  0.000000e+000  0.000000e+000
    outer loop
      vertex  4.400000e+000  1.495168e+001  1.199027e+000
      vertex  4.400000e+000  1.226604e+001  1.235721e+001
      vertex  4.400000e+000  1.231915e+001  1.242642e+001
    endloop
  endfacet
  facet normal -9.999999e-001  0.000000e+000  0.000000e+000
    outer loop
      vertex  4.400000e+000  1.495168e+001  1.199027e+000
      vertex  4.400000e+000  1.231915e+001  1.242642e+001
      vertex  4.400000e+000  1.236602e+001  1.250000e+001
    endloop
  endfacet
  facet normal -1.000000e+000  0.000000e+000  0.000000e+000
    outer loop
      vertex  4.400000e+000  1.495168e+001  1.199027e+000
      vertex  4.400000e+000  1.236602e+001  1.250000e+001
      vertex  4.400000e+000  1.240631e+001  1.257738e+001
    endloop
  endfacet
  facet normal -1.000000e+000  0.000000e+000  0.000000e+000
    outer loop
      vertex  4.400000e+000  1.495168e+001  1.199027e+000
      vertex  4.400000e+000  1.240631e+001  1.257738e+001
      vertex  4.400000e+000  1.243969e+001  1.265798e+001
    endloop
  endfacet
  facet normal -1.000000e+000  0.000000e+000  0.000000e+000
    outer loop
      vertex  4.400000e+000  1.495168e+001  1.199027e+000
      vertex  4.400000e+000  1.243969e+001  1.265798e+001
      vertex  4.400000e+000  1.246593e+001  1.274118e+001
    endloop
  endfacet
  facet normal -9.999999e-001  0.000000e+000  0.000000e+000
    outer loop
      vertex  4.400000e+000  1.495168e+001  1.199027e+000
      vertex  4.400000e+000  1.246593e+001  1.274118e+001
      vertex  4.400000e+000  1.248481e+001  1.282635e+001
    endloop
  endfacet
  facet normal -1.000000e+000  0.000000e+000  0.000000e+000
    outer loop
      vertex  4.400000e+000  1.495168e+001  1.199027e+000
      vertex  4.400000e+000  1.248481e+001  1.282635e+001
      vertex  4.400000e+000  1.249619e+001  1.291284e+001
    endloop
  endfacet
  facet normal -1.000000e+000  0.000000e+000  0.000000e+000
    outer loop
      vertex  4.400000e+000  1.495168e+001  1.199027e+000
      vertex  4.400000e+000  1.249619e+001  1.291284e+001
      vertex  4.400000e+000  1.250000e+001  1.300000e+001
    endloop
  endfacet
  facet normal -1.000000e+000  0.000000e+000  0.000000e+000
    outer loop
      vertex  4.400000e+000  1.495168e+001  1.199027e+000
      vertex  4.400000e+000  1.250000e+001  1.300000e+001
      vertex  4.400000e+000  1.482736e+001  1.342197e+001
    endloop
  endfacet
  facet normal -1.000000e+000  0.000000e+000  0.000000e+000
    outer loop
      vertex  4.400000e+000  1.495168e+001  1.199027e+000
      vertex  4.400000e+000  1.482736e+001  1.342197e+001
      vertex  4.400000e+000  1.509129e+001  1.312451e+001
    endloop
  endfacet
  facet normal -1.000000e+000  0.000000e+000  0.000000e+000
    outer loop
      vertex  4.400000e+000  1.495168e+001  1.199027e+000
      vertex  4.400000e+000  1.509129e+001  1.312451e+001
      vertex  4.400000e+000  1.504832e+001  1.199027e+000
    endloop
  endfacet
  facet normal -9.999999e-001  0.000000e+000  0.000000e+000
    outer loop
      vertex  4.400000e+000  1.482736e+001  1.342197e+001
      vertex  4.400000e+000  1.250000e+001  1.300000e+001
      vertex  4.400000e+000  1.249619e+001  1.308716e+001
    endloop
  endfacet
  facet normal -1.000000e+000  0.000000e+000  0.000000e+000
    outer loop
      vertex  4.400000e+000  1.482736e+001  1.342197e+001
      vertex  4.400000e+000  1.249619e+001  1.308716e+001
      vertex  4.400000e+000  1.248481e+001  1.317365e+001
    endloop
  endfacet
  facet normal -1.000000e+000  0.000000e+000  0.000000e+000
    outer loop
      vertex  4.400000e+000  1.482736e+001  1.342197e+001
      vertex  4.400000e+000  1.248481e+001  1.317365e+001
      vertex  4.400000e+000  1.246593e+001  1.325882e+001
    endloop
  endfacet
  facet normal -1.000000e+000  0.000000e+000  0.000000e+000
    outer loop
      vertex  4.400000e+000  1.482736e+001  1.342197e+001
      vertex  4.400000e+000  1.246593e+001  1.325882e+001
      vertex  4.400000e+000  1.243969e+001  1.334202e+001
    endloop
  endfacet
  facet normal -1.000000e+000  0.000000e+000  0.000000e+000
    outer loop
      vertex  4.400000e+000  1.482736e+001  1.342197e+001
      vertex  4.400000e+000  1.243969e+001  1.334202e+001
      vertex  4.400000e+000  1.240631e+001  1.342262e+001
    endloop
  endfacet
  facet normal -1.000000e+000  0.000000e+000  0.000000e+000
    outer loop
      vertex  4.400000e+000  1.482736e+001  1.342197e+001
      vertex  4.400000e+000  1.240631e+001  1.342262e+001
      vertex  4.400000e+000  1.236602e+001  1.350000e+001
    endloop
  endfacet
  facet normal -1.000000e+000  0.000000e+000  0.000000e+000
    outer loop
      vertex  4.400000e+000  1.482736e+001  1.342197e+001
      vertex  4.400000e+000  1.236602e+001  1.350000e+001
      vertex  4.400000e+000  1.231915e+001  1.357358e+001
    endloop
  endfacet
  facet normal -1.000000e+000  0.000000e+000  0.000000e+000
    outer loop
      vertex  4.400000e+000  1.482736e+001  1.342197e+001
      vertex  4.400000e+000  1.231915e+001  1.357358e+001
      vertex  4.400000e+000  1.226604e+001  1.364279e+001
    endloop
  endfacet
  facet normal -1.000000e+000  0.000000e+000  0.000000e+000
    outer loop
      vertex  4.400000e+000  1.482736e+001  1.342197e+001
      vertex  4.400000e+000  1.226604e+001  1.364279e+001
      vertex  4.400000e+000  1.220711e+001  1.370711e+001
    endloop
  endfacet
  facet normal -1.000000e+000  0.000000e+000  0.000000e+000
    outer loop
      vertex  4.400000e+000  1.482736e+001  1.342197e+001
      vertex  4.400000e+000  1.220711e+001  1.370711e+001
      vertex  4.400000e+000  1.455758e+001  1.371412e+001
    endloop
  endfacet
  facet normal -1.000000e+000  0.000000e+000  0.000000e+000
    outer loop
      vertex  4.400000e+000  1.998419e+001  7.951303e-001
      vertex  4.400000e+000  1.999605e+001  3.976437e-001
      vertex  4.400000e+000  1.595933e+001  7.208907e-001
    endloop
  endfacet
  facet normal -1.000000e+000  0.000000e+000  0.000000e+000
    outer loop
      vertex  4.400000e+000  1.998419e+001  7.951303e-001
      vertex  4.400000e+000  1.595933e+001  7.208907e-001
      vertex  4.400000e+000  1.589821e+001  7.957472e-001
    endloop
  endfacet
  facet normal -1.000000e+000  0.000000e+000  0.000000e+000
    outer loop
      vertex  4.400000e+000  1.998419e+001  7.951303e-001
      vertex  4.400000e+000  1.589821e+001  7.957472e-001
      vertex  4.400000e+000  1.583127e+001  8.654429e-001
    endloop
  endfacet
  facet normal -1.000000e+000  0.000000e+000  0.000000e+000
    outer loop
      vertex  4.400000e+000  1.998419e+001  7.951303e-001
      vertex  4.400000e+000  1.583127e+001  8.654429e-001
      vertex  4.400000e+000  1.575893e+001  9.295260e-001
    endloop
  endfacet
  facet normal -1.000000e+000  0.000000e+000  0.000000e+000
    outer loop
      vertex  4.400000e+000  1.998419e+001  7.951303e-001
      vertex  4.400000e+000  1.575893e+001  9.295260e-001
      vertex  4.400000e+000  1.568168e+001  9.875807e-001
    endloop
  endfacet
  facet normal -1.000000e+000  0.000000e+000  0.000000e+000
    outer loop
      vertex  4.400000e+000  1.998419e+001  7.951303e-001
      vertex  4.400000e+000  1.568168e+001  9.875807e-001
      vertex  4.400000e+000  1.560000e+001  1.039230e+000
    endloop
  endfacet
  facet normal -9.999999e-001  0.000000e+000  0.000000e+000
    outer loop
      vertex  4.400000e+000  1.998419e+001  7.951303e-001
      vertex  4.400000e+000  1.560000e+001  1.039230e+000
      vertex  4.400000e+000  1.551443e+001  1.084141e+000
    endloop
  endfacet
  facet normal -1.000000e+000  0.000000e+000  0.000000e+000
    outer loop
      vertex  4.400000e+000  1.998419e+001  7.951303e-001
      vertex  4.400000e+000  1.551443e+001  1.084141e+000
      vertex  4.400000e+000  1.542553e+001  1.122020e+000
    endloop
  endfacet
  facet normal -1.000000e+000  0.000000e+000  0.000000e+000
    outer loop
      vertex  4.400000e+000  1.998419e+001  7.951303e-001
      vertex  4.400000e+000  1.542553e+001  1.122020e+000
      vertex  4.400000e+000  1.533386e+001  1.152622e+000
    endloop
  endfacet
  facet normal -1.000000e+000  0.000000e+000  0.000000e+000
    outer loop
      vertex  4.400000e+000  1.998419e+001  7.951303e-001
      vertex  4.400000e+000  1.533386e+001  1.152622e+000
      vertex  4.400000e+000  1.524003e+001  1.175749e+000
    endloop
  endfacet
  facet normal -1.000000e+000  0.000000e+000  0.000000e+000
    outer loop
      vertex  4.400000e+000  1.998419e+001  7.951303e-001
      vertex  4.400000e+000  1.524003e+001  1.175749e+000
      vertex  4.400000e+000  1.514464e+001  1.191251e+000
    endloop
  endfacet
  facet normal -1.000000e+000  0.000000e+000  0.000000e+000
    outer loop
      vertex  4.400000e+000  1.998419e+001  7.951303e-001
      vertex  4.400000e+000  1.514464e+001  1.191251e+000
      vertex  4.400000e+000  1.996443e+001  1.192302e+000
    endloop
  endfacet
  facet normal -1.000000e+000  0.000000e+000  0.000000e+000
    outer loop
      vertex  4.400000e+000  1.999605e+001  3.976437e-001
      vertex  4.400000e+000  1.613824e+001  3.800016e-001
      vertex  4.400000e+000  1.610398e+001  4.703599e-001
    endloop
  endfacet
  facet normal -1.000000e+000  0.000000e+000  0.000000e+000
    outer loop
      vertex  4.400000e+000  1.999605e+001  3.976437e-001
      vertex  4.400000e+000  1.610398e+001  4.703599e-001
      vertex  4.400000e+000  1.606255e+001  5.576678e-001
    endloop
  endfacet
  facet normal -1.000000e+000  0.000000e+000  0.000000e+000
    outer loop
      vertex  4.400000e+000  1.999605e+001  3.976437e-001
      vertex  4.400000e+000  1.606255e+001  5.576678e-001
      vertex  4.400000e+000  1.601423e+001  6.413590e-001
    endloop
  endfacet
  facet normal -9.999999e-001  0.000000e+000  0.000000e+000
    outer loop
      vertex  4.400000e+000  1.999605e+001  3.976437e-001
      vertex  4.400000e+000  1.601423e+001  6.413590e-001
      vertex  4.400000e+000  1.595933e+001  7.208907e-001
    endloop
  endfacet
  facet normal -1.000000e+000  0.000000e+000  0.000000e+000
    outer loop
      vertex  4.400000e+000  2.000000e+001  2.449213e-015
      vertex  4.400000e+000  1.620000e+001  1.983923e-015
      vertex  4.400000e+000  1.619611e+001  9.655988e-002
    endloop
  endfacet
  facet normal -1.000000e+000  0.000000e+000  0.000000e+000
    outer loop
      vertex  4.400000e+000  2.000000e+001  2.449213e-015
      vertex  4.400000e+000  1.619611e+001  9.655988e-002
      vertex  4.400000e+000  1.618446e+001  1.924935e-001
    endloop
  endfacet
  facet normal -1.000000e+000  0.000000e+000  0.000000e+000
    outer loop
      vertex  4.400000e+000  2.000000e+001  2.449213e-015
      vertex  4.400000e+000  1.618446e+001  1.924935e-001
      vertex  4.400000e+000  1.616513e+001  2.871788e-001
    endloop
  endfacet
  facet normal -1.000000e+000  0.000000e+000  0.000000e+000
    outer loop
      vertex  4.400000e+000  2.000000e+001  2.449213e-015
      vertex  4.400000e+000  1.616513e+001  2.871788e-001
      vertex  4.400000e+000  1.613824e+001  3.800016e-001
    endloop
  endfacet
  facet normal -1.000000e+000  0.000000e+000  0.000000e+000
    outer loop
      vertex  4.400000e+000  2.000000e+001  2.449213e-015
      vertex  4.400000e+000  1.613824e+001  3.800016e-001
      vertex  4.400000e+000  1.999605e+001  3.976437e-001
    endloop
  endfacet
  facet normal -1.000000e+000  0.000000e+000  0.000000e+000
    outer loop
      vertex  4.400000e+000  1.999605e+001 -3.976437e-001
      vertex  4.400000e+000  1.998419e+001 -7.951303e-001
      vertex  4.400000e+000  1.610398e+001 -4.703599e-001
    endloop
  endfacet
  facet normal -1.000000e+000  0.000000e+000  0.000000e+000
    outer loop
      vertex  4.400000e+000  1.999605e+001 -3.976437e-001
      vertex  4.400000e+000  1.610398e+001 -4.703599e-001
      vertex  4.400000e+000  1.613824e+001 -3.800016e-001
    endloop
  endfacet
  facet normal -1.000000e+000  0.000000e+000  0.000000e+000
    outer loop
      vertex  4.400000e+000  1.999605e+001 -3.976437e-001
      vertex  4.400000e+000  1.613824e+001 -3.800016e-001
      vertex  4.400000e+000  1.616513e+001 -2.871788e-001
    endloop
  endfacet
  facet normal -1.000000e+000  0.000000e+000  0.000000e+000
    outer loop
      vertex  4.400000e+000  1.999605e+001 -3.976437e-001
      vertex  4.400000e+000  1.616513e+001 -2.871788e-001
      vertex  4.400000e+000  1.618446e+001 -1.924935e-001
    endloop
  endfacet
  facet normal -1.000000e+000  0.000000e+000  0.000000e+000
    outer loop
      vertex  4.400000e+000  1.999605e+001 -3.976437e-001
      vertex  4.400000e+000  1.618446e+001 -1.924935e-001
      vertex  4.400000e+000  1.619611e+001 -9.655988e-002
    endloop
  endfacet
  facet normal -1.000000e+000  0.000000e+000  0.000000e+000
    outer loop
      vertex  4.400000e+000  1.999605e+001 -3.976437e-001
      vertex  4.400000e+000  1.619611e+001 -9.655988e-002
      vertex  4.400000e+000  1.620000e+001  1.983923e-015
    endloop
  endfacet
  facet normal -1.000000e+000  0.000000e+000  0.000000e+000
    outer loop
      vertex  4.400000e+000  1.999605e+001 -3.976437e-001
      vertex  4.400000e+000  1.620000e+001  1.983923e-015
      vertex  4.400000e+000  2.000000e+001  2.449213e-015
    endloop
  endfacet
  facet normal -1.000000e+000  0.000000e+000  0.000000e+000
    outer loop
      vertex  4.400000e+000  1.998419e+001 -7.951303e-001
      vertex  4.400000e+000  1.589821e+001 -7.957472e-001
      vertex  4.400000e+000  1.595933e+001 -7.208907e-001
    endloop
  endfacet
  facet normal -1.000000e+000  0.000000e+000  0.000000e+000
    outer loop
      vertex  4.400000e+000  1.998419e+001 -7.951303e-001
      vertex  4.400000e+000  1.595933e+001 -7.208907e-001
      vertex  4.400000e+000  1.601423e+001 -6.413590e-001
    endloop
  endfacet
  facet normal -9.999999e-001  0.000000e+000  0.000000e+000
    outer loop
      vertex  4.400000e+000  1.998419e+001 -7.951303e-001
      vertex  4.400000e+000  1.601423e+001 -6.413590e-001
      vertex  4.400000e+000  1.606255e+001 -5.576678e-001
    endloop
  endfacet
  facet normal -1.000000e+000  0.000000e+000  0.000000e+000
    outer loop
      vertex  4.400000e+000  1.998419e+001 -7.951303e-001
      vertex  4.400000e+000  1.606255e+001 -5.576678e-001
      vertex  4.400000e+000  1.610398e+001 -4.703599e-001
    endloop
  endfacet
  facet normal -1.000000e+000  0.000000e+000  0.000000e+000
    outer loop
      vertex  4.400000e+000  1.996443e+001 -1.192302e+000
      vertex  4.400000e+000  1.514464e+001 -1.191251e+000
      vertex  4.400000e+000  1.524003e+001 -1.175749e+000
    endloop
  endfacet
  facet normal -1.000000e+000  0.000000e+000  0.000000e+000
    outer loop
      vertex  4.400000e+000  1.996443e+001 -1.192302e+000
      vertex  4.400000e+000  1.524003e+001 -1.175749e+000
      vertex  4.400000e+000  1.533386e+001 -1.152622e+000
    endloop
  endfacet
  facet normal -1.000000e+000  0.000000e+000  0.000000e+000
    outer loop
      vertex  4.400000e+000  1.996443e+001 -1.192302e+000
      vertex  4.400000e+000  1.533386e+001 -1.152622e+000
      vertex  4.400000e+000  1.542553e+001 -1.122020e+000
    endloop
  endfacet
  facet normal -1.000000e+000  0.000000e+000  0.000000e+000
    outer loop
      vertex  4.400000e+000  1.996443e+001 -1.192302e+000
      vertex  4.400000e+000  1.542553e+001 -1.122020e+000
      vertex  4.400000e+000  1.551443e+001 -1.084141e+000
    endloop
  endfacet
  facet normal -9.999999e-001  0.000000e+000  0.000000e+000
    outer loop
      vertex  4.400000e+000  1.996443e+001 -1.192302e+000
      vertex  4.400000e+000  1.551443e+001 -1.084141e+000
      vertex  4.400000e+000  1.560000e+001 -1.039230e+000
    endloop
  endfacet
  facet normal -1.000000e+000  0.000000e+000  0.000000e+000
    outer loop
      vertex  4.400000e+000  1.996443e+001 -1.192302e+000
      vertex  4.400000e+000  1.560000e+001 -1.039230e+000
      vertex  4.400000e+000  1.568168e+001 -9.875807e-001
    endloop
  endfacet
  facet normal -1.000000e+000  0.000000e+000  0.000000e+000
    outer loop
      vertex  4.400000e+000  1.996443e+001 -1.192302e+000
      vertex  4.400000e+000  1.568168e+001 -9.875807e-001
      vertex  4.400000e+000  1.575893e+001 -9.295260e-001
    endloop
  endfacet
  facet normal -1.000000e+000  0.000000e+000  0.000000e+000
    outer loop
      vertex  4.400000e+000  1.996443e+001 -1.192302e+000
      vertex  4.400000e+000  1.575893e+001 -9.295260e-001
      vertex  4.400000e+000  1.583127e+001 -8.654429e-001
    endloop
  endfacet
  facet normal -1.000000e+000  0.000000e+000  0.000000e+000
    outer loop
      vertex  4.400000e+000  1.996443e+001 -1.192302e+000
      vertex  4.400000e+000  1.583127e+001 -8.654429e-001
      vertex  4.400000e+000  1.589821e+001 -7.957472e-001
    endloop
  endfacet
  facet normal -1.000000e+000  0.000000e+000  0.000000e+000
    outer loop
      vertex  4.400000e+000  1.996443e+001 -1.192302e+000
      vertex  4.400000e+000  1.589821e+001 -7.957472e-001
      vertex  4.400000e+000  1.998419e+001 -7.951303e-001
    endloop
  endfacet
  facet normal -1.000000e+000  -0.000000e+000  0.000000e+000
    outer loop
      vertex  4.400000e+000  1.150000e+001  1.400000e+001
      vertex  4.400000e+000  1.141284e+001  1.399619e+001
      vertex  4.400000e+000  6.413590e-001  1.398577e+001
    endloop
  endfacet
  facet normal -1.000000e+000  0.000000e+000  0.000000e+000
    outer loop
      vertex  4.400000e+000  1.150000e+001  1.400000e+001
      vertex  4.400000e+000  6.413590e-001  1.398577e+001
      vertex  4.400000e+000  7.208907e-001  1.404067e+001
    endloop
  endfacet
  facet normal -1.000000e+000  0.000000e+000  0.000000e+000
    outer loop
      vertex  4.400000e+000  1.150000e+001  1.400000e+001
      vertex  4.400000e+000  7.208907e-001  1.404067e+001
      vertex  4.400000e+000  7.957472e-001  1.410179e+001
    endloop
  endfacet
  facet normal -1.000000e+000  0.000000e+000  0.000000e+000
    outer loop
      vertex  4.400000e+000  1.150000e+001  1.400000e+001
      vertex  4.400000e+000  7.957472e-001  1.410179e+001
      vertex  4.400000e+000  8.654429e-001  1.416873e+001
    endloop
  endfacet
  facet normal -1.000000e+000  0.000000e+000  0.000000e+000
    outer loop
      vertex  4.400000e+000  1.150000e+001  1.400000e+001
      vertex  4.400000e+000  8.654429e-001  1.416873e+001
      vertex  4.400000e+000  9.295260e-001  1.424107e+001
    endloop
  endfacet
  facet normal -9.999999e-001  0.000000e+000  0.000000e+000
    outer loop
      vertex  4.400000e+000  1.150000e+001  1.400000e+001
      vertex  4.400000e+000  9.295260e-001  1.424107e+001
      vertex  4.400000e+000  9.875807e-001  1.431832e+001
    endloop
  endfacet
  facet normal -1.000000e+000  0.000000e+000  0.000000e+000
    outer loop
      vertex  4.400000e+000  1.150000e+001  1.400000e+001
      vertex  4.400000e+000  9.875807e-001  1.431832e+001
      vertex  4.400000e+000  1.039230e+000  1.440000e+001
    endloop
  endfacet
  facet normal -9.999999e-001  0.000000e+000  0.000000e+000
    outer loop
      vertex  4.400000e+000  1.150000e+001  1.400000e+001
      vertex  4.400000e+000  1.039230e+000  1.440000e+001
      vertex  4.400000e+000  1.084141e+000  1.448557e+001
    endloop
  endfacet
  facet normal -9.999999e-001  0.000000e+000  0.000000e+000
    outer loop
      vertex  4.400000e+000  1.150000e+001  1.400000e+001
      vertex  4.400000e+000  1.084141e+000  1.448557e+001
      vertex  4.400000e+000  1.122020e+000  1.457447e+001
    endloop
  endfacet
  facet normal -1.000000e+000  0.000000e+000  0.000000e+000
    outer loop
      vertex  4.400000e+000  1.150000e+001  1.400000e+001
      vertex  4.400000e+000  1.122020e+000  1.457447e+001
      vertex  4.400000e+000  1.152622e+000  1.466614e+001
    endloop
  endfacet
  facet normal -1.000000e+000  0.000000e+000  0.000000e+000
    outer loop
      vertex  4.400000e+000  1.150000e+001  1.400000e+001
      vertex  4.400000e+000  1.152622e+000  1.466614e+001
      vertex  4.400000e+000  1.175749e+000  1.475997e+001
    endloop
  endfacet
  facet normal -1.000000e+000  0.000000e+000  0.000000e+000
    outer loop
      vertex  4.400000e+000  1.150000e+001  1.400000e+001
      vertex  4.400000e+000  1.175749e+000  1.475997e+001
      vertex  4.400000e+000  1.191251e+000  1.485536e+001
    endloop
  endfacet
  facet normal -1.000000e+000  0.000000e+000  0.000000e+000
    outer loop
      vertex  4.400000e+000  1.150000e+001  1.400000e+001
      vertex  4.400000e+000  1.191251e+000  1.485536e+001
      vertex  4.400000e+000  1.199027e+000  1.495168e+001
    endloop
  endfacet
  facet normal -1.000000e+000  0.000000e+000  0.000000e+000
    outer loop
      vertex  4.400000e+000  1.150000e+001  1.400000e+001
      vertex  4.400000e+000  1.199027e+000  1.495168e+001
      vertex  4.400000e+000  1.199027e+000  1.504832e+001
    endloop
  endfacet
  facet normal -1.000000e+000  0.000000e+000  0.000000e+000
    outer loop
      vertex  4.400000e+000  1.150000e+001  1.400000e+001
      vertex  4.400000e+000  1.199027e+000  1.504832e+001
      vertex  4.400000e+000  1.191251e+000  1.514464e+001
    endloop
  endfacet
  facet normal -1.000000e+000  0.000000e+000  0.000000e+000
    outer loop
      vertex  4.400000e+000  1.150000e+001  1.400000e+001
      vertex  4.400000e+000  1.191251e+000  1.514464e+001
      vertex  4.400000e+000  1.175749e+000  1.524003e+001
    endloop
  endfacet
  facet normal -1.000000e+000  0.000000e+000  0.000000e+000
    outer loop
      vertex  4.400000e+000  1.150000e+001  1.400000e+001
      vertex  4.400000e+000  1.175749e+000  1.524003e+001
      vertex  4.400000e+000  1.152622e+000  1.533386e+001
    endloop
  endfacet
  facet normal -1.000000e+000  0.000000e+000  0.000000e+000
    outer loop
      vertex  4.400000e+000  1.150000e+001  1.400000e+001
      vertex  4.400000e+000  1.152622e+000  1.533386e+001
      vertex  4.400000e+000  1.122020e+000  1.542553e+001
    endloop
  endfacet
  facet normal -9.999999e-001  0.000000e+000  0.000000e+000
    outer loop
      vertex  4.400000e+000  1.150000e+001  1.400000e+001
      vertex  4.400000e+000  1.122020e+000  1.542553e+001
      vertex  4.400000e+000  1.084141e+000  1.551443e+001
    endloop
  endfacet
  facet normal -1.000000e+000  0.000000e+000  0.000000e+000
    outer loop
      vertex  4.400000e+000  1.150000e+001  1.400000e+001
      vertex  4.400000e+000  1.084141e+000  1.551443e+001
      vertex  4.400000e+000  1.039230e+000  1.560000e+001
    endloop
  endfacet
  facet normal -1.000000e+000  0.000000e+000  0.000000e+000
    outer loop
      vertex  4.400000e+000  1.150000e+001  1.400000e+001
      vertex  4.400000e+000  1.039230e+000  1.560000e+001
      vertex  4.400000e+000  9.875807e-001  1.568168e+001
    endloop
  endfacet
  facet normal -1.000000e+000  0.000000e+000  0.000000e+000
    outer loop
      vertex  4.400000e+000  1.150000e+001  1.400000e+001
      vertex  4.400000e+000  9.875807e-001  1.568168e+001
      vertex  4.400000e+000  9.295260e-001  1.575893e+001
    endloop
  endfacet
  facet normal -1.000000e+000  0.000000e+000  0.000000e+000
    outer loop
      vertex  4.400000e+000  1.150000e+001  1.400000e+001
      vertex  4.400000e+000  9.295260e-001  1.575893e+001
      vertex  4.400000e+000  8.654429e-001  1.583127e+001
    endloop
  endfacet
  facet normal -1.000000e+000  0.000000e+000  0.000000e+000
    outer loop
      vertex  4.400000e+000  1.150000e+001  1.400000e+001
      vertex  4.400000e+000  8.654429e-001  1.583127e+001
      vertex  4.400000e+000  7.957472e-001  1.589821e+001
    endloop
  endfacet
  facet normal -1.000000e+000  0.000000e+000  0.000000e+000
    outer loop
      vertex  4.400000e+000  1.150000e+001  1.400000e+001
      vertex  4.400000e+000  7.957472e-001  1.589821e+001
      vertex  4.400000e+000  7.208907e-001  1.595933e+001
    endloop
  endfacet
  facet normal -1.000000e+000  0.000000e+000  0.000000e+000
    outer loop
      vertex  4.400000e+000  1.150000e+001  1.400000e+001
      vertex  4.400000e+000  7.208907e-001  1.595933e+001
      vertex  4.400000e+000  6.413590e-001  1.601423e+001
    endloop
  endfacet
  facet normal -9.999999e-001  0.000000e+000  0.000000e+000
    outer loop
      vertex  4.400000e+000  1.150000e+001  1.400000e+001
      vertex  4.400000e+000  6.413590e-001  1.601423e+001
      vertex  4.400000e+000  5.576678e-001  1.606255e+001
    endloop
  endfacet
  facet normal -1.000000e+000  0.000000e+000  0.000000e+000
    outer loop
      vertex  4.400000e+000  1.150000e+001  1.400000e+001
      vertex  4.400000e+000  5.576678e-001  1.606255e+001
      vertex  4.400000e+000  4.703599e-001  1.610398e+001
    endloop
  endfacet
  facet normal -1.000000e+000  0.000000e+000  0.000000e+000
    outer loop
      vertex  4.400000e+000  1.150000e+001  1.400000e+001
      vertex  4.400000e+000  4.703599e-001  1.610398e+001
      vertex  4.400000e+000  3.800016e-001  1.613824e+001
    endloop
  endfacet
  facet normal -1.000000e+000  0.000000e+000  0.000000e+000
    outer loop
      vertex  4.400000e+000  1.150000e+001  1.400000e+001
      vertex  4.400000e+000  3.800016e-001  1.613824e+001
      vertex  4.400000e+000  2.871788e-001  1.616513e+001
    endloop
  endfacet
  facet normal -1.000000e+000  0.000000e+000  0.000000e+000
    outer loop
      vertex  4.400000e+000  1.150000e+001  1.400000e+001
      vertex  4.400000e+000  2.871788e-001  1.616513e+001
      vertex  4.400000e+000  1.924935e-001  1.618446e+001
    endloop
  endfacet
  facet normal -1.000000e+000  0.000000e+000  0.000000e+000
    outer loop
      vertex  4.400000e+000  1.150000e+001  1.400000e+001
      vertex  4.400000e+000  1.924935e-001  1.618446e+001
      vertex  4.400000e+000  1.123509e+001  1.654608e+001
    endloop
  endfacet
  facet normal -1.000000e+000  0.000000e+000  0.000000e+000
    outer loop
      vertex  4.400000e+000  1.150000e+001  1.400000e+001
      vertex  4.400000e+000  1.123509e+001  1.654608e+001
      vertex  4.400000e+000  1.156184e+001  1.631943e+001
    endloop
  endfacet
  facet normal -1.000000e+000  0.000000e+000  -0.000000e+000
    outer loop
      vertex  4.400000e+000  1.150000e+001  1.400000e+001
      vertex  4.400000e+000  1.156184e+001  1.631943e+001
      vertex  4.400000e+000  1.188402e+001  1.608633e+001
    endloop
  endfacet
  facet normal -1.000000e+000  0.000000e+000  -0.000000e+000
    outer loop
      vertex  4.400000e+000  1.150000e+001  1.400000e+001
      vertex  4.400000e+000  1.188402e+001  1.608633e+001
      vertex  4.400000e+000  1.220150e+001  1.584687e+001
    endloop
  endfacet
  facet normal -1.000000e+000  0.000000e+000  -0.000000e+000
    outer loop
      vertex  4.400000e+000  1.150000e+001  1.400000e+001
      vertex  4.400000e+000  1.220150e+001  1.584687e+001
      vertex  4.400000e+000  1.251416e+001  1.560115e+001
    endloop
  endfacet
  facet normal -1.000000e+000  0.000000e+000  -0.000000e+000
    outer loop
      vertex  4.400000e+000  1.150000e+001  1.400000e+001
      vertex  4.400000e+000  1.251416e+001  1.560115e+001
      vertex  4.400000e+000  1.282187e+001  1.534925e+001
    endloop
  endfacet
  facet normal -9.999999e-001  0.000000e+000  -0.000000e+000
    outer loop
      vertex  4.400000e+000  1.150000e+001  1.400000e+001
      vertex  4.400000e+000  1.282187e+001  1.534925e+001
      vertex  4.400000e+000  1.312451e+001  1.509129e+001
    endloop
  endfacet
  facet normal -1.000000e+000  0.000000e+000  -0.000000e+000
    outer loop
      vertex  4.400000e+000  1.150000e+001  1.400000e+001
      vertex  4.400000e+000  1.312451e+001  1.509129e+001
      vertex  4.400000e+000  1.342197e+001  1.482736e+001
    endloop
  endfacet
  facet normal -1.000000e+000  0.000000e+000  -0.000000e+000
    outer loop
      vertex  4.400000e+000  1.150000e+001  1.400000e+001
      vertex  4.400000e+000  1.342197e+001  1.482736e+001
      vertex  4.400000e+000  1.371412e+001  1.455758e+001
    endloop
  endfacet
  facet normal -1.000000e+000  0.000000e+000  -0.000000e+000
    outer loop
      vertex  4.400000e+000  1.150000e+001  1.400000e+001
      vertex  4.400000e+000  1.371412e+001  1.455758e+001
      vertex  4.400000e+000  1.400084e+001  1.428203e+001
    endloop
  endfacet
  facet normal -1.000000e+000  0.000000e+000  -0.000000e+000
    outer loop
      vertex  4.400000e+000  1.150000e+001  1.400000e+001
      vertex  4.400000e+000  1.400084e+001  1.428203e+001
      vertex  4.400000e+000  1.428203e+001  1.400084e+001
    endloop
  endfacet
  facet normal -9.999999e-001  0.000000e+000  0.000000e+000
    outer loop
      vertex  4.400000e+000  1.150000e+001  1.400000e+001
      vertex  4.400000e+000  1.428203e+001  1.400084e+001
      vertex  4.400000e+000  1.158716e+001  1.399619e+001
    endloop
  endfacet
  facet normal -1.000000e+000  0.000000e+000  0.000000e+000
    outer loop
      vertex  4.400000e+000  1.455758e+001  1.371412e+001
      vertex  4.400000e+000  1.220711e+001  1.370711e+001
      vertex  4.400000e+000  1.214279e+001  1.376604e+001
    endloop
  endfacet
  facet normal -9.999999e-001  0.000000e+000  0.000000e+000
    outer loop
      vertex  4.400000e+000  1.455758e+001  1.371412e+001
      vertex  4.400000e+000  1.214279e+001  1.376604e+001
      vertex  4.400000e+000  1.207358e+001  1.381915e+001
    endloop
  endfacet
  facet normal -9.999999e-001  0.000000e+000  0.000000e+000
    outer loop
      vertex  4.400000e+000  1.455758e+001  1.371412e+001
      vertex  4.400000e+000  1.207358e+001  1.381915e+001
      vertex  4.400000e+000  1.200000e+001  1.386602e+001
    endloop
  endfacet
  facet normal -1.000000e+000  0.000000e+000  0.000000e+000
    outer loop
      vertex  4.400000e+000  1.455758e+001  1.371412e+001
      vertex  4.400000e+000  1.200000e+001  1.386602e+001
      vertex  4.400000e+000  1.192262e+001  1.390631e+001
    endloop
  endfacet
  facet normal -1.000000e+000  0.000000e+000  0.000000e+000
    outer loop
      vertex  4.400000e+000  1.455758e+001  1.371412e+001
      vertex  4.400000e+000  1.192262e+001  1.390631e+001
      vertex  4.400000e+000  1.184202e+001  1.393969e+001
    endloop
  endfacet
  facet normal -1.000000e+000  0.000000e+000  0.000000e+000
    outer loop
      vertex  4.400000e+000  1.455758e+001  1.371412e+001
      vertex  4.400000e+000  1.184202e+001  1.393969e+001
      vertex  4.400000e+000  1.175882e+001  1.396593e+001
    endloop
  endfacet
  facet normal -1.000000e+000  0.000000e+000  0.000000e+000
    outer loop
      vertex  4.400000e+000  1.455758e+001  1.371412e+001
      vertex  4.400000e+000  1.175882e+001  1.396593e+001
      vertex  4.400000e+000  1.167365e+001  1.398481e+001
    endloop
  endfacet
  facet normal -1.000000e+000  0.000000e+000  0.000000e+000
    outer loop
      vertex  4.400000e+000  1.455758e+001  1.371412e+001
      vertex  4.400000e+000  1.167365e+001  1.398481e+001
      vertex  4.400000e+000  1.158716e+001  1.399619e+001
    endloop
  endfacet
  facet normal -1.000000e+000  0.000000e+000  0.000000e+000
    outer loop
      vertex  4.400000e+000  1.455758e+001  1.371412e+001
      vertex  4.400000e+000  1.158716e+001  1.399619e+001
      vertex  4.400000e+000  1.428203e+001  1.400084e+001
    endloop
  endfacet
  facet normal -1.000000e+000  -0.000000e+000  0.000000e+000
    outer loop
      vertex  4.400000e+000  1.150000e+001  1.200000e+001
      vertex  4.400000e+000  1.495168e+001  1.199027e+000
      vertex  4.400000e+000  1.485536e+001  1.191251e+000
    endloop
  endfacet
  facet normal -1.000000e+000  -0.000000e+000  0.000000e+000
    outer loop
      vertex  4.400000e+000  1.150000e+001  1.200000e+001
      vertex  4.400000e+000  1.485536e+001  1.191251e+000
      vertex  4.400000e+000  1.475997e+001  1.175749e+000
    endloop
  endfacet
  facet normal -1.000000e+000  -0.000000e+000  0.000000e+000
    outer loop
      vertex  4.400000e+000  1.150000e+001  1.200000e+001
      vertex  4.400000e+000  1.475997e+001  1.175749e+000
      vertex  4.400000e+000  1.466614e+001  1.152622e+000
    endloop
  endfacet
  facet normal -1.000000e+000  -0.000000e+000  0.000000e+000
    outer loop
      vertex  4.400000e+000  1.150000e+001  1.200000e+001
      vertex  4.400000e+000  1.466614e+001  1.152622e+000
      vertex  4.400000e+000  1.457447e+001  1.122020e+000
    endloop
  endfacet
  facet normal -1.000000e+000  -0.000000e+000  0.000000e+000
    outer loop
      vertex  4.400000e+000  1.150000e+001  1.200000e+001
      vertex  4.400000e+000  1.457447e+001  1.122020e+000
      vertex  4.400000e+000  1.448557e+001  1.084141e+000
    endloop
  endfacet
  facet normal -1.000000e+000  -0.000000e+000  0.000000e+000
    outer loop
      vertex  4.400000e+000  1.150000e+001  1.200000e+001
      vertex  4.400000e+000  1.448557e+001  1.084141e+000
      vertex  4.400000e+000  1.440000e+001  1.039230e+000
    endloop
  endfacet
  facet normal -1.000000e+000  -0.000000e+000  0.000000e+000
    outer loop
      vertex  4.400000e+000  1.150000e+001  1.200000e+001
      vertex  4.400000e+000  1.440000e+001  1.039230e+000
      vertex  4.400000e+000  1.431832e+001  9.875807e-001
    endloop
  endfacet
  facet normal -1.000000e+000  -0.000000e+000  0.000000e+000
    outer loop
      vertex  4.400000e+000  1.150000e+001  1.200000e+001
      vertex  4.400000e+000  1.431832e+001  9.875807e-001
      vertex  4.400000e+000  1.424107e+001  9.295260e-001
    endloop
  endfacet
  facet normal -1.000000e+000  -0.000000e+000  0.000000e+000
    outer loop
      vertex  4.400000e+000  1.150000e+001  1.200000e+001
      vertex  4.400000e+000  1.424107e+001  9.295260e-001
      vertex  4.400000e+000  1.416873e+001  8.654429e-001
    endloop
  endfacet
  facet normal -1.000000e+000  -0.000000e+000  0.000000e+000
    outer loop
      vertex  4.400000e+000  1.150000e+001  1.200000e+001
      vertex  4.400000e+000  1.416873e+001  8.654429e-001
      vertex  4.400000e+000  1.410179e+001  7.957472e-001
    endloop
  endfacet
  facet normal -1.000000e+000  -0.000000e+000  0.000000e+000
    outer loop
      vertex  4.400000e+000  1.150000e+001  1.200000e+001
      vertex  4.400000e+000  1.410179e+001  7.957472e-001
      vertex  4.400000e+000  1.404067e+001  7.208907e-001
    endloop
  endfacet
  facet normal -1.000000e+000  -0.000000e+000  0.000000e+000
    outer loop
      vertex  4.400000e+000  1.150000e+001  1.200000e+001
      vertex  4.400000e+000  1.404067e+001  7.208907e-001
      vertex  4.400000e+000  1.398577e+001  6.413590e-001
    endloop
  endfacet
  facet normal -9.999999e-001  -0.000000e+000  0.000000e+000
    outer loop
      vertex  4.400000e+000  1.150000e+001  1.200000e+001
      vertex  4.400000e+000  1.398577e+001  6.413590e-001
      vertex  4.400000e+000  1.393745e+001  5.576678e-001
    endloop
  endfacet
  facet normal -1.000000e+000  -0.000000e+000  0.000000e+000
    outer loop
      vertex  4.400000e+000  1.150000e+001  1.200000e+001
      vertex  4.400000e+000  1.393745e+001  5.576678e-001
      vertex  4.400000e+000  1.389602e+001  4.703599e-001
    endloop
  endfacet
  facet normal -1.000000e+000  -0.000000e+000  0.000000e+000
    outer loop
      vertex  4.400000e+000  1.150000e+001  1.200000e+001
      vertex  4.400000e+000  1.389602e+001  4.703599e-001
      vertex  4.400000e+000  1.386176e+001  3.800016e-001
    endloop
  endfacet
  facet normal -1.000000e+000  -0.000000e+000  0.000000e+000
    outer loop
      vertex  4.400000e+000  1.150000e+001  1.200000e+001
      vertex  4.400000e+000  1.386176e+001  3.800016e-001
      vertex  4.400000e+000  1.383487e+001  2.871788e-001
    endloop
  endfacet
  facet normal -1.000000e+000  -0.000000e+000  0.000000e+000
    outer loop
      vertex  4.400000e+000  1.150000e+001  1.200000e+001
      vertex  4.400000e+000  1.383487e+001  2.871788e-001
      vertex  4.400000e+000  1.381554e+001  1.924935e-001
    endloop
  endfacet
  facet normal -9.999999e-001  -0.000000e+000  0.000000e+000
    outer loop
      vertex  4.400000e+000  1.150000e+001  1.200000e+001
      vertex  4.400000e+000  1.381554e+001  1.924935e-001
      vertex  4.400000e+000  1.380389e+001  9.655988e-002
    endloop
  endfacet
  facet normal -1.000000e+000  0.000000e+000  0.000000e+000
    outer loop
      vertex  4.400000e+000 -9.919614e-016  1.620000e+001
      vertex  4.400000e+000 -9.655988e-002  1.619611e+001
      vertex  4.400000e+000 -1.123509e+001  1.654608e+001
    endloop
  endfacet
  facet normal -9.999999e-001  0.000000e+000  0.000000e+000
    outer loop
      vertex  4.400000e+000 -9.919614e-016  1.620000e+001
      vertex  4.400000e+000 -1.123509e+001  1.654608e+001
      vertex  4.400000e+000 -1.090390e+001  1.676619e+001
    endloop
  endfacet
  facet normal -1.000000e+000  0.000000e+000  0.000000e+000
    outer loop
      vertex  4.400000e+000 -9.919614e-016  1.620000e+001
      vertex  4.400000e+000 -1.090390e+001  1.676619e+001
      vertex  4.400000e+000 -1.056839e+001  1.697967e+001
    endloop
  endfacet
  facet normal -1.000000e+000  0.000000e+000  0.000000e+000
    outer loop
      vertex  4.400000e+000 -9.919614e-016  1.620000e+001
      vertex  4.400000e+000 -1.056839e+001  1.697967e+001
      vertex  4.400000e+000 -1.022871e+001  1.718643e+001
    endloop
  endfacet
  facet normal -1.000000e+000  0.000000e+000  0.000000e+000
    outer loop
      vertex  4.400000e+000 -9.919614e-016  1.620000e+001
      vertex  4.400000e+000 -1.022871e+001  1.718643e+001
      vertex  4.400000e+000 -9.884984e+000  1.738641e+001
    endloop
  endfacet
  facet normal -1.000000e+000  0.000000e+000  0.000000e+000
    outer loop
      vertex  4.400000e+000 -9.919614e-016  1.620000e+001
      vertex  4.400000e+000 -9.884984e+000  1.738641e+001
      vertex  4.400000e+000 -9.537350e+000  1.757950e+001
    endloop
  endfacet
  facet normal -1.000000e+000  0.000000e+000  0.000000e+000
    outer loop
      vertex  4.400000e+000 -9.919614e-016  1.620000e+001
      vertex  4.400000e+000 -9.537350e+000  1.757950e+001
      vertex  4.400000e+000 -9.185946e+000  1.776565e+001
    endloop
  endfacet
  facet normal -1.000000e+000  0.000000e+000  0.000000e+000
    outer loop
      vertex  4.400000e+000 -9.919614e-016  1.620000e+001
      vertex  4.400000e+000 -9.185946e+000  1.776565e+001
      vertex  4.400000e+000 -8.830910e+000  1.794478e+001
    endloop
  endfacet
  facet normal -1.000000e+000  0.000000e+000  0.000000e+000
    outer loop
      vertex  4.400000e+000 -9.919614e-016  1.620000e+001
      vertex  4.400000e+000 -8.830910e+000  1.794478e+001
      vertex  4.400000e+000 -8.472383e+000  1.811681e+001
    endloop
  endfacet
  facet normal -1.000000e+000  0.000000e+000  0.000000e+000
    outer loop
      vertex  4.400000e+000 -9.919614e-016  1.620000e+001
      vertex  4.400000e+000 -8.472383e+000  1.811681e+001
      vertex  4.400000e+000 -8.110506e+000  1.828168e+001
    endloop
  endfacet
  facet normal -1.000000e+000  0.000000e+000  0.000000e+000
    outer loop
      vertex  4.400000e+000 -9.919614e-016  1.620000e+001
      vertex  4.400000e+000 -8.110506e+000  1.828168e+001
      vertex  4.400000e+000 -7.745423e+000  1.843932e+001
    endloop
  endfacet
  facet normal -1.000000e+000  0.000000e+000  0.000000e+000
    outer loop
      vertex  4.400000e+000 -9.919614e-016  1.620000e+001
      vertex  4.400000e+000 -7.745423e+000  1.843932e+001
      vertex  4.400000e+000 -7.377278e+000  1.858967e+001
    endloop
  endfacet
  facet normal -9.999999e-001  0.000000e+000  0.000000e+000
    outer loop
      vertex  4.400000e+000 -9.919614e-016  1.620000e+001
      vertex  4.400000e+000 -7.377278e+000  1.858967e+001
      vertex  4.400000e+000 -7.006217e+000  1.873267e+001
    endloop
  endfacet
  facet normal -9.999999e-001  0.000000e+000  0.000000e+000
    outer loop
      vertex  4.400000e+000 -9.919614e-016  1.620000e+001
      vertex  4.400000e+000 -7.006217e+000  1.873267e+001
      vertex  4.400000e+000 -6.632386e+000  1.886827e+001
    endloop
  endfacet
  facet normal -9.999999e-001  0.000000e+000  0.000000e+000
    outer loop
      vertex  4.400000e+000 -9.919614e-016  1.620000e+001
      vertex  4.400000e+000 -6.632386e+000  1.886827e+001
      vertex  4.400000e+000 -6.255932e+000  1.899640e+001
    endloop
  endfacet
  facet normal -9.999999e-001  0.000000e+000  0.000000e+000
    outer loop
      vertex  4.400000e+000 -9.919614e-016  1.620000e+001
      vertex  4.400000e+000 -6.255932e+000  1.899640e+001
      vertex  4.400000e+000 -5.877006e+000  1.911703e+001
    endloop
  endfacet
  facet normal -1.000000e+000  0.000000e+000  0.000000e+000
    outer loop
      vertex  4.400000e+000 -9.919614e-016  1.620000e+001
      vertex  4.400000e+000 -5.877006e+000  1.911703e+001
      vertex  4.400000e+000 -5.495755e+000  1.923010e+001
    endloop
  endfacet
  facet normal -9.999999e-001  0.000000e+000  0.000000e+000
    outer loop
      vertex  4.400000e+000 -9.919614e-016  1.620000e+001
      vertex  4.400000e+000 -5.495755e+000  1.923010e+001
      vertex  4.400000e+000 -5.112333e+000  1.933556e+001
    endloop
  endfacet
  facet normal -1.000000e+000  0.000000e+000  0.000000e+000
    outer loop
      vertex  4.400000e+000 -9.919614e-016  1.620000e+001
      vertex  4.400000e+000 -5.112333e+000  1.933556e+001
      vertex  4.400000e+000 -4.726889e+000  1.943339e+001
    endloop
  endfacet
  facet normal -1.000000e+000  0.000000e+000  0.000000e+000
    outer loop
      vertex  4.400000e+000 -9.919614e-016  1.620000e+001
      vertex  4.400000e+000 -4.726889e+000  1.943339e+001
      vertex  4.400000e+000 -4.339576e+000  1.952353e+001
    endloop
  endfacet
  facet normal -1.000000e+000  0.000000e+000  0.000000e+000
    outer loop
      vertex  4.400000e+000 -9.919614e-016  1.620000e+001
      vertex  4.400000e+000 -4.339576e+000  1.952353e+001
      vertex  4.400000e+000 -3.950548e+000  1.960595e+001
    endloop
  endfacet
  facet normal -9.999999e-001  0.000000e+000  0.000000e+000
    outer loop
      vertex  4.400000e+000 -9.919614e-016  1.620000e+001
      vertex  4.400000e+000 -3.950548e+000  1.960595e+001
      vertex  4.400000e+000 -3.559958e+000  1.968062e+001
    endloop
  endfacet
  facet normal -1.000000e+000  0.000000e+000  0.000000e+000
    outer loop
      vertex  4.400000e+000 -9.919614e-016  1.620000e+001
      vertex  4.400000e+000 -3.559958e+000  1.968062e+001
      vertex  4.400000e+000 -3.167960e+000  1.974751e+001
    endloop
  endfacet
  facet normal -1.000000e+000  0.000000e+000  0.000000e+000
    outer loop
      vertex  4.400000e+000 -9.919614e-016  1.620000e+001
      vertex  4.400000e+000 -3.167960e+000  1.974751e+001
      vertex  4.400000e+000 -2.774711e+000  1.980659e+001
    endloop
  endfacet
  facet normal -1.000000e+000  0.000000e+000  0.000000e+000
    outer loop
      vertex  4.400000e+000 -9.919614e-016  1.620000e+001
      vertex  4.400000e+000 -2.774711e+000  1.980659e+001
      vertex  4.400000e+000 -2.380364e+000  1.985784e+001
    endloop
  endfacet
  facet normal -1.000000e+000  0.000000e+000  0.000000e+000
    outer loop
      vertex  4.400000e+000 -9.919614e-016  1.620000e+001
      vertex  4.400000e+000 -2.380364e+000  1.985784e+001
      vertex  4.400000e+000 -1.985076e+000  1.990124e+001
    endloop
  endfacet
  facet normal -1.000000e+000  0.000000e+000  0.000000e+000
    outer loop
      vertex  4.400000e+000 -9.919614e-016  1.620000e+001
      vertex  4.400000e+000 -1.985076e+000  1.990124e+001
      vertex  4.400000e+000 -1.589003e+000  1.993678e+001
    endloop
  endfacet
  facet normal -9.999999e-001  0.000000e+000  0.000000e+000
    outer loop
      vertex  4.400000e+000 -9.919614e-016  1.620000e+001
      vertex  4.400000e+000 -1.589003e+000  1.993678e+001
      vertex  4.400000e+000 -1.192302e+000  1.996443e+001
    endloop
  endfacet
  facet normal -1.000000e+000  0.000000e+000  0.000000e+000
    outer loop
      vertex  4.400000e+000 -9.919614e-016  1.620000e+001
      vertex  4.400000e+000 -1.192302e+000  1.996443e+001
      vertex  4.400000e+000 -7.951303e-001  1.998419e+001
    endloop
  endfacet
  facet normal -1.000000e+000  0.000000e+000  0.000000e+000
    outer loop
      vertex  4.400000e+000 -9.919614e-016  1.620000e+001
      vertex  4.400000e+000 -7.951303e-001  1.998419e+001
      vertex  4.400000e+000 -3.976437e-001  1.999605e+001
    endloop
  endfacet
  facet normal -1.000000e+000  0.000000e+000  0.000000e+000
    outer loop
      vertex  4.400000e+000 -9.919614e-016  1.620000e+001
      vertex  4.400000e+000 -3.976437e-001  1.999605e+001
      vertex  4.400000e+000 -1.224606e-015  2.000000e+001
    endloop
  endfacet
  facet normal -1.000000e+000  0.000000e+000  0.000000e+000
    outer loop
      vertex  4.400000e+000 -9.919614e-016  1.620000e+001
      vertex  4.400000e+000 -1.224606e-015  2.000000e+001
      vertex  4.400000e+000  3.976437e-001  1.999605e+001
    endloop
  endfacet
  facet normal -1.000000e+000  0.000000e+000  -0.000000e+000
    outer loop
      vertex  4.400000e+000 -9.919614e-016  1.620000e+001
      vertex  4.400000e+000  3.976437e-001  1.999605e+001
      vertex  4.400000e+000  7.951303e-001  1.998419e+001
    endloop
  endfacet
  facet normal -1.000000e+000  0.000000e+000  -0.000000e+000
    outer loop
      vertex  4.400000e+000 -9.919614e-016  1.620000e+001
      vertex  4.400000e+000  7.951303e-001  1.998419e+001
      vertex  4.400000e+000  1.192302e+000  1.996443e+001
    endloop
  endfacet
  facet normal -9.999999e-001  0.000000e+000  -0.000000e+000
    outer loop
      vertex  4.400000e+000 -9.919614e-016  1.620000e+001
      vertex  4.400000e+000  1.192302e+000  1.996443e+001
      vertex  4.400000e+000  1.589003e+000  1.993678e+001
    endloop
  endfacet
  facet normal -1.000000e+000  0.000000e+000  -0.000000e+000
    outer loop
      vertex  4.400000e+000 -9.919614e-016  1.620000e+001
      vertex  4.400000e+000  1.589003e+000  1.993678e+001
      vertex  4.400000e+000  1.985076e+000  1.990124e+001
    endloop
  endfacet
  facet normal -1.000000e+000  0.000000e+000  -0.000000e+000
    outer loop
      vertex  4.400000e+000 -9.919614e-016  1.620000e+001
      vertex  4.400000e+000  1.985076e+000  1.990124e+001
      vertex  4.400000e+000  2.380364e+000  1.985784e+001
    endloop
  endfacet
  facet normal -1.000000e+000  0.000000e+000  -0.000000e+000
    outer loop
      vertex  4.400000e+000 -9.919614e-016  1.620000e+001
      vertex  4.400000e+000  2.380364e+000  1.985784e+001
      vertex  4.400000e+000  2.774711e+000  1.980659e+001
    endloop
  endfacet
  facet normal -1.000000e+000  0.000000e+000  -0.000000e+000
    outer loop
      vertex  4.400000e+000 -9.919614e-016  1.620000e+001
      vertex  4.400000e+000  2.774711e+000  1.980659e+001
      vertex  4.400000e+000  3.167960e+000  1.974751e+001
    endloop
  endfacet
  facet normal -1.000000e+000  0.000000e+000  -0.000000e+000
    outer loop
      vertex  4.400000e+000 -9.919614e-016  1.620000e+001
      vertex  4.400000e+000  3.167960e+000  1.974751e+001
      vertex  4.400000e+000  3.559958e+000  1.968062e+001
    endloop
  endfacet
  facet normal -9.999999e-001  0.000000e+000  -0.000000e+000
    outer loop
      vertex  4.400000e+000 -9.919614e-016  1.620000e+001
      vertex  4.400000e+000  3.559958e+000  1.968062e+001
      vertex  4.400000e+000  3.950548e+000  1.960595e+001
    endloop
  endfacet
  facet normal -1.000000e+000  0.000000e+000  -0.000000e+000
    outer loop
      vertex  4.400000e+000 -9.919614e-016  1.620000e+001
      vertex  4.400000e+000  3.950548e+000  1.960595e+001
      vertex  4.400000e+000  4.339576e+000  1.952353e+001
    endloop
  endfacet
  facet normal -1.000000e+000  0.000000e+000  -0.000000e+000
    outer loop
      vertex  4.400000e+000 -9.919614e-016  1.620000e+001
      vertex  4.400000e+000  4.339576e+000  1.952353e+001
      vertex  4.400000e+000  4.726889e+000  1.943339e+001
    endloop
  endfacet
  facet normal -1.000000e+000  0.000000e+000  -0.000000e+000
    outer loop
      vertex  4.400000e+000 -9.919614e-016  1.620000e+001
      vertex  4.400000e+000  4.726889e+000  1.943339e+001
      vertex  4.400000e+000  5.112333e+000  1.933556e+001
    endloop
  endfacet
  facet normal -9.999999e-001  0.000000e+000  -0.000000e+000
    outer loop
      vertex  4.400000e+000 -9.919614e-016  1.620000e+001
      vertex  4.400000e+000  5.112333e+000  1.933556e+001
      vertex  4.400000e+000  5.495755e+000  1.923010e+001
    endloop
  endfacet
  facet normal -1.000000e+000  0.000000e+000  -0.000000e+000
    outer loop
      vertex  4.400000e+000 -9.919614e-016  1.620000e+001
      vertex  4.400000e+000  5.495755e+000  1.923010e+001
      vertex  4.400000e+000  5.877006e+000  1.911703e+001
    endloop
  endfacet
  facet normal -9.999999e-001  0.000000e+000  -0.000000e+000
    outer loop
      vertex  4.400000e+000 -9.919614e-016  1.620000e+001
      vertex  4.400000e+000  5.877006e+000  1.911703e+001
      vertex  4.400000e+000  6.255932e+000  1.899640e+001
    endloop
  endfacet
  facet normal -9.999999e-001  0.000000e+000  -0.000000e+000
    outer loop
      vertex  4.400000e+000 -9.919614e-016  1.620000e+001
      vertex  4.400000e+000  6.255932e+000  1.899640e+001
      vertex  4.400000e+000  6.632386e+000  1.886827e+001
    endloop
  endfacet
  facet normal -9.999999e-001  0.000000e+000  -0.000000e+000
    outer loop
      vertex  4.400000e+000 -9.919614e-016  1.620000e+001
      vertex  4.400000e+000  6.632386e+000  1.886827e+001
      vertex  4.400000e+000  7.006217e+000  1.873267e+001
    endloop
  endfacet
  facet normal -9.999999e-001  0.000000e+000  -0.000000e+000
    outer loop
      vertex  4.400000e+000 -9.919614e-016  1.620000e+001
      vertex  4.400000e+000  7.006217e+000  1.873267e+001
      vertex  4.400000e+000  7.377278e+000  1.858967e+001
    endloop
  endfacet
  facet normal -1.000000e+000  0.000000e+000  -0.000000e+000
    outer loop
      vertex  4.400000e+000 -9.919614e-016  1.620000e+001
      vertex  4.400000e+000  7.377278e+000  1.858967e+001
      vertex  4.400000e+000  7.745423e+000  1.843932e+001
    endloop
  endfacet
  facet normal -1.000000e+000  0.000000e+000  -0.000000e+000
    outer loop
      vertex  4.400000e+000 -9.919614e-016  1.620000e+001
      vertex  4.400000e+000  7.745423e+000  1.843932e+001
      vertex  4.400000e+000  8.110506e+000  1.828168e+001
    endloop
  endfacet
  facet normal -1.000000e+000  0.000000e+000  -0.000000e+000
    outer loop
      vertex  4.400000e+000 -9.919614e-016  1.620000e+001
      vertex  4.400000e+000  8.110506e+000  1.828168e+001
      vertex  4.400000e+000  8.472383e+000  1.811681e+001
    endloop
  endfacet
  facet normal -1.000000e+000  0.000000e+000  -0.000000e+000
    outer loop
      vertex  4.400000e+000 -9.919614e-016  1.620000e+001
      vertex  4.400000e+000  8.472383e+000  1.811681e+001
      vertex  4.400000e+000  8.830910e+000  1.794478e+001
    endloop
  endfacet
  facet normal -1.000000e+000  0.000000e+000  -0.000000e+000
    outer loop
      vertex  4.400000e+000 -9.919614e-016  1.620000e+001
      vertex  4.400000e+000  8.830910e+000  1.794478e+001
      vertex  4.400000e+000  9.185946e+000  1.776565e+001
    endloop
  endfacet
  facet normal -1.000000e+000  0.000000e+000  -0.000000e+000
    outer loop
      vertex  4.400000e+000 -9.919614e-016  1.620000e+001
      vertex  4.400000e+000  9.185946e+000  1.776565e+001
      vertex  4.400000e+000  9.537350e+000  1.757950e+001
    endloop
  endfacet
  facet normal -1.000000e+000  0.000000e+000  -0.000000e+000
    outer loop
      vertex  4.400000e+000 -9.919614e-016  1.620000e+001
      vertex  4.400000e+000  9.537350e+000  1.757950e+001
      vertex  4.400000e+000  9.884984e+000  1.738641e+001
    endloop
  endfacet
  facet normal -1.000000e+000  0.000000e+000  -0.000000e+000
    outer loop
      vertex  4.400000e+000 -9.919614e-016  1.620000e+001
      vertex  4.400000e+000  9.884984e+000  1.738641e+001
      vertex  4.400000e+000  1.022871e+001  1.718643e+001
    endloop
  endfacet
  facet normal -1.000000e+000  0.000000e+000  -0.000000e+000
    outer loop
      vertex  4.400000e+000 -9.919614e-016  1.620000e+001
      vertex  4.400000e+000  1.022871e+001  1.718643e+001
      vertex  4.400000e+000  1.056839e+001  1.697967e+001
    endloop
  endfacet
  facet normal -1.000000e+000  0.000000e+000  -0.000000e+000
    outer loop
      vertex  4.400000e+000 -9.919614e-016  1.620000e+001
      vertex  4.400000e+000  1.056839e+001  1.697967e+001
      vertex  4.400000e+000  1.090390e+001  1.676619e+001
    endloop
  endfacet
  facet normal -9.999999e-001  0.000000e+000  -0.000000e+000
    outer loop
      vertex  4.400000e+000 -9.919614e-016  1.620000e+001
      vertex  4.400000e+000  1.090390e+001  1.676619e+001
      vertex  4.400000e+000  1.123509e+001  1.654608e+001
    endloop
  endfacet
  facet normal -1.000000e+000  0.000000e+000  0.000000e+000
    outer loop
      vertex  4.400000e+000 -9.919614e-016  1.620000e+001
      vertex  4.400000e+000  1.123509e+001  1.654608e+001
      vertex  4.400000e+000  9.655988e-002  1.619611e+001
    endloop
  endfacet
  facet normal -1.000000e+000  0.000000e+000  0.000000e+000
    outer loop
      vertex  4.400000e+000  2.388073e-015 -1.380000e+001
      vertex  4.400000e+000  1.056031e+001  1.334202e+001
      vertex  4.400000e+000  1.053407e+001  1.325882e+001
    endloop
  endfacet
  facet normal -1.000000e+000  0.000000e+000  0.000000e+000
    outer loop
      vertex  4.400000e+000  2.388073e-015 -1.380000e+001
      vertex  4.400000e+000  1.053407e+001  1.325882e+001
      vertex  4.400000e+000  1.051519e+001  1.317365e+001
    endloop
  endfacet
  facet normal -9.999999e-001  0.000000e+000  0.000000e+000
    outer loop
      vertex  4.400000e+000  2.388073e-015 -1.380000e+001
      vertex  4.400000e+000  1.051519e+001  1.317365e+001
      vertex  4.400000e+000  1.050381e+001  1.308716e+001
    endloop
  endfacet
  facet normal -1.000000e+000  0.000000e+000  0.000000e+000
    outer loop
      vertex  4.400000e+000  2.388073e-015 -1.380000e+001
      vertex  4.400000e+000  1.050381e+001  1.308716e+001
      vertex  4.400000e+000  1.050000e+001  1.300000e+001
    endloop
  endfacet
  facet normal -1.000000e+000  0.000000e+000  -0.000000e+000
    outer loop
      vertex  4.400000e+000  2.388073e-015 -1.380000e+001
      vertex  4.400000e+000  1.050000e+001  1.300000e+001
      vertex  4.400000e+000  1.050381e+001  1.291284e+001
    endloop
  endfacet
  facet normal -1.000000e+000  0.000000e+000  -0.000000e+000
    outer loop
      vertex  4.400000e+000  2.388073e-015 -1.380000e+001
      vertex  4.400000e+000  1.050381e+001  1.291284e+001
      vertex  4.400000e+000  1.051519e+001  1.282635e+001
    endloop
  endfacet
  facet normal -1.000000e+000  0.000000e+000  -0.000000e+000
    outer loop
      vertex  4.400000e+000  2.388073e-015 -1.380000e+001
      vertex  4.400000e+000  1.051519e+001  1.282635e+001
      vertex  4.400000e+000  1.053407e+001  1.274118e+001
    endloop
  endfacet
  facet normal -1.000000e+000  0.000000e+000  -0.000000e+000
    outer loop
      vertex  4.400000e+000  2.388073e-015 -1.380000e+001
      vertex  4.400000e+000  1.053407e+001  1.274118e+001
      vertex  4.400000e+000  1.056031e+001  1.265798e+001
    endloop
  endfacet
  facet normal -1.000000e+000  0.000000e+000  -0.000000e+000
    outer loop
      vertex  4.400000e+000  2.388073e-015 -1.380000e+001
      vertex  4.400000e+000  1.056031e+001  1.265798e+001
      vertex  4.400000e+000  1.059369e+001  1.257738e+001
    endloop
  endfacet
  facet normal -1.000000e+000  0.000000e+000  -0.000000e+000
    outer loop
      vertex  4.400000e+000  2.388073e-015 -1.380000e+001
      vertex  4.400000e+000  1.059369e+001  1.257738e+001
      vertex  4.400000e+000  1.063398e+001  1.250000e+001
    endloop
  endfacet
  facet normal -1.000000e+000  0.000000e+000  -0.000000e+000
    outer loop
      vertex  4.400000e+000  2.388073e-015 -1.380000e+001
      vertex  4.400000e+000  1.063398e+001  1.250000e+001
      vertex  4.400000e+000  1.068085e+001  1.242642e+001
    endloop
  endfacet
  facet normal -1.000000e+000  0.000000e+000  -0.000000e+000
    outer loop
      vertex  4.400000e+000  2.388073e-015 -1.380000e+001
      vertex  4.400000e+000  1.068085e+001  1.242642e+001
      vertex  4.400000e+000  1.073396e+001  1.235721e+001
    endloop
  endfacet
  facet normal -1.000000e+000  0.000000e+000  -0.000000e+000
    outer loop
      vertex  4.400000e+000  2.388073e-015 -1.380000e+001
      vertex  4.400000e+000  1.073396e+001  1.235721e+001
      vertex  4.400000e+000  1.079289e+001  1.229289e+001
    endloop
  endfacet
  facet normal -1.000000e+000  0.000000e+000  -0.000000e+000
    outer loop
      vertex  4.400000e+000  2.388073e-015 -1.380000e+001
      vertex  4.400000e+000  1.079289e+001  1.229289e+001
      vertex  4.400000e+000  1.085721e+001  1.223396e+001
    endloop
  endfacet
  facet normal -9.999999e-001  0.000000e+000  -0.000000e+000
    outer loop
      vertex  4.400000e+000  2.388073e-015 -1.380000e+001
      vertex  4.400000e+000  1.085721e+001  1.223396e+001
      vertex  4.400000e+000  1.092642e+001  1.218085e+001
    endloop
  endfacet
  facet normal -1.000000e+000  0.000000e+000  -0.000000e+000
    outer loop
      vertex  4.400000e+000  2.388073e-015 -1.380000e+001
      vertex  4.400000e+000  1.092642e+001  1.218085e+001
      vertex  4.400000e+000  1.100000e+001  1.213398e+001
    endloop
  endfacet
  facet normal -9.999999e-001  0.000000e+000  -0.000000e+000
    outer loop
      vertex  4.400000e+000  2.388073e-015 -1.380000e+001
      vertex  4.400000e+000  1.100000e+001  1.213398e+001
      vertex  4.400000e+000  1.107738e+001  1.209369e+001
    endloop
  endfacet
  facet normal -1.000000e+000  0.000000e+000  -0.000000e+000
    outer loop
      vertex  4.400000e+000  2.388073e-015 -1.380000e+001
      vertex  4.400000e+000  1.107738e+001  1.209369e+001
      vertex  4.400000e+000  1.115798e+001  1.206031e+001
    endloop
  endfacet
  facet normal -1.000000e+000  0.000000e+000  -0.000000e+000
    outer loop
      vertex  4.400000e+000  2.388073e-015 -1.380000e+001
      vertex  4.400000e+000  1.115798e+001  1.206031e+001
      vertex  4.400000e+000  1.124118e+001  1.203407e+001
    endloop
  endfacet
  facet normal -1.000000e+000  0.000000e+000  -0.000000e+000
    outer loop
      vertex  4.400000e+000  2.388073e-015 -1.380000e+001
      vertex  4.400000e+000  1.124118e+001  1.203407e+001
      vertex  4.400000e+000  1.132635e+001  1.201519e+001
    endloop
  endfacet
  facet normal -1.000000e+000  0.000000e+000  -0.000000e+000
    outer loop
      vertex  4.400000e+000  2.388073e-015 -1.380000e+001
      vertex  4.400000e+000  1.132635e+001  1.201519e+001
      vertex  4.400000e+000  1.141284e+001  1.200381e+001
    endloop
  endfacet
  facet normal -1.000000e+000  0.000000e+000  -0.000000e+000
    outer loop
      vertex  4.400000e+000  2.388073e-015 -1.380000e+001
      vertex  4.400000e+000  1.141284e+001  1.200381e+001
      vertex  4.400000e+000  1.150000e+001  1.200000e+001
    endloop
  endfacet
  facet normal -9.999999e-001  0.000000e+000  0.000000e+000
    outer loop
      vertex  4.400000e+000 -1.150000e+001  1.400000e+001
      vertex  4.400000e+000 -1.158716e+001  1.399619e+001
      vertex  4.400000e+000 -1.428203e+001  1.400084e+001
    endloop
  endfacet
  facet normal -1.000000e+000  0.000000e+000  0.000000e+000
    outer loop
      vertex  4.400000e+000 -1.150000e+001  1.400000e+001
      vertex  4.400000e+000 -1.428203e+001  1.400084e+001
      vertex  4.400000e+000 -1.400084e+001  1.428203e+001
    endloop
  endfacet
  facet normal -1.000000e+000  0.000000e+000  0.000000e+000
    outer loop
      vertex  4.400000e+000 -1.150000e+001  1.400000e+001
      vertex  4.400000e+000 -1.400084e+001  1.428203e+001
      vertex  4.400000e+000 -1.371412e+001  1.455758e+001
    endloop
  endfacet
  facet normal -1.000000e+000  0.000000e+000  0.000000e+000
    outer loop
      vertex  4.400000e+000 -1.150000e+001  1.400000e+001
      vertex  4.400000e+000 -1.371412e+001  1.455758e+001
      vertex  4.400000e+000 -1.342197e+001  1.482736e+001
    endloop
  endfacet
  facet normal -1.000000e+000  0.000000e+000  0.000000e+000
    outer loop
      vertex  4.400000e+000 -1.150000e+001  1.400000e+001
      vertex  4.400000e+000 -1.342197e+001  1.482736e+001
      vertex  4.400000e+000 -1.312451e+001  1.509129e+001
    endloop
  endfacet
  facet normal -9.999999e-001  0.000000e+000  0.000000e+000
    outer loop
      vertex  4.400000e+000 -1.150000e+001  1.400000e+001
      vertex  4.400000e+000 -1.312451e+001  1.509129e+001
      vertex  4.400000e+000 -1.282187e+001  1.534925e+001
    endloop
  endfacet
  facet normal -1.000000e+000  0.000000e+000  0.000000e+000
    outer loop
      vertex  4.400000e+000 -1.150000e+001  1.400000e+001
      vertex  4.400000e+000 -1.282187e+001  1.534925e+001
      vertex  4.400000e+000 -1.251416e+001  1.560115e+001
    endloop
  endfacet
  facet normal -1.000000e+000  0.000000e+000  0.000000e+000
    outer loop
      vertex  4.400000e+000 -1.150000e+001  1.400000e+001
      vertex  4.400000e+000 -1.251416e+001  1.560115e+001
      vertex  4.400000e+000 -1.220150e+001  1.584687e+001
    endloop
  endfacet
  facet normal -1.000000e+000  0.000000e+000  0.000000e+000
    outer loop
      vertex  4.400000e+000 -1.150000e+001  1.400000e+001
      vertex  4.400000e+000 -1.220150e+001  1.584687e+001
      vertex  4.400000e+000 -1.188402e+001  1.608633e+001
    endloop
  endfacet
  facet normal -1.000000e+000  0.000000e+000  0.000000e+000
    outer loop
      vertex  4.400000e+000 -1.150000e+001  1.400000e+001
      vertex  4.400000e+000 -1.188402e+001  1.608633e+001
      vertex  4.400000e+000 -1.156184e+001  1.631943e+001
    endloop
  endfacet
  facet normal -1.000000e+000  0.000000e+000  0.000000e+000
    outer loop
      vertex  4.400000e+000 -1.150000e+001  1.400000e+001
      vertex  4.400000e+000 -1.156184e+001  1.631943e+001
      vertex  4.400000e+000 -1.123509e+001  1.654608e+001
    endloop
  endfacet
  facet normal -1.000000e+000  0.000000e+000  -0.000000e+000
    outer loop
      vertex  4.400000e+000 -1.150000e+001  1.400000e+001
      vertex  4.400000e+000 -1.123509e+001  1.654608e+001
      vertex  4.400000e+000 -1.924935e-001  1.618446e+001
    endloop
  endfacet
  facet normal -9.999999e-001  0.000000e+000  0.000000e+000
    outer loop
      vertex  4.400000e+000 -1.150000e+001  1.400000e+001
      vertex  4.400000e+000 -1.924935e-001  1.618446e+001
      vertex  4.400000e+000 -2.871788e-001  1.616513e+001
    endloop
  endfacet
  facet normal -1.000000e+000  0.000000e+000  0.000000e+000
    outer loop
      vertex  4.400000e+000 -1.150000e+001  1.400000e+001
      vertex  4.400000e+000 -2.871788e-001  1.616513e+001
      vertex  4.400000e+000 -3.800016e-001  1.613824e+001
    endloop
  endfacet
  facet normal -1.000000e+000  0.000000e+000  0.000000e+000
    outer loop
      vertex  4.400000e+000 -1.150000e+001  1.400000e+001
      vertex  4.400000e+000 -3.800016e-001  1.613824e+001
      vertex  4.400000e+000 -4.703599e-001  1.610398e+001
    endloop
  endfacet
  facet normal -1.000000e+000  0.000000e+000  0.000000e+000
    outer loop
      vertex  4.400000e+000 -1.150000e+001  1.400000e+001
      vertex  4.400000e+000 -4.703599e-001  1.610398e+001
      vertex  4.400000e+000 -5.576678e-001  1.606255e+001
    endloop
  endfacet
  facet normal -9.999999e-001  0.000000e+000  0.000000e+000
    outer loop
      vertex  4.400000e+000 -1.150000e+001  1.400000e+001
      vertex  4.400000e+000 -5.576678e-001  1.606255e+001
      vertex  4.400000e+000 -6.413590e-001  1.601423e+001
    endloop
  endfacet
  facet normal -1.000000e+000  0.000000e+000  0.000000e+000
    outer loop
      vertex  4.400000e+000 -1.150000e+001  1.400000e+001
      vertex  4.400000e+000 -6.413590e-001  1.601423e+001
      vertex  4.400000e+000 -7.208907e-001  1.595933e+001
    endloop
  endfacet
  facet normal -1.000000e+000  0.000000e+000  0.000000e+000
    outer loop
      vertex  4.400000e+000 -1.150000e+001  1.400000e+001
      vertex  4.400000e+000 -7.208907e-001  1.595933e+001
      vertex  4.400000e+000 -7.957472e-001  1.589821e+001
    endloop
  endfacet
  facet normal -1.000000e+000  0.000000e+000  0.000000e+000
    outer loop
      vertex  4.400000e+000 -1.150000e+001  1.400000e+001
      vertex  4.400000e+000 -7.957472e-001  1.589821e+001
      vertex  4.400000e+000 -8.654429e-001  1.583127e+001
    endloop
  endfacet
  facet normal -1.000000e+000  0.000000e+000  0.000000e+000
    outer loop
      vertex  4.400000e+000 -1.150000e+001  1.400000e+001
      vertex  4.400000e+000 -8.654429e-001  1.583127e+001
      vertex  4.400000e+000 -9.295260e-001  1.575893e+001
    endloop
  endfacet
  facet normal -1.000000e+000  0.000000e+000  0.000000e+000
    outer loop
      vertex  4.400000e+000 -1.150000e+001  1.400000e+001
      vertex  4.400000e+000 -9.295260e-001  1.575893e+001
      vertex  4.400000e+000 -9.875807e-001  1.568168e+001
    endloop
  endfacet
  facet normal -1.000000e+000  0.000000e+000  0.000000e+000
    outer loop
      vertex  4.400000e+000 -1.150000e+001  1.400000e+001
      vertex  4.400000e+000 -9.875807e-001  1.568168e+001
      vertex  4.400000e+000 -1.039230e+000  1.560000e+001
    endloop
  endfacet
  facet normal -1.000000e+000  0.000000e+000  0.000000e+000
    outer loop
      vertex  4.400000e+000 -1.150000e+001  1.400000e+001
      vertex  4.400000e+000 -1.039230e+000  1.560000e+001
      vertex  4.400000e+000 -1.084141e+000  1.551443e+001
    endloop
  endfacet
  facet normal -9.999999e-001  0.000000e+000  0.000000e+000
    outer loop
      vertex  4.400000e+000 -1.150000e+001  1.400000e+001
      vertex  4.400000e+000 -1.084141e+000  1.551443e+001
      vertex  4.400000e+000 -1.122020e+000  1.542553e+001
    endloop
  endfacet
  facet normal -1.000000e+000  0.000000e+000  0.000000e+000
    outer loop
      vertex  4.400000e+000 -1.150000e+001  1.400000e+001
      vertex  4.400000e+000 -1.122020e+000  1.542553e+001
      vertex  4.400000e+000 -1.152622e+000  1.533386e+001
    endloop
  endfacet
  facet normal -9.999999e-001  0.000000e+000  0.000000e+000
    outer loop
      vertex  4.400000e+000 -1.150000e+001  1.400000e+001
      vertex  4.400000e+000 -1.152622e+000  1.533386e+001
      vertex  4.400000e+000 -1.175749e+000  1.524003e+001
    endloop
  endfacet
  facet normal -1.000000e+000  0.000000e+000  0.000000e+000
    outer loop
      vertex  4.400000e+000 -1.150000e+001  1.400000e+001
      vertex  4.400000e+000 -1.175749e+000  1.524003e+001
      vertex  4.400000e+000 -1.191251e+000  1.514464e+001
    endloop
  endfacet
  facet normal -1.000000e+000  0.000000e+000  0.000000e+000
    outer loop
      vertex  4.400000e+000 -1.150000e+001  1.400000e+001
      vertex  4.400000e+000 -1.191251e+000  1.514464e+001
      vertex  4.400000e+000 -1.199027e+000  1.504832e+001
    endloop
  endfacet
  facet normal -1.000000e+000  0.000000e+000  -0.000000e+000
    outer loop
      vertex  4.400000e+000 -1.150000e+001  1.400000e+001
      vertex  4.400000e+000 -1.199027e+000  1.504832e+001
      vertex  4.400000e+000 -1.199027e+000  1.495168e+001
    endloop
  endfacet
  facet normal -1.000000e+000  0.000000e+000  -0.000000e+000
    outer loop
      vertex  4.400000e+000 -1.150000e+001  1.400000e+001
      vertex  4.400000e+000 -1.199027e+000  1.495168e+001
      vertex  4.400000e+000 -1.191251e+000  1.485536e+001
    endloop
  endfacet
  facet normal -1.000000e+000  0.000000e+000  -0.000000e+000
    outer loop
      vertex  4.400000e+000 -1.150000e+001  1.400000e+001
      vertex  4.400000e+000 -1.191251e+000  1.485536e+001
      vertex  4.400000e+000 -1.175749e+000  1.475997e+001
    endloop
  endfacet
  facet normal -9.999999e-001  0.000000e+000  -0.000000e+000
    outer loop
      vertex  4.400000e+000 -1.150000e+001  1.400000e+001
      vertex  4.400000e+000 -1.175749e+000  1.475997e+001
      vertex  4.400000e+000 -1.152622e+000  1.466614e+001
    endloop
  endfacet
  facet normal -1.000000e+000  0.000000e+000  -0.000000e+000
    outer loop
      vertex  4.400000e+000 -1.150000e+001  1.400000e+001
      vertex  4.400000e+000 -1.152622e+000  1.466614e+001
      vertex  4.400000e+000 -1.122020e+000  1.457447e+001
    endloop
  endfacet
  facet normal -9.999999e-001  0.000000e+000  -0.000000e+000
    outer loop
      vertex  4.400000e+000 -1.150000e+001  1.400000e+001
      vertex  4.400000e+000 -1.122020e+000  1.457447e+001
      vertex  4.400000e+000 -1.084141e+000  1.448557e+001
    endloop
  endfacet
  facet normal -9.999999e-001  0.000000e+000  -0.000000e+000
    outer loop
      vertex  4.400000e+000 -1.150000e+001  1.400000e+001
      vertex  4.400000e+000 -1.084141e+000  1.448557e+001
      vertex  4.400000e+000 -1.039230e+000  1.440000e+001
    endloop
  endfacet
  facet normal -1.000000e+000  0.000000e+000  -0.000000e+000
    outer loop
      vertex  4.400000e+000 -1.150000e+001  1.400000e+001
      vertex  4.400000e+000 -1.039230e+000  1.440000e+001
      vertex  4.400000e+000 -9.875807e-001  1.431832e+001
    endloop
  endfacet
  facet normal -1.000000e+000  0.000000e+000  -0.000000e+000
    outer loop
      vertex  4.400000e+000 -1.150000e+001  1.400000e+001
      vertex  4.400000e+000 -9.875807e-001  1.431832e+001
      vertex  4.400000e+000 -9.295260e-001  1.424107e+001
    endloop
  endfacet
  facet normal -1.000000e+000  0.000000e+000  -0.000000e+000
    outer loop
      vertex  4.400000e+000 -1.150000e+001  1.400000e+001
      vertex  4.400000e+000 -9.295260e-001  1.424107e+001
      vertex  4.400000e+000 -8.654429e-001  1.416873e+001
    endloop
  endfacet
  facet normal -1.000000e+000  0.000000e+000  -0.000000e+000
    outer loop
      vertex  4.400000e+000 -1.150000e+001  1.400000e+001
      vertex  4.400000e+000 -8.654429e-001  1.416873e+001
      vertex  4.400000e+000 -7.957472e-001  1.410179e+001
    endloop
  endfacet
  facet normal -1.000000e+000  0.000000e+000  -0.000000e+000
    outer loop
      vertex  4.400000e+000 -1.150000e+001  1.400000e+001
      vertex  4.400000e+000 -7.957472e-001  1.410179e+001
      vertex  4.400000e+000 -7.208907e-001  1.404067e+001
    endloop
  endfacet
  facet normal -1.000000e+000  0.000000e+000  -0.000000e+000
    outer loop
      vertex  4.400000e+000 -1.150000e+001  1.400000e+001
      vertex  4.400000e+000 -7.208907e-001  1.404067e+001
      vertex  4.400000e+000 -6.413590e-001  1.398577e+001
    endloop
  endfacet
  facet normal -1.000000e+000  0.000000e+000  0.000000e+000
    outer loop
      vertex  4.400000e+000 -1.150000e+001  1.400000e+001
      vertex  4.400000e+000 -6.413590e-001  1.398577e+001
      vertex  4.400000e+000 -1.141284e+001  1.399619e+001
    endloop
  endfacet
  facet normal -9.999999e-001  0.000000e+000  0.000000e+000
    outer loop
      vertex  4.400000e+000 -5.576678e-001  1.393745e+001
      vertex  4.400000e+000 -4.703599e-001  1.389602e+001
      vertex  4.400000e+000 -1.107738e+001  1.390631e+001
    endloop
  endfacet
  facet normal -1.000000e+000  0.000000e+000  0.000000e+000
    outer loop
      vertex  4.400000e+000 -5.576678e-001  1.393745e+001
      vertex  4.400000e+000 -1.107738e+001  1.390631e+001
      vertex  4.400000e+000 -1.115798e+001  1.393969e+001
    endloop
  endfacet
  facet normal -1.000000e+000  0.000000e+000  0.000000e+000
    outer loop
      vertex  4.400000e+000 -5.576678e-001  1.393745e+001
      vertex  4.400000e+000 -1.115798e+001  1.393969e+001
      vertex  4.400000e+000 -1.124118e+001  1.396593e+001
    endloop
  endfacet
  facet normal -9.999999e-001  0.000000e+000  0.000000e+000
    outer loop
      vertex  4.400000e+000 -5.576678e-001  1.393745e+001
      vertex  4.400000e+000 -1.124118e+001  1.396593e+001
      vertex  4.400000e+000 -1.132635e+001  1.398481e+001
    endloop
  endfacet
  facet normal -1.000000e+000  0.000000e+000  0.000000e+000
    outer loop
      vertex  4.400000e+000 -5.576678e-001  1.393745e+001
      vertex  4.400000e+000 -1.132635e+001  1.398481e+001
      vertex  4.400000e+000 -6.413590e-001  1.398577e+001
    endloop
  endfacet
  facet normal -9.999999e-001  0.000000e+000  0.000000e+000
    outer loop
      vertex  4.400000e+000  3.673819e-015 -2.000000e+001
      vertex  4.400000e+000 -3.976437e-001 -1.999605e+001
      vertex  4.400000e+000 -7.951303e-001 -1.998419e+001
    endloop
  endfacet
  facet normal -1.000000e+000  0.000000e+000  0.000000e+000
    outer loop
      vertex  4.400000e+000  3.673819e-015 -2.000000e+001
      vertex  4.400000e+000 -7.951303e-001 -1.998419e+001
      vertex  4.400000e+000 -1.192302e+000 -1.996443e+001
    endloop
  endfacet
  facet normal -1.000000e+000  0.000000e+000  0.000000e+000
    outer loop
      vertex  4.400000e+000  3.673819e-015 -2.000000e+001
      vertex  4.400000e+000 -1.192302e+000 -1.996443e+001
      vertex  4.400000e+000 -1.589003e+000 -1.993678e+001
    endloop
  endfacet
  facet normal -1.000000e+000  0.000000e+000  0.000000e+000
    outer loop
      vertex  4.400000e+000  3.673819e-015 -2.000000e+001
      vertex  4.400000e+000 -1.589003e+000 -1.993678e+001
      vertex  4.400000e+000 -1.985076e+000 -1.990124e+001
    endloop
  endfacet
  facet normal -1.000000e+000  0.000000e+000  0.000000e+000
    outer loop
      vertex  4.400000e+000  3.673819e-015 -2.000000e+001
      vertex  4.400000e+000 -1.985076e+000 -1.990124e+001
      vertex  4.400000e+000 -2.380364e+000 -1.985784e+001
    endloop
  endfacet
  facet normal -1.000000e+000  0.000000e+000  0.000000e+000
    outer loop
      vertex  4.400000e+000  3.673819e-015 -2.000000e+001
      vertex  4.400000e+000 -2.380364e+000 -1.985784e+001
      vertex  4.400000e+000 -2.774711e+000 -1.980659e+001
    endloop
  endfacet
  facet normal -1.000000e+000  0.000000e+000  0.000000e+000
    outer loop
      vertex  4.400000e+000  3.673819e-015 -2.000000e+001
      vertex  4.400000e+000 -2.774711e+000 -1.980659e+001
      vertex  4.400000e+000 -3.167960e+000 -1.974751e+001
    endloop
  endfacet
  facet normal -1.000000e+000  0.000000e+000  0.000000e+000
    outer loop
      vertex  4.400000e+000  3.673819e-015 -2.000000e+001
      vertex  4.400000e+000 -3.167960e+000 -1.974751e+001
      vertex  4.400000e+000 -3.559958e+000 -1.968062e+001
    endloop
  endfacet
  facet normal -1.000000e+000  0.000000e+000  0.000000e+000
    outer loop
      vertex  4.400000e+000  3.673819e-015 -2.000000e+001
      vertex  4.400000e+000 -3.559958e+000 -1.968062e+001
      vertex  4.400000e+000 -3.950548e+000 -1.960595e+001
    endloop
  endfacet
  facet normal -1.000000e+000  0.000000e+000  0.000000e+000
    outer loop
      vertex  4.400000e+000  3.673819e-015 -2.000000e+001
      vertex  4.400000e+000 -3.950548e+000 -1.960595e+001
      vertex  4.400000e+000 -4.339576e+000 -1.952353e+001
    endloop
  endfacet
  facet normal -1.000000e+000  0.000000e+000  0.000000e+000
    outer loop
      vertex  4.400000e+000  3.673819e-015 -2.000000e+001
      vertex  4.400000e+000 -4.339576e+000 -1.952353e+001
      vertex  4.400000e+000 -4.726889e+000 -1.943339e+001
    endloop
  endfacet
  facet normal -1.000000e+000  0.000000e+000  0.000000e+000
    outer loop
      vertex  4.400000e+000  3.673819e-015 -2.000000e+001
      vertex  4.400000e+000 -4.726889e+000 -1.943339e+001
      vertex  4.400000e+000 -5.112333e+000 -1.933556e+001
    endloop
  endfacet
  facet normal -1.000000e+000  0.000000e+000  0.000000e+000
    outer loop
      vertex  4.400000e+000  3.673819e-015 -2.000000e+001
      vertex  4.400000e+000 -5.112333e+000 -1.933556e+001
      vertex  4.400000e+000 -5.495755e+000 -1.923010e+001
    endloop
  endfacet
  facet normal -1.000000e+000  0.000000e+000  0.000000e+000
    outer loop
      vertex  4.400000e+000  3.673819e-015 -2.000000e+001
      vertex  4.400000e+000 -5.495755e+000 -1.923010e+001
      vertex  4.400000e+000 -5.877006e+000 -1.911703e+001
    endloop
  endfacet
  facet normal -9.999999e-001  0.000000e+000  0.000000e+000
    outer loop
      vertex  4.400000e+000  3.673819e-015 -2.000000e+001
      vertex  4.400000e+000 -5.877006e+000 -1.911703e+001
      vertex  4.400000e+000 -6.255932e+000 -1.899640e+001
    endloop
  endfacet
  facet normal -9.999999e-001  0.000000e+000  0.000000e+000
    outer loop
      vertex  4.400000e+000  3.673819e-015 -2.000000e+001
      vertex  4.400000e+000 -6.255932e+000 -1.899640e+001
      vertex  4.400000e+000 -6.632386e+000 -1.886827e+001
    endloop
  endfacet
  facet normal -9.999999e-001  0.000000e+000  0.000000e+000
    outer loop
      vertex  4.400000e+000  3.673819e-015 -2.000000e+001
      vertex  4.400000e+000 -6.632386e+000 -1.886827e+001
      vertex  4.400000e+000 -7.006217e+000 -1.873267e+001
    endloop
  endfacet
  facet normal -1.000000e+000  0.000000e+000  0.000000e+000
    outer loop
      vertex  4.400000e+000  3.673819e-015 -2.000000e+001
      vertex  4.400000e+000 -7.006217e+000 -1.873267e+001
      vertex  4.400000e+000 -7.377278e+000 -1.858967e+001
    endloop
  endfacet
  facet normal -1.000000e+000  0.000000e+000  0.000000e+000
    outer loop
      vertex  4.400000e+000  3.673819e-015 -2.000000e+001
      vertex  4.400000e+000 -7.377278e+000 -1.858967e+001
      vertex  4.400000e+000 -7.745423e+000 -1.843932e+001
    endloop
  endfacet
  facet normal -1.000000e+000  0.000000e+000  0.000000e+000
    outer loop
      vertex  4.400000e+000  3.673819e-015 -2.000000e+001
      vertex  4.400000e+000 -7.745423e+000 -1.843932e+001
      vertex  4.400000e+000 -8.110506e+000 -1.828168e+001
    endloop
  endfacet
  facet normal -1.000000e+000  0.000000e+000  0.000000e+000
    outer loop
      vertex  4.400000e+000  3.673819e-015 -2.000000e+001
      vertex  4.400000e+000 -8.110506e+000 -1.828168e+001
      vertex  4.400000e+000 -8.472383e+000 -1.811681e+001
    endloop
  endfacet
  facet normal -1.000000e+000  0.000000e+000  0.000000e+000
    outer loop
      vertex  4.400000e+000  3.673819e-015 -2.000000e+001
      vertex  4.400000e+000 -8.472383e+000 -1.811681e+001
      vertex  4.400000e+000 -8.830910e+000 -1.794478e+001
    endloop
  endfacet
  facet normal -1.000000e+000  0.000000e+000  0.000000e+000
    outer loop
      vertex  4.400000e+000  3.673819e-015 -2.000000e+001
      vertex  4.400000e+000 -8.830910e+000 -1.794478e+001
      vertex  4.400000e+000 -9.185946e+000 -1.776565e+001
    endloop
  endfacet
  facet normal -1.000000e+000  0.000000e+000  0.000000e+000
    outer loop
      vertex  4.400000e+000  3.673819e-015 -2.000000e+001
      vertex  4.400000e+000 -9.185946e+000 -1.776565e+001
      vertex  4.400000e+000 -9.537350e+000 -1.757950e+001
    endloop
  endfacet
  facet normal -1.000000e+000  0.000000e+000  0.000000e+000
    outer loop
      vertex  4.400000e+000  3.673819e-015 -2.000000e+001
      vertex  4.400000e+000 -9.537350e+000 -1.757950e+001
      vertex  4.400000e+000 -9.884984e+000 -1.738641e+001
    endloop
  endfacet
  facet normal -1.000000e+000  0.000000e+000  0.000000e+000
    outer loop
      vertex  4.400000e+000  3.673819e-015 -2.000000e+001
      vertex  4.400000e+000 -9.884984e+000 -1.738641e+001
      vertex  4.400000e+000 -1.022871e+001 -1.718643e+001
    endloop
  endfacet
  facet normal -1.000000e+000  0.000000e+000  0.000000e+000
    outer loop
      vertex  4.400000e+000  3.673819e-015 -2.000000e+001
      vertex  4.400000e+000 -1.022871e+001 -1.718643e+001
      vertex  4.400000e+000 -1.056839e+001 -1.697967e+001
    endloop
  endfacet
  facet normal -1.000000e+000  0.000000e+000  0.000000e+000
    outer loop
      vertex  4.400000e+000  3.673819e-015 -2.000000e+001
      vertex  4.400000e+000 -1.056839e+001 -1.697967e+001
      vertex  4.400000e+000 -1.090390e+001 -1.676619e+001
    endloop
  endfacet
  facet normal -1.000000e+000  0.000000e+000  0.000000e+000
    outer loop
      vertex  4.400000e+000  3.673819e-015 -2.000000e+001
      vertex  4.400000e+000 -1.090390e+001 -1.676619e+001
      vertex  4.400000e+000 -1.123509e+001 -1.654608e+001
    endloop
  endfacet
  facet normal -1.000000e+000  0.000000e+000  0.000000e+000
    outer loop
      vertex  4.400000e+000  2.388073e-015 -1.380000e+001
      vertex  4.400000e+000 -1.150000e+001  1.200000e+001
      vertex  4.400000e+000 -1.141284e+001  1.200381e+001
    endloop
  endfacet
  facet normal -1.000000e+000  0.000000e+000  0.000000e+000
    outer loop
      vertex  4.400000e+000  2.388073e-015 -1.380000e+001
      vertex  4.400000e+000 -1.141284e+001  1.200381e+001
      vertex  4.400000e+000 -1.132635e+001  1.201519e+001
    endloop
  endfacet
  facet normal -1.000000e+000  0.000000e+000  0.000000e+000
    outer loop
      vertex  4.400000e+000  2.388073e-015 -1.380000e+001
      vertex  4.400000e+000 -1.132635e+001  1.201519e+001
      vertex  4.400000e+000 -1.124118e+001  1.203407e+001
    endloop
  endfacet
  facet normal -1.000000e+000  0.000000e+000  0.000000e+000
    outer loop
      vertex  4.400000e+000  2.388073e-015 -1.380000e+001
      vertex  4.400000e+000 -1.124118e+001  1.203407e+001
      vertex  4.400000e+000 -1.115798e+001  1.206031e+001
    endloop
  endfacet
  facet normal -1.000000e+000  0.000000e+000  0.000000e+000
    outer loop
      vertex  4.400000e+000  2.388073e-015 -1.380000e+001
      vertex  4.400000e+000 -1.115798e+001  1.206031e+001
      vertex  4.400000e+000 -1.107738e+001  1.209369e+001
    endloop
  endfacet
  facet normal -9.999999e-001  0.000000e+000  0.000000e+000
    outer loop
      vertex  4.400000e+000  2.388073e-015 -1.380000e+001
      vertex  4.400000e+000 -1.107738e+001  1.209369e+001
      vertex  4.400000e+000 -1.100000e+001  1.213398e+001
    endloop
  endfacet
  facet normal -1.000000e+000  0.000000e+000  0.000000e+000
    outer loop
      vertex  4.400000e+000  2.388073e-015 -1.380000e+001
      vertex  4.400000e+000 -1.100000e+001  1.213398e+001
      vertex  4.400000e+000 -1.092642e+001  1.218085e+001
    endloop
  endfacet
  facet normal -9.999999e-001  0.000000e+000  0.000000e+000
    outer loop
      vertex  4.400000e+000  2.388073e-015 -1.380000e+001
      vertex  4.400000e+000 -1.092642e+001  1.218085e+001
      vertex  4.400000e+000 -1.085721e+001  1.223396e+001
    endloop
  endfacet
  facet normal -1.000000e+000  0.000000e+000  0.000000e+000
    outer loop
      vertex  4.400000e+000  2.388073e-015 -1.380000e+001
      vertex  4.400000e+000 -1.085721e+001  1.223396e+001
      vertex  4.400000e+000 -1.079289e+001  1.229289e+001
    endloop
  endfacet
  facet normal -1.000000e+000  0.000000e+000  0.000000e+000
    outer loop
      vertex  4.400000e+000  2.388073e-015 -1.380000e+001
      vertex  4.400000e+000 -1.079289e+001  1.229289e+001
      vertex  4.400000e+000 -1.073396e+001  1.235721e+001
    endloop
  endfacet
  facet normal -1.000000e+000  0.000000e+000  0.000000e+000
    outer loop
      vertex  4.400000e+000  2.388073e-015 -1.380000e+001
      vertex  4.400000e+000 -1.073396e+001  1.235721e+001
      vertex  4.400000e+000 -1.068085e+001  1.242642e+001
    endloop
  endfacet
  facet normal -1.000000e+000  0.000000e+000  0.000000e+000
    outer loop
      vertex  4.400000e+000  2.388073e-015 -1.380000e+001
      vertex  4.400000e+000 -1.068085e+001  1.242642e+001
      vertex  4.400000e+000 -1.063398e+001  1.250000e+001
    endloop
  endfacet
  facet normal -1.000000e+000  0.000000e+000  0.000000e+000
    outer loop
      vertex  4.400000e+000  2.388073e-015 -1.380000e+001
      vertex  4.400000e+000 -1.063398e+001  1.250000e+001
      vertex  4.400000e+000 -1.059369e+001  1.257738e+001
    endloop
  endfacet
  facet normal -1.000000e+000  0.000000e+000  0.000000e+000
    outer loop
      vertex  4.400000e+000  2.388073e-015 -1.380000e+001
      vertex  4.400000e+000 -1.059369e+001  1.257738e+001
      vertex  4.400000e+000 -1.056031e+001  1.265798e+001
    endloop
  endfacet
  facet normal -1.000000e+000  0.000000e+000  0.000000e+000
    outer loop
      vertex  4.400000e+000  2.388073e-015 -1.380000e+001
      vertex  4.400000e+000 -1.056031e+001  1.265798e+001
      vertex  4.400000e+000 -1.053407e+001  1.274118e+001
    endloop
  endfacet
  facet normal -1.000000e+000  0.000000e+000  0.000000e+000
    outer loop
      vertex  4.400000e+000  2.388073e-015 -1.380000e+001
      vertex  4.400000e+000 -1.053407e+001  1.274118e+001
      vertex  4.400000e+000 -1.051519e+001  1.282635e+001
    endloop
  endfacet
  facet normal -1.000000e+000  0.000000e+000  0.000000e+000
    outer loop
      vertex  4.400000e+000  2.388073e-015 -1.380000e+001
      vertex  4.400000e+000 -1.051519e+001  1.282635e+001
      vertex  4.400000e+000 -1.050381e+001  1.291284e+001
    endloop
  endfacet
  facet normal -1.000000e+000  0.000000e+000  0.000000e+000
    outer loop
      vertex  4.400000e+000  2.388073e-015 -1.380000e+001
      vertex  4.400000e+000 -1.050381e+001  1.291284e+001
      vertex  4.400000e+000 -1.050000e+001  1.300000e+001
    endloop
  endfacet
  facet normal -1.000000e+000  0.000000e+000  0.000000e+000
    outer loop
      vertex  4.400000e+000  2.388073e-015 -1.380000e+001
      vertex  4.400000e+000 -1.050000e+001  1.300000e+001
      vertex  4.400000e+000 -1.050381e+001  1.308716e+001
    endloop
  endfacet
  facet normal -9.999999e-001  0.000000e+000  0.000000e+000
    outer loop
      vertex  4.400000e+000  2.388073e-015 -1.380000e+001
      vertex  4.400000e+000 -1.050381e+001  1.308716e+001
      vertex  4.400000e+000 -1.051519e+001  1.317365e+001
    endloop
  endfacet
  facet normal -1.000000e+000  0.000000e+000  0.000000e+000
    outer loop
      vertex  4.400000e+000  2.388073e-015 -1.380000e+001
      vertex  4.400000e+000 -1.051519e+001  1.317365e+001
      vertex  4.400000e+000 -1.053407e+001  1.325882e+001
    endloop
  endfacet
  facet normal -9.999999e-001  0.000000e+000  0.000000e+000
    outer loop
      vertex  4.400000e+000  2.388073e-015 -1.380000e+001
      vertex  4.400000e+000 -1.053407e+001  1.325882e+001
      vertex  4.400000e+000 -1.056031e+001  1.334202e+001
    endloop
  endfacet
  facet normal -1.000000e+000  0.000000e+000  -0.000000e+000
    outer loop
      vertex  4.400000e+000 -1.455758e+001  1.371412e+001
      vertex  4.400000e+000 -1.428203e+001  1.400084e+001
      vertex  4.400000e+000 -1.158716e+001  1.399619e+001
    endloop
  endfacet
  facet normal -1.000000e+000  0.000000e+000  0.000000e+000
    outer loop
      vertex  4.400000e+000 -1.455758e+001  1.371412e+001
      vertex  4.400000e+000 -1.158716e+001  1.399619e+001
      vertex  4.400000e+000 -1.167365e+001  1.398481e+001
    endloop
  endfacet
  facet normal -1.000000e+000  0.000000e+000  0.000000e+000
    outer loop
      vertex  4.400000e+000 -1.455758e+001  1.371412e+001
      vertex  4.400000e+000 -1.167365e+001  1.398481e+001
      vertex  4.400000e+000 -1.175882e+001  1.396593e+001
    endloop
  endfacet
  facet normal -1.000000e+000  0.000000e+000  0.000000e+000
    outer loop
      vertex  4.400000e+000 -1.455758e+001  1.371412e+001
      vertex  4.400000e+000 -1.175882e+001  1.396593e+001
      vertex  4.400000e+000 -1.184202e+001  1.393969e+001
    endloop
  endfacet
  facet normal -1.000000e+000  0.000000e+000  0.000000e+000
    outer loop
      vertex  4.400000e+000 -1.455758e+001  1.371412e+001
      vertex  4.400000e+000 -1.184202e+001  1.393969e+001
      vertex  4.400000e+000 -1.192262e+001  1.390631e+001
    endloop
  endfacet
  facet normal -1.000000e+000  0.000000e+000  0.000000e+000
    outer loop
      vertex  4.400000e+000 -1.455758e+001  1.371412e+001
      vertex  4.400000e+000 -1.192262e+001  1.390631e+001
      vertex  4.400000e+000 -1.200000e+001  1.386602e+001
    endloop
  endfacet
  facet normal -9.999999e-001  0.000000e+000  0.000000e+000
    outer loop
      vertex  4.400000e+000 -1.455758e+001  1.371412e+001
      vertex  4.400000e+000 -1.200000e+001  1.386602e+001
      vertex  4.400000e+000 -1.207358e+001  1.381915e+001
    endloop
  endfacet
  facet normal -9.999999e-001  0.000000e+000  0.000000e+000
    outer loop
      vertex  4.400000e+000 -1.455758e+001  1.371412e+001
      vertex  4.400000e+000 -1.207358e+001  1.381915e+001
      vertex  4.400000e+000 -1.214279e+001  1.376604e+001
    endloop
  endfacet
  facet normal -1.000000e+000  0.000000e+000  0.000000e+000
    outer loop
      vertex  4.400000e+000 -1.455758e+001  1.371412e+001
      vertex  4.400000e+000 -1.214279e+001  1.376604e+001
      vertex  4.400000e+000 -1.220711e+001  1.370711e+001
    endloop
  endfacet
  facet normal -1.000000e+000  0.000000e+000  -0.000000e+000
    outer loop
      vertex  4.400000e+000 -1.998419e+001  7.951303e-001
      vertex  4.400000e+000 -1.996443e+001  1.192302e+000
      vertex  4.400000e+000 -1.514464e+001  1.191251e+000
    endloop
  endfacet
  facet normal -1.000000e+000  0.000000e+000  0.000000e+000
    outer loop
      vertex  4.400000e+000 -1.998419e+001  7.951303e-001
      vertex  4.400000e+000 -1.514464e+001  1.191251e+000
      vertex  4.400000e+000 -1.524003e+001  1.175749e+000
    endloop
  endfacet
  facet normal -1.000000e+000  0.000000e+000  0.000000e+000
    outer loop
      vertex  4.400000e+000 -1.998419e+001  7.951303e-001
      vertex  4.400000e+000 -1.524003e+001  1.175749e+000
      vertex  4.400000e+000 -1.533386e+001  1.152622e+000
    endloop
  endfacet
  facet normal -1.000000e+000  0.000000e+000  0.000000e+000
    outer loop
      vertex  4.400000e+000 -1.998419e+001  7.951303e-001
      vertex  4.400000e+000 -1.533386e+001  1.152622e+000
      vertex  4.400000e+000 -1.542553e+001  1.122020e+000
    endloop
  endfacet
  facet normal -1.000000e+000  0.000000e+000  0.000000e+000
    outer loop
      vertex  4.400000e+000 -1.998419e+001  7.951303e-001
      vertex  4.400000e+000 -1.542553e+001  1.122020e+000
      vertex  4.400000e+000 -1.551443e+001  1.084141e+000
    endloop
  endfacet
  facet normal -9.999999e-001  0.000000e+000  0.000000e+000
    outer loop
      vertex  4.400000e+000 -1.998419e+001  7.951303e-001
      vertex  4.400000e+000 -1.551443e+001  1.084141e+000
      vertex  4.400000e+000 -1.560000e+001  1.039230e+000
    endloop
  endfacet
  facet normal -1.000000e+000  0.000000e+000  0.000000e+000
    outer loop
      vertex  4.400000e+000 -1.998419e+001  7.951303e-001
      vertex  4.400000e+000 -1.560000e+001  1.039230e+000
      vertex  4.400000e+000 -1.568168e+001  9.875807e-001
    endloop
  endfacet
  facet normal -1.000000e+000  0.000000e+000  0.000000e+000
    outer loop
      vertex  4.400000e+000 -1.998419e+001  7.951303e-001
      vertex  4.400000e+000 -1.568168e+001  9.875807e-001
      vertex  4.400000e+000 -1.575893e+001  9.295260e-001
    endloop
  endfacet
  facet normal -1.000000e+000  0.000000e+000  0.000000e+000
    outer loop
      vertex  4.400000e+000 -1.998419e+001  7.951303e-001
      vertex  4.400000e+000 -1.575893e+001  9.295260e-001
      vertex  4.400000e+000 -1.583127e+001  8.654429e-001
    endloop
  endfacet
  facet normal -1.000000e+000  0.000000e+000  0.000000e+000
    outer loop
      vertex  4.400000e+000 -1.998419e+001  7.951303e-001
      vertex  4.400000e+000 -1.583127e+001  8.654429e-001
      vertex  4.400000e+000 -1.589821e+001  7.957472e-001
    endloop
  endfacet
  facet normal -1.000000e+000  0.000000e+000  0.000000e+000
    outer loop
      vertex  4.400000e+000 -1.998419e+001  7.951303e-001
      vertex  4.400000e+000 -1.589821e+001  7.957472e-001
      vertex  4.400000e+000 -1.595933e+001  7.208907e-001
    endloop
  endfacet
  facet normal -1.000000e+000  -0.000000e+000  0.000000e+000
    outer loop
      vertex  4.400000e+000 -1.998419e+001  7.951303e-001
      vertex  4.400000e+000 -1.595933e+001  7.208907e-001
      vertex  4.400000e+000 -1.999605e+001  3.976437e-001
    endloop
  endfacet
  facet normal -9.999999e-001  0.000000e+000  0.000000e+000
    outer loop
      vertex  4.400000e+000 -1.999605e+001  3.976437e-001
      vertex  4.400000e+000 -1.595933e+001  7.208907e-001
      vertex  4.400000e+000 -1.601423e+001  6.413590e-001
    endloop
  endfacet
  facet normal -1.000000e+000  0.000000e+000  0.000000e+000
    outer loop
      vertex  4.400000e+000 -1.999605e+001  3.976437e-001
      vertex  4.400000e+000 -1.601423e+001  6.413590e-001
      vertex  4.400000e+000 -1.606255e+001  5.576678e-001
    endloop
  endfacet
  facet normal -1.000000e+000  0.000000e+000  0.000000e+000
    outer loop
      vertex  4.400000e+000 -1.999605e+001  3.976437e-001
      vertex  4.400000e+000 -1.606255e+001  5.576678e-001
      vertex  4.400000e+000 -1.610398e+001  4.703599e-001
    endloop
  endfacet
  facet normal -1.000000e+000  0.000000e+000  0.000000e+000
    outer loop
      vertex  4.400000e+000 -1.999605e+001  3.976437e-001
      vertex  4.400000e+000 -1.610398e+001  4.703599e-001
      vertex  4.400000e+000 -1.613824e+001  3.800016e-001
    endloop
  endfacet
  facet normal -1.000000e+000  -0.000000e+000  0.000000e+000
    outer loop
      vertex  4.400000e+000 -1.999605e+001  3.976437e-001
      vertex  4.400000e+000 -1.613824e+001  3.800016e-001
      vertex  4.400000e+000 -2.000000e+001  0.000000e+000
    endloop
  endfacet
  facet normal -1.000000e+000  0.000000e+000  0.000000e+000
    outer loop
      vertex  4.400000e+000 -2.000000e+001  0.000000e+000
      vertex  4.400000e+000 -1.613824e+001  3.800016e-001
      vertex  4.400000e+000 -1.616513e+001  2.871788e-001
    endloop
  endfacet
  facet normal -1.000000e+000  0.000000e+000  0.000000e+000
    outer loop
      vertex  4.400000e+000 -2.000000e+001  0.000000e+000
      vertex  4.400000e+000 -1.616513e+001  2.871788e-001
      vertex  4.400000e+000 -1.618446e+001  1.924935e-001
    endloop
  endfacet
  facet normal -1.000000e+000  0.000000e+000  0.000000e+000
    outer loop
      vertex  4.400000e+000 -2.000000e+001  0.000000e+000
      vertex  4.400000e+000 -1.618446e+001  1.924935e-001
      vertex  4.400000e+000 -1.619611e+001  9.655988e-002
    endloop
  endfacet
  facet normal -1.000000e+000  0.000000e+000  0.000000e+000
    outer loop
      vertex  4.400000e+000 -2.000000e+001  0.000000e+000
      vertex  4.400000e+000 -1.619611e+001  9.655988e-002
      vertex  4.400000e+000 -1.620000e+001  0.000000e+000
    endloop
  endfacet
  facet normal -1.000000e+000  -0.000000e+000  -0.000000e+000
    outer loop
      vertex  4.400000e+000 -2.000000e+001  0.000000e+000
      vertex  4.400000e+000 -1.620000e+001  0.000000e+000
      vertex  4.400000e+000 -1.619611e+001 -9.655988e-002
    endloop
  endfacet
  facet normal -1.000000e+000  -0.000000e+000  0.000000e+000
    outer loop
      vertex  4.400000e+000 -2.000000e+001  0.000000e+000
      vertex  4.400000e+000 -1.619611e+001 -9.655988e-002
      vertex  4.400000e+000 -1.999605e+001 -3.976437e-001
    endloop
  endfacet
  facet normal -1.000000e+000  0.000000e+000  -0.000000e+000
    outer loop
      vertex  4.400000e+000 -1.999605e+001 -3.976437e-001
      vertex  4.400000e+000 -1.619611e+001 -9.655988e-002
      vertex  4.400000e+000 -1.618446e+001 -1.924935e-001
    endloop
  endfacet
  facet normal -1.000000e+000  0.000000e+000  -0.000000e+000
    outer loop
      vertex  4.400000e+000 -1.999605e+001 -3.976437e-001
      vertex  4.400000e+000 -1.618446e+001 -1.924935e-001
      vertex  4.400000e+000 -1.616513e+001 -2.871788e-001
    endloop
  endfacet
  facet normal -1.000000e+000  0.000000e+000  -0.000000e+000
    outer loop
      vertex  4.400000e+000 -1.999605e+001 -3.976437e-001
      vertex  4.400000e+000 -1.616513e+001 -2.871788e-001
      vertex  4.400000e+000 -1.613824e+001 -3.800016e-001
    endloop
  endfacet
  facet normal -1.000000e+000  0.000000e+000  -0.000000e+000
    outer loop
      vertex  4.400000e+000 -1.999605e+001 -3.976437e-001
      vertex  4.400000e+000 -1.613824e+001 -3.800016e-001
      vertex  4.400000e+000 -1.610398e+001 -4.703599e-001
    endloop
  endfacet
  facet normal -1.000000e+000  -0.000000e+000  0.000000e+000
    outer loop
      vertex  4.400000e+000 -1.999605e+001 -3.976437e-001
      vertex  4.400000e+000 -1.610398e+001 -4.703599e-001
      vertex  4.400000e+000 -1.998419e+001 -7.951303e-001
    endloop
  endfacet
  facet normal -1.000000e+000  0.000000e+000  -0.000000e+000
    outer loop
      vertex  4.400000e+000 -1.998419e+001 -7.951303e-001
      vertex  4.400000e+000 -1.610398e+001 -4.703599e-001
      vertex  4.400000e+000 -1.606255e+001 -5.576678e-001
    endloop
  endfacet
  facet normal -9.999999e-001  0.000000e+000  -0.000000e+000
    outer loop
      vertex  4.400000e+000 -1.998419e+001 -7.951303e-001
      vertex  4.400000e+000 -1.606255e+001 -5.576678e-001
      vertex  4.400000e+000 -1.601423e+001 -6.413590e-001
    endloop
  endfacet
  facet normal -1.000000e+000  0.000000e+000  -0.000000e+000
    outer loop
      vertex  4.400000e+000 -1.998419e+001 -7.951303e-001
      vertex  4.400000e+000 -1.601423e+001 -6.413590e-001
      vertex  4.400000e+000 -1.595933e+001 -7.208907e-001
    endloop
  endfacet
  facet normal -1.000000e+000  0.000000e+000  -0.000000e+000
    outer loop
      vertex  4.400000e+000 -1.998419e+001 -7.951303e-001
      vertex  4.400000e+000 -1.595933e+001 -7.208907e-001
      vertex  4.400000e+000 -1.589821e+001 -7.957472e-001
    endloop
  endfacet
  facet normal -1.000000e+000  -0.000000e+000  0.000000e+000
    outer loop
      vertex  4.400000e+000 -1.998419e+001 -7.951303e-001
      vertex  4.400000e+000 -1.589821e+001 -7.957472e-001
      vertex  4.400000e+000 -1.996443e+001 -1.192302e+000
    endloop
  endfacet
  facet normal -1.000000e+000  0.000000e+000  -0.000000e+000
    outer loop
      vertex  4.400000e+000 -1.996443e+001 -1.192302e+000
      vertex  4.400000e+000 -1.589821e+001 -7.957472e-001
      vertex  4.400000e+000 -1.583127e+001 -8.654429e-001
    endloop
  endfacet
  facet normal -1.000000e+000  0.000000e+000  -0.000000e+000
    outer loop
      vertex  4.400000e+000 -1.996443e+001 -1.192302e+000
      vertex  4.400000e+000 -1.583127e+001 -8.654429e-001
      vertex  4.400000e+000 -1.575893e+001 -9.295260e-001
    endloop
  endfacet
  facet normal -1.000000e+000  0.000000e+000  -0.000000e+000
    outer loop
      vertex  4.400000e+000 -1.996443e+001 -1.192302e+000
      vertex  4.400000e+000 -1.575893e+001 -9.295260e-001
      vertex  4.400000e+000 -1.568168e+001 -9.875807e-001
    endloop
  endfacet
  facet normal -1.000000e+000  0.000000e+000  -0.000000e+000
    outer loop
      vertex  4.400000e+000 -1.996443e+001 -1.192302e+000
      vertex  4.400000e+000 -1.568168e+001 -9.875807e-001
      vertex  4.400000e+000 -1.560000e+001 -1.039230e+000
    endloop
  endfacet
  facet normal -9.999999e-001  0.000000e+000  -0.000000e+000
    outer loop
      vertex  4.400000e+000 -1.996443e+001 -1.192302e+000
      vertex  4.400000e+000 -1.560000e+001 -1.039230e+000
      vertex  4.400000e+000 -1.551443e+001 -1.084141e+000
    endloop
  endfacet
  facet normal -1.000000e+000  0.000000e+000  -0.000000e+000
    outer loop
      vertex  4.400000e+000 -1.996443e+001 -1.192302e+000
      vertex  4.400000e+000 -1.551443e+001 -1.084141e+000
      vertex  4.400000e+000 -1.542553e+001 -1.122020e+000
    endloop
  endfacet
  facet normal -1.000000e+000  0.000000e+000  -0.000000e+000
    outer loop
      vertex  4.400000e+000 -1.996443e+001 -1.192302e+000
      vertex  4.400000e+000 -1.542553e+001 -1.122020e+000
      vertex  4.400000e+000 -1.533386e+001 -1.152622e+000
    endloop
  endfacet
  facet normal -1.000000e+000  0.000000e+000  -0.000000e+000
    outer loop
      vertex  4.400000e+000 -1.996443e+001 -1.192302e+000
      vertex  4.400000e+000 -1.533386e+001 -1.152622e+000
      vertex  4.400000e+000 -1.524003e+001 -1.175749e+000
    endloop
  endfacet
  facet normal -1.000000e+000  0.000000e+000  -0.000000e+000
    outer loop
      vertex  4.400000e+000 -1.996443e+001 -1.192302e+000
      vertex  4.400000e+000 -1.524003e+001 -1.175749e+000
      vertex  4.400000e+000 -1.514464e+001 -1.191251e+000
    endloop
  endfacet
  facet normal -1.000000e+000  0.000000e+000  0.000000e+000
    outer loop
      vertex  4.400000e+000 -1.448557e+001 -1.084141e+000
      vertex  4.400000e+000 -1.428203e+001 -1.400084e+001
      vertex  4.400000e+000 -1.457447e+001 -1.122020e+000
    endloop
  endfacet
  facet normal -1.000000e+000  0.000000e+000  0.000000e+000
    outer loop
      vertex  4.400000e+000 -1.457447e+001 -1.122020e+000
      vertex  4.400000e+000 -1.428203e+001 -1.400084e+001
      vertex  4.400000e+000 -1.455758e+001 -1.371412e+001
    endloop
  endfacet
  facet normal -1.000000e+000  0.000000e+000  0.000000e+000
    outer loop
      vertex  4.400000e+000 -1.457447e+001 -1.122020e+000
      vertex  4.400000e+000 -1.455758e+001 -1.371412e+001
      vertex  4.400000e+000 -1.466614e+001 -1.152622e+000
    endloop
  endfacet
  facet normal -1.000000e+000  0.000000e+000  0.000000e+000
    outer loop
      vertex  4.400000e+000 -1.475997e+001 -1.175749e+000
      vertex  4.400000e+000 -1.455758e+001 -1.371412e+001
      vertex  4.400000e+000 -1.485536e+001 -1.191251e+000
    endloop
  endfacet
  facet normal -1.000000e+000  0.000000e+000  0.000000e+000
    outer loop
      vertex  4.400000e+000 -1.485536e+001 -1.191251e+000
      vertex  4.400000e+000 -1.455758e+001 -1.371412e+001
      vertex  4.400000e+000 -1.482736e+001 -1.342197e+001
    endloop
  endfacet
  facet normal -1.000000e+000  0.000000e+000  0.000000e+000
    outer loop
      vertex  4.400000e+000 -1.485536e+001 -1.191251e+000
      vertex  4.400000e+000 -1.482736e+001 -1.342197e+001
      vertex  4.400000e+000 -1.495168e+001 -1.199027e+000
    endloop
  endfacet
  facet normal -1.000000e+000  0.000000e+000  0.000000e+000
    outer loop
      vertex  4.400000e+000  1.457447e+001 -1.122020e+000
      vertex  4.400000e+000  1.482736e+001 -1.342197e+001
      vertex  4.400000e+000  1.448557e+001 -1.084141e+000
    endloop
  endfacet
  facet normal -9.999999e-001  0.000000e+000  0.000000e+000
    outer loop
      vertex  4.400000e+000  1.448557e+001 -1.084141e+000
      vertex  4.400000e+000  1.482736e+001 -1.342197e+001
      vertex  4.400000e+000  1.455758e+001 -1.371412e+001
    endloop
  endfacet
  facet normal -1.000000e+000  0.000000e+000  0.000000e+000
    outer loop
      vertex  4.400000e+000  1.448557e+001 -1.084141e+000
      vertex  4.400000e+000  1.455758e+001 -1.371412e+001
      vertex  4.400000e+000  1.440000e+001 -1.039230e+000
    endloop
  endfacet
  facet normal -1.000000e+000  0.000000e+000  0.000000e+000
    outer loop
      vertex  4.400000e+000  1.504832e+001 -1.199027e+000
      vertex  4.400000e+000  1.509129e+001 -1.312451e+001
      vertex  4.400000e+000  1.495168e+001 -1.199027e+000
    endloop
  endfacet
  facet normal -1.000000e+000  0.000000e+000  -0.000000e+000
    outer loop
      vertex  4.400000e+000  1.495168e+001 -1.199027e+000
      vertex  4.400000e+000  1.509129e+001 -1.312451e+001
      vertex  4.400000e+000  1.482736e+001 -1.342197e+001
    endloop
  endfacet
  facet normal -1.000000e+000  0.000000e+000  0.000000e+000
    outer loop
      vertex  4.400000e+000  1.495168e+001 -1.199027e+000
      vertex  4.400000e+000  1.482736e+001 -1.342197e+001
      vertex  4.400000e+000  1.485536e+001 -1.191251e+000
    endloop
  endfacet
  facet normal -1.000000e+000  -0.000000e+000  0.000000e+000
    outer loop
      vertex  4.400000e+000  6.413590e-001  1.398577e+001
      vertex  4.400000e+000  1.132635e+001  1.398481e+001
      vertex  4.400000e+000  5.576678e-001  1.393745e+001
    endloop
  endfacet
  facet normal -9.999999e-001  0.000000e+000  0.000000e+000
    outer loop
      vertex  4.400000e+000  5.576678e-001  1.393745e+001
      vertex  4.400000e+000  1.132635e+001  1.398481e+001
      vertex  4.400000e+000  1.124118e+001  1.396593e+001
    endloop
  endfacet
  facet normal -1.000000e+000  0.000000e+000  0.000000e+000
    outer loop
      vertex  4.400000e+000  5.576678e-001  1.393745e+001
      vertex  4.400000e+000  1.124118e+001  1.396593e+001
      vertex  4.400000e+000  1.115798e+001  1.393969e+001
    endloop
  endfacet
  facet normal -1.000000e+000  0.000000e+000  0.000000e+000
    outer loop
      vertex  4.400000e+000  5.576678e-001  1.393745e+001
      vertex  4.400000e+000  1.115798e+001  1.393969e+001
      vertex  4.400000e+000  4.703599e-001  1.389602e+001
    endloop
  endfacet
  facet normal -1.000000e+000  0.000000e+000  0.000000e+000
    outer loop
      vertex  4.400000e+000  4.703599e-001  1.389602e+001
      vertex  4.400000e+000  1.115798e+001  1.393969e+001
      vertex  4.400000e+000  1.107738e+001  1.390631e+001
    endloop
  endfacet
  facet normal -1.000000e+000  0.000000e+000  0.000000e+000
    outer loop
      vertex  4.400000e+000  4.703599e-001  1.389602e+001
      vertex  4.400000e+000  1.107738e+001  1.390631e+001
      vertex  4.400000e+000  3.800016e-001  1.386176e+001
    endloop
  endfacet
  facet normal -9.999999e-001  0.000000e+000  0.000000e+000
    outer loop
      vertex  4.400000e+000  3.800016e-001  1.386176e+001
      vertex  4.400000e+000  1.107738e+001  1.390631e+001
      vertex  4.400000e+000  1.100000e+001  1.386602e+001
    endloop
  endfacet
  facet normal -1.000000e+000  0.000000e+000  0.000000e+000
    outer loop
      vertex  4.400000e+000  3.800016e-001  1.386176e+001
      vertex  4.400000e+000  1.100000e+001  1.386602e+001
      vertex  4.400000e+000  2.871788e-001  1.383487e+001
    endloop
  endfacet
  facet normal -1.000000e+000  0.000000e+000  0.000000e+000
    outer loop
      vertex  4.400000e+000  2.871788e-001  1.383487e+001
      vertex  4.400000e+000  1.100000e+001  1.386602e+001
      vertex  4.400000e+000  1.092642e+001  1.381915e+001
    endloop
  endfacet
  facet normal -1.000000e+000  -0.000000e+000  0.000000e+000
    outer loop
      vertex  4.400000e+000  2.871788e-001  1.383487e+001
      vertex  4.400000e+000  1.092642e+001  1.381915e+001
      vertex  4.400000e+000  1.924935e-001  1.381554e+001
    endloop
  endfacet
  facet normal -1.000000e+000  -0.000000e+000  0.000000e+000
    outer loop
      vertex  4.400000e+000 -1.107738e+001  1.390631e+001
      vertex  4.400000e+000 -4.703599e-001  1.389602e+001
      vertex  4.400000e+000 -1.100000e+001  1.386602e+001
    endloop
  endfacet
  facet normal -1.000000e+000  0.000000e+000  0.000000e+000
    outer loop
      vertex  4.400000e+000 -1.100000e+001  1.386602e+001
      vertex  4.400000e+000 -4.703599e-001  1.389602e+001
      vertex  4.400000e+000 -3.800016e-001  1.386176e+001
    endloop
  endfacet
  facet normal -9.999999e-001  -0.000000e+000  0.000000e+000
    outer loop
      vertex  4.400000e+000 -1.100000e+001  1.386602e+001
      vertex  4.400000e+000 -3.800016e-001  1.386176e+001
      vertex  4.400000e+000 -1.092642e+001  1.381915e+001
    endloop
  endfacet
  facet normal -1.000000e+000  0.000000e+000  0.000000e+000
    outer loop
      vertex  4.400000e+000 -1.092642e+001  1.381915e+001
      vertex  4.400000e+000 -3.800016e-001  1.386176e+001
      vertex  4.400000e+000 -2.871788e-001  1.383487e+001
    endloop
  endfacet
  facet normal -9.999999e-001  0.000000e+000  -0.000000e+000
    outer loop
      vertex  4.400000e+000 -1.092642e+001  1.381915e+001
      vertex  4.400000e+000 -2.871788e-001  1.383487e+001
      vertex  4.400000e+000 -1.924935e-001  1.381554e+001
    endloop
  endfacet
  facet normal  1.000000e+000  0.000000e+000  -0.000000e+000
    outer loop
      vertex  8.400000e+000 -1.996516e+001  1.179940e+000
      vertex  8.400000e+000 -1.524003e+001  1.175749e+000
      vertex  8.400000e+000 -1.514464e+001  1.191251e+000
    endloop
  endfacet
  facet normal  1.000000e+000  0.000000e+000  0.000000e+000
    outer loop
      vertex  8.400000e+000 -1.355000e+001 -1.372254e+001
      vertex  8.400000e+000 -1.380000e+001  1.469528e-016
      vertex  8.400000e+000 -1.380389e+001 -9.655988e-002
    endloop
  endfacet
  facet normal  9.999999e-001  0.000000e+000  0.000000e+000
    outer loop
      vertex  8.400000e+000 -1.355000e+001 -1.372254e+001
      vertex  8.400000e+000 -1.380389e+001 -9.655988e-002
      vertex  8.400000e+000 -1.381554e+001 -1.924935e-001
    endloop
  endfacet
  facet normal  1.000000e+000  0.000000e+000  0.000000e+000
    outer loop
      vertex  8.400000e+000 -1.355000e+001 -1.372254e+001
      vertex  8.400000e+000 -1.381554e+001 -1.924935e-001
      vertex  8.400000e+000 -1.383487e+001 -2.871788e-001
    endloop
  endfacet
  facet normal  1.000000e+000  0.000000e+000  0.000000e+000
    outer loop
      vertex  8.400000e+000 -1.355000e+001 -1.372254e+001
      vertex  8.400000e+000 -1.383487e+001 -2.871788e-001
      vertex  8.400000e+000 -1.386176e+001 -3.800016e-001
    endloop
  endfacet
  facet normal  1.000000e+000  0.000000e+000  0.000000e+000
    outer loop
      vertex  8.400000e+000 -1.355000e+001 -1.372254e+001
      vertex  8.400000e+000 -1.386176e+001 -3.800016e-001
      vertex  8.400000e+000 -1.389602e+001 -4.703599e-001
    endloop
  endfacet
  facet normal  1.000000e+000  0.000000e+000  0.000000e+000
    outer loop
      vertex  8.400000e+000 -1.355000e+001 -1.372254e+001
      vertex  8.400000e+000 -1.389602e+001 -4.703599e-001
      vertex  8.400000e+000 -1.393745e+001 -5.576678e-001
    endloop
  endfacet
  facet normal  1.000000e+000  0.000000e+000  0.000000e+000
    outer loop
      vertex  8.400000e+000 -1.355000e+001 -1.372254e+001
      vertex  8.400000e+000 -1.393745e+001 -5.576678e-001
      vertex  8.400000e+000 -1.398577e+001 -6.413590e-001
    endloop
  endfacet
  facet normal  1.000000e+000  0.000000e+000  0.000000e+000
    outer loop
      vertex  8.400000e+000 -1.355000e+001 -1.372254e+001
      vertex  8.400000e+000 -1.398577e+001 -6.413590e-001
      vertex  8.400000e+000 -1.404067e+001 -7.208907e-001
    endloop
  endfacet
  facet normal  9.999999e-001  0.000000e+000  0.000000e+000
    outer loop
      vertex  8.400000e+000 -1.355000e+001 -1.372254e+001
      vertex  8.400000e+000 -1.404067e+001 -7.208907e-001
      vertex  8.400000e+000 -1.410179e+001 -7.957472e-001
    endloop
  endfacet
  facet normal  1.000000e+000  0.000000e+000  0.000000e+000
    outer loop
      vertex  8.400000e+000 -1.355000e+001 -1.372254e+001
      vertex  8.400000e+000 -1.410179e+001 -7.957472e-001
      vertex  8.400000e+000 -1.416873e+001 -8.654429e-001
    endloop
  endfacet
  facet normal  9.999999e-001  0.000000e+000  0.000000e+000
    outer loop
      vertex  8.400000e+000 -1.355000e+001 -1.372254e+001
      vertex  8.400000e+000 -1.416873e+001 -8.654429e-001
      vertex  8.400000e+000 -1.424107e+001 -9.295260e-001
    endloop
  endfacet
  facet normal  1.000000e+000  0.000000e+000  0.000000e+000
    outer loop
      vertex  8.400000e+000 -1.355000e+001 -1.372254e+001
      vertex  8.400000e+000 -1.424107e+001 -9.295260e-001
      vertex  8.400000e+000 -1.431832e+001 -9.875807e-001
    endloop
  endfacet
  facet normal  1.000000e+000  0.000000e+000  0.000000e+000
    outer loop
      vertex  8.400000e+000 -1.355000e+001 -1.372254e+001
      vertex  8.400000e+000 -1.431832e+001 -9.875807e-001
      vertex  8.400000e+000 -1.440000e+001 -1.039230e+000
    endloop
  endfacet
  facet normal  1.000000e+000  0.000000e+000  0.000000e+000
    outer loop
      vertex  8.400000e+000 -1.355000e+001 -1.372254e+001
      vertex  8.400000e+000 -1.440000e+001 -1.039230e+000
      vertex  8.400000e+000 -1.448557e+001 -1.084141e+000
    endloop
  endfacet
  facet normal  1.000000e+000  0.000000e+000  0.000000e+000
    outer loop
      vertex  8.400000e+000 -1.355000e+001 -1.372254e+001
      vertex  8.400000e+000 -1.448557e+001 -1.084141e+000
      vertex  8.400000e+000 -1.457447e+001 -1.122020e+000
    endloop
  endfacet
  facet normal  1.000000e+000  0.000000e+000  0.000000e+000
    outer loop
      vertex  8.400000e+000 -1.355000e+001 -1.372254e+001
      vertex  8.400000e+000 -1.457447e+001 -1.122020e+000
      vertex  8.400000e+000 -1.466614e+001 -1.152622e+000
    endloop
  endfacet
  facet normal  1.000000e+000  0.000000e+000  0.000000e+000
    outer loop
      vertex  8.400000e+000 -1.355000e+001 -1.372254e+001
      vertex  8.400000e+000 -1.466614e+001 -1.152622e+000
      vertex  8.400000e+000 -1.475997e+001 -1.175749e+000
    endloop
  endfacet
  facet normal  1.000000e+000  0.000000e+000  0.000000e+000
    outer loop
      vertex  8.400000e+000 -1.355000e+001 -1.372254e+001
      vertex  8.400000e+000 -1.475997e+001 -1.175749e+000
      vertex  8.400000e+000 -1.485536e+001 -1.191251e+000
    endloop
  endfacet
  facet normal  1.000000e+000  0.000000e+000  0.000000e+000
    outer loop
      vertex  8.400000e+000 -1.355000e+001 -1.372254e+001
      vertex  8.400000e+000 -1.485536e+001 -1.191251e+000
      vertex  8.400000e+000 -1.495168e+001 -1.199027e+000
    endloop
  endfacet
  facet normal  1.000000e+000  0.000000e+000  0.000000e+000
    outer loop
      vertex  8.400000e+000 -1.355000e+001 -1.372254e+001
      vertex  8.400000e+000 -1.495168e+001 -1.199027e+000
      vertex  8.400000e+000 -1.481682e+001 -1.343361e+001
    endloop
  endfacet
  facet normal  9.999999e-001  0.000000e+000  0.000000e+000
    outer loop
      vertex  8.400000e+000 -1.355000e+001 -1.372254e+001
      vertex  8.400000e+000 -1.481682e+001 -1.343361e+001
      vertex  8.400000e+000 -1.454651e+001 -1.372586e+001
    endloop
  endfacet
  facet normal  1.000000e+000  0.000000e+000  0.000000e+000
    outer loop
      vertex  8.400000e+000 -1.355000e+001 -1.372254e+001
      vertex  8.400000e+000 -1.454651e+001 -1.372586e+001
      vertex  8.400000e+000 -1.055000e+001 -1.372254e+001
    endloop
  endfacet
  facet normal  1.000000e+000  0.000000e+000  0.000000e+000
    outer loop
      vertex  8.400000e+000 -1.504832e+001 -1.199027e+000
      vertex  8.400000e+000 -1.514464e+001 -1.191251e+000
      vertex  8.400000e+000 -1.996435e+001 -1.193574e+000
    endloop
  endfacet
  facet normal  9.999999e-001  0.000000e+000  0.000000e+000
    outer loop
      vertex  8.400000e+000 -1.504832e+001 -1.199027e+000
      vertex  8.400000e+000 -1.996435e+001 -1.193574e+000
      vertex  8.400000e+000 -1.993664e+001 -1.590696e+000
    endloop
  endfacet
  facet normal  1.000000e+000  -0.000000e+000  0.000000e+000
    outer loop
      vertex  8.400000e+000 -1.504832e+001 -1.199027e+000
      vertex  8.400000e+000 -1.993664e+001 -1.590696e+000
      vertex  8.400000e+000 -1.990103e+001 -1.987189e+000
    endloop
  endfacet
  facet normal  1.000000e+000  -0.000000e+000  0.000000e+000
    outer loop
      vertex  8.400000e+000 -1.504832e+001 -1.199027e+000
      vertex  8.400000e+000 -1.990103e+001 -1.987189e+000
      vertex  8.400000e+000 -1.985754e+001 -2.382894e+000
    endloop
  endfacet
  facet normal  1.000000e+000  -0.000000e+000  0.000000e+000
    outer loop
      vertex  8.400000e+000 -1.504832e+001 -1.199027e+000
      vertex  8.400000e+000 -1.985754e+001 -2.382894e+000
      vertex  8.400000e+000 -1.980618e+001 -2.777654e+000
    endloop
  endfacet
  facet normal  1.000000e+000  -0.000000e+000  0.000000e+000
    outer loop
      vertex  8.400000e+000 -1.504832e+001 -1.199027e+000
      vertex  8.400000e+000 -1.980618e+001 -2.777654e+000
      vertex  8.400000e+000 -1.974697e+001 -3.171314e+000
    endloop
  endfacet
  facet normal  1.000000e+000  -0.000000e+000  0.000000e+000
    outer loop
      vertex  8.400000e+000 -1.504832e+001 -1.199027e+000
      vertex  8.400000e+000 -1.974697e+001 -3.171314e+000
      vertex  8.400000e+000 -1.967994e+001 -3.563718e+000
    endloop
  endfacet
  facet normal  1.000000e+000  -0.000000e+000  0.000000e+000
    outer loop
      vertex  8.400000e+000 -1.504832e+001 -1.199027e+000
      vertex  8.400000e+000 -1.967994e+001 -3.563718e+000
      vertex  8.400000e+000 -1.960511e+001 -3.954710e+000
    endloop
  endfacet
  facet normal  1.000000e+000  -0.000000e+000  0.000000e+000
    outer loop
      vertex  8.400000e+000 -1.504832e+001 -1.199027e+000
      vertex  8.400000e+000 -1.960511e+001 -3.954710e+000
      vertex  8.400000e+000 -1.952251e+001 -4.344136e+000
    endloop
  endfacet
  facet normal  1.000000e+000  -0.000000e+000  0.000000e+000
    outer loop
      vertex  8.400000e+000 -1.504832e+001 -1.199027e+000
      vertex  8.400000e+000 -1.952251e+001 -4.344136e+000
      vertex  8.400000e+000 -1.943218e+001 -4.731840e+000
    endloop
  endfacet
  facet normal  1.000000e+000  -0.000000e+000  0.000000e+000
    outer loop
      vertex  8.400000e+000 -1.504832e+001 -1.199027e+000
      vertex  8.400000e+000 -1.943218e+001 -4.731840e+000
      vertex  8.400000e+000 -1.933415e+001 -5.117669e+000
    endloop
  endfacet
  facet normal  1.000000e+000  -0.000000e+000  0.000000e+000
    outer loop
      vertex  8.400000e+000 -1.504832e+001 -1.199027e+000
      vertex  8.400000e+000 -1.933415e+001 -5.117669e+000
      vertex  8.400000e+000 -1.922846e+001 -5.501471e+000
    endloop
  endfacet
  facet normal  1.000000e+000  -0.000000e+000  0.000000e+000
    outer loop
      vertex  8.400000e+000 -1.504832e+001 -1.199027e+000
      vertex  8.400000e+000 -1.922846e+001 -5.501471e+000
      vertex  8.400000e+000 -1.911516e+001 -5.883093e+000
    endloop
  endfacet
  facet normal  1.000000e+000  -0.000000e+000  0.000000e+000
    outer loop
      vertex  8.400000e+000 -1.504832e+001 -1.199027e+000
      vertex  8.400000e+000 -1.911516e+001 -5.883093e+000
      vertex  8.400000e+000 -1.899428e+001 -6.262385e+000
    endloop
  endfacet
  facet normal  1.000000e+000  -0.000000e+000  0.000000e+000
    outer loop
      vertex  8.400000e+000 -1.504832e+001 -1.199027e+000
      vertex  8.400000e+000 -1.899428e+001 -6.262385e+000
      vertex  8.400000e+000 -1.886587e+001 -6.639195e+000
    endloop
  endfacet
  facet normal  1.000000e+000  -0.000000e+000  0.000000e+000
    outer loop
      vertex  8.400000e+000 -1.504832e+001 -1.199027e+000
      vertex  8.400000e+000 -1.886587e+001 -6.639195e+000
      vertex  8.400000e+000 -1.872999e+001 -7.013375e+000
    endloop
  endfacet
  facet normal  1.000000e+000  -0.000000e+000  0.000000e+000
    outer loop
      vertex  8.400000e+000 -1.504832e+001 -1.199027e+000
      vertex  8.400000e+000 -1.872999e+001 -7.013375e+000
      vertex  8.400000e+000 -1.858669e+001 -7.384777e+000
    endloop
  endfacet
  facet normal  1.000000e+000  -0.000000e+000  0.000000e+000
    outer loop
      vertex  8.400000e+000 -1.504832e+001 -1.199027e+000
      vertex  8.400000e+000 -1.858669e+001 -7.384777e+000
      vertex  8.400000e+000 -1.843603e+001 -7.753253e+000
    endloop
  endfacet
  facet normal  1.000000e+000  -0.000000e+000  0.000000e+000
    outer loop
      vertex  8.400000e+000 -1.504832e+001 -1.199027e+000
      vertex  8.400000e+000 -1.843603e+001 -7.753253e+000
      vertex  8.400000e+000 -1.827806e+001 -8.118656e+000
    endloop
  endfacet
  facet normal  1.000000e+000  -0.000000e+000  0.000000e+000
    outer loop
      vertex  8.400000e+000 -1.504832e+001 -1.199027e+000
      vertex  8.400000e+000 -1.827806e+001 -8.118656e+000
      vertex  8.400000e+000 -1.811285e+001 -8.480844e+000
    endloop
  endfacet
  facet normal  1.000000e+000  -0.000000e+000  0.000000e+000
    outer loop
      vertex  8.400000e+000 -1.504832e+001 -1.199027e+000
      vertex  8.400000e+000 -1.811285e+001 -8.480844e+000
      vertex  8.400000e+000 -1.794046e+001 -8.839672e+000
    endloop
  endfacet
  facet normal  1.000000e+000  -0.000000e+000  0.000000e+000
    outer loop
      vertex  8.400000e+000 -1.504832e+001 -1.199027e+000
      vertex  8.400000e+000 -1.794046e+001 -8.839672e+000
      vertex  8.400000e+000 -1.776097e+001 -9.194997e+000
    endloop
  endfacet
  facet normal  1.000000e+000  -0.000000e+000  0.000000e+000
    outer loop
      vertex  8.400000e+000 -1.504832e+001 -1.199027e+000
      vertex  8.400000e+000 -1.776097e+001 -9.194997e+000
      vertex  8.400000e+000 -1.757444e+001 -9.546679e+000
    endloop
  endfacet
  facet normal  1.000000e+000  -0.000000e+000  0.000000e+000
    outer loop
      vertex  8.400000e+000 -1.504832e+001 -1.199027e+000
      vertex  8.400000e+000 -1.757444e+001 -9.546679e+000
      vertex  8.400000e+000 -1.738095e+001 -9.894580e+000
    endloop
  endfacet
  facet normal  1.000000e+000  -0.000000e+000  0.000000e+000
    outer loop
      vertex  8.400000e+000 -1.504832e+001 -1.199027e+000
      vertex  8.400000e+000 -1.738095e+001 -9.894580e+000
      vertex  8.400000e+000 -1.718057e+001 -1.023856e+001
    endloop
  endfacet
  facet normal  1.000000e+000  -0.000000e+000  0.000000e+000
    outer loop
      vertex  8.400000e+000 -1.504832e+001 -1.199027e+000
      vertex  8.400000e+000 -1.718057e+001 -1.023856e+001
      vertex  8.400000e+000 -1.697338e+001 -1.057848e+001
    endloop
  endfacet
  facet normal  1.000000e+000  -0.000000e+000  0.000000e+000
    outer loop
      vertex  8.400000e+000 -1.504832e+001 -1.199027e+000
      vertex  8.400000e+000 -1.697338e+001 -1.057848e+001
      vertex  8.400000e+000 -1.675947e+001 -1.091422e+001
    endloop
  endfacet
  facet normal  1.000000e+000  -0.000000e+000  0.000000e+000
    outer loop
      vertex  8.400000e+000 -1.504832e+001 -1.199027e+000
      vertex  8.400000e+000 -1.675947e+001 -1.091422e+001
      vertex  8.400000e+000 -1.653892e+001 -1.124563e+001
    endloop
  endfacet
  facet normal  1.000000e+000  -0.000000e+000  0.000000e+000
    outer loop
      vertex  8.400000e+000 -1.504832e+001 -1.199027e+000
      vertex  8.400000e+000 -1.653892e+001 -1.124563e+001
      vertex  8.400000e+000 -1.631182e+001 -1.157258e+001
    endloop
  endfacet
  facet normal  1.000000e+000  -0.000000e+000  0.000000e+000
    outer loop
      vertex  8.400000e+000 -1.504832e+001 -1.199027e+000
      vertex  8.400000e+000 -1.631182e+001 -1.157258e+001
      vertex  8.400000e+000 -1.607825e+001 -1.189495e+001
    endloop
  endfacet
  facet normal  1.000000e+000  -0.000000e+000  0.000000e+000
    outer loop
      vertex  8.400000e+000 -1.504832e+001 -1.199027e+000
      vertex  8.400000e+000 -1.607825e+001 -1.189495e+001
      vertex  8.400000e+000 -1.583832e+001 -1.221260e+001
    endloop
  endfacet
  facet normal  9.999999e-001  -0.000000e+000  0.000000e+000
    outer loop
      vertex  8.400000e+000 -1.504832e+001 -1.199027e+000
      vertex  8.400000e+000 -1.583832e+001 -1.221260e+001
      vertex  8.400000e+000 -1.559211e+001 -1.252542e+001
    endloop
  endfacet
  facet normal  1.000000e+000  -0.000000e+000  0.000000e+000
    outer loop
      vertex  8.400000e+000 -1.504832e+001 -1.199027e+000
      vertex  8.400000e+000 -1.559211e+001 -1.252542e+001
      vertex  8.400000e+000 -1.533972e+001 -1.283327e+001
    endloop
  endfacet
  facet normal  1.000000e+000  -0.000000e+000  0.000000e+000
    outer loop
      vertex  8.400000e+000 -1.504832e+001 -1.199027e+000
      vertex  8.400000e+000 -1.533972e+001 -1.283327e+001
      vertex  8.400000e+000 -1.508126e+001 -1.313605e+001
    endloop
  endfacet
  facet normal  1.000000e+000  -0.000000e+000  0.000000e+000
    outer loop
      vertex  8.400000e+000 -1.504832e+001 -1.199027e+000
      vertex  8.400000e+000 -1.508126e+001 -1.313605e+001
      vertex  8.400000e+000 -1.481682e+001 -1.343361e+001
    endloop
  endfacet
  facet normal  9.999999e-001  0.000000e+000  0.000000e+000
    outer loop
      vertex  8.400000e+000 -1.504832e+001 -1.199027e+000
      vertex  8.400000e+000 -1.481682e+001 -1.343361e+001
      vertex  8.400000e+000 -1.495168e+001 -1.199027e+000
    endloop
  endfacet
  facet normal  1.000000e+000  0.000000e+000  -0.000000e+000
    outer loop
      vertex  8.400000e+000 -1.504832e+001  1.199027e+000
      vertex  8.400000e+000 -1.495168e+001  1.199027e+000
      vertex  8.400000e+000 -1.492943e+001  1.330834e+001
    endloop
  endfacet
  facet normal  1.000000e+000  0.000000e+000  0.000000e+000
    outer loop
      vertex  8.400000e+000 -1.504832e+001  1.199027e+000
      vertex  8.400000e+000 -1.492943e+001  1.330834e+001
      vertex  8.400000e+000 -1.518840e+001  1.301202e+001
    endloop
  endfacet
  facet normal  1.000000e+000  0.000000e+000  0.000000e+000
    outer loop
      vertex  8.400000e+000 -1.504832e+001  1.199027e+000
      vertex  8.400000e+000 -1.518840e+001  1.301202e+001
      vertex  8.400000e+000 -1.544148e+001  1.271065e+001
    endloop
  endfacet
  facet normal  1.000000e+000  0.000000e+000  0.000000e+000
    outer loop
      vertex  8.400000e+000 -1.504832e+001  1.199027e+000
      vertex  8.400000e+000 -1.544148e+001  1.271065e+001
      vertex  8.400000e+000 -1.568858e+001  1.240437e+001
    endloop
  endfacet
  facet normal  1.000000e+000  0.000000e+000  0.000000e+000
    outer loop
      vertex  8.400000e+000 -1.504832e+001  1.199027e+000
      vertex  8.400000e+000 -1.568858e+001  1.240437e+001
      vertex  8.400000e+000 -1.592961e+001  1.209328e+001
    endloop
  endfacet
  facet normal  1.000000e+000  0.000000e+000  0.000000e+000
    outer loop
      vertex  8.400000e+000 -1.504832e+001  1.199027e+000
      vertex  8.400000e+000 -1.592961e+001  1.209328e+001
      vertex  8.400000e+000 -1.616447e+001  1.177751e+001
    endloop
  endfacet
  facet normal  1.000000e+000  0.000000e+000  0.000000e+000
    outer loop
      vertex  8.400000e+000 -1.504832e+001  1.199027e+000
      vertex  8.400000e+000 -1.616447e+001  1.177751e+001
      vertex  8.400000e+000 -1.639308e+001  1.145718e+001
    endloop
  endfacet
  facet normal  9.999999e-001  0.000000e+000  0.000000e+000
    outer loop
      vertex  8.400000e+000 -1.504832e+001  1.199027e+000
      vertex  8.400000e+000 -1.639308e+001  1.145718e+001
      vertex  8.400000e+000 -1.661533e+001  1.113242e+001
    endloop
  endfacet
  facet normal  1.000000e+000  0.000000e+000  0.000000e+000
    outer loop
      vertex  8.400000e+000 -1.504832e+001  1.199027e+000
      vertex  8.400000e+000 -1.661533e+001  1.113242e+001
      vertex  8.400000e+000 -1.683115e+001  1.080334e+001
    endloop
  endfacet
  facet normal  1.000000e+000  0.000000e+000  0.000000e+000
    outer loop
      vertex  8.400000e+000 -1.504832e+001  1.199027e+000
      vertex  8.400000e+000 -1.683115e+001  1.080334e+001
      vertex  8.400000e+000 -1.704046e+001  1.047009e+001
    endloop
  endfacet
  facet normal  1.000000e+000  0.000000e+000  0.000000e+000
    outer loop
      vertex  8.400000e+000 -1.504832e+001  1.199027e+000
      vertex  8.400000e+000 -1.704046e+001  1.047009e+001
      vertex  8.400000e+000 -1.724317e+001  1.013277e+001
    endloop
  endfacet
  facet normal  1.000000e+000  0.000000e+000  0.000000e+000
    outer loop
      vertex  8.400000e+000 -1.504832e+001  1.199027e+000
      vertex  8.400000e+000 -1.724317e+001  1.013277e+001
      vertex  8.400000e+000 -1.743920e+001  9.791538e+000
    endloop
  endfacet
  facet normal  1.000000e+000  0.000000e+000  0.000000e+000
    outer loop
      vertex  8.400000e+000 -1.504832e+001  1.199027e+000
      vertex  8.400000e+000 -1.743920e+001  9.791538e+000
      vertex  8.400000e+000 -1.762848e+001  9.446512e+000
    endloop
  endfacet
  facet normal  9.999999e-001  0.000000e+000  0.000000e+000
    outer loop
      vertex  8.400000e+000 -1.504832e+001  1.199027e+000
      vertex  8.400000e+000 -1.762848e+001  9.446512e+000
      vertex  8.400000e+000 -1.781094e+001  9.097828e+000
    endloop
  endfacet
  facet normal  1.000000e+000  0.000000e+000  0.000000e+000
    outer loop
      vertex  8.400000e+000 -1.504832e+001  1.199027e+000
      vertex  8.400000e+000 -1.781094e+001  9.097828e+000
      vertex  8.400000e+000 -1.798650e+001  8.745622e+000
    endloop
  endfacet
  facet normal  1.000000e+000  0.000000e+000  0.000000e+000
    outer loop
      vertex  8.400000e+000 -1.504832e+001  1.199027e+000
      vertex  8.400000e+000 -1.798650e+001  8.745622e+000
      vertex  8.400000e+000 -1.815509e+001  8.390030e+000
    endloop
  endfacet
  facet normal  1.000000e+000  0.000000e+000  0.000000e+000
    outer loop
      vertex  8.400000e+000 -1.504832e+001  1.199027e+000
      vertex  8.400000e+000 -1.815509e+001  8.390030e+000
      vertex  8.400000e+000 -1.831666e+001  8.031189e+000
    endloop
  endfacet
  facet normal  1.000000e+000  0.000000e+000  0.000000e+000
    outer loop
      vertex  8.400000e+000 -1.504832e+001  1.199027e+000
      vertex  8.400000e+000 -1.831666e+001  8.031189e+000
      vertex  8.400000e+000 -1.847113e+001  7.669239e+000
    endloop
  endfacet
  facet normal  1.000000e+000  0.000000e+000  0.000000e+000
    outer loop
      vertex  8.400000e+000 -1.504832e+001  1.199027e+000
      vertex  8.400000e+000 -1.847113e+001  7.669239e+000
      vertex  8.400000e+000 -1.861846e+001  7.304320e+000
    endloop
  endfacet
  facet normal  1.000000e+000  0.000000e+000  0.000000e+000
    outer loop
      vertex  8.400000e+000 -1.504832e+001  1.199027e+000
      vertex  8.400000e+000 -1.861846e+001  7.304320e+000
      vertex  8.400000e+000 -1.875857e+001  6.936572e+000
    endloop
  endfacet
  facet normal  1.000000e+000  0.000000e+000  0.000000e+000
    outer loop
      vertex  8.400000e+000 -1.504832e+001  1.199027e+000
      vertex  8.400000e+000 -1.875857e+001  6.936572e+000
      vertex  8.400000e+000 -1.889142e+001  6.566139e+000
    endloop
  endfacet
  facet normal  1.000000e+000  0.000000e+000  0.000000e+000
    outer loop
      vertex  8.400000e+000 -1.504832e+001  1.199027e+000
      vertex  8.400000e+000 -1.889142e+001  6.566139e+000
      vertex  8.400000e+000 -1.901696e+001  6.193163e+000
    endloop
  endfacet
  facet normal  1.000000e+000  0.000000e+000  0.000000e+000
    outer loop
      vertex  8.400000e+000 -1.504832e+001  1.199027e+000
      vertex  8.400000e+000 -1.901696e+001  6.193163e+000
      vertex  8.400000e+000 -1.913513e+001  5.817790e+000
    endloop
  endfacet
  facet normal  1.000000e+000  0.000000e+000  0.000000e+000
    outer loop
      vertex  8.400000e+000 -1.504832e+001  1.199027e+000
      vertex  8.400000e+000 -1.913513e+001  5.817790e+000
      vertex  8.400000e+000 -1.924590e+001  5.440165e+000
    endloop
  endfacet
  facet normal  1.000000e+000  0.000000e+000  0.000000e+000
    outer loop
      vertex  8.400000e+000 -1.504832e+001  1.199027e+000
      vertex  8.400000e+000 -1.924590e+001  5.440165e+000
      vertex  8.400000e+000 -1.934921e+001  5.060432e+000
    endloop
  endfacet
  facet normal  1.000000e+000  0.000000e+000  0.000000e+000
    outer loop
      vertex  8.400000e+000 -1.504832e+001  1.199027e+000
      vertex  8.400000e+000 -1.934921e+001  5.060432e+000
      vertex  8.400000e+000 -1.944503e+001  4.678741e+000
    endloop
  endfacet
  facet normal  1.000000e+000  0.000000e+000  0.000000e+000
    outer loop
      vertex  8.400000e+000 -1.504832e+001  1.199027e+000
      vertex  8.400000e+000 -1.944503e+001  4.678741e+000
      vertex  8.400000e+000 -1.953333e+001  4.295238e+000
    endloop
  endfacet
  facet normal  1.000000e+000  0.000000e+000  0.000000e+000
    outer loop
      vertex  8.400000e+000 -1.504832e+001  1.199027e+000
      vertex  8.400000e+000 -1.953333e+001  4.295238e+000
      vertex  8.400000e+000 -1.961406e+001  3.910072e+000
    endloop
  endfacet
  facet normal  1.000000e+000  0.000000e+000  0.000000e+000
    outer loop
      vertex  8.400000e+000 -1.504832e+001  1.199027e+000
      vertex  8.400000e+000 -1.961406e+001  3.910072e+000
      vertex  8.400000e+000 -1.968720e+001  3.523392e+000
    endloop
  endfacet
  facet normal  1.000000e+000  0.000000e+000  0.000000e+000
    outer loop
      vertex  8.400000e+000 -1.504832e+001  1.199027e+000
      vertex  8.400000e+000 -1.968720e+001  3.523392e+000
      vertex  8.400000e+000 -1.975271e+001  3.135349e+000
    endloop
  endfacet
  facet normal  1.000000e+000  0.000000e+000  0.000000e+000
    outer loop
      vertex  8.400000e+000 -1.504832e+001  1.199027e+000
      vertex  8.400000e+000 -1.975271e+001  3.135349e+000
      vertex  8.400000e+000 -1.981058e+001  2.746091e+000
    endloop
  endfacet
  facet normal  1.000000e+000  0.000000e+000  0.000000e+000
    outer loop
      vertex  8.400000e+000 -1.504832e+001  1.199027e+000
      vertex  8.400000e+000 -1.981058e+001  2.746091e+000
      vertex  8.400000e+000 -1.986077e+001  2.355770e+000
    endloop
  endfacet
  facet normal  1.000000e+000  0.000000e+000  0.000000e+000
    outer loop
      vertex  8.400000e+000 -1.504832e+001  1.199027e+000
      vertex  8.400000e+000 -1.986077e+001  2.355770e+000
      vertex  8.400000e+000 -1.990328e+001  1.964537e+000
    endloop
  endfacet
  facet normal  1.000000e+000  0.000000e+000  0.000000e+000
    outer loop
      vertex  8.400000e+000 -1.504832e+001  1.199027e+000
      vertex  8.400000e+000 -1.990328e+001  1.964537e+000
      vertex  8.400000e+000 -1.993808e+001  1.572543e+000
    endloop
  endfacet
  facet normal  1.000000e+000  0.000000e+000  0.000000e+000
    outer loop
      vertex  8.400000e+000 -1.504832e+001  1.199027e+000
      vertex  8.400000e+000 -1.993808e+001  1.572543e+000
      vertex  8.400000e+000 -1.996516e+001  1.179940e+000
    endloop
  endfacet
  facet normal  1.000000e+000  0.000000e+000  0.000000e+000
    outer loop
      vertex  8.400000e+000 -1.504832e+001  1.199027e+000
      vertex  8.400000e+000 -1.996516e+001  1.179940e+000
      vertex  8.400000e+000 -1.514464e+001  1.191251e+000
    endloop
  endfacet
  facet normal  1.000000e+000  -0.000000e+000  0.000000e+000
    outer loop
      vertex  8.400000e+000 -1.492943e+001  1.330834e+001
      vertex  8.400000e+000 -1.495168e+001  1.199027e+000
      vertex  8.400000e+000 -1.485536e+001  1.191251e+000
    endloop
  endfacet
  facet normal  1.000000e+000  -0.000000e+000  -0.000000e+000
    outer loop
      vertex  8.400000e+000 -1.492943e+001  1.330834e+001
      vertex  8.400000e+000 -1.485536e+001  1.191251e+000
      vertex  8.400000e+000 -1.475997e+001  1.175749e+000
    endloop
  endfacet
  facet normal  1.000000e+000  -0.000000e+000  -0.000000e+000
    outer loop
      vertex  8.400000e+000 -1.492943e+001  1.330834e+001
      vertex  8.400000e+000 -1.475997e+001  1.175749e+000
      vertex  8.400000e+000 -1.466614e+001  1.152622e+000
    endloop
  endfacet
  facet normal  1.000000e+000  -0.000000e+000  -0.000000e+000
    outer loop
      vertex  8.400000e+000 -1.492943e+001  1.330834e+001
      vertex  8.400000e+000 -1.466614e+001  1.152622e+000
      vertex  8.400000e+000 -1.457447e+001  1.122020e+000
    endloop
  endfacet
  facet normal  1.000000e+000  -0.000000e+000  -0.000000e+000
    outer loop
      vertex  8.400000e+000 -1.492943e+001  1.330834e+001
      vertex  8.400000e+000 -1.457447e+001  1.122020e+000
      vertex  8.400000e+000 -1.448557e+001  1.084141e+000
    endloop
  endfacet
  facet normal  1.000000e+000  -0.000000e+000  -0.000000e+000
    outer loop
      vertex  8.400000e+000 -1.492943e+001  1.330834e+001
      vertex  8.400000e+000 -1.448557e+001  1.084141e+000
      vertex  8.400000e+000 -1.440000e+001  1.039230e+000
    endloop
  endfacet
  facet normal  9.999999e-001  -0.000000e+000  -0.000000e+000
    outer loop
      vertex  8.400000e+000 -1.492943e+001  1.330834e+001
      vertex  8.400000e+000 -1.440000e+001  1.039230e+000
      vertex  8.400000e+000 -1.431832e+001  9.875807e-001
    endloop
  endfacet
  facet normal  1.000000e+000  -0.000000e+000  -0.000000e+000
    outer loop
      vertex  8.400000e+000 -1.492943e+001  1.330834e+001
      vertex  8.400000e+000 -1.431832e+001  9.875807e-001
      vertex  8.400000e+000 -1.424107e+001  9.295260e-001
    endloop
  endfacet
  facet normal  1.000000e+000  -0.000000e+000  -0.000000e+000
    outer loop
      vertex  8.400000e+000 -1.492943e+001  1.330834e+001
      vertex  8.400000e+000 -1.424107e+001  9.295260e-001
      vertex  8.400000e+000 -1.416873e+001  8.654429e-001
    endloop
  endfacet
  facet normal  1.000000e+000  -0.000000e+000  -0.000000e+000
    outer loop
      vertex  8.400000e+000 -1.492943e+001  1.330834e+001
      vertex  8.400000e+000 -1.416873e+001  8.654429e-001
      vertex  8.400000e+000 -1.410179e+001  7.957472e-001
    endloop
  endfacet
  facet normal  9.999999e-001  -0.000000e+000  -0.000000e+000
    outer loop
      vertex  8.400000e+000 -1.492943e+001  1.330834e+001
      vertex  8.400000e+000 -1.410179e+001  7.957472e-001
      vertex  8.400000e+000 -1.404067e+001  7.208907e-001
    endloop
  endfacet
  facet normal  1.000000e+000  -0.000000e+000  -0.000000e+000
    outer loop
      vertex  8.400000e+000 -1.492943e+001  1.330834e+001
      vertex  8.400000e+000 -1.404067e+001  7.208907e-001
      vertex  8.400000e+000 -1.398577e+001  6.413590e-001
    endloop
  endfacet
  facet normal  1.000000e+000  -0.000000e+000  -0.000000e+000
    outer loop
      vertex  8.400000e+000 -1.492943e+001  1.330834e+001
      vertex  8.400000e+000 -1.398577e+001  6.413590e-001
      vertex  8.400000e+000 -1.393745e+001  5.576678e-001
    endloop
  endfacet
  facet normal  1.000000e+000  -0.000000e+000  -0.000000e+000
    outer loop
      vertex  8.400000e+000 -1.492943e+001  1.330834e+001
      vertex  8.400000e+000 -1.393745e+001  5.576678e-001
      vertex  8.400000e+000 -1.389602e+001  4.703599e-001
    endloop
  endfacet
  facet normal  1.000000e+000  -0.000000e+000  -0.000000e+000
    outer loop
      vertex  8.400000e+000 -1.492943e+001  1.330834e+001
      vertex  8.400000e+000 -1.389602e+001  4.703599e-001
      vertex  8.400000e+000 -1.386176e+001  3.800016e-001
    endloop
  endfacet
  facet normal  1.000000e+000  -0.000000e+000  -0.000000e+000
    outer loop
      vertex  8.400000e+000 -1.492943e+001  1.330834e+001
      vertex  8.400000e+000 -1.386176e+001  3.800016e-001
      vertex  8.400000e+000 -1.383487e+001  2.871788e-001
    endloop
  endfacet
  facet normal  1.000000e+000  -0.000000e+000  -0.000000e+000
    outer loop
      vertex  8.400000e+000 -1.492943e+001  1.330834e+001
      vertex  8.400000e+000 -1.383487e+001  2.871788e-001
      vertex  8.400000e+000 -1.381554e+001  1.924935e-001
    endloop
  endfacet
  facet normal  1.000000e+000  -0.000000e+000  -0.000000e+000
    outer loop
      vertex  8.400000e+000 -1.492943e+001  1.330834e+001
      vertex  8.400000e+000 -1.381554e+001  1.924935e-001
      vertex  8.400000e+000 -1.380389e+001  9.655988e-002
    endloop
  endfacet
  facet normal  9.999999e-001  0.000000e+000  0.000000e+000
    outer loop
      vertex  8.400000e+000 -1.380389e+001  9.655988e-002
      vertex  8.400000e+000 -1.411828e+001  1.416595e+001
      vertex  8.400000e+000 -1.439427e+001  1.388542e+001
    endloop
  endfacet
  facet normal  1.000000e+000  0.000000e+000  0.000000e+000
    outer loop
      vertex  8.400000e+000 -1.380389e+001  9.655988e-002
      vertex  8.400000e+000 -1.439427e+001  1.388542e+001
      vertex  8.400000e+000 -1.466469e+001  1.359952e+001
    endloop
  endfacet
  facet normal  1.000000e+000  0.000000e+000  0.000000e+000
    outer loop
      vertex  8.400000e+000 -1.380389e+001  9.655988e-002
      vertex  8.400000e+000 -1.466469e+001  1.359952e+001
      vertex  8.400000e+000 -1.492943e+001  1.330834e+001
    endloop
  endfacet
  facet normal  1.000000e+000  0.000000e+000  0.000000e+000
    outer loop
      vertex  8.400000e+000 -1.055000e+001 -1.699110e+001
      vertex  8.400000e+000 -1.055000e+001 -1.372254e+001
      vertex  8.400000e+000 -1.454651e+001 -1.372586e+001
    endloop
  endfacet
  facet normal  1.000000e+000  0.000000e+000  0.000000e+000
    outer loop
      vertex  8.400000e+000 -1.055000e+001 -1.699110e+001
      vertex  8.400000e+000 -1.454651e+001 -1.372586e+001
      vertex  8.400000e+000 -1.427043e+001 -1.401266e+001
    endloop
  endfacet
  facet normal  1.000000e+000  0.000000e+000  0.000000e+000
    outer loop
      vertex  8.400000e+000 -1.055000e+001 -1.699110e+001
      vertex  8.400000e+000 -1.427043e+001 -1.401266e+001
      vertex  8.400000e+000 -1.398871e+001 -1.429392e+001
    endloop
  endfacet
  facet normal  9.999999e-001  0.000000e+000  0.000000e+000
    outer loop
      vertex  8.400000e+000 -1.055000e+001 -1.699110e+001
      vertex  8.400000e+000 -1.398871e+001 -1.429392e+001
      vertex  8.400000e+000 -1.370144e+001 -1.456951e+001
    endloop
  endfacet
  facet normal  1.000000e+000  0.000000e+000  0.000000e+000
    outer loop
      vertex  8.400000e+000 -1.055000e+001 -1.699110e+001
      vertex  8.400000e+000 -1.370144e+001 -1.456951e+001
      vertex  8.400000e+000 -1.340874e+001 -1.483933e+001
    endloop
  endfacet
  facet normal  1.000000e+000  0.000000e+000  0.000000e+000
    outer loop
      vertex  8.400000e+000 -1.055000e+001 -1.699110e+001
      vertex  8.400000e+000 -1.340874e+001 -1.483933e+001
      vertex  8.400000e+000 -1.311073e+001 -1.510327e+001
    endloop
  endfacet
  facet normal  1.000000e+000  0.000000e+000  0.000000e+000
    outer loop
      vertex  8.400000e+000 -1.055000e+001 -1.699110e+001
      vertex  8.400000e+000 -1.311073e+001 -1.510327e+001
      vertex  8.400000e+000 -1.280753e+001 -1.536122e+001
    endloop
  endfacet
  facet normal  1.000000e+000  0.000000e+000  0.000000e+000
    outer loop
      vertex  8.400000e+000 -1.055000e+001 -1.699110e+001
      vertex  8.400000e+000 -1.280753e+001 -1.536122e+001
      vertex  8.400000e+000 -1.249925e+001 -1.561310e+001
    endloop
  endfacet
  facet normal  1.000000e+000  0.000000e+000  0.000000e+000
    outer loop
      vertex  8.400000e+000 -1.055000e+001 -1.699110e+001
      vertex  8.400000e+000 -1.249925e+001 -1.561310e+001
      vertex  8.400000e+000 -1.218602e+001 -1.585878e+001
    endloop
  endfacet
  facet normal  1.000000e+000  0.000000e+000  0.000000e+000
    outer loop
      vertex  8.400000e+000 -1.055000e+001 -1.699110e+001
      vertex  8.400000e+000 -1.218602e+001 -1.585878e+001
      vertex  8.400000e+000 -1.186796e+001 -1.609818e+001
    endloop
  endfacet
  facet normal  1.000000e+000  0.000000e+000  0.000000e+000
    outer loop
      vertex  8.400000e+000 -1.055000e+001 -1.699110e+001
      vertex  8.400000e+000 -1.186796e+001 -1.609818e+001
      vertex  8.400000e+000 -1.154520e+001 -1.633121e+001
    endloop
  endfacet
  facet normal  1.000000e+000  0.000000e+000  0.000000e+000
    outer loop
      vertex  8.400000e+000 -1.055000e+001 -1.699110e+001
      vertex  8.400000e+000 -1.154520e+001 -1.633121e+001
      vertex  8.400000e+000 -1.121787e+001 -1.655776e+001
    endloop
  endfacet
  facet normal  1.000000e+000  0.000000e+000  0.000000e+000
    outer loop
      vertex  8.400000e+000 -1.055000e+001 -1.699110e+001
      vertex  8.400000e+000 -1.121787e+001 -1.655776e+001
      vertex  8.400000e+000 -1.088609e+001 -1.677775e+001
    endloop
  endfacet
  facet normal  1.000000e+000  0.000000e+000  0.000000e+000
    outer loop
      vertex  8.400000e+000 -1.998451e+001  7.868806e-001
      vertex  8.400000e+000 -1.999613e+001  3.935165e-001
      vertex  8.400000e+000 -1.595933e+001  7.208907e-001
    endloop
  endfacet
  facet normal  1.000000e+000  0.000000e+000  -0.000000e+000
    outer loop
      vertex  8.400000e+000 -1.998451e+001  7.868806e-001
      vertex  8.400000e+000 -1.595933e+001  7.208907e-001
      vertex  8.400000e+000 -1.589821e+001  7.957472e-001
    endloop
  endfacet
  facet normal  1.000000e+000  0.000000e+000  -0.000000e+000
    outer loop
      vertex  8.400000e+000 -1.998451e+001  7.868806e-001
      vertex  8.400000e+000 -1.589821e+001  7.957472e-001
      vertex  8.400000e+000 -1.583127e+001  8.654429e-001
    endloop
  endfacet
  facet normal  1.000000e+000  0.000000e+000  -0.000000e+000
    outer loop
      vertex  8.400000e+000 -1.998451e+001  7.868806e-001
      vertex  8.400000e+000 -1.583127e+001  8.654429e-001
      vertex  8.400000e+000 -1.575893e+001  9.295260e-001
    endloop
  endfacet
  facet normal  9.999999e-001  0.000000e+000  -0.000000e+000
    outer loop
      vertex  8.400000e+000 -1.998451e+001  7.868806e-001
      vertex  8.400000e+000 -1.575893e+001  9.295260e-001
      vertex  8.400000e+000 -1.568168e+001  9.875807e-001
    endloop
  endfacet
  facet normal  9.999999e-001  0.000000e+000  -0.000000e+000
    outer loop
      vertex  8.400000e+000 -1.998451e+001  7.868806e-001
      vertex  8.400000e+000 -1.568168e+001  9.875807e-001
      vertex  8.400000e+000 -1.560000e+001  1.039230e+000
    endloop
  endfacet
  facet normal  1.000000e+000  0.000000e+000  -0.000000e+000
    outer loop
      vertex  8.400000e+000 -1.998451e+001  7.868806e-001
      vertex  8.400000e+000 -1.560000e+001  1.039230e+000
      vertex  8.400000e+000 -1.551443e+001  1.084141e+000
    endloop
  endfacet
  facet normal  1.000000e+000  0.000000e+000  -0.000000e+000
    outer loop
      vertex  8.400000e+000 -1.998451e+001  7.868806e-001
      vertex  8.400000e+000 -1.551443e+001  1.084141e+000
      vertex  8.400000e+000 -1.542553e+001  1.122020e+000
    endloop
  endfacet
  facet normal  1.000000e+000  0.000000e+000  -0.000000e+000
    outer loop
      vertex  8.400000e+000 -1.998451e+001  7.868806e-001
      vertex  8.400000e+000 -1.542553e+001  1.122020e+000
      vertex  8.400000e+000 -1.533386e+001  1.152622e+000
    endloop
  endfacet
  facet normal  9.999999e-001  0.000000e+000  -0.000000e+000
    outer loop
      vertex  8.400000e+000 -1.998451e+001  7.868806e-001
      vertex  8.400000e+000 -1.533386e+001  1.152622e+000
      vertex  8.400000e+000 -1.524003e+001  1.175749e+000
    endloop
  endfacet
  facet normal  1.000000e+000  0.000000e+000  0.000000e+000
    outer loop
      vertex  8.400000e+000 -1.998451e+001  7.868806e-001
      vertex  8.400000e+000 -1.524003e+001  1.175749e+000
      vertex  8.400000e+000 -1.996516e+001  1.179940e+000
    endloop
  endfacet
  facet normal  1.000000e+000  0.000000e+000  0.000000e+000
    outer loop
      vertex  8.400000e+000 -1.999613e+001  3.935165e-001
      vertex  8.400000e+000 -2.000000e+001  0.000000e+000
      vertex  8.400000e+000 -1.613824e+001  3.800016e-001
    endloop
  endfacet
  facet normal  1.000000e+000  0.000000e+000  -0.000000e+000
    outer loop
      vertex  8.400000e+000 -1.999613e+001  3.935165e-001
      vertex  8.400000e+000 -1.613824e+001  3.800016e-001
      vertex  8.400000e+000 -1.610398e+001  4.703599e-001
    endloop
  endfacet
  facet normal  1.000000e+000  0.000000e+000  -0.000000e+000
    outer loop
      vertex  8.400000e+000 -1.999613e+001  3.935165e-001
      vertex  8.400000e+000 -1.610398e+001  4.703599e-001
      vertex  8.400000e+000 -1.606255e+001  5.576678e-001
    endloop
  endfacet
  facet normal  1.000000e+000  0.000000e+000  -0.000000e+000
    outer loop
      vertex  8.400000e+000 -1.999613e+001  3.935165e-001
      vertex  8.400000e+000 -1.606255e+001  5.576678e-001
      vertex  8.400000e+000 -1.601423e+001  6.413590e-001
    endloop
  endfacet
  facet normal  1.000000e+000  0.000000e+000  -0.000000e+000
    outer loop
      vertex  8.400000e+000 -1.999613e+001  3.935165e-001
      vertex  8.400000e+000 -1.601423e+001  6.413590e-001
      vertex  8.400000e+000 -1.595933e+001  7.208907e-001
    endloop
  endfacet
  facet normal  1.000000e+000  0.000000e+000  -0.000000e+000
    outer loop
      vertex  8.400000e+000 -2.000000e+001  0.000000e+000
      vertex  8.400000e+000 -1.999604e+001 -3.980683e-001
      vertex  8.400000e+000 -1.619611e+001 -9.655988e-002
    endloop
  endfacet
  facet normal  1.000000e+000  0.000000e+000  0.000000e+000
    outer loop
      vertex  8.400000e+000 -2.000000e+001  0.000000e+000
      vertex  8.400000e+000 -1.619611e+001 -9.655988e-002
      vertex  8.400000e+000 -1.620000e+001  0.000000e+000
    endloop
  endfacet
  facet normal  1.000000e+000  0.000000e+000  -0.000000e+000
    outer loop
      vertex  8.400000e+000 -2.000000e+001  0.000000e+000
      vertex  8.400000e+000 -1.620000e+001  0.000000e+000
      vertex  8.400000e+000 -1.619611e+001  9.655988e-002
    endloop
  endfacet
  facet normal  1.000000e+000  0.000000e+000  -0.000000e+000
    outer loop
      vertex  8.400000e+000 -2.000000e+001  0.000000e+000
      vertex  8.400000e+000 -1.619611e+001  9.655988e-002
      vertex  8.400000e+000 -1.618446e+001  1.924935e-001
    endloop
  endfacet
  facet normal  1.000000e+000  0.000000e+000  -0.000000e+000
    outer loop
      vertex  8.400000e+000 -2.000000e+001  0.000000e+000
      vertex  8.400000e+000 -1.618446e+001  1.924935e-001
      vertex  8.400000e+000 -1.616513e+001  2.871788e-001
    endloop
  endfacet
  facet normal  1.000000e+000  0.000000e+000  -0.000000e+000
    outer loop
      vertex  8.400000e+000 -2.000000e+001  0.000000e+000
      vertex  8.400000e+000 -1.616513e+001  2.871788e-001
      vertex  8.400000e+000 -1.613824e+001  3.800016e-001
    endloop
  endfacet
  facet normal  1.000000e+000  0.000000e+000  -0.000000e+000
    outer loop
      vertex  8.400000e+000 -1.999604e+001 -3.980683e-001
      vertex  8.400000e+000 -1.998415e+001 -7.959789e-001
      vertex  8.400000e+000 -1.610398e+001 -4.703599e-001
    endloop
  endfacet
  facet normal  1.000000e+000  0.000000e+000  0.000000e+000
    outer loop
      vertex  8.400000e+000 -1.999604e+001 -3.980683e-001
      vertex  8.400000e+000 -1.610398e+001 -4.703599e-001
      vertex  8.400000e+000 -1.613824e+001 -3.800016e-001
    endloop
  endfacet
  facet normal  1.000000e+000  0.000000e+000  0.000000e+000
    outer loop
      vertex  8.400000e+000 -1.999604e+001 -3.980683e-001
      vertex  8.400000e+000 -1.613824e+001 -3.800016e-001
      vertex  8.400000e+000 -1.616513e+001 -2.871788e-001
    endloop
  endfacet
  facet normal  1.000000e+000  0.000000e+000  0.000000e+000
    outer loop
      vertex  8.400000e+000 -1.999604e+001 -3.980683e-001
      vertex  8.400000e+000 -1.616513e+001 -2.871788e-001
      vertex  8.400000e+000 -1.618446e+001 -1.924935e-001
    endloop
  endfacet
  facet normal  1.000000e+000  0.000000e+000  0.000000e+000
    outer loop
      vertex  8.400000e+000 -1.999604e+001 -3.980683e-001
      vertex  8.400000e+000 -1.618446e+001 -1.924935e-001
      vertex  8.400000e+000 -1.619611e+001 -9.655988e-002
    endloop
  endfacet
  facet normal  1.000000e+000  0.000000e+000  -0.000000e+000
    outer loop
      vertex  8.400000e+000 -1.998415e+001 -7.959789e-001
      vertex  8.400000e+000 -1.996435e+001 -1.193574e+000
      vertex  8.400000e+000 -1.583127e+001 -8.654429e-001
    endloop
  endfacet
  facet normal  1.000000e+000  0.000000e+000  0.000000e+000
    outer loop
      vertex  8.400000e+000 -1.998415e+001 -7.959789e-001
      vertex  8.400000e+000 -1.583127e+001 -8.654429e-001
      vertex  8.400000e+000 -1.589821e+001 -7.957472e-001
    endloop
  endfacet
  facet normal  1.000000e+000  0.000000e+000  0.000000e+000
    outer loop
      vertex  8.400000e+000 -1.998415e+001 -7.959789e-001
      vertex  8.400000e+000 -1.589821e+001 -7.957472e-001
      vertex  8.400000e+000 -1.595933e+001 -7.208907e-001
    endloop
  endfacet
  facet normal  1.000000e+000  0.000000e+000  0.000000e+000
    outer loop
      vertex  8.400000e+000 -1.998415e+001 -7.959789e-001
      vertex  8.400000e+000 -1.595933e+001 -7.208907e-001
      vertex  8.400000e+000 -1.601423e+001 -6.413590e-001
    endloop
  endfacet
  facet normal  1.000000e+000  0.000000e+000  0.000000e+000
    outer loop
      vertex  8.400000e+000 -1.998415e+001 -7.959789e-001
      vertex  8.400000e+000 -1.601423e+001 -6.413590e-001
      vertex  8.400000e+000 -1.606255e+001 -5.576678e-001
    endloop
  endfacet
  facet normal  1.000000e+000  0.000000e+000  0.000000e+000
    outer loop
      vertex  8.400000e+000 -1.998415e+001 -7.959789e-001
      vertex  8.400000e+000 -1.606255e+001 -5.576678e-001
      vertex  8.400000e+000 -1.610398e+001 -4.703599e-001
    endloop
  endfacet
  facet normal  1.000000e+000  0.000000e+000  0.000000e+000
    outer loop
      vertex  8.400000e+000 -1.996435e+001 -1.193574e+000
      vertex  8.400000e+000 -1.514464e+001 -1.191251e+000
      vertex  8.400000e+000 -1.524003e+001 -1.175749e+000
    endloop
  endfacet
  facet normal  1.000000e+000  0.000000e+000  0.000000e+000
    outer loop
      vertex  8.400000e+000 -1.996435e+001 -1.193574e+000
      vertex  8.400000e+000 -1.524003e+001 -1.175749e+000
      vertex  8.400000e+000 -1.533386e+001 -1.152622e+000
    endloop
  endfacet
  facet normal  1.000000e+000  0.000000e+000  0.000000e+000
    outer loop
      vertex  8.400000e+000 -1.996435e+001 -1.193574e+000
      vertex  8.400000e+000 -1.533386e+001 -1.152622e+000
      vertex  8.400000e+000 -1.542553e+001 -1.122020e+000
    endloop
  endfacet
  facet normal  1.000000e+000  0.000000e+000  0.000000e+000
    outer loop
      vertex  8.400000e+000 -1.996435e+001 -1.193574e+000
      vertex  8.400000e+000 -1.542553e+001 -1.122020e+000
      vertex  8.400000e+000 -1.551443e+001 -1.084141e+000
    endloop
  endfacet
  facet normal  9.999999e-001  0.000000e+000  0.000000e+000
    outer loop
      vertex  8.400000e+000 -1.996435e+001 -1.193574e+000
      vertex  8.400000e+000 -1.551443e+001 -1.084141e+000
      vertex  8.400000e+000 -1.560000e+001 -1.039230e+000
    endloop
  endfacet
  facet normal  1.000000e+000  0.000000e+000  0.000000e+000
    outer loop
      vertex  8.400000e+000 -1.996435e+001 -1.193574e+000
      vertex  8.400000e+000 -1.560000e+001 -1.039230e+000
      vertex  8.400000e+000 -1.568168e+001 -9.875807e-001
    endloop
  endfacet
  facet normal  1.000000e+000  0.000000e+000  0.000000e+000
    outer loop
      vertex  8.400000e+000 -1.996435e+001 -1.193574e+000
      vertex  8.400000e+000 -1.568168e+001 -9.875807e-001
      vertex  8.400000e+000 -1.575893e+001 -9.295260e-001
    endloop
  endfacet
  facet normal  1.000000e+000  0.000000e+000  0.000000e+000
    outer loop
      vertex  8.400000e+000 -1.996435e+001 -1.193574e+000
      vertex  8.400000e+000 -1.575893e+001 -9.295260e-001
      vertex  8.400000e+000 -1.583127e+001 -8.654429e-001
    endloop
  endfacet
  facet normal  1.000000e+000  -0.000000e+000  0.000000e+000
    outer loop
      vertex  8.400000e+000 -1.355000e+001  1.471046e+001
      vertex  8.400000e+000 -1.383682e+001  1.444100e+001
      vertex  8.400000e+000 -1.355000e+001 -1.372254e+001
    endloop
  endfacet
  facet normal  1.000000e+000  0.000000e+000  0.000000e+000
    outer loop
      vertex  8.400000e+000 -1.355000e+001 -1.372254e+001
      vertex  8.400000e+000 -1.383682e+001  1.444100e+001
      vertex  8.400000e+000 -1.380000e+001  1.469528e-016
    endloop
  endfacet
  facet normal  1.000000e+000  -0.000000e+000  0.000000e+000
    outer loop
      vertex  8.400000e+000 -1.383682e+001  1.444100e+001
      vertex  8.400000e+000 -1.411828e+001  1.416595e+001
      vertex  8.400000e+000 -1.380000e+001  1.469528e-016
    endloop
  endfacet
  facet normal  1.000000e+000  0.000000e+000  0.000000e+000
    outer loop
      vertex  8.400000e+000 -1.380000e+001  1.469528e-016
      vertex  8.400000e+000 -1.411828e+001  1.416595e+001
      vertex  8.400000e+000 -1.380389e+001  9.655988e-002
    endloop
  endfacet
  facet normal  9.999999e-001  0.000000e+000  0.000000e+000
    outer loop
      vertex  8.400000e+000  1.023168e+000  1.562700e+001
      vertex  8.400000e+000  1.262451e+001  1.551199e+001
      vertex  8.400000e+000  9.708204e-001  1.570534e+001
    endloop
  endfacet
  facet normal  1.000000e+000  0.000000e+000  0.000000e+000
    outer loop
      vertex  8.400000e+000  1.141268e+000  1.537082e+001
      vertex  8.400000e+000  1.292917e+001  1.525898e+001
      vertex  8.400000e+000  1.108655e+000  1.545922e+001
    endloop
  endfacet
  facet normal  1.000000e+000  -0.000000e+000  -0.000000e+000
    outer loop
      vertex  8.400000e+000  1.141268e+000  1.537082e+001
      vertex  8.400000e+000  1.166844e+000  1.528013e+001
      vertex  8.400000e+000  1.292917e+001  1.525898e+001
    endloop
  endfacet
  facet normal  1.000000e+000  0.000000e+000  0.000000e+000
    outer loop
      vertex  8.400000e+000 -1.023168e+000  1.562700e+001
      vertex  8.400000e+000 -9.708204e-001  1.570534e+001
      vertex  8.400000e+000 -1.262451e+001  1.551199e+001
    endloop
  endfacet
  facet normal  1.000000e+000  0.000000e+000  0.000000e+000
    outer loop
      vertex  8.400000e+000 -1.141268e+000  1.537082e+001
      vertex  8.400000e+000 -1.108655e+000  1.545922e+001
      vertex  8.400000e+000 -1.292917e+001  1.525898e+001
    endloop
  endfacet
  facet normal  1.000000e+000  0.000000e+000  0.000000e+000
    outer loop
      vertex  8.400000e+000 -1.166844e+000  1.528013e+001
      vertex  8.400000e+000 -1.141268e+000  1.537082e+001
      vertex  8.400000e+000 -1.292917e+001  1.525898e+001
    endloop
  endfacet
  facet normal  1.000000e+000  0.000000e+000  0.000000e+000
    outer loop
      vertex  8.400000e+000  1.322876e+001  1.500000e+001
      vertex  8.400000e+000  1.292917e+001  1.525898e+001
      vertex  8.400000e+000  1.166844e+000  1.528013e+001
    endloop
  endfacet
  facet normal  1.000000e+000  0.000000e+000  0.000000e+000
    outer loop
      vertex  8.400000e+000  1.322876e+001  1.500000e+001
      vertex  8.400000e+000  1.166844e+000  1.528013e+001
      vertex  8.400000e+000  1.185226e+000  1.518772e+001
    endloop
  endfacet
  facet normal  1.000000e+000  0.000000e+000  0.000000e+000
    outer loop
      vertex  8.400000e+000  1.322876e+001  1.500000e+001
      vertex  8.400000e+000  1.185226e+000  1.518772e+001
      vertex  8.400000e+000  1.196301e+000  1.509415e+001
    endloop
  endfacet
  facet normal  1.000000e+000  0.000000e+000  0.000000e+000
    outer loop
      vertex  8.400000e+000  1.322876e+001  1.500000e+001
      vertex  8.400000e+000  1.196301e+000  1.509415e+001
      vertex  8.400000e+000  1.200000e+000  1.500000e+001
    endloop
  endfacet
  facet normal  1.000000e+000  0.000000e+000  -0.000000e+000
    outer loop
      vertex  8.400000e+000 -1.322876e+001  1.500000e+001
      vertex  8.400000e+000 -1.200000e+000  1.500000e+001
      vertex  8.400000e+000 -1.196301e+000  1.509415e+001
    endloop
  endfacet
  facet normal  1.000000e+000  0.000000e+000  -0.000000e+000
    outer loop
      vertex  8.400000e+000 -1.322876e+001  1.500000e+001
      vertex  8.400000e+000 -1.196301e+000  1.509415e+001
      vertex  8.400000e+000 -1.185226e+000  1.518772e+001
    endloop
  endfacet
  facet normal  9.999999e-001  0.000000e+000  -0.000000e+000
    outer loop
      vertex  8.400000e+000 -1.322876e+001  1.500000e+001
      vertex  8.400000e+000 -1.185226e+000  1.518772e+001
      vertex  8.400000e+000 -1.166844e+000  1.528013e+001
    endloop
  endfacet
  facet normal  1.000000e+000  0.000000e+000  0.000000e+000
    outer loop
      vertex  8.400000e+000 -1.322876e+001  1.500000e+001
      vertex  8.400000e+000 -1.166844e+000  1.528013e+001
      vertex  8.400000e+000 -1.292917e+001  1.525898e+001
    endloop
  endfacet
  facet normal  9.999999e-001  0.000000e+000  0.000000e+000
    outer loop
      vertex  8.400000e+000  1.200047e+001  1.599965e+001
      vertex  8.400000e+000  1.168133e+001  1.623412e+001
      vertex  8.400000e+000 -9.919614e-016  1.620000e+001
    endloop
  endfacet
  facet normal  1.000000e+000  0.000000e+000  0.000000e+000
    outer loop
      vertex  8.400000e+000  1.200047e+001  1.599965e+001
      vertex  8.400000e+000 -9.919614e-016  1.620000e+001
      vertex  8.400000e+000  9.415092e-002  1.619630e+001
    endloop
  endfacet
  facet normal  1.000000e+000  0.000000e+000  0.000000e+000
    outer loop
      vertex  8.400000e+000  1.200047e+001  1.599965e+001
      vertex  8.400000e+000  9.415092e-002  1.619630e+001
      vertex  8.400000e+000  1.877214e-001  1.618523e+001
    endloop
  endfacet
  facet normal  1.000000e+000  0.000000e+000  0.000000e+000
    outer loop
      vertex  8.400000e+000  1.200047e+001  1.599965e+001
      vertex  8.400000e+000  1.877214e-001  1.618523e+001
      vertex  8.400000e+000  2.801344e-001  1.616684e+001
    endloop
  endfacet
  facet normal  1.000000e+000  0.000000e+000  0.000000e+000
    outer loop
      vertex  8.400000e+000  1.200047e+001  1.599965e+001
      vertex  8.400000e+000  2.801344e-001  1.616684e+001
      vertex  8.400000e+000  3.708204e-001  1.614127e+001
    endloop
  endfacet
  facet normal  1.000000e+000  0.000000e+000  0.000000e+000
    outer loop
      vertex  8.400000e+000  1.200047e+001  1.599965e+001
      vertex  8.400000e+000  3.708204e-001  1.614127e+001
      vertex  8.400000e+000  4.592201e-001  1.610866e+001
    endloop
  endfacet
  facet normal  1.000000e+000  0.000000e+000  0.000000e+000
    outer loop
      vertex  8.400000e+000  1.200047e+001  1.599965e+001
      vertex  8.400000e+000  4.592201e-001  1.610866e+001
      vertex  8.400000e+000  5.447886e-001  1.606921e+001
    endloop
  endfacet
  facet normal  1.000000e+000  0.000000e+000  0.000000e+000
    outer loop
      vertex  8.400000e+000  1.200047e+001  1.599965e+001
      vertex  8.400000e+000  5.447886e-001  1.606921e+001
      vertex  8.400000e+000  6.269983e-001  1.602317e+001
    endloop
  endfacet
  facet normal  1.000000e+000  0.000000e+000  0.000000e+000
    outer loop
      vertex  8.400000e+000  1.200047e+001  1.599965e+001
      vertex  8.400000e+000  6.269983e-001  1.602317e+001
      vertex  8.400000e+000  7.053423e-001  1.597082e+001
    endloop
  endfacet
  facet normal  9.999999e-001  -0.000000e+000  0.000000e+000
    outer loop
      vertex  8.400000e+000  1.200047e+001  1.599965e+001
      vertex  8.400000e+000  7.053423e-001  1.597082e+001
      vertex  8.400000e+000  1.231491e+001  1.575891e+001
    endloop
  endfacet
  facet normal  1.000000e+000  0.000000e+000  0.000000e+000
    outer loop
      vertex  8.400000e+000  1.231491e+001  1.575891e+001
      vertex  8.400000e+000  7.053423e-001  1.597082e+001
      vertex  8.400000e+000  7.793376e-001  1.591249e+001
    endloop
  endfacet
  facet normal  1.000000e+000  0.000000e+000  0.000000e+000
    outer loop
      vertex  8.400000e+000  1.231491e+001  1.575891e+001
      vertex  8.400000e+000  7.793376e-001  1.591249e+001
      vertex  8.400000e+000  8.485281e-001  1.584853e+001
    endloop
  endfacet
  facet normal  1.000000e+000  0.000000e+000  0.000000e+000
    outer loop
      vertex  8.400000e+000  1.231491e+001  1.575891e+001
      vertex  8.400000e+000  8.485281e-001  1.584853e+001
      vertex  8.400000e+000  9.124871e-001  1.577934e+001
    endloop
  endfacet
  facet normal  9.999999e-001  0.000000e+000  0.000000e+000
    outer loop
      vertex  8.400000e+000  1.231491e+001  1.575891e+001
      vertex  8.400000e+000  9.124871e-001  1.577934e+001
      vertex  8.400000e+000  9.708204e-001  1.570534e+001
    endloop
  endfacet
  facet normal  1.000000e+000  -0.000000e+000  0.000000e+000
    outer loop
      vertex  8.400000e+000  1.231491e+001  1.575891e+001
      vertex  8.400000e+000  9.708204e-001  1.570534e+001
      vertex  8.400000e+000  1.262451e+001  1.551199e+001
    endloop
  endfacet
  facet normal  9.999999e-001  0.000000e+000  0.000000e+000
    outer loop
      vertex  8.400000e+000 -1.200047e+001  1.599965e+001
      vertex  8.400000e+000 -1.231491e+001  1.575891e+001
      vertex  8.400000e+000 -7.053423e-001  1.597082e+001
    endloop
  endfacet
  facet normal  1.000000e+000  0.000000e+000  -0.000000e+000
    outer loop
      vertex  8.400000e+000 -1.200047e+001  1.599965e+001
      vertex  8.400000e+000 -7.053423e-001  1.597082e+001
      vertex  8.400000e+000 -6.269983e-001  1.602317e+001
    endloop
  endfacet
  facet normal  1.000000e+000  0.000000e+000  -0.000000e+000
    outer loop
      vertex  8.400000e+000 -1.200047e+001  1.599965e+001
      vertex  8.400000e+000 -6.269983e-001  1.602317e+001
      vertex  8.400000e+000 -5.447886e-001  1.606921e+001
    endloop
  endfacet
  facet normal  1.000000e+000  0.000000e+000  -0.000000e+000
    outer loop
      vertex  8.400000e+000 -1.200047e+001  1.599965e+001
      vertex  8.400000e+000 -5.447886e-001  1.606921e+001
      vertex  8.400000e+000 -4.592201e-001  1.610866e+001
    endloop
  endfacet
  facet normal  1.000000e+000  0.000000e+000  -0.000000e+000
    outer loop
      vertex  8.400000e+000 -1.200047e+001  1.599965e+001
      vertex  8.400000e+000 -4.592201e-001  1.610866e+001
      vertex  8.400000e+000 -3.708204e-001  1.614127e+001
    endloop
  endfacet
  facet normal  1.000000e+000  0.000000e+000  -0.000000e+000
    outer loop
      vertex  8.400000e+000 -1.200047e+001  1.599965e+001
      vertex  8.400000e+000 -3.708204e-001  1.614127e+001
      vertex  8.400000e+000 -2.801344e-001  1.616684e+001
    endloop
  endfacet
  facet normal  1.000000e+000  0.000000e+000  -0.000000e+000
    outer loop
      vertex  8.400000e+000 -1.200047e+001  1.599965e+001
      vertex  8.400000e+000 -2.801344e-001  1.616684e+001
      vertex  8.400000e+000 -1.877214e-001  1.618523e+001
    endloop
  endfacet
  facet normal  1.000000e+000  0.000000e+000  -0.000000e+000
    outer loop
      vertex  8.400000e+000 -1.200047e+001  1.599965e+001
      vertex  8.400000e+000 -1.877214e-001  1.618523e+001
      vertex  8.400000e+000 -9.415092e-002  1.619630e+001
    endloop
  endfacet
  facet normal  1.000000e+000  0.000000e+000  -0.000000e+000
    outer loop
      vertex  8.400000e+000 -1.200047e+001  1.599965e+001
      vertex  8.400000e+000 -9.415092e-002  1.619630e+001
      vertex  8.400000e+000 -9.919614e-016  1.620000e+001
    endloop
  endfacet
  facet normal  9.999999e-001  0.000000e+000  0.000000e+000
    outer loop
      vertex  8.400000e+000 -1.200047e+001  1.599965e+001
      vertex  8.400000e+000 -9.919614e-016  1.620000e+001
      vertex  8.400000e+000 -1.168133e+001  1.623412e+001
    endloop
  endfacet
  facet normal  1.000000e+000  0.000000e+000  0.000000e+000
    outer loop
      vertex  8.400000e+000 -1.231491e+001  1.575891e+001
      vertex  8.400000e+000 -1.262451e+001  1.551199e+001
      vertex  8.400000e+000 -9.708204e-001  1.570534e+001
    endloop
  endfacet
  facet normal  9.999999e-001  0.000000e+000  -0.000000e+000
    outer loop
      vertex  8.400000e+000 -1.231491e+001  1.575891e+001
      vertex  8.400000e+000 -9.708204e-001  1.570534e+001
      vertex  8.400000e+000 -9.124871e-001  1.577934e+001
    endloop
  endfacet
  facet normal  1.000000e+000  0.000000e+000  -0.000000e+000
    outer loop
      vertex  8.400000e+000 -1.231491e+001  1.575891e+001
      vertex  8.400000e+000 -9.124871e-001  1.577934e+001
      vertex  8.400000e+000 -8.485281e-001  1.584853e+001
    endloop
  endfacet
  facet normal  1.000000e+000  0.000000e+000  -0.000000e+000
    outer loop
      vertex  8.400000e+000 -1.231491e+001  1.575891e+001
      vertex  8.400000e+000 -8.485281e-001  1.584853e+001
      vertex  8.400000e+000 -7.793376e-001  1.591249e+001
    endloop
  endfacet
  facet normal  1.000000e+000  0.000000e+000  -0.000000e+000
    outer loop
      vertex  8.400000e+000 -1.231491e+001  1.575891e+001
      vertex  8.400000e+000 -7.793376e-001  1.591249e+001
      vertex  8.400000e+000 -7.053423e-001  1.597082e+001
    endloop
  endfacet
  facet normal  1.000000e+000  -0.000000e+000  -0.000000e+000
    outer loop
      vertex  8.400000e+000  1.023168e+000  1.562700e+001
      vertex  8.400000e+000  1.069208e+000  1.554479e+001
      vertex  8.400000e+000  1.262451e+001  1.551199e+001
    endloop
  endfacet
  facet normal  1.000000e+000  0.000000e+000  0.000000e+000
    outer loop
      vertex  8.400000e+000  1.262451e+001  1.551199e+001
      vertex  8.400000e+000  1.069208e+000  1.554479e+001
      vertex  8.400000e+000  1.108655e+000  1.545922e+001
    endloop
  endfacet
  facet normal  9.999999e-001  -0.000000e+000  0.000000e+000
    outer loop
      vertex  8.400000e+000  1.262451e+001  1.551199e+001
      vertex  8.400000e+000  1.108655e+000  1.545922e+001
      vertex  8.400000e+000  1.292917e+001  1.525898e+001
    endloop
  endfacet
  facet normal  1.000000e+000  0.000000e+000  0.000000e+000
    outer loop
      vertex  8.400000e+000 -9.919614e-016  1.620000e+001
      vertex  8.400000e+000  1.168133e+001  1.623412e+001
      vertex  8.400000e+000 -1.168133e+001  1.623412e+001
    endloop
  endfacet
  facet normal  1.000000e+000  0.000000e+000  0.000000e+000
    outer loop
      vertex  8.400000e+000 -1.168133e+001  1.623412e+001
      vertex  8.400000e+000  1.168133e+001  1.623412e+001
      vertex  8.400000e+000  1.135761e+001  1.646222e+001
    endloop
  endfacet
  facet normal  1.000000e+000  0.000000e+000  0.000000e+000
    outer loop
      vertex  8.400000e+000 -1.168133e+001  1.623412e+001
      vertex  8.400000e+000  1.135761e+001  1.646222e+001
      vertex  8.400000e+000 -1.135761e+001  1.646222e+001
    endloop
  endfacet
  facet normal  1.000000e+000  0.000000e+000  0.000000e+000
    outer loop
      vertex  8.400000e+000 -1.135761e+001  1.646222e+001
      vertex  8.400000e+000  1.135761e+001  1.646222e+001
      vertex  8.400000e+000  1.102944e+001  1.668387e+001
    endloop
  endfacet
  facet normal  1.000000e+000  0.000000e+000  0.000000e+000
    outer loop
      vertex  8.400000e+000 -1.135761e+001  1.646222e+001
      vertex  8.400000e+000  1.102944e+001  1.668387e+001
      vertex  8.400000e+000 -1.102944e+001  1.668387e+001
    endloop
  endfacet
  facet normal  1.000000e+000  0.000000e+000  0.000000e+000
    outer loop
      vertex  8.400000e+000 -1.102944e+001  1.668387e+001
      vertex  8.400000e+000  1.102944e+001  1.668387e+001
      vertex  8.400000e+000  1.069694e+001  1.689898e+001
    endloop
  endfacet
  facet normal  1.000000e+000  0.000000e+000  0.000000e+000
    outer loop
      vertex  8.400000e+000 -1.102944e+001  1.668387e+001
      vertex  8.400000e+000  1.069694e+001  1.689898e+001
      vertex  8.400000e+000 -1.069694e+001  1.689898e+001
    endloop
  endfacet
  facet normal  1.000000e+000  0.000000e+000  0.000000e+000
    outer loop
      vertex  8.400000e+000 -1.069694e+001  1.689898e+001
      vertex  8.400000e+000  1.069694e+001  1.689898e+001
      vertex  8.400000e+000  1.036025e+001  1.710746e+001
    endloop
  endfacet
  facet normal  1.000000e+000  0.000000e+000  0.000000e+000
    outer loop
      vertex  8.400000e+000 -1.069694e+001  1.689898e+001
      vertex  8.400000e+000  1.036025e+001  1.710746e+001
      vertex  8.400000e+000 -1.036025e+001  1.710746e+001
    endloop
  endfacet
  facet normal  1.000000e+000  0.000000e+000  0.000000e+000
    outer loop
      vertex  8.400000e+000 -1.036025e+001  1.710746e+001
      vertex  8.400000e+000  1.036025e+001  1.710746e+001
      vertex  8.400000e+000  1.001950e+001  1.730924e+001
    endloop
  endfacet
  facet normal  1.000000e+000  0.000000e+000  0.000000e+000
    outer loop
      vertex  8.400000e+000 -1.036025e+001  1.710746e+001
      vertex  8.400000e+000  1.001950e+001  1.730924e+001
      vertex  8.400000e+000 -1.001950e+001  1.730924e+001
    endloop
  endfacet
  facet normal  9.999999e-001  0.000000e+000  0.000000e+000
    outer loop
      vertex  8.400000e+000 -1.001950e+001  1.730924e+001
      vertex  8.400000e+000  1.001950e+001  1.730924e+001
      vertex  8.400000e+000  9.674817e+000  1.750422e+001
    endloop
  endfacet
  facet normal  1.000000e+000  0.000000e+000  0.000000e+000
    outer loop
      vertex  8.400000e+000 -1.001950e+001  1.730924e+001
      vertex  8.400000e+000  9.674817e+000  1.750422e+001
      vertex  8.400000e+000 -9.674817e+000  1.750422e+001
    endloop
  endfacet
  facet normal  9.999999e-001  0.000000e+000  0.000000e+000
    outer loop
      vertex  8.400000e+000 -9.674817e+000  1.750422e+001
      vertex  8.400000e+000  9.674817e+000  1.750422e+001
      vertex  8.400000e+000  9.326344e+000  1.769235e+001
    endloop
  endfacet
  facet normal  9.999999e-001  0.000000e+000  0.000000e+000
    outer loop
      vertex  8.400000e+000 -9.674817e+000  1.750422e+001
      vertex  8.400000e+000  9.326344e+000  1.769235e+001
      vertex  8.400000e+000 -9.326344e+000  1.769235e+001
    endloop
  endfacet
  facet normal  1.000000e+000  0.000000e+000  0.000000e+000
    outer loop
      vertex  8.400000e+000 -9.326344e+000  1.769235e+001
      vertex  8.400000e+000  9.326344e+000  1.769235e+001
      vertex  8.400000e+000  8.974213e+000  1.787354e+001
    endloop
  endfacet
  facet normal  9.999999e-001  0.000000e+000  0.000000e+000
    outer loop
      vertex  8.400000e+000 -9.326344e+000  1.769235e+001
      vertex  8.400000e+000  8.974213e+000  1.787354e+001
      vertex  8.400000e+000 -8.974213e+000  1.787354e+001
    endloop
  endfacet
  facet normal  9.999999e-001  0.000000e+000  0.000000e+000
    outer loop
      vertex  8.400000e+000 -8.974213e+000  1.787354e+001
      vertex  8.400000e+000  8.974213e+000  1.787354e+001
      vertex  8.400000e+000  8.618564e+000  1.804772e+001
    endloop
  endfacet
  facet normal  1.000000e+000  0.000000e+000  0.000000e+000
    outer loop
      vertex  8.400000e+000 -8.974213e+000  1.787354e+001
      vertex  8.400000e+000  8.618564e+000  1.804772e+001
      vertex  8.400000e+000 -8.618564e+000  1.804772e+001
    endloop
  endfacet
  facet normal  9.999999e-001  0.000000e+000  0.000000e+000
    outer loop
      vertex  8.400000e+000 -8.618564e+000  1.804772e+001
      vertex  8.400000e+000  8.618564e+000  1.804772e+001
      vertex  8.400000e+000  8.259536e+000  1.821483e+001
    endloop
  endfacet
  facet normal  1.000000e+000  0.000000e+000  0.000000e+000
    outer loop
      vertex  8.400000e+000 -8.618564e+000  1.804772e+001
      vertex  8.400000e+000  8.259536e+000  1.821483e+001
      vertex  8.400000e+000 -8.259536e+000  1.821483e+001
    endloop
  endfacet
  facet normal  1.000000e+000  0.000000e+000  0.000000e+000
    outer loop
      vertex  8.400000e+000 -8.259536e+000  1.821483e+001
      vertex  8.400000e+000  8.259536e+000  1.821483e+001
      vertex  8.400000e+000  7.897269e+000  1.837480e+001
    endloop
  endfacet
  facet normal  1.000000e+000  0.000000e+000  0.000000e+000
    outer loop
      vertex  8.400000e+000 -8.259536e+000  1.821483e+001
      vertex  8.400000e+000  7.897269e+000  1.837480e+001
      vertex  8.400000e+000 -7.897269e+000  1.837480e+001
    endloop
  endfacet
  facet normal  1.000000e+000  0.000000e+000  0.000000e+000
    outer loop
      vertex  8.400000e+000 -7.897269e+000  1.837480e+001
      vertex  8.400000e+000  7.897269e+000  1.837480e+001
      vertex  8.400000e+000  7.531907e+000  1.852756e+001
    endloop
  endfacet
  facet normal  1.000000e+000  0.000000e+000  0.000000e+000
    outer loop
      vertex  8.400000e+000 -7.897269e+000  1.837480e+001
      vertex  8.400000e+000  7.531907e+000  1.852756e+001
      vertex  8.400000e+000 -7.531907e+000  1.852756e+001
    endloop
  endfacet
  facet normal  1.000000e+000  0.000000e+000  0.000000e+000
    outer loop
      vertex  8.400000e+000 -7.531907e+000  1.852756e+001
      vertex  8.400000e+000  7.531907e+000  1.852756e+001
      vertex  8.400000e+000  7.163591e+000  1.867305e+001
    endloop
  endfacet
  facet normal  1.000000e+000  0.000000e+000  0.000000e+000
    outer loop
      vertex  8.400000e+000 -7.531907e+000  1.852756e+001
      vertex  8.400000e+000  7.163591e+000  1.867305e+001
      vertex  8.400000e+000 -7.163591e+000  1.867305e+001
    endloop
  endfacet
  facet normal  1.000000e+000  0.000000e+000  0.000000e+000
    outer loop
      vertex  8.400000e+000 -7.163591e+000  1.867305e+001
      vertex  8.400000e+000  7.163591e+000  1.867305e+001
      vertex  8.400000e+000  6.792467e+000  1.881123e+001
    endloop
  endfacet
  facet normal  1.000000e+000  0.000000e+000  0.000000e+000
    outer loop
      vertex  8.400000e+000 -7.163591e+000  1.867305e+001
      vertex  8.400000e+000  6.792467e+000  1.881123e+001
      vertex  8.400000e+000 -6.792467e+000  1.881123e+001
    endloop
  endfacet
  facet normal  9.999999e-001  0.000000e+000  0.000000e+000
    outer loop
      vertex  8.400000e+000 -6.792467e+000  1.881123e+001
      vertex  8.400000e+000  6.792467e+000  1.881123e+001
      vertex  8.400000e+000  6.418680e+000  1.894203e+001
    endloop
  endfacet
  facet normal  1.000000e+000  0.000000e+000  0.000000e+000
    outer loop
      vertex  8.400000e+000 -6.792467e+000  1.881123e+001
      vertex  8.400000e+000  6.418680e+000  1.894203e+001
      vertex  8.400000e+000 -6.418680e+000  1.894203e+001
    endloop
  endfacet
  facet normal  9.999999e-001  0.000000e+000  0.000000e+000
    outer loop
      vertex  8.400000e+000 -6.418680e+000  1.894203e+001
      vertex  8.400000e+000  6.418680e+000  1.894203e+001
      vertex  8.400000e+000  6.042376e+000  1.906540e+001
    endloop
  endfacet
  facet normal  1.000000e+000  0.000000e+000  0.000000e+000
    outer loop
      vertex  8.400000e+000 -6.418680e+000  1.894203e+001
      vertex  8.400000e+000  6.042376e+000  1.906540e+001
      vertex  8.400000e+000 -6.042376e+000  1.906540e+001
    endloop
  endfacet
  facet normal  1.000000e+000  0.000000e+000  0.000000e+000
    outer loop
      vertex  8.400000e+000 -6.042376e+000  1.906540e+001
      vertex  8.400000e+000  6.042376e+000  1.906540e+001
      vertex  8.400000e+000  5.663703e+000  1.918130e+001
    endloop
  endfacet
  facet normal  1.000000e+000  0.000000e+000  0.000000e+000
    outer loop
      vertex  8.400000e+000 -6.042376e+000  1.906540e+001
      vertex  8.400000e+000  5.663703e+000  1.918130e+001
      vertex  8.400000e+000 -5.663703e+000  1.918130e+001
    endloop
  endfacet
  facet normal  1.000000e+000  0.000000e+000  0.000000e+000
    outer loop
      vertex  8.400000e+000 -5.663703e+000  1.918130e+001
      vertex  8.400000e+000  5.663703e+000  1.918130e+001
      vertex  8.400000e+000  5.282810e+000  1.928968e+001
    endloop
  endfacet
  facet normal  1.000000e+000  0.000000e+000  0.000000e+000
    outer loop
      vertex  8.400000e+000 -5.663703e+000  1.918130e+001
      vertex  8.400000e+000  5.282810e+000  1.928968e+001
      vertex  8.400000e+000 -5.282810e+000  1.928968e+001
    endloop
  endfacet
  facet normal  1.000000e+000  0.000000e+000  0.000000e+000
    outer loop
      vertex  8.400000e+000 -5.282810e+000  1.928968e+001
      vertex  8.400000e+000  5.282810e+000  1.928968e+001
      vertex  8.400000e+000  4.899846e+000  1.939050e+001
    endloop
  endfacet
  facet normal  1.000000e+000  0.000000e+000  0.000000e+000
    outer loop
      vertex  8.400000e+000 -5.282810e+000  1.928968e+001
      vertex  8.400000e+000  4.899846e+000  1.939050e+001
      vertex  8.400000e+000 -4.899846e+000  1.939050e+001
    endloop
  endfacet
  facet normal  9.999999e-001  0.000000e+000  0.000000e+000
    outer loop
      vertex  8.400000e+000 -4.899846e+000  1.939050e+001
      vertex  8.400000e+000  4.899846e+000  1.939050e+001
      vertex  8.400000e+000  4.514960e+000  1.948372e+001
    endloop
  endfacet
  facet normal  1.000000e+000  0.000000e+000  0.000000e+000
    outer loop
      vertex  8.400000e+000 -4.899846e+000  1.939050e+001
      vertex  8.400000e+000  4.514960e+000  1.948372e+001
      vertex  8.400000e+000 -4.514960e+000  1.948372e+001
    endloop
  endfacet
  facet normal  1.000000e+000  0.000000e+000  0.000000e+000
    outer loop
      vertex  8.400000e+000 -4.514960e+000  1.948372e+001
      vertex  8.400000e+000  4.514960e+000  1.948372e+001
      vertex  8.400000e+000  4.128304e+000  1.956929e+001
    endloop
  endfacet
  facet normal  1.000000e+000  0.000000e+000  0.000000e+000
    outer loop
      vertex  8.400000e+000 -4.514960e+000  1.948372e+001
      vertex  8.400000e+000  4.128304e+000  1.956929e+001
      vertex  8.400000e+000 -4.128304e+000  1.956929e+001
    endloop
  endfacet
  facet normal  1.000000e+000  0.000000e+000  0.000000e+000
    outer loop
      vertex  8.400000e+000 -4.128304e+000  1.956929e+001
      vertex  8.400000e+000  4.128304e+000  1.956929e+001
      vertex  8.400000e+000  3.740030e+000  1.964719e+001
    endloop
  endfacet
  facet normal  1.000000e+000  0.000000e+000  0.000000e+000
    outer loop
      vertex  8.400000e+000 -4.128304e+000  1.956929e+001
      vertex  8.400000e+000  3.740030e+000  1.964719e+001
      vertex  8.400000e+000 -3.740030e+000  1.964719e+001
    endloop
  endfacet
  facet normal  1.000000e+000  0.000000e+000  0.000000e+000
    outer loop
      vertex  8.400000e+000 -3.740030e+000  1.964719e+001
      vertex  8.400000e+000  3.740030e+000  1.964719e+001
      vertex  8.400000e+000  3.350290e+000  1.971739e+001
    endloop
  endfacet
  facet normal  1.000000e+000  0.000000e+000  0.000000e+000
    outer loop
      vertex  8.400000e+000 -3.740030e+000  1.964719e+001
      vertex  8.400000e+000  3.350290e+000  1.971739e+001
      vertex  8.400000e+000 -3.350290e+000  1.971739e+001
    endloop
  endfacet
  facet normal  1.000000e+000  0.000000e+000  0.000000e+000
    outer loop
      vertex  8.400000e+000 -3.350290e+000  1.971739e+001
      vertex  8.400000e+000  3.350290e+000  1.971739e+001
      vertex  8.400000e+000  2.959235e+000  1.977986e+001
    endloop
  endfacet
  facet normal  1.000000e+000  0.000000e+000  0.000000e+000
    outer loop
      vertex  8.400000e+000 -3.350290e+000  1.971739e+001
      vertex  8.400000e+000  2.959235e+000  1.977986e+001
      vertex  8.400000e+000 -2.959235e+000  1.977986e+001
    endloop
  endfacet
  facet normal  1.000000e+000  0.000000e+000  0.000000e+000
    outer loop
      vertex  8.400000e+000 -2.959235e+000  1.977986e+001
      vertex  8.400000e+000  2.959235e+000  1.977986e+001
      vertex  8.400000e+000  2.567021e+000  1.983458e+001
    endloop
  endfacet
  facet normal  1.000000e+000  0.000000e+000  0.000000e+000
    outer loop
      vertex  8.400000e+000 -2.959235e+000  1.977986e+001
      vertex  8.400000e+000  2.567021e+000  1.983458e+001
      vertex  8.400000e+000 -2.567021e+000  1.983458e+001
    endloop
  endfacet
  facet normal  1.000000e+000  0.000000e+000  0.000000e+000
    outer loop
      vertex  8.400000e+000 -2.567021e+000  1.983458e+001
      vertex  8.400000e+000  2.567021e+000  1.983458e+001
      vertex  8.400000e+000  2.173800e+000  1.988151e+001
    endloop
  endfacet
  facet normal  1.000000e+000  0.000000e+000  0.000000e+000
    outer loop
      vertex  8.400000e+000 -2.567021e+000  1.983458e+001
      vertex  8.400000e+000  2.173800e+000  1.988151e+001
      vertex  8.400000e+000 -2.173800e+000  1.988151e+001
    endloop
  endfacet
  facet normal  1.000000e+000  0.000000e+000  0.000000e+000
    outer loop
      vertex  8.400000e+000 -2.173800e+000  1.988151e+001
      vertex  8.400000e+000  2.173800e+000  1.988151e+001
      vertex  8.400000e+000  1.779727e+000  1.992066e+001
    endloop
  endfacet
  facet normal  1.000000e+000  0.000000e+000  0.000000e+000
    outer loop
      vertex  8.400000e+000 -2.173800e+000  1.988151e+001
      vertex  8.400000e+000  1.779727e+000  1.992066e+001
      vertex  8.400000e+000 -1.779727e+000  1.992066e+001
    endloop
  endfacet
  facet normal  1.000000e+000  0.000000e+000  0.000000e+000
    outer loop
      vertex  8.400000e+000 -1.779727e+000  1.992066e+001
      vertex  8.400000e+000  1.779727e+000  1.992066e+001
      vertex  8.400000e+000  1.384956e+000  1.995199e+001
    endloop
  endfacet
  facet normal  1.000000e+000  0.000000e+000  0.000000e+000
    outer loop
      vertex  8.400000e+000 -1.779727e+000  1.992066e+001
      vertex  8.400000e+000  1.384956e+000  1.995199e+001
      vertex  8.400000e+000 -1.384956e+000  1.995199e+001
    endloop
  endfacet
  facet normal  1.000000e+000  0.000000e+000  0.000000e+000
    outer loop
      vertex  8.400000e+000 -1.384956e+000  1.995199e+001
      vertex  8.400000e+000  1.384956e+000  1.995199e+001
      vertex  8.400000e+000  9.896426e-001  1.997550e+001
    endloop
  endfacet
  facet normal  1.000000e+000  0.000000e+000  0.000000e+000
    outer loop
      vertex  8.400000e+000 -1.384956e+000  1.995199e+001
      vertex  8.400000e+000  9.896426e-001  1.997550e+001
      vertex  8.400000e+000 -9.896426e-001  1.997550e+001
    endloop
  endfacet
  facet normal  1.000000e+000  0.000000e+000  0.000000e+000
    outer loop
      vertex  8.400000e+000 -9.896426e-001  1.997550e+001
      vertex  8.400000e+000  9.896426e-001  1.997550e+001
      vertex  8.400000e+000  5.939408e-001  1.999118e+001
    endloop
  endfacet
  facet normal  1.000000e+000  0.000000e+000  0.000000e+000
    outer loop
      vertex  8.400000e+000 -9.896426e-001  1.997550e+001
      vertex  8.400000e+000  5.939408e-001  1.999118e+001
      vertex  8.400000e+000 -5.939408e-001  1.999118e+001
    endloop
  endfacet
  facet normal  9.999999e-001  0.000000e+000  0.000000e+000
    outer loop
      vertex  8.400000e+000 -5.939408e-001  1.999118e+001
      vertex  8.400000e+000  5.939408e-001  1.999118e+001
      vertex  8.400000e+000  1.980062e-001  1.999902e+001
    endloop
  endfacet
  facet normal  9.999999e-001  0.000000e+000  0.000000e+000
    outer loop
      vertex  8.400000e+000 -5.939408e-001  1.999118e+001
      vertex  8.400000e+000  1.980062e-001  1.999902e+001
      vertex  8.400000e+000 -1.980062e-001  1.999902e+001
    endloop
  endfacet
  facet normal  1.000000e+000  0.000000e+000  0.000000e+000
    outer loop
      vertex  8.400000e+000 -1.023168e+000  1.562700e+001
      vertex  8.400000e+000 -1.262451e+001  1.551199e+001
      vertex  8.400000e+000 -1.069208e+000  1.554479e+001
    endloop
  endfacet
  facet normal  9.999999e-001  0.000000e+000  0.000000e+000
    outer loop
      vertex  8.400000e+000 -1.069208e+000  1.554479e+001
      vertex  8.400000e+000 -1.262451e+001  1.551199e+001
      vertex  8.400000e+000 -1.292917e+001  1.525898e+001
    endloop
  endfacet
  facet normal  1.000000e+000  0.000000e+000  0.000000e+000
    outer loop
      vertex  8.400000e+000 -1.069208e+000  1.554479e+001
      vertex  8.400000e+000 -1.292917e+001  1.525898e+001
      vertex  8.400000e+000 -1.108655e+000  1.545922e+001
    endloop
  endfacet
  facet normal  1.000000e+000  0.000000e+000  0.000000e+000
    outer loop
      vertex  8.400000e+000  1.524003e+001  1.175749e+000
      vertex  8.400000e+000  1.996516e+001  1.179940e+000
      vertex  8.400000e+000  1.514464e+001  1.191251e+000
    endloop
  endfacet
  facet normal  9.999999e-001  0.000000e+000  0.000000e+000
    outer loop
      vertex  8.400000e+000  1.993664e+001 -1.590696e+000
      vertex  8.400000e+000  1.508126e+001 -1.313605e+001
      vertex  8.400000e+000  1.533972e+001 -1.283327e+001
    endloop
  endfacet
  facet normal  1.000000e+000  0.000000e+000  0.000000e+000
    outer loop
      vertex  8.400000e+000  1.993664e+001 -1.590696e+000
      vertex  8.400000e+000  1.533972e+001 -1.283327e+001
      vertex  8.400000e+000  1.559211e+001 -1.252542e+001
    endloop
  endfacet
  facet normal  1.000000e+000  0.000000e+000  0.000000e+000
    outer loop
      vertex  8.400000e+000  1.993664e+001 -1.590696e+000
      vertex  8.400000e+000  1.559211e+001 -1.252542e+001
      vertex  8.400000e+000  1.583832e+001 -1.221260e+001
    endloop
  endfacet
  facet normal  1.000000e+000  0.000000e+000  0.000000e+000
    outer loop
      vertex  8.400000e+000  1.993664e+001 -1.590696e+000
      vertex  8.400000e+000  1.583832e+001 -1.221260e+001
      vertex  8.400000e+000  1.607825e+001 -1.189495e+001
    endloop
  endfacet
  facet normal  1.000000e+000  0.000000e+000  0.000000e+000
    outer loop
      vertex  8.400000e+000  1.993664e+001 -1.590696e+000
      vertex  8.400000e+000  1.607825e+001 -1.189495e+001
      vertex  8.400000e+000  1.631182e+001 -1.157258e+001
    endloop
  endfacet
  facet normal  1.000000e+000  0.000000e+000  0.000000e+000
    outer loop
      vertex  8.400000e+000  1.993664e+001 -1.590696e+000
      vertex  8.400000e+000  1.631182e+001 -1.157258e+001
      vertex  8.400000e+000  1.653892e+001 -1.124563e+001
    endloop
  endfacet
  facet normal  1.000000e+000  0.000000e+000  0.000000e+000
    outer loop
      vertex  8.400000e+000  1.993664e+001 -1.590696e+000
      vertex  8.400000e+000  1.653892e+001 -1.124563e+001
      vertex  8.400000e+000  1.675947e+001 -1.091422e+001
    endloop
  endfacet
  facet normal  1.000000e+000  0.000000e+000  0.000000e+000
    outer loop
      vertex  8.400000e+000  1.993664e+001 -1.590696e+000
      vertex  8.400000e+000  1.675947e+001 -1.091422e+001
      vertex  8.400000e+000  1.697338e+001 -1.057848e+001
    endloop
  endfacet
  facet normal  1.000000e+000  0.000000e+000  0.000000e+000
    outer loop
      vertex  8.400000e+000  1.993664e+001 -1.590696e+000
      vertex  8.400000e+000  1.697338e+001 -1.057848e+001
      vertex  8.400000e+000  1.718057e+001 -1.023856e+001
    endloop
  endfacet
  facet normal  1.000000e+000  0.000000e+000  0.000000e+000
    outer loop
      vertex  8.400000e+000  1.993664e+001 -1.590696e+000
      vertex  8.400000e+000  1.718057e+001 -1.023856e+001
      vertex  8.400000e+000  1.738095e+001 -9.894580e+000
    endloop
  endfacet
  facet normal  1.000000e+000  0.000000e+000  0.000000e+000
    outer loop
      vertex  8.400000e+000  1.993664e+001 -1.590696e+000
      vertex  8.400000e+000  1.738095e+001 -9.894580e+000
      vertex  8.400000e+000  1.757444e+001 -9.546679e+000
    endloop
  endfacet
  facet normal  1.000000e+000  0.000000e+000  0.000000e+000
    outer loop
      vertex  8.400000e+000  1.993664e+001 -1.590696e+000
      vertex  8.400000e+000  1.757444e+001 -9.546679e+000
      vertex  8.400000e+000  1.776097e+001 -9.194997e+000
    endloop
  endfacet
  facet normal  1.000000e+000  0.000000e+000  0.000000e+000
    outer loop
      vertex  8.400000e+000  1.993664e+001 -1.590696e+000
      vertex  8.400000e+000  1.776097e+001 -9.194997e+000
      vertex  8.400000e+000  1.794046e+001 -8.839672e+000
    endloop
  endfacet
  facet normal  1.000000e+000  0.000000e+000  0.000000e+000
    outer loop
      vertex  8.400000e+000  1.993664e+001 -1.590696e+000
      vertex  8.400000e+000  1.794046e+001 -8.839672e+000
      vertex  8.400000e+000  1.811285e+001 -8.480844e+000
    endloop
  endfacet
  facet normal  1.000000e+000  0.000000e+000  0.000000e+000
    outer loop
      vertex  8.400000e+000  1.993664e+001 -1.590696e+000
      vertex  8.400000e+000  1.811285e+001 -8.480844e+000
      vertex  8.400000e+000  1.827806e+001 -8.118656e+000
    endloop
  endfacet
  facet normal  1.000000e+000  0.000000e+000  0.000000e+000
    outer loop
      vertex  8.400000e+000  1.993664e+001 -1.590696e+000
      vertex  8.400000e+000  1.827806e+001 -8.118656e+000
      vertex  8.400000e+000  1.843603e+001 -7.753253e+000
    endloop
  endfacet
  facet normal  1.000000e+000  0.000000e+000  0.000000e+000
    outer loop
      vertex  8.400000e+000  1.993664e+001 -1.590696e+000
      vertex  8.400000e+000  1.843603e+001 -7.753253e+000
      vertex  8.400000e+000  1.858669e+001 -7.384777e+000
    endloop
  endfacet
  facet normal  1.000000e+000  0.000000e+000  0.000000e+000
    outer loop
      vertex  8.400000e+000  1.993664e+001 -1.590696e+000
      vertex  8.400000e+000  1.858669e+001 -7.384777e+000
      vertex  8.400000e+000  1.872999e+001 -7.013375e+000
    endloop
  endfacet
  facet normal  1.000000e+000  0.000000e+000  0.000000e+000
    outer loop
      vertex  8.400000e+000  1.993664e+001 -1.590696e+000
      vertex  8.400000e+000  1.872999e+001 -7.013375e+000
      vertex  8.400000e+000  1.886587e+001 -6.639195e+000
    endloop
  endfacet
  facet normal  1.000000e+000  0.000000e+000  0.000000e+000
    outer loop
      vertex  8.400000e+000  1.993664e+001 -1.590696e+000
      vertex  8.400000e+000  1.886587e+001 -6.639195e+000
      vertex  8.400000e+000  1.899428e+001 -6.262385e+000
    endloop
  endfacet
  facet normal  1.000000e+000  0.000000e+000  0.000000e+000
    outer loop
      vertex  8.400000e+000  1.993664e+001 -1.590696e+000
      vertex  8.400000e+000  1.899428e+001 -6.262385e+000
      vertex  8.400000e+000  1.911516e+001 -5.883093e+000
    endloop
  endfacet
  facet normal  1.000000e+000  0.000000e+000  0.000000e+000
    outer loop
      vertex  8.400000e+000  1.993664e+001 -1.590696e+000
      vertex  8.400000e+000  1.911516e+001 -5.883093e+000
      vertex  8.400000e+000  1.922846e+001 -5.501471e+000
    endloop
  endfacet
  facet normal  1.000000e+000  0.000000e+000  0.000000e+000
    outer loop
      vertex  8.400000e+000  1.993664e+001 -1.590696e+000
      vertex  8.400000e+000  1.922846e+001 -5.501471e+000
      vertex  8.400000e+000  1.933415e+001 -5.117669e+000
    endloop
  endfacet
  facet normal  1.000000e+000  0.000000e+000  0.000000e+000
    outer loop
      vertex  8.400000e+000  1.993664e+001 -1.590696e+000
      vertex  8.400000e+000  1.933415e+001 -5.117669e+000
      vertex  8.400000e+000  1.943218e+001 -4.731840e+000
    endloop
  endfacet
  facet normal  9.999999e-001  0.000000e+000  0.000000e+000
    outer loop
      vertex  8.400000e+000  1.993664e+001 -1.590696e+000
      vertex  8.400000e+000  1.943218e+001 -4.731840e+000
      vertex  8.400000e+000  1.952251e+001 -4.344136e+000
    endloop
  endfacet
  facet normal  1.000000e+000  0.000000e+000  0.000000e+000
    outer loop
      vertex  8.400000e+000  1.993664e+001 -1.590696e+000
      vertex  8.400000e+000  1.952251e+001 -4.344136e+000
      vertex  8.400000e+000  1.960511e+001 -3.954710e+000
    endloop
  endfacet
  facet normal  9.999999e-001  0.000000e+000  0.000000e+000
    outer loop
      vertex  8.400000e+000  1.993664e+001 -1.590696e+000
      vertex  8.400000e+000  1.960511e+001 -3.954710e+000
      vertex  8.400000e+000  1.967994e+001 -3.563718e+000
    endloop
  endfacet
  facet normal  1.000000e+000  0.000000e+000  0.000000e+000
    outer loop
      vertex  8.400000e+000  1.993664e+001 -1.590696e+000
      vertex  8.400000e+000  1.967994e+001 -3.563718e+000
      vertex  8.400000e+000  1.974697e+001 -3.171314e+000
    endloop
  endfacet
  facet normal  1.000000e+000  0.000000e+000  0.000000e+000
    outer loop
      vertex  8.400000e+000  1.993664e+001 -1.590696e+000
      vertex  8.400000e+000  1.974697e+001 -3.171314e+000
      vertex  8.400000e+000  1.980618e+001 -2.777654e+000
    endloop
  endfacet
  facet normal  1.000000e+000  0.000000e+000  0.000000e+000
    outer loop
      vertex  8.400000e+000  1.993664e+001 -1.590696e+000
      vertex  8.400000e+000  1.980618e+001 -2.777654e+000
      vertex  8.400000e+000  1.985754e+001 -2.382894e+000
    endloop
  endfacet
  facet normal  1.000000e+000  0.000000e+000  0.000000e+000
    outer loop
      vertex  8.400000e+000  1.993664e+001 -1.590696e+000
      vertex  8.400000e+000  1.985754e+001 -2.382894e+000
      vertex  8.400000e+000  1.990103e+001 -1.987189e+000
    endloop
  endfacet
  facet normal  1.000000e+000  0.000000e+000  0.000000e+000
    outer loop
      vertex  8.400000e+000  1.993808e+001  1.572543e+000
      vertex  8.400000e+000  1.990328e+001  1.964537e+000
      vertex  8.400000e+000  1.986077e+001  2.355770e+000
    endloop
  endfacet
  facet normal  9.999999e-001  0.000000e+000  0.000000e+000
    outer loop
      vertex  8.400000e+000  1.993808e+001  1.572543e+000
      vertex  8.400000e+000  1.986077e+001  2.355770e+000
      vertex  8.400000e+000  1.981058e+001  2.746091e+000
    endloop
  endfacet
  facet normal  1.000000e+000  0.000000e+000  0.000000e+000
    outer loop
      vertex  8.400000e+000  1.993808e+001  1.572543e+000
      vertex  8.400000e+000  1.981058e+001  2.746091e+000
      vertex  8.400000e+000  1.975271e+001  3.135349e+000
    endloop
  endfacet
  facet normal  9.999999e-001  0.000000e+000  0.000000e+000
    outer loop
      vertex  8.400000e+000  1.993808e+001  1.572543e+000
      vertex  8.400000e+000  1.975271e+001  3.135349e+000
      vertex  8.400000e+000  1.968720e+001  3.523392e+000
    endloop
  endfacet
  facet normal  9.999999e-001  0.000000e+000  0.000000e+000
    outer loop
      vertex  8.400000e+000  1.993808e+001  1.572543e+000
      vertex  8.400000e+000  1.968720e+001  3.523392e+000
      vertex  8.400000e+000  1.961406e+001  3.910072e+000
    endloop
  endfacet
  facet normal  1.000000e+000  0.000000e+000  0.000000e+000
    outer loop
      vertex  8.400000e+000  1.993808e+001  1.572543e+000
      vertex  8.400000e+000  1.961406e+001  3.910072e+000
      vertex  8.400000e+000  1.953333e+001  4.295238e+000
    endloop
  endfacet
  facet normal  1.000000e+000  0.000000e+000  0.000000e+000
    outer loop
      vertex  8.400000e+000  1.993808e+001  1.572543e+000
      vertex  8.400000e+000  1.953333e+001  4.295238e+000
      vertex  8.400000e+000  1.944503e+001  4.678741e+000
    endloop
  endfacet
  facet normal  9.999999e-001  0.000000e+000  0.000000e+000
    outer loop
      vertex  8.400000e+000  1.993808e+001  1.572543e+000
      vertex  8.400000e+000  1.944503e+001  4.678741e+000
      vertex  8.400000e+000  1.934921e+001  5.060432e+000
    endloop
  endfacet
  facet normal  1.000000e+000  0.000000e+000  0.000000e+000
    outer loop
      vertex  8.400000e+000  1.993808e+001  1.572543e+000
      vertex  8.400000e+000  1.934921e+001  5.060432e+000
      vertex  8.400000e+000  1.924590e+001  5.440165e+000
    endloop
  endfacet
  facet normal  9.999999e-001  0.000000e+000  0.000000e+000
    outer loop
      vertex  8.400000e+000  1.993808e+001  1.572543e+000
      vertex  8.400000e+000  1.924590e+001  5.440165e+000
      vertex  8.400000e+000  1.913513e+001  5.817790e+000
    endloop
  endfacet
  facet normal  9.999999e-001  0.000000e+000  0.000000e+000
    outer loop
      vertex  8.400000e+000  1.993808e+001  1.572543e+000
      vertex  8.400000e+000  1.913513e+001  5.817790e+000
      vertex  8.400000e+000  1.901696e+001  6.193163e+000
    endloop
  endfacet
  facet normal  1.000000e+000  0.000000e+000  0.000000e+000
    outer loop
      vertex  8.400000e+000  1.993808e+001  1.572543e+000
      vertex  8.400000e+000  1.901696e+001  6.193163e+000
      vertex  8.400000e+000  1.889142e+001  6.566139e+000
    endloop
  endfacet
  facet normal  1.000000e+000  0.000000e+000  0.000000e+000
    outer loop
      vertex  8.400000e+000  1.993808e+001  1.572543e+000
      vertex  8.400000e+000  1.889142e+001  6.566139e+000
      vertex  8.400000e+000  1.875857e+001  6.936572e+000
    endloop
  endfacet
  facet normal  1.000000e+000  0.000000e+000  0.000000e+000
    outer loop
      vertex  8.400000e+000  1.993808e+001  1.572543e+000
      vertex  8.400000e+000  1.875857e+001  6.936572e+000
      vertex  8.400000e+000  1.861846e+001  7.304320e+000
    endloop
  endfacet
  facet normal  1.000000e+000  0.000000e+000  0.000000e+000
    outer loop
      vertex  8.400000e+000  1.993808e+001  1.572543e+000
      vertex  8.400000e+000  1.861846e+001  7.304320e+000
      vertex  8.400000e+000  1.847113e+001  7.669239e+000
    endloop
  endfacet
  facet normal  1.000000e+000  0.000000e+000  0.000000e+000
    outer loop
      vertex  8.400000e+000  1.993808e+001  1.572543e+000
      vertex  8.400000e+000  1.847113e+001  7.669239e+000
      vertex  8.400000e+000  1.831666e+001  8.031189e+000
    endloop
  endfacet
  facet normal  1.000000e+000  0.000000e+000  0.000000e+000
    outer loop
      vertex  8.400000e+000  1.993808e+001  1.572543e+000
      vertex  8.400000e+000  1.831666e+001  8.031189e+000
      vertex  8.400000e+000  1.815509e+001  8.390030e+000
    endloop
  endfacet
  facet normal  1.000000e+000  0.000000e+000  0.000000e+000
    outer loop
      vertex  8.400000e+000  1.993808e+001  1.572543e+000
      vertex  8.400000e+000  1.815509e+001  8.390030e+000
      vertex  8.400000e+000  1.798650e+001  8.745622e+000
    endloop
  endfacet
  facet normal  1.000000e+000  0.000000e+000  0.000000e+000
    outer loop
      vertex  8.400000e+000  1.993808e+001  1.572543e+000
      vertex  8.400000e+000  1.798650e+001  8.745622e+000
      vertex  8.400000e+000  1.781094e+001  9.097828e+000
    endloop
  endfacet
  facet normal  9.999999e-001  0.000000e+000  0.000000e+000
    outer loop
      vertex  8.400000e+000  1.993808e+001  1.572543e+000
      vertex  8.400000e+000  1.781094e+001  9.097828e+000
      vertex  8.400000e+000  1.762848e+001  9.446512e+000
    endloop
  endfacet
  facet normal  1.000000e+000  0.000000e+000  0.000000e+000
    outer loop
      vertex  8.400000e+000  1.993808e+001  1.572543e+000
      vertex  8.400000e+000  1.762848e+001  9.446512e+000
      vertex  8.400000e+000  1.743920e+001  9.791538e+000
    endloop
  endfacet
  facet normal  1.000000e+000  0.000000e+000  0.000000e+000
    outer loop
      vertex  8.400000e+000  1.993808e+001  1.572543e+000
      vertex  8.400000e+000  1.743920e+001  9.791538e+000
      vertex  8.400000e+000  1.724317e+001  1.013277e+001
    endloop
  endfacet
  facet normal  1.000000e+000  0.000000e+000  0.000000e+000
    outer loop
      vertex  8.400000e+000  1.993808e+001  1.572543e+000
      vertex  8.400000e+000  1.724317e+001  1.013277e+001
      vertex  8.400000e+000  1.704046e+001  1.047009e+001
    endloop
  endfacet
  facet normal  1.000000e+000  0.000000e+000  0.000000e+000
    outer loop
      vertex  8.400000e+000  1.993808e+001  1.572543e+000
      vertex  8.400000e+000  1.704046e+001  1.047009e+001
      vertex  8.400000e+000  1.683115e+001  1.080334e+001
    endloop
  endfacet
  facet normal  9.999999e-001  0.000000e+000  0.000000e+000
    outer loop
      vertex  8.400000e+000  1.993808e+001  1.572543e+000
      vertex  8.400000e+000  1.683115e+001  1.080334e+001
      vertex  8.400000e+000  1.661533e+001  1.113242e+001
    endloop
  endfacet
  facet normal  1.000000e+000  0.000000e+000  0.000000e+000
    outer loop
      vertex  8.400000e+000  1.993808e+001  1.572543e+000
      vertex  8.400000e+000  1.661533e+001  1.113242e+001
      vertex  8.400000e+000  1.639308e+001  1.145718e+001
    endloop
  endfacet
  facet normal  1.000000e+000  0.000000e+000  0.000000e+000
    outer loop
      vertex  8.400000e+000  1.993808e+001  1.572543e+000
      vertex  8.400000e+000  1.639308e+001  1.145718e+001
      vertex  8.400000e+000  1.616447e+001  1.177751e+001
    endloop
  endfacet
  facet normal  1.000000e+000  0.000000e+000  0.000000e+000
    outer loop
      vertex  8.400000e+000  1.993808e+001  1.572543e+000
      vertex  8.400000e+000  1.616447e+001  1.177751e+001
      vertex  8.400000e+000  1.592961e+001  1.209328e+001
    endloop
  endfacet
  facet normal  1.000000e+000  0.000000e+000  0.000000e+000
    outer loop
      vertex  8.400000e+000  1.993808e+001  1.572543e+000
      vertex  8.400000e+000  1.592961e+001  1.209328e+001
      vertex  8.400000e+000  1.568858e+001  1.240437e+001
    endloop
  endfacet
  facet normal  1.000000e+000  0.000000e+000  0.000000e+000
    outer loop
      vertex  8.400000e+000  1.993808e+001  1.572543e+000
      vertex  8.400000e+000  1.568858e+001  1.240437e+001
      vertex  8.400000e+000  1.544148e+001  1.271065e+001
    endloop
  endfacet
  facet normal  1.000000e+000  0.000000e+000  0.000000e+000
    outer loop
      vertex  8.400000e+000  1.993808e+001  1.572543e+000
      vertex  8.400000e+000  1.544148e+001  1.271065e+001
      vertex  8.400000e+000  1.518840e+001  1.301202e+001
    endloop
  endfacet
  facet normal  1.000000e+000  0.000000e+000  0.000000e+000
    outer loop
      vertex  8.400000e+000  1.993808e+001  1.572543e+000
      vertex  8.400000e+000  1.518840e+001  1.301202e+001
      vertex  8.400000e+000  1.495168e+001  1.199027e+000
    endloop
  endfacet
  facet normal  9.999999e-001  0.000000e+000  0.000000e+000
    outer loop
      vertex  8.400000e+000  1.993808e+001  1.572543e+000
      vertex  8.400000e+000  1.495168e+001  1.199027e+000
      vertex  8.400000e+000  1.504832e+001  1.199027e+000
    endloop
  endfacet
  facet normal  1.000000e+000  -0.000000e+000  0.000000e+000
    outer loop
      vertex  8.400000e+000  1.993808e+001  1.572543e+000
      vertex  8.400000e+000  1.504832e+001  1.199027e+000
      vertex  8.400000e+000  1.514464e+001  1.191251e+000
    endloop
  endfacet
  facet normal  9.999999e-001  -0.000000e+000  0.000000e+000
    outer loop
      vertex  8.400000e+000  1.993808e+001  1.572543e+000
      vertex  8.400000e+000  1.514464e+001  1.191251e+000
      vertex  8.400000e+000  1.996516e+001  1.179940e+000
    endloop
  endfacet
  facet normal  1.000000e+000  0.000000e+000  0.000000e+000
    outer loop
      vertex  8.400000e+000  1.492943e+001  1.330834e+001
      vertex  8.400000e+000  1.380389e+001  9.655988e-002
      vertex  8.400000e+000  1.381554e+001  1.924935e-001
    endloop
  endfacet
  facet normal  1.000000e+000  0.000000e+000  0.000000e+000
    outer loop
      vertex  8.400000e+000  1.492943e+001  1.330834e+001
      vertex  8.400000e+000  1.381554e+001  1.924935e-001
      vertex  8.400000e+000  1.383487e+001  2.871788e-001
    endloop
  endfacet
  facet normal  1.000000e+000  0.000000e+000  0.000000e+000
    outer loop
      vertex  8.400000e+000  1.492943e+001  1.330834e+001
      vertex  8.400000e+000  1.383487e+001  2.871788e-001
      vertex  8.400000e+000  1.386176e+001  3.800016e-001
    endloop
  endfacet
  facet normal  1.000000e+000  0.000000e+000  0.000000e+000
    outer loop
      vertex  8.400000e+000  1.492943e+001  1.330834e+001
      vertex  8.400000e+000  1.386176e+001  3.800016e-001
      vertex  8.400000e+000  1.389602e+001  4.703599e-001
    endloop
  endfacet
  facet normal  1.000000e+000  0.000000e+000  0.000000e+000
    outer loop
      vertex  8.400000e+000  1.492943e+001  1.330834e+001
      vertex  8.400000e+000  1.389602e+001  4.703599e-001
      vertex  8.400000e+000  1.393745e+001  5.576678e-001
    endloop
  endfacet
  facet normal  1.000000e+000  0.000000e+000  0.000000e+000
    outer loop
      vertex  8.400000e+000  1.492943e+001  1.330834e+001
      vertex  8.400000e+000  1.393745e+001  5.576678e-001
      vertex  8.400000e+000  1.398577e+001  6.413590e-001
    endloop
  endfacet
  facet normal  1.000000e+000  0.000000e+000  0.000000e+000
    outer loop
      vertex  8.400000e+000  1.492943e+001  1.330834e+001
      vertex  8.400000e+000  1.398577e+001  6.413590e-001
      vertex  8.400000e+000  1.404067e+001  7.208907e-001
    endloop
  endfacet
  facet normal  9.999999e-001  0.000000e+000  0.000000e+000
    outer loop
      vertex  8.400000e+000  1.492943e+001  1.330834e+001
      vertex  8.400000e+000  1.404067e+001  7.208907e-001
      vertex  8.400000e+000  1.410179e+001  7.957472e-001
    endloop
  endfacet
  facet normal  1.000000e+000  0.000000e+000  0.000000e+000
    outer loop
      vertex  8.400000e+000  1.492943e+001  1.330834e+001
      vertex  8.400000e+000  1.410179e+001  7.957472e-001
      vertex  8.400000e+000  1.416873e+001  8.654429e-001
    endloop
  endfacet
  facet normal  1.000000e+000  0.000000e+000  0.000000e+000
    outer loop
      vertex  8.400000e+000  1.492943e+001  1.330834e+001
      vertex  8.400000e+000  1.416873e+001  8.654429e-001
      vertex  8.400000e+000  1.424107e+001  9.295260e-001
    endloop
  endfacet
  facet normal  1.000000e+000  0.000000e+000  0.000000e+000
    outer loop
      vertex  8.400000e+000  1.492943e+001  1.330834e+001
      vertex  8.400000e+000  1.424107e+001  9.295260e-001
      vertex  8.400000e+000  1.431832e+001  9.875807e-001
    endloop
  endfacet
  facet normal  1.000000e+000  0.000000e+000  0.000000e+000
    outer loop
      vertex  8.400000e+000  1.492943e+001  1.330834e+001
      vertex  8.400000e+000  1.431832e+001  9.875807e-001
      vertex  8.400000e+000  1.440000e+001  1.039230e+000
    endloop
  endfacet
  facet normal  1.000000e+000  0.000000e+000  0.000000e+000
    outer loop
      vertex  8.400000e+000  1.492943e+001  1.330834e+001
      vertex  8.400000e+000  1.440000e+001  1.039230e+000
      vertex  8.400000e+000  1.448557e+001  1.084141e+000
    endloop
  endfacet
  facet normal  1.000000e+000  0.000000e+000  0.000000e+000
    outer loop
      vertex  8.400000e+000  1.492943e+001  1.330834e+001
      vertex  8.400000e+000  1.448557e+001  1.084141e+000
      vertex  8.400000e+000  1.457447e+001  1.122020e+000
    endloop
  endfacet
  facet normal  1.000000e+000  0.000000e+000  0.000000e+000
    outer loop
      vertex  8.400000e+000  1.492943e+001  1.330834e+001
      vertex  8.400000e+000  1.457447e+001  1.122020e+000
      vertex  8.400000e+000  1.466614e+001  1.152622e+000
    endloop
  endfacet
  facet normal  1.000000e+000  0.000000e+000  0.000000e+000
    outer loop
      vertex  8.400000e+000  1.492943e+001  1.330834e+001
      vertex  8.400000e+000  1.466614e+001  1.152622e+000
      vertex  8.400000e+000  1.475997e+001  1.175749e+000
    endloop
  endfacet
  facet normal  1.000000e+000  0.000000e+000  0.000000e+000
    outer loop
      vertex  8.400000e+000  1.492943e+001  1.330834e+001
      vertex  8.400000e+000  1.475997e+001  1.175749e+000
      vertex  8.400000e+000  1.485536e+001  1.191251e+000
    endloop
  endfacet
  facet normal  1.000000e+000  0.000000e+000  0.000000e+000
    outer loop
      vertex  8.400000e+000  1.492943e+001  1.330834e+001
      vertex  8.400000e+000  1.485536e+001  1.191251e+000
      vertex  8.400000e+000  1.495168e+001  1.199027e+000
    endloop
  endfacet
  facet normal  1.000000e+000  0.000000e+000  -0.000000e+000
    outer loop
      vertex  8.400000e+000  1.492943e+001  1.330834e+001
      vertex  8.400000e+000  1.495168e+001  1.199027e+000
      vertex  8.400000e+000  1.518840e+001  1.301202e+001
    endloop
  endfacet
  facet normal  1.000000e+000  0.000000e+000  0.000000e+000
    outer loop
      vertex  8.400000e+000  1.998451e+001  7.868806e-001
      vertex  8.400000e+000  1.996516e+001  1.179940e+000
      vertex  8.400000e+000  1.524003e+001  1.175749e+000
    endloop
  endfacet
  facet normal  9.999999e-001  0.000000e+000  0.000000e+000
    outer loop
      vertex  8.400000e+000  1.998451e+001  7.868806e-001
      vertex  8.400000e+000  1.524003e+001  1.175749e+000
      vertex  8.400000e+000  1.533386e+001  1.152622e+000
    endloop
  endfacet
  facet normal  1.000000e+000  0.000000e+000  0.000000e+000
    outer loop
      vertex  8.400000e+000  1.998451e+001  7.868806e-001
      vertex  8.400000e+000  1.533386e+001  1.152622e+000
      vertex  8.400000e+000  1.542553e+001  1.122020e+000
    endloop
  endfacet
  facet normal  1.000000e+000  0.000000e+000  0.000000e+000
    outer loop
      vertex  8.400000e+000  1.998451e+001  7.868806e-001
      vertex  8.400000e+000  1.542553e+001  1.122020e+000
      vertex  8.400000e+000  1.551443e+001  1.084141e+000
    endloop
  endfacet
  facet normal  1.000000e+000  0.000000e+000  0.000000e+000
    outer loop
      vertex  8.400000e+000  1.998451e+001  7.868806e-001
      vertex  8.400000e+000  1.551443e+001  1.084141e+000
      vertex  8.400000e+000  1.560000e+001  1.039230e+000
    endloop
  endfacet
  facet normal  9.999999e-001  0.000000e+000  0.000000e+000
    outer loop
      vertex  8.400000e+000  1.998451e+001  7.868806e-001
      vertex  8.400000e+000  1.560000e+001  1.039230e+000
      vertex  8.400000e+000  1.568168e+001  9.875807e-001
    endloop
  endfacet
  facet normal  9.999999e-001  0.000000e+000  0.000000e+000
    outer loop
      vertex  8.400000e+000  1.998451e+001  7.868806e-001
      vertex  8.400000e+000  1.568168e+001  9.875807e-001
      vertex  8.400000e+000  1.575893e+001  9.295260e-001
    endloop
  endfacet
  facet normal  1.000000e+000  0.000000e+000  0.000000e+000
    outer loop
      vertex  8.400000e+000  1.998451e+001  7.868806e-001
      vertex  8.400000e+000  1.575893e+001  9.295260e-001
      vertex  8.400000e+000  1.583127e+001  8.654429e-001
    endloop
  endfacet
  facet normal  1.000000e+000  0.000000e+000  0.000000e+000
    outer loop
      vertex  8.400000e+000  1.998451e+001  7.868806e-001
      vertex  8.400000e+000  1.583127e+001  8.654429e-001
      vertex  8.400000e+000  1.589821e+001  7.957472e-001
    endloop
  endfacet
  facet normal  1.000000e+000  0.000000e+000  0.000000e+000
    outer loop
      vertex  8.400000e+000  1.998451e+001  7.868806e-001
      vertex  8.400000e+000  1.589821e+001  7.957472e-001
      vertex  8.400000e+000  1.595933e+001  7.208907e-001
    endloop
  endfacet
  facet normal  1.000000e+000  -0.000000e+000  0.000000e+000
    outer loop
      vertex  8.400000e+000  1.998451e+001  7.868806e-001
      vertex  8.400000e+000  1.595933e+001  7.208907e-001
      vertex  8.400000e+000  1.999613e+001  3.935165e-001
    endloop
  endfacet
  facet normal  1.000000e+000  0.000000e+000  0.000000e+000
    outer loop
      vertex  8.400000e+000  1.999613e+001  3.935165e-001
      vertex  8.400000e+000  1.595933e+001  7.208907e-001
      vertex  8.400000e+000  1.601423e+001  6.413590e-001
    endloop
  endfacet
  facet normal  1.000000e+000  0.000000e+000  0.000000e+000
    outer loop
      vertex  8.400000e+000  1.999613e+001  3.935165e-001
      vertex  8.400000e+000  1.601423e+001  6.413590e-001
      vertex  8.400000e+000  1.606255e+001  5.576678e-001
    endloop
  endfacet
  facet normal  1.000000e+000  0.000000e+000  0.000000e+000
    outer loop
      vertex  8.400000e+000  1.999613e+001  3.935165e-001
      vertex  8.400000e+000  1.606255e+001  5.576678e-001
      vertex  8.400000e+000  1.610398e+001  4.703599e-001
    endloop
  endfacet
  facet normal  1.000000e+000  0.000000e+000  0.000000e+000
    outer loop
      vertex  8.400000e+000  1.999613e+001  3.935165e-001
      vertex  8.400000e+000  1.610398e+001  4.703599e-001
      vertex  8.400000e+000  1.613824e+001  3.800016e-001
    endloop
  endfacet
  facet normal  1.000000e+000  0.000000e+000  0.000000e+000
    outer loop
      vertex  8.400000e+000  2.000000e+001  2.449213e-015
      vertex  8.400000e+000  1.999613e+001  3.935165e-001
      vertex  8.400000e+000  1.613824e+001  3.800016e-001
    endloop
  endfacet
  facet normal  1.000000e+000  0.000000e+000  0.000000e+000
    outer loop
      vertex  8.400000e+000  2.000000e+001  2.449213e-015
      vertex  8.400000e+000  1.613824e+001  3.800016e-001
      vertex  8.400000e+000  1.616513e+001  2.871788e-001
    endloop
  endfacet
  facet normal  1.000000e+000  0.000000e+000  0.000000e+000
    outer loop
      vertex  8.400000e+000  2.000000e+001  2.449213e-015
      vertex  8.400000e+000  1.616513e+001  2.871788e-001
      vertex  8.400000e+000  1.618446e+001  1.924935e-001
    endloop
  endfacet
  facet normal  1.000000e+000  0.000000e+000  0.000000e+000
    outer loop
      vertex  8.400000e+000  2.000000e+001  2.449213e-015
      vertex  8.400000e+000  1.618446e+001  1.924935e-001
      vertex  8.400000e+000  1.619611e+001  9.655988e-002
    endloop
  endfacet
  facet normal  1.000000e+000  0.000000e+000  0.000000e+000
    outer loop
      vertex  8.400000e+000  2.000000e+001  2.449213e-015
      vertex  8.400000e+000  1.619611e+001  9.655988e-002
      vertex  8.400000e+000  1.620000e+001  1.983923e-015
    endloop
  endfacet
  facet normal  1.000000e+000  0.000000e+000  0.000000e+000
    outer loop
      vertex  8.400000e+000  1.999604e+001 -3.980683e-001
      vertex  8.400000e+000  2.000000e+001  2.449213e-015
      vertex  8.400000e+000  1.620000e+001  1.983923e-015
    endloop
  endfacet
  facet normal  1.000000e+000  0.000000e+000  0.000000e+000
    outer loop
      vertex  8.400000e+000  1.999604e+001 -3.980683e-001
      vertex  8.400000e+000  1.620000e+001  1.983923e-015
      vertex  8.400000e+000  1.619611e+001 -9.655988e-002
    endloop
  endfacet
  facet normal  1.000000e+000  0.000000e+000  0.000000e+000
    outer loop
      vertex  8.400000e+000  1.999604e+001 -3.980683e-001
      vertex  8.400000e+000  1.619611e+001 -9.655988e-002
      vertex  8.400000e+000  1.618446e+001 -1.924935e-001
    endloop
  endfacet
  facet normal  1.000000e+000  0.000000e+000  0.000000e+000
    outer loop
      vertex  8.400000e+000  1.999604e+001 -3.980683e-001
      vertex  8.400000e+000  1.618446e+001 -1.924935e-001
      vertex  8.400000e+000  1.616513e+001 -2.871788e-001
    endloop
  endfacet
  facet normal  1.000000e+000  0.000000e+000  0.000000e+000
    outer loop
      vertex  8.400000e+000  1.999604e+001 -3.980683e-001
      vertex  8.400000e+000  1.616513e+001 -2.871788e-001
      vertex  8.400000e+000  1.613824e+001 -3.800016e-001
    endloop
  endfacet
  facet normal  1.000000e+000  0.000000e+000  0.000000e+000
    outer loop
      vertex  8.400000e+000  1.999604e+001 -3.980683e-001
      vertex  8.400000e+000  1.613824e+001 -3.800016e-001
      vertex  8.400000e+000  1.610398e+001 -4.703599e-001
    endloop
  endfacet
  facet normal  1.000000e+000  -0.000000e+000  0.000000e+000
    outer loop
      vertex  8.400000e+000  1.999604e+001 -3.980683e-001
      vertex  8.400000e+000  1.610398e+001 -4.703599e-001
      vertex  8.400000e+000  1.998415e+001 -7.959789e-001
    endloop
  endfacet
  facet normal  1.000000e+000  0.000000e+000  0.000000e+000
    outer loop
      vertex  8.400000e+000  1.998415e+001 -7.959789e-001
      vertex  8.400000e+000  1.610398e+001 -4.703599e-001
      vertex  8.400000e+000  1.606255e+001 -5.576678e-001
    endloop
  endfacet
  facet normal  1.000000e+000  0.000000e+000  0.000000e+000
    outer loop
      vertex  8.400000e+000  1.998415e+001 -7.959789e-001
      vertex  8.400000e+000  1.606255e+001 -5.576678e-001
      vertex  8.400000e+000  1.601423e+001 -6.413590e-001
    endloop
  endfacet
  facet normal  1.000000e+000  0.000000e+000  0.000000e+000
    outer loop
      vertex  8.400000e+000  1.998415e+001 -7.959789e-001
      vertex  8.400000e+000  1.601423e+001 -6.413590e-001
      vertex  8.400000e+000  1.595933e+001 -7.208907e-001
    endloop
  endfacet
  facet normal  1.000000e+000  0.000000e+000  0.000000e+000
    outer loop
      vertex  8.400000e+000  1.998415e+001 -7.959789e-001
      vertex  8.400000e+000  1.595933e+001 -7.208907e-001
      vertex  8.400000e+000  1.589821e+001 -7.957472e-001
    endloop
  endfacet
  facet normal  1.000000e+000  0.000000e+000  0.000000e+000
    outer loop
      vertex  8.400000e+000  1.998415e+001 -7.959789e-001
      vertex  8.400000e+000  1.589821e+001 -7.957472e-001
      vertex  8.400000e+000  1.583127e+001 -8.654429e-001
    endloop
  endfacet
  facet normal  1.000000e+000  -0.000000e+000  0.000000e+000
    outer loop
      vertex  8.400000e+000  1.998415e+001 -7.959789e-001
      vertex  8.400000e+000  1.583127e+001 -8.654429e-001
      vertex  8.400000e+000  1.996435e+001 -1.193574e+000
    endloop
  endfacet
  facet normal  1.000000e+000  0.000000e+000  0.000000e+000
    outer loop
      vertex  8.400000e+000  1.996435e+001 -1.193574e+000
      vertex  8.400000e+000  1.583127e+001 -8.654429e-001
      vertex  8.400000e+000  1.575893e+001 -9.295260e-001
    endloop
  endfacet
  facet normal  1.000000e+000  0.000000e+000  0.000000e+000
    outer loop
      vertex  8.400000e+000  1.996435e+001 -1.193574e+000
      vertex  8.400000e+000  1.575893e+001 -9.295260e-001
      vertex  8.400000e+000  1.568168e+001 -9.875807e-001
    endloop
  endfacet
  facet normal  1.000000e+000  0.000000e+000  0.000000e+000
    outer loop
      vertex  8.400000e+000  1.996435e+001 -1.193574e+000
      vertex  8.400000e+000  1.568168e+001 -9.875807e-001
      vertex  8.400000e+000  1.560000e+001 -1.039230e+000
    endloop
  endfacet
  facet normal  9.999999e-001  0.000000e+000  0.000000e+000
    outer loop
      vertex  8.400000e+000  1.996435e+001 -1.193574e+000
      vertex  8.400000e+000  1.560000e+001 -1.039230e+000
      vertex  8.400000e+000  1.551443e+001 -1.084141e+000
    endloop
  endfacet
  facet normal  1.000000e+000  0.000000e+000  0.000000e+000
    outer loop
      vertex  8.400000e+000  1.996435e+001 -1.193574e+000
      vertex  8.400000e+000  1.551443e+001 -1.084141e+000
      vertex  8.400000e+000  1.542553e+001 -1.122020e+000
    endloop
  endfacet
  facet normal  1.000000e+000  0.000000e+000  0.000000e+000
    outer loop
      vertex  8.400000e+000  1.996435e+001 -1.193574e+000
      vertex  8.400000e+000  1.542553e+001 -1.122020e+000
      vertex  8.400000e+000  1.533386e+001 -1.152622e+000
    endloop
  endfacet
  facet normal  1.000000e+000  0.000000e+000  0.000000e+000
    outer loop
      vertex  8.400000e+000  1.996435e+001 -1.193574e+000
      vertex  8.400000e+000  1.533386e+001 -1.152622e+000
      vertex  8.400000e+000  1.524003e+001 -1.175749e+000
    endloop
  endfacet
  facet normal  1.000000e+000  0.000000e+000  0.000000e+000
    outer loop
      vertex  8.400000e+000  1.996435e+001 -1.193574e+000
      vertex  8.400000e+000  1.524003e+001 -1.175749e+000
      vertex  8.400000e+000  1.514464e+001 -1.191251e+000
    endloop
  endfacet
  facet normal  1.000000e+000  0.000000e+000  0.000000e+000
    outer loop
      vertex  8.400000e+000  1.996435e+001 -1.193574e+000
      vertex  8.400000e+000  1.514464e+001 -1.191251e+000
      vertex  8.400000e+000  1.504832e+001 -1.199027e+000
    endloop
  endfacet
  facet normal  9.999999e-001  -0.000000e+000  0.000000e+000
    outer loop
      vertex  8.400000e+000  1.996435e+001 -1.193574e+000
      vertex  8.400000e+000  1.504832e+001 -1.199027e+000
      vertex  8.400000e+000  1.993664e+001 -1.590696e+000
    endloop
  endfacet
  facet normal  1.000000e+000  0.000000e+000  0.000000e+000
    outer loop
      vertex  8.400000e+000  1.355000e+001 -1.372254e+001
      vertex  8.400000e+000  1.495168e+001 -1.199027e+000
      vertex  8.400000e+000  1.485536e+001 -1.191251e+000
    endloop
  endfacet
  facet normal  1.000000e+000  0.000000e+000  0.000000e+000
    outer loop
      vertex  8.400000e+000  1.355000e+001 -1.372254e+001
      vertex  8.400000e+000  1.485536e+001 -1.191251e+000
      vertex  8.400000e+000  1.475997e+001 -1.175749e+000
    endloop
  endfacet
  facet normal  1.000000e+000  0.000000e+000  0.000000e+000
    outer loop
      vertex  8.400000e+000  1.355000e+001 -1.372254e+001
      vertex  8.400000e+000  1.475997e+001 -1.175749e+000
      vertex  8.400000e+000  1.466614e+001 -1.152622e+000
    endloop
  endfacet
  facet normal  1.000000e+000  0.000000e+000  0.000000e+000
    outer loop
      vertex  8.400000e+000  1.355000e+001 -1.372254e+001
      vertex  8.400000e+000  1.466614e+001 -1.152622e+000
      vertex  8.400000e+000  1.457447e+001 -1.122020e+000
    endloop
  endfacet
  facet normal  1.000000e+000  0.000000e+000  0.000000e+000
    outer loop
      vertex  8.400000e+000  1.355000e+001 -1.372254e+001
      vertex  8.400000e+000  1.457447e+001 -1.122020e+000
      vertex  8.400000e+000  1.448557e+001 -1.084141e+000
    endloop
  endfacet
  facet normal  1.000000e+000  0.000000e+000  0.000000e+000
    outer loop
      vertex  8.400000e+000  1.355000e+001 -1.372254e+001
      vertex  8.400000e+000  1.448557e+001 -1.084141e+000
      vertex  8.400000e+000  1.440000e+001 -1.039230e+000
    endloop
  endfacet
  facet normal  1.000000e+000  0.000000e+000  0.000000e+000
    outer loop
      vertex  8.400000e+000  1.355000e+001 -1.372254e+001
      vertex  8.400000e+000  1.440000e+001 -1.039230e+000
      vertex  8.400000e+000  1.431832e+001 -9.875807e-001
    endloop
  endfacet
  facet normal  1.000000e+000  0.000000e+000  0.000000e+000
    outer loop
      vertex  8.400000e+000  1.355000e+001 -1.372254e+001
      vertex  8.400000e+000  1.431832e+001 -9.875807e-001
      vertex  8.400000e+000  1.424107e+001 -9.295260e-001
    endloop
  endfacet
  facet normal  9.999999e-001  0.000000e+000  0.000000e+000
    outer loop
      vertex  8.400000e+000  1.355000e+001 -1.372254e+001
      vertex  8.400000e+000  1.424107e+001 -9.295260e-001
      vertex  8.400000e+000  1.416873e+001 -8.654429e-001
    endloop
  endfacet
  facet normal  1.000000e+000  0.000000e+000  0.000000e+000
    outer loop
      vertex  8.400000e+000  1.355000e+001 -1.372254e+001
      vertex  8.400000e+000  1.416873e+001 -8.654429e-001
      vertex  8.400000e+000  1.410179e+001 -7.957472e-001
    endloop
  endfacet
  facet normal  9.999999e-001  0.000000e+000  0.000000e+000
    outer loop
      vertex  8.400000e+000  1.355000e+001 -1.372254e+001
      vertex  8.400000e+000  1.410179e+001 -7.957472e-001
      vertex  8.400000e+000  1.404067e+001 -7.208907e-001
    endloop
  endfacet
  facet normal  1.000000e+000  0.000000e+000  0.000000e+000
    outer loop
      vertex  8.400000e+000  1.355000e+001 -1.372254e+001
      vertex  8.400000e+000  1.404067e+001 -7.208907e-001
      vertex  8.400000e+000  1.398577e+001 -6.413590e-001
    endloop
  endfacet
  facet normal  1.000000e+000  0.000000e+000  0.000000e+000
    outer loop
      vertex  8.400000e+000  1.355000e+001 -1.372254e+001
      vertex  8.400000e+000  1.398577e+001 -6.413590e-001
      vertex  8.400000e+000  1.393745e+001 -5.576678e-001
    endloop
  endfacet
  facet normal  1.000000e+000  0.000000e+000  0.000000e+000
    outer loop
      vertex  8.400000e+000  1.355000e+001 -1.372254e+001
      vertex  8.400000e+000  1.393745e+001 -5.576678e-001
      vertex  8.400000e+000  1.389602e+001 -4.703599e-001
    endloop
  endfacet
  facet normal  1.000000e+000  0.000000e+000  0.000000e+000
    outer loop
      vertex  8.400000e+000  1.355000e+001 -1.372254e+001
      vertex  8.400000e+000  1.389602e+001 -4.703599e-001
      vertex  8.400000e+000  1.386176e+001 -3.800016e-001
    endloop
  endfacet
  facet normal  1.000000e+000  0.000000e+000  0.000000e+000
    outer loop
      vertex  8.400000e+000  1.355000e+001 -1.372254e+001
      vertex  8.400000e+000  1.386176e+001 -3.800016e-001
      vertex  8.400000e+000  1.383487e+001 -2.871788e-001
    endloop
  endfacet
  facet normal  1.000000e+000  0.000000e+000  0.000000e+000
    outer loop
      vertex  8.400000e+000  1.355000e+001 -1.372254e+001
      vertex  8.400000e+000  1.383487e+001 -2.871788e-001
      vertex  8.400000e+000  1.381554e+001 -1.924935e-001
    endloop
  endfacet
  facet normal  9.999999e-001  0.000000e+000  0.000000e+000
    outer loop
      vertex  8.400000e+000  1.355000e+001 -1.372254e+001
      vertex  8.400000e+000  1.381554e+001 -1.924935e-001
      vertex  8.400000e+000  1.380389e+001 -9.655988e-002
    endloop
  endfacet
  facet normal  1.000000e+000  0.000000e+000  0.000000e+000
    outer loop
      vertex  8.400000e+000  1.355000e+001 -1.372254e+001
      vertex  8.400000e+000  1.380389e+001 -9.655988e-002
      vertex  8.400000e+000  1.380000e+001  1.543065e-015
    endloop
  endfacet
  facet normal  1.000000e+000  0.000000e+000  0.000000e+000
    outer loop
      vertex  8.400000e+000  1.380389e+001  9.655988e-002
      vertex  8.400000e+000  1.492943e+001  1.330834e+001
      vertex  8.400000e+000  1.466469e+001  1.359952e+001
    endloop
  endfacet
  facet normal  1.000000e+000  0.000000e+000  0.000000e+000
    outer loop
      vertex  8.400000e+000  1.380389e+001  9.655988e-002
      vertex  8.400000e+000  1.466469e+001  1.359952e+001
      vertex  8.400000e+000  1.439427e+001  1.388542e+001
    endloop
  endfacet
  facet normal  9.999999e-001  0.000000e+000  0.000000e+000
    outer loop
      vertex  8.400000e+000  1.380389e+001  9.655988e-002
      vertex  8.400000e+000  1.439427e+001  1.388542e+001
      vertex  8.400000e+000  1.411828e+001  1.416595e+001
    endloop
  endfacet
  facet normal  1.000000e+000  0.000000e+000  -0.000000e+000
    outer loop
      vertex  8.400000e+000  1.055000e+001 -1.699110e+001
      vertex  8.400000e+000  1.088609e+001 -1.677775e+001
      vertex  8.400000e+000  1.121787e+001 -1.655776e+001
    endloop
  endfacet
  facet normal  1.000000e+000  0.000000e+000  -0.000000e+000
    outer loop
      vertex  8.400000e+000  1.055000e+001 -1.699110e+001
      vertex  8.400000e+000  1.121787e+001 -1.655776e+001
      vertex  8.400000e+000  1.154520e+001 -1.633121e+001
    endloop
  endfacet
  facet normal  1.000000e+000  0.000000e+000  -0.000000e+000
    outer loop
      vertex  8.400000e+000  1.055000e+001 -1.699110e+001
      vertex  8.400000e+000  1.154520e+001 -1.633121e+001
      vertex  8.400000e+000  1.186796e+001 -1.609818e+001
    endloop
  endfacet
  facet normal  1.000000e+000  0.000000e+000  -0.000000e+000
    outer loop
      vertex  8.400000e+000  1.055000e+001 -1.699110e+001
      vertex  8.400000e+000  1.186796e+001 -1.609818e+001
      vertex  8.400000e+000  1.218602e+001 -1.585878e+001
    endloop
  endfacet
  facet normal  1.000000e+000  0.000000e+000  -0.000000e+000
    outer loop
      vertex  8.400000e+000  1.055000e+001 -1.699110e+001
      vertex  8.400000e+000  1.218602e+001 -1.585878e+001
      vertex  8.400000e+000  1.249925e+001 -1.561310e+001
    endloop
  endfacet
  facet normal  1.000000e+000  0.000000e+000  -0.000000e+000
    outer loop
      vertex  8.400000e+000  1.055000e+001 -1.699110e+001
      vertex  8.400000e+000  1.249925e+001 -1.561310e+001
      vertex  8.400000e+000  1.280753e+001 -1.536122e+001
    endloop
  endfacet
  facet normal  1.000000e+000  0.000000e+000  -0.000000e+000
    outer loop
      vertex  8.400000e+000  1.055000e+001 -1.699110e+001
      vertex  8.400000e+000  1.280753e+001 -1.536122e+001
      vertex  8.400000e+000  1.311073e+001 -1.510327e+001
    endloop
  endfacet
  facet normal  1.000000e+000  0.000000e+000  -0.000000e+000
    outer loop
      vertex  8.400000e+000  1.055000e+001 -1.699110e+001
      vertex  8.400000e+000  1.311073e+001 -1.510327e+001
      vertex  8.400000e+000  1.340874e+001 -1.483933e+001
    endloop
  endfacet
  facet normal  1.000000e+000  0.000000e+000  -0.000000e+000
    outer loop
      vertex  8.400000e+000  1.055000e+001 -1.699110e+001
      vertex  8.400000e+000  1.340874e+001 -1.483933e+001
      vertex  8.400000e+000  1.370144e+001 -1.456951e+001
    endloop
  endfacet
  facet normal  9.999999e-001  0.000000e+000  -0.000000e+000
    outer loop
      vertex  8.400000e+000  1.055000e+001 -1.699110e+001
      vertex  8.400000e+000  1.370144e+001 -1.456951e+001
      vertex  8.400000e+000  1.398871e+001 -1.429392e+001
    endloop
  endfacet
  facet normal  1.000000e+000  0.000000e+000  -0.000000e+000
    outer loop
      vertex  8.400000e+000  1.055000e+001 -1.699110e+001
      vertex  8.400000e+000  1.398871e+001 -1.429392e+001
      vertex  8.400000e+000  1.427043e+001 -1.401266e+001
    endloop
  endfacet
  facet normal  1.000000e+000  0.000000e+000  -0.000000e+000
    outer loop
      vertex  8.400000e+000  1.055000e+001 -1.699110e+001
      vertex  8.400000e+000  1.427043e+001 -1.401266e+001
      vertex  8.400000e+000  1.454651e+001 -1.372586e+001
    endloop
  endfacet
  facet normal  1.000000e+000  0.000000e+000  0.000000e+000
    outer loop
      vertex  8.400000e+000  1.055000e+001 -1.699110e+001
      vertex  8.400000e+000  1.454651e+001 -1.372586e+001
      vertex  8.400000e+000  1.355000e+001 -1.372254e+001
    endloop
  endfacet
  facet normal  1.000000e+000  0.000000e+000  0.000000e+000
    outer loop
      vertex  8.400000e+000  1.055000e+001 -1.699110e+001
      vertex  8.400000e+000  1.355000e+001 -1.372254e+001
      vertex  8.400000e+000  1.055000e+001 -1.372254e+001
    endloop
  endfacet
  facet normal  9.999999e-001  0.000000e+000  0.000000e+000
    outer loop
      vertex  8.400000e+000  1.454651e+001 -1.372586e+001
      vertex  8.400000e+000  1.481682e+001 -1.343361e+001
      vertex  8.400000e+000  1.355000e+001 -1.372254e+001
    endloop
  endfacet
  facet normal  1.000000e+000  0.000000e+000  0.000000e+000
    outer loop
      vertex  8.400000e+000  1.355000e+001 -1.372254e+001
      vertex  8.400000e+000  1.481682e+001 -1.343361e+001
      vertex  8.400000e+000  1.508126e+001 -1.313605e+001
    endloop
  endfacet
  facet normal  1.000000e+000  0.000000e+000  0.000000e+000
    outer loop
      vertex  8.400000e+000  1.355000e+001 -1.372254e+001
      vertex  8.400000e+000  1.508126e+001 -1.313605e+001
      vertex  8.400000e+000  1.495168e+001 -1.199027e+000
    endloop
  endfacet
  facet normal  1.000000e+000  0.000000e+000  0.000000e+000
    outer loop
      vertex  8.400000e+000  1.495168e+001 -1.199027e+000
      vertex  8.400000e+000  1.508126e+001 -1.313605e+001
      vertex  8.400000e+000  1.993664e+001 -1.590696e+000
    endloop
  endfacet
  facet normal  1.000000e+000  0.000000e+000  0.000000e+000
    outer loop
      vertex  8.400000e+000  1.495168e+001 -1.199027e+000
      vertex  8.400000e+000  1.993664e+001 -1.590696e+000
      vertex  8.400000e+000  1.504832e+001 -1.199027e+000
    endloop
  endfacet
  facet normal  1.000000e+000  0.000000e+000  0.000000e+000
    outer loop
      vertex  8.400000e+000  1.355000e+001 -1.372254e+001
      vertex  8.400000e+000  1.380000e+001  1.543065e-015
      vertex  8.400000e+000  1.355000e+001  1.471046e+001
    endloop
  endfacet
  facet normal  1.000000e+000  0.000000e+000  0.000000e+000
    outer loop
      vertex  8.400000e+000  1.355000e+001  1.471046e+001
      vertex  8.400000e+000  1.380000e+001  1.543065e-015
      vertex  8.400000e+000  1.383682e+001  1.444100e+001
    endloop
  endfacet
  facet normal  1.000000e+000  0.000000e+000  -0.000000e+000
    outer loop
      vertex  8.400000e+000  1.380000e+001  1.543065e-015
      vertex  8.400000e+000  1.380389e+001  9.655988e-002
      vertex  8.400000e+000  1.383682e+001  1.444100e+001
    endloop
  endfacet
  facet normal  1.000000e+000  0.000000e+000  0.000000e+000
    outer loop
      vertex  8.400000e+000  1.383682e+001  1.444100e+001
      vertex  8.400000e+000  1.380389e+001  9.655988e-002
      vertex  8.400000e+000  1.411828e+001  1.416595e+001
    endloop
  endfacet
  facet normal -9.999999e-001  0.000000e+000  0.000000e+000
    outer loop
      vertex  8.400000e+000  1.200000e+000  1.500000e+001
      vertex  8.400000e+000  1.196301e+000  1.490585e+001
      vertex  8.400000e+000 -2.755455e-015  1.500000e+001
    endloop
  endfacet
  facet normal -9.999999e-001  -0.000000e+000  0.000000e+000
    outer loop
      vertex  8.400000e+000 -1.200000e+000  1.500000e+001
      vertex  8.400000e+000 -2.755455e-015  1.500000e+001
      vertex  8.400000e+000 -1.196301e+000  1.490585e+001
    endloop
  endfacet
  facet normal -1.000000e+000  0.000000e+000  0.000000e+000
    outer loop
      vertex  8.400000e+000 -1.196301e+000  1.490585e+001
      vertex  8.400000e+000 -2.755455e-015  1.500000e+001
      vertex  8.400000e+000  1.196301e+000  1.490585e+001
    endloop
  endfacet
  facet normal -1.000000e+000  -0.000000e+000  0.000000e+000
    outer loop
      vertex  8.400000e+000 -1.196301e+000  1.490585e+001
      vertex  8.400000e+000  1.196301e+000  1.490585e+001
      vertex  8.400000e+000 -1.185226e+000  1.481228e+001
    endloop
  endfacet
  facet normal -1.000000e+000  0.000000e+000  0.000000e+000
    outer loop
      vertex  8.400000e+000 -1.185226e+000  1.481228e+001
      vertex  8.400000e+000  1.196301e+000  1.490585e+001
      vertex  8.400000e+000  1.185226e+000  1.481228e+001
    endloop
  endfacet
  facet normal -1.000000e+000  -0.000000e+000  0.000000e+000
    outer loop
      vertex  8.400000e+000 -1.185226e+000  1.481228e+001
      vertex  8.400000e+000  1.185226e+000  1.481228e+001
      vertex  8.400000e+000 -1.166844e+000  1.471987e+001
    endloop
  endfacet
  facet normal -1.000000e+000  0.000000e+000  0.000000e+000
    outer loop
      vertex  8.400000e+000 -1.166844e+000  1.471987e+001
      vertex  8.400000e+000  1.185226e+000  1.481228e+001
      vertex  8.400000e+000  1.166844e+000  1.471987e+001
    endloop
  endfacet
  facet normal -1.000000e+000  -0.000000e+000  0.000000e+000
    outer loop
      vertex  8.400000e+000 -1.166844e+000  1.471987e+001
      vertex  8.400000e+000  1.166844e+000  1.471987e+001
      vertex  8.400000e+000 -1.141268e+000  1.462918e+001
    endloop
  endfacet
  facet normal -1.000000e+000  0.000000e+000  0.000000e+000
    outer loop
      vertex  8.400000e+000 -1.141268e+000  1.462918e+001
      vertex  8.400000e+000  1.166844e+000  1.471987e+001
      vertex  8.400000e+000  1.141268e+000  1.462918e+001
    endloop
  endfacet
  facet normal -1.000000e+000  -0.000000e+000  0.000000e+000
    outer loop
      vertex  8.400000e+000 -1.141268e+000  1.462918e+001
      vertex  8.400000e+000  1.141268e+000  1.462918e+001
      vertex  8.400000e+000 -1.108655e+000  1.454078e+001
    endloop
  endfacet
  facet normal -1.000000e+000  0.000000e+000  0.000000e+000
    outer loop
      vertex  8.400000e+000 -1.108655e+000  1.454078e+001
      vertex  8.400000e+000  1.141268e+000  1.462918e+001
      vertex  8.400000e+000  1.108655e+000  1.454078e+001
    endloop
  endfacet
  facet normal -1.000000e+000  -0.000000e+000  0.000000e+000
    outer loop
      vertex  8.400000e+000 -1.108655e+000  1.454078e+001
      vertex  8.400000e+000  1.108655e+000  1.454078e+001
      vertex  8.400000e+000 -1.069208e+000  1.445521e+001
    endloop
  endfacet
  facet normal -9.999999e-001  0.000000e+000  0.000000e+000
    outer loop
      vertex  8.400000e+000 -1.069208e+000  1.445521e+001
      vertex  8.400000e+000  1.108655e+000  1.454078e+001
      vertex  8.400000e+000  1.069208e+000  1.445521e+001
    endloop
  endfacet
  facet normal -1.000000e+000  -0.000000e+000  0.000000e+000
    outer loop
      vertex  8.400000e+000 -1.069208e+000  1.445521e+001
      vertex  8.400000e+000  1.069208e+000  1.445521e+001
      vertex  8.400000e+000 -1.023168e+000  1.437300e+001
    endloop
  endfacet
  facet normal -1.000000e+000  0.000000e+000  0.000000e+000
    outer loop
      vertex  8.400000e+000 -1.023168e+000  1.437300e+001
      vertex  8.400000e+000  1.069208e+000  1.445521e+001
      vertex  8.400000e+000  1.023168e+000  1.437300e+001
    endloop
  endfacet
  facet normal -1.000000e+000  -0.000000e+000  0.000000e+000
    outer loop
      vertex  8.400000e+000 -1.023168e+000  1.437300e+001
      vertex  8.400000e+000  1.023168e+000  1.437300e+001
      vertex  8.400000e+000 -9.708204e-001  1.429466e+001
    endloop
  endfacet
  facet normal -1.000000e+000  0.000000e+000  0.000000e+000
    outer loop
      vertex  8.400000e+000 -9.708204e-001  1.429466e+001
      vertex  8.400000e+000  1.023168e+000  1.437300e+001
      vertex  8.400000e+000  9.708204e-001  1.429466e+001
    endloop
  endfacet
  facet normal -1.000000e+000  -0.000000e+000  0.000000e+000
    outer loop
      vertex  8.400000e+000 -9.708204e-001  1.429466e+001
      vertex  8.400000e+000  9.708204e-001  1.429466e+001
      vertex  8.400000e+000 -9.124871e-001  1.422066e+001
    endloop
  endfacet
  facet normal -1.000000e+000  0.000000e+000  0.000000e+000
    outer loop
      vertex  8.400000e+000 -9.124871e-001  1.422066e+001
      vertex  8.400000e+000  9.708204e-001  1.429466e+001
      vertex  8.400000e+000  9.124871e-001  1.422066e+001
    endloop
  endfacet
  facet normal -1.000000e+000  -0.000000e+000  0.000000e+000
    outer loop
      vertex  8.400000e+000 -9.124871e-001  1.422066e+001
      vertex  8.400000e+000  9.124871e-001  1.422066e+001
      vertex  8.400000e+000 -8.485281e-001  1.415147e+001
    endloop
  endfacet
  facet normal -1.000000e+000  0.000000e+000  0.000000e+000
    outer loop
      vertex  8.400000e+000 -8.485281e-001  1.415147e+001
      vertex  8.400000e+000  9.124871e-001  1.422066e+001
      vertex  8.400000e+000  8.485281e-001  1.415147e+001
    endloop
  endfacet
  facet normal -1.000000e+000  -0.000000e+000  0.000000e+000
    outer loop
      vertex  8.400000e+000 -8.485281e-001  1.415147e+001
      vertex  8.400000e+000  8.485281e-001  1.415147e+001
      vertex  8.400000e+000 -7.793376e-001  1.408751e+001
    endloop
  endfacet
  facet normal -9.999999e-001  0.000000e+000  0.000000e+000
    outer loop
      vertex  8.400000e+000 -7.793376e-001  1.408751e+001
      vertex  8.400000e+000  8.485281e-001  1.415147e+001
      vertex  8.400000e+000  7.793376e-001  1.408751e+001
    endloop
  endfacet
  facet normal -1.000000e+000  -0.000000e+000  0.000000e+000
    outer loop
      vertex  8.400000e+000 -7.793376e-001  1.408751e+001
      vertex  8.400000e+000  7.793376e-001  1.408751e+001
      vertex  8.400000e+000 -7.053423e-001  1.402918e+001
    endloop
  endfacet
  facet normal -1.000000e+000  0.000000e+000  0.000000e+000
    outer loop
      vertex  8.400000e+000 -7.053423e-001  1.402918e+001
      vertex  8.400000e+000  7.793376e-001  1.408751e+001
      vertex  8.400000e+000  7.053423e-001  1.402918e+001
    endloop
  endfacet
  facet normal -1.000000e+000  -0.000000e+000  0.000000e+000
    outer loop
      vertex  8.400000e+000 -7.053423e-001  1.402918e+001
      vertex  8.400000e+000  7.053423e-001  1.402918e+001
      vertex  8.400000e+000 -6.269983e-001  1.397683e+001
    endloop
  endfacet
  facet normal -1.000000e+000  0.000000e+000  0.000000e+000
    outer loop
      vertex  8.400000e+000 -6.269983e-001  1.397683e+001
      vertex  8.400000e+000  7.053423e-001  1.402918e+001
      vertex  8.400000e+000  6.269983e-001  1.397683e+001
    endloop
  endfacet
  facet normal -1.000000e+000  -0.000000e+000  0.000000e+000
    outer loop
      vertex  8.400000e+000 -6.269983e-001  1.397683e+001
      vertex  8.400000e+000  6.269983e-001  1.397683e+001
      vertex  8.400000e+000 -5.447886e-001  1.393079e+001
    endloop
  endfacet
  facet normal -1.000000e+000  0.000000e+000  0.000000e+000
    outer loop
      vertex  8.400000e+000 -5.447886e-001  1.393079e+001
      vertex  8.400000e+000  6.269983e-001  1.397683e+001
      vertex  8.400000e+000  5.447886e-001  1.393079e+001
    endloop
  endfacet
  facet normal -1.000000e+000  -0.000000e+000  0.000000e+000
    outer loop
      vertex  8.400000e+000 -5.447886e-001  1.393079e+001
      vertex  8.400000e+000  5.447886e-001  1.393079e+001
      vertex  8.400000e+000 -4.592201e-001  1.389135e+001
    endloop
  endfacet
  facet normal -1.000000e+000  0.000000e+000  0.000000e+000
    outer loop
      vertex  8.400000e+000 -4.592201e-001  1.389135e+001
      vertex  8.400000e+000  5.447886e-001  1.393079e+001
      vertex  8.400000e+000  4.592201e-001  1.389135e+001
    endloop
  endfacet
  facet normal -9.999999e-001  -0.000000e+000  0.000000e+000
    outer loop
      vertex  8.400000e+000 -4.592201e-001  1.389135e+001
      vertex  8.400000e+000  4.592201e-001  1.389135e+001
      vertex  8.400000e+000 -3.708204e-001  1.385873e+001
    endloop
  endfacet
  facet normal -1.000000e+000  0.000000e+000  0.000000e+000
    outer loop
      vertex  8.400000e+000 -3.708204e-001  1.385873e+001
      vertex  8.400000e+000  4.592201e-001  1.389135e+001
      vertex  8.400000e+000  3.708204e-001  1.385873e+001
    endloop
  endfacet
  facet normal -1.000000e+000  -0.000000e+000  0.000000e+000
    outer loop
      vertex  8.400000e+000 -3.708204e-001  1.385873e+001
      vertex  8.400000e+000  3.708204e-001  1.385873e+001
      vertex  8.400000e+000 -2.801344e-001  1.383316e+001
    endloop
  endfacet
  facet normal -9.999999e-001  0.000000e+000  0.000000e+000
    outer loop
      vertex  8.400000e+000 -2.801344e-001  1.383316e+001
      vertex  8.400000e+000  3.708204e-001  1.385873e+001
      vertex  8.400000e+000  2.801344e-001  1.383316e+001
    endloop
  endfacet
  facet normal -1.000000e+000  -0.000000e+000  0.000000e+000
    outer loop
      vertex  8.400000e+000 -2.801344e-001  1.383316e+001
      vertex  8.400000e+000  2.801344e-001  1.383316e+001
      vertex  8.400000e+000 -1.877214e-001  1.381477e+001
    endloop
  endfacet
  facet normal -1.000000e+000  0.000000e+000  0.000000e+000
    outer loop
      vertex  8.400000e+000 -1.877214e-001  1.381477e+001
      vertex  8.400000e+000  2.801344e-001  1.383316e+001
      vertex  8.400000e+000  1.877214e-001  1.381477e+001
    endloop
  endfacet
  facet normal -1.000000e+000  -0.000000e+000  0.000000e+000
    outer loop
      vertex  8.400000e+000 -1.877214e-001  1.381477e+001
      vertex  8.400000e+000  1.877214e-001  1.381477e+001
      vertex  8.400000e+000 -9.415092e-002  1.380370e+001
    endloop
  endfacet
  facet normal -1.000000e+000  0.000000e+000  0.000000e+000
    outer loop
      vertex  8.400000e+000 -9.415092e-002  1.380370e+001
      vertex  8.400000e+000  1.877214e-001  1.381477e+001
      vertex  8.400000e+000  9.415092e-002  1.380370e+001
    endloop
  endfacet
  facet normal -1.000000e+000  -0.000000e+000  0.000000e+000
    outer loop
      vertex  8.400000e+000 -9.415092e-002  1.380370e+001
      vertex  8.400000e+000  9.415092e-002  1.380370e+001
      vertex  8.400000e+000 -6.980559e-016  1.380000e+001
    endloop
  endfacet
  facet normal  0.000000e+000 -9.967573e-001  8.046646e-002
    outer loop
      vertex  8.400000e+000  1.199027e+000 -1.504832e+001
      vertex  4.400000e+000  1.191251e+000 -1.514464e+001
      vertex  8.400000e+000  1.191251e+000 -1.514464e+001
    endloop
  endfacet
  facet normal  0.000000e+000 -9.870505e-001  1.604101e-001
    outer loop
      vertex  8.400000e+000  1.191251e+000 -1.514464e+001
      vertex  4.400000e+000  1.191251e+000 -1.514464e+001
      vertex  4.400000e+000  1.175749e+000 -1.524003e+001
    endloop
  endfacet
  facet normal  0.000000e+000 -9.870505e-001  1.604101e-001
    outer loop
      vertex  8.400000e+000  1.191251e+000 -1.514464e+001
      vertex  4.400000e+000  1.175749e+000 -1.524003e+001
      vertex  8.400000e+000  1.175749e+000 -1.524003e+001
    endloop
  endfacet
  facet normal  0.000000e+000 -9.709418e-001  2.393160e-001
    outer loop
      vertex  8.400000e+000  1.175749e+000 -1.524003e+001
      vertex  4.400000e+000  1.175749e+000 -1.524003e+001
      vertex  4.400000e+000  1.152622e+000 -1.533386e+001
    endloop
  endfacet
  facet normal  0.000000e+000 -9.709418e-001  2.393160e-001
    outer loop
      vertex  8.400000e+000  1.175749e+000 -1.524003e+001
      vertex  4.400000e+000  1.152622e+000 -1.533386e+001
      vertex  8.400000e+000  1.152622e+000 -1.533386e+001
    endloop
  endfacet
  facet normal  0.000000e+000 -9.485358e-001  3.166696e-001
    outer loop
      vertex  8.400000e+000  1.152622e+000 -1.533386e+001
      vertex  4.400000e+000  1.152622e+000 -1.533386e+001
      vertex  4.400000e+000  1.122020e+000 -1.542553e+001
    endloop
  endfacet
  facet normal  0.000000e+000 -9.485358e-001  3.166696e-001
    outer loop
      vertex  8.400000e+000  1.152622e+000 -1.533386e+001
      vertex  4.400000e+000  1.122020e+000 -1.542553e+001
      vertex  8.400000e+000  1.122020e+000 -1.542553e+001
    endloop
  endfacet
  facet normal  0.000000e+000 -9.199796e-001  3.919663e-001
    outer loop
      vertex  8.400000e+000  1.122020e+000 -1.542553e+001
      vertex  4.400000e+000  1.122020e+000 -1.542553e+001
      vertex  4.400000e+000  1.084141e+000 -1.551443e+001
    endloop
  endfacet
  facet normal  0.000000e+000 -9.199796e-001  3.919663e-001
    outer loop
      vertex  8.400000e+000  1.122020e+000 -1.542553e+001
      vertex  4.400000e+000  1.084141e+000 -1.551443e+001
      vertex  8.400000e+000  1.084141e+000 -1.551443e+001
    endloop
  endfacet
  facet normal  0.000000e+000 -8.854569e-001  4.647215e-001
    outer loop
      vertex  8.400000e+000  1.084141e+000 -1.551443e+001
      vertex  4.400000e+000  1.084141e+000 -1.551443e+001
      vertex  4.400000e+000  1.039230e+000 -1.560000e+001
    endloop
  endfacet
  facet normal  0.000000e+000 -8.854569e-001  4.647215e-001
    outer loop
      vertex  8.400000e+000  1.084141e+000 -1.551443e+001
      vertex  4.400000e+000  1.039230e+000 -1.560000e+001
      vertex  8.400000e+000  1.039230e+000 -1.560000e+001
    endloop
  endfacet
  facet normal  0.000000e+000 -8.451895e-001  5.344667e-001
    outer loop
      vertex  8.400000e+000  1.039230e+000 -1.560000e+001
      vertex  4.400000e+000  1.039230e+000 -1.560000e+001
      vertex  4.400000e+000  9.875807e-001 -1.568168e+001
    endloop
  endfacet
  facet normal  0.000000e+000 -8.451895e-001  5.344667e-001
    outer loop
      vertex  8.400000e+000  1.039230e+000 -1.560000e+001
      vertex  4.400000e+000  9.875807e-001 -1.568168e+001
      vertex  8.400000e+000  9.875807e-001 -1.568168e+001
    endloop
  endfacet
  facet normal  0.000000e+000 -7.994407e-001  6.007450e-001
    outer loop
      vertex  8.400000e+000  9.875807e-001 -1.568168e+001
      vertex  4.400000e+000  9.875807e-001 -1.568168e+001
      vertex  4.400000e+000  9.295260e-001 -1.575893e+001
    endloop
  endfacet
  facet normal  0.000000e+000 -7.994407e-001  6.007450e-001
    outer loop
      vertex  8.400000e+000  9.875807e-001 -1.568168e+001
      vertex  4.400000e+000  9.295260e-001 -1.575893e+001
      vertex  8.400000e+000  9.295260e-001 -1.575893e+001
    endloop
  endfacet
  facet normal  0.000000e+000 -7.485128e-001  6.631204e-001
    outer loop
      vertex  8.400000e+000  9.295260e-001 -1.575893e+001
      vertex  4.400000e+000  9.295260e-001 -1.575893e+001
      vertex  4.400000e+000  8.654429e-001 -1.583127e+001
    endloop
  endfacet
  facet normal  0.000000e+000 -7.485128e-001  6.631204e-001
    outer loop
      vertex  8.400000e+000  9.295260e-001 -1.575893e+001
      vertex  4.400000e+000  8.654429e-001 -1.583127e+001
      vertex  8.400000e+000  8.654429e-001 -1.583127e+001
    endloop
  endfacet
  facet normal  0.000000e+000 -6.927215e-001  7.212052e-001
    outer loop
      vertex  8.400000e+000  8.654429e-001 -1.583127e+001
      vertex  4.400000e+000  8.654429e-001 -1.583127e+001
      vertex  4.400000e+000  7.957472e-001 -1.589821e+001
    endloop
  endfacet
  facet normal  0.000000e+000 -6.927215e-001  7.212052e-001
    outer loop
      vertex  8.400000e+000  8.654429e-001 -1.583127e+001
      vertex  4.400000e+000  7.957472e-001 -1.589821e+001
      vertex  8.400000e+000  7.957472e-001 -1.589821e+001
    endloop
  endfacet
  facet normal  0.000000e+000 -6.324495e-001  7.746015e-001
    outer loop
      vertex  8.400000e+000  7.957472e-001 -1.589821e+001
      vertex  4.400000e+000  7.957472e-001 -1.589821e+001
      vertex  4.400000e+000  7.208907e-001 -1.595933e+001
    endloop
  endfacet
  facet normal  0.000000e+000 -6.324495e-001  7.746015e-001
    outer loop
      vertex  8.400000e+000  7.957472e-001 -1.589821e+001
      vertex  4.400000e+000  7.208907e-001 -1.595933e+001
      vertex  8.400000e+000  7.208907e-001 -1.595933e+001
    endloop
  endfacet
  facet normal  0.000000e+000 -5.680683e-001  8.229814e-001
    outer loop
      vertex  8.400000e+000  7.208907e-001 -1.595933e+001
      vertex  4.400000e+000  7.208907e-001 -1.595933e+001
      vertex  4.400000e+000  6.413590e-001 -1.601423e+001
    endloop
  endfacet
  facet normal  0.000000e+000 -5.680683e-001  8.229814e-001
    outer loop
      vertex  8.400000e+000  7.208907e-001 -1.595933e+001
      vertex  4.400000e+000  6.413590e-001 -1.601423e+001
      vertex  8.400000e+000  6.413590e-001 -1.601423e+001
    endloop
  endfacet
  facet normal  0.000000e+000 -4.999980e-001  8.660266e-001
    outer loop
      vertex  8.400000e+000  6.413590e-001 -1.601423e+001
      vertex  4.400000e+000  6.413590e-001 -1.601423e+001
      vertex  4.400000e+000  5.576678e-001 -1.606255e+001
    endloop
  endfacet
  facet normal  0.000000e+000 -4.999980e-001  8.660266e-001
    outer loop
      vertex  8.400000e+000  6.413590e-001 -1.601423e+001
      vertex  4.400000e+000  5.576678e-001 -1.606255e+001
      vertex  8.400000e+000  5.576678e-001 -1.606255e+001
    endloop
  endfacet
  facet normal  0.000000e+000 -4.286884e-001  9.034524e-001
    outer loop
      vertex  8.400000e+000  5.576678e-001 -1.606255e+001
      vertex  4.400000e+000  5.576678e-001 -1.606255e+001
      vertex  4.400000e+000  4.703599e-001 -1.610398e+001
    endloop
  endfacet
  facet normal  0.000000e+000 -4.286884e-001  9.034524e-001
    outer loop
      vertex  8.400000e+000  5.576678e-001 -1.606255e+001
      vertex  4.400000e+000  4.703599e-001 -1.610398e+001
      vertex  8.400000e+000  4.703599e-001 -1.610398e+001
    endloop
  endfacet
  facet normal  0.000000e+000 -3.546134e-001  9.350130e-001
    outer loop
      vertex  8.400000e+000  4.703599e-001 -1.610398e+001
      vertex  4.400000e+000  4.703599e-001 -1.610398e+001
      vertex  4.400000e+000  3.800016e-001 -1.613824e+001
    endloop
  endfacet
  facet normal  0.000000e+000 -3.546134e-001  9.350130e-001
    outer loop
      vertex  8.400000e+000  4.703599e-001 -1.610398e+001
      vertex  4.400000e+000  3.800016e-001 -1.613824e+001
      vertex  8.400000e+000  3.800016e-001 -1.613824e+001
    endloop
  endfacet
  facet normal  0.000000e+000 -2.782130e-001  9.605194e-001
    outer loop
      vertex  8.400000e+000  3.800016e-001 -1.613824e+001
      vertex  4.400000e+000  3.800016e-001 -1.613824e+001
      vertex  4.400000e+000  2.871788e-001 -1.616513e+001
    endloop
  endfacet
  facet normal  0.000000e+000 -2.782130e-001  9.605194e-001
    outer loop
      vertex  8.400000e+000  3.800016e-001 -1.613824e+001
      vertex  4.400000e+000  2.871788e-001 -1.616513e+001
      vertex  8.400000e+000  2.871788e-001 -1.616513e+001
    endloop
  endfacet
  facet normal  0.000000e+000 -2.000152e-001  9.797928e-001
    outer loop
      vertex  8.400000e+000  2.871788e-001 -1.616513e+001
      vertex  4.400000e+000  2.871788e-001 -1.616513e+001
      vertex  4.400000e+000  1.924935e-001 -1.618446e+001
    endloop
  endfacet
  facet normal  0.000000e+000 -2.000152e-001  9.797928e-001
    outer loop
      vertex  8.400000e+000  2.871788e-001 -1.616513e+001
      vertex  4.400000e+000  1.924935e-001 -1.618446e+001
      vertex  8.400000e+000  1.924935e-001 -1.618446e+001
    endloop
  endfacet
  facet normal  0.000000e+000 -1.205339e-001  9.927093e-001
    outer loop
      vertex  8.400000e+000  1.924935e-001 -1.618446e+001
      vertex  4.400000e+000  1.924935e-001 -1.618446e+001
      vertex  4.400000e+000  9.655988e-002 -1.619611e+001
    endloop
  endfacet
  facet normal  0.000000e+000 -1.205339e-001  9.927093e-001
    outer loop
      vertex  8.400000e+000  1.924935e-001 -1.618446e+001
      vertex  4.400000e+000  9.655988e-002 -1.619611e+001
      vertex  8.400000e+000  9.655988e-002 -1.619611e+001
    endloop
  endfacet
  facet normal  0.000000e+000 -4.028318e-002  9.991883e-001
    outer loop
      vertex  8.400000e+000  9.655988e-002 -1.619611e+001
      vertex  4.400000e+000  9.655988e-002 -1.619611e+001
      vertex  4.400000e+000  2.975884e-015 -1.620000e+001
    endloop
  endfacet
  facet normal  0.000000e+000 -4.028318e-002  9.991883e-001
    outer loop
      vertex  8.400000e+000  9.655988e-002 -1.619611e+001
      vertex  4.400000e+000  2.975884e-015 -1.620000e+001
      vertex  8.400000e+000  2.975884e-015 -1.620000e+001
    endloop
  endfacet
  facet normal  0.000000e+000 -9.967573e-001  8.046646e-002
    outer loop
      vertex  4.400000e+000  1.191251e+000 -1.514464e+001
      vertex  8.400000e+000  1.199027e+000 -1.504832e+001
      vertex  4.400000e+000  1.199027e+000 -1.504832e+001
    endloop
  endfacet
  facet normal  0.000000e+000 -1.000000e+000  0.000000e+000
    outer loop
      vertex  4.400000e+000  1.199027e+000 -1.504832e+001
      vertex  8.400000e+000  1.199027e+000 -1.504832e+001
      vertex  8.400000e+000  1.199027e+000 -1.495168e+001
    endloop
  endfacet
  facet normal  -0.000000e+000 -1.000000e+000  0.000000e+000
    outer loop
      vertex  4.400000e+000  1.199027e+000 -1.504832e+001
      vertex  8.400000e+000  1.199027e+000 -1.495168e+001
      vertex  4.400000e+000  1.199027e+000 -1.495168e+001
    endloop
  endfacet
  facet normal  0.000000e+000 -9.967573e-001 -8.046646e-002
    outer loop
      vertex  4.400000e+000  1.199027e+000 -1.495168e+001
      vertex  8.400000e+000  1.199027e+000 -1.495168e+001
      vertex  8.400000e+000  1.191251e+000 -1.485536e+001
    endloop
  endfacet
  facet normal  -0.000000e+000 -9.967573e-001 -8.046646e-002
    outer loop
      vertex  4.400000e+000  1.199027e+000 -1.495168e+001
      vertex  8.400000e+000  1.191251e+000 -1.485536e+001
      vertex  4.400000e+000  1.191251e+000 -1.485536e+001
    endloop
  endfacet
  facet normal  0.000000e+000 -9.870505e-001 -1.604101e-001
    outer loop
      vertex  4.400000e+000  1.191251e+000 -1.485536e+001
      vertex  8.400000e+000  1.191251e+000 -1.485536e+001
      vertex  8.400000e+000  1.175749e+000 -1.475997e+001
    endloop
  endfacet
  facet normal  -0.000000e+000 -9.870505e-001 -1.604101e-001
    outer loop
      vertex  4.400000e+000  1.191251e+000 -1.485536e+001
      vertex  8.400000e+000  1.175749e+000 -1.475997e+001
      vertex  4.400000e+000  1.175749e+000 -1.475997e+001
    endloop
  endfacet
  facet normal  0.000000e+000 -9.709418e-001 -2.393160e-001
    outer loop
      vertex  4.400000e+000  1.175749e+000 -1.475997e+001
      vertex  8.400000e+000  1.175749e+000 -1.475997e+001
      vertex  8.400000e+000  1.152622e+000 -1.466614e+001
    endloop
  endfacet
  facet normal  -0.000000e+000 -9.709418e-001 -2.393160e-001
    outer loop
      vertex  4.400000e+000  1.175749e+000 -1.475997e+001
      vertex  8.400000e+000  1.152622e+000 -1.466614e+001
      vertex  4.400000e+000  1.152622e+000 -1.466614e+001
    endloop
  endfacet
  facet normal  0.000000e+000 -9.485358e-001 -3.166696e-001
    outer loop
      vertex  4.400000e+000  1.152622e+000 -1.466614e+001
      vertex  8.400000e+000  1.152622e+000 -1.466614e+001
      vertex  8.400000e+000  1.122020e+000 -1.457447e+001
    endloop
  endfacet
  facet normal  -0.000000e+000 -9.485358e-001 -3.166696e-001
    outer loop
      vertex  4.400000e+000  1.152622e+000 -1.466614e+001
      vertex  8.400000e+000  1.122020e+000 -1.457447e+001
      vertex  4.400000e+000  1.122020e+000 -1.457447e+001
    endloop
  endfacet
  facet normal  0.000000e+000 -9.199796e-001 -3.919663e-001
    outer loop
      vertex  4.400000e+000  1.122020e+000 -1.457447e+001
      vertex  8.400000e+000  1.122020e+000 -1.457447e+001
      vertex  8.400000e+000  1.084141e+000 -1.448557e+001
    endloop
  endfacet
  facet normal  -0.000000e+000 -9.199796e-001 -3.919663e-001
    outer loop
      vertex  4.400000e+000  1.122020e+000 -1.457447e+001
      vertex  8.400000e+000  1.084141e+000 -1.448557e+001
      vertex  4.400000e+000  1.084141e+000 -1.448557e+001
    endloop
  endfacet
  facet normal  0.000000e+000 -8.854569e-001 -4.647215e-001
    outer loop
      vertex  4.400000e+000  1.084141e+000 -1.448557e+001
      vertex  8.400000e+000  1.084141e+000 -1.448557e+001
      vertex  8.400000e+000  1.039230e+000 -1.440000e+001
    endloop
  endfacet
  facet normal  -0.000000e+000 -8.854569e-001 -4.647215e-001
    outer loop
      vertex  4.400000e+000  1.084141e+000 -1.448557e+001
      vertex  8.400000e+000  1.039230e+000 -1.440000e+001
      vertex  4.400000e+000  1.039230e+000 -1.440000e+001
    endloop
  endfacet
  facet normal  0.000000e+000 -8.451895e-001 -5.344667e-001
    outer loop
      vertex  4.400000e+000  1.039230e+000 -1.440000e+001
      vertex  8.400000e+000  1.039230e+000 -1.440000e+001
      vertex  8.400000e+000  9.875807e-001 -1.431832e+001
    endloop
  endfacet
  facet normal  -0.000000e+000 -8.451895e-001 -5.344667e-001
    outer loop
      vertex  4.400000e+000  1.039230e+000 -1.440000e+001
      vertex  8.400000e+000  9.875807e-001 -1.431832e+001
      vertex  4.400000e+000  9.875807e-001 -1.431832e+001
    endloop
  endfacet
  facet normal  0.000000e+000 -7.994407e-001 -6.007450e-001
    outer loop
      vertex  4.400000e+000  9.875807e-001 -1.431832e+001
      vertex  8.400000e+000  9.875807e-001 -1.431832e+001
      vertex  8.400000e+000  9.295260e-001 -1.424107e+001
    endloop
  endfacet
  facet normal  -0.000000e+000 -7.994407e-001 -6.007450e-001
    outer loop
      vertex  4.400000e+000  9.875807e-001 -1.431832e+001
      vertex  8.400000e+000  9.295260e-001 -1.424107e+001
      vertex  4.400000e+000  9.295260e-001 -1.424107e+001
    endloop
  endfacet
  facet normal  0.000000e+000 -7.485128e-001 -6.631204e-001
    outer loop
      vertex  4.400000e+000  9.295260e-001 -1.424107e+001
      vertex  8.400000e+000  9.295260e-001 -1.424107e+001
      vertex  8.400000e+000  8.654429e-001 -1.416873e+001
    endloop
  endfacet
  facet normal  -0.000000e+000 -7.485128e-001 -6.631204e-001
    outer loop
      vertex  4.400000e+000  9.295260e-001 -1.424107e+001
      vertex  8.400000e+000  8.654429e-001 -1.416873e+001
      vertex  4.400000e+000  8.654429e-001 -1.416873e+001
    endloop
  endfacet
  facet normal  0.000000e+000 -6.927215e-001 -7.212052e-001
    outer loop
      vertex  4.400000e+000  8.654429e-001 -1.416873e+001
      vertex  8.400000e+000  8.654429e-001 -1.416873e+001
      vertex  8.400000e+000  7.957472e-001 -1.410179e+001
    endloop
  endfacet
  facet normal  -0.000000e+000 -6.927215e-001 -7.212052e-001
    outer loop
      vertex  4.400000e+000  8.654429e-001 -1.416873e+001
      vertex  8.400000e+000  7.957472e-001 -1.410179e+001
      vertex  4.400000e+000  7.957472e-001 -1.410179e+001
    endloop
  endfacet
  facet normal  0.000000e+000 -6.324495e-001 -7.746015e-001
    outer loop
      vertex  4.400000e+000  7.957472e-001 -1.410179e+001
      vertex  8.400000e+000  7.957472e-001 -1.410179e+001
      vertex  8.400000e+000  7.208907e-001 -1.404067e+001
    endloop
  endfacet
  facet normal  -0.000000e+000 -6.324495e-001 -7.746015e-001
    outer loop
      vertex  4.400000e+000  7.957472e-001 -1.410179e+001
      vertex  8.400000e+000  7.208907e-001 -1.404067e+001
      vertex  4.400000e+000  7.208907e-001 -1.404067e+001
    endloop
  endfacet
  facet normal  0.000000e+000 -5.680617e-001 -8.229860e-001
    outer loop
      vertex  4.400000e+000  7.208907e-001 -1.404067e+001
      vertex  8.400000e+000  7.208907e-001 -1.404067e+001
      vertex  8.400000e+000  6.413590e-001 -1.398577e+001
    endloop
  endfacet
  facet normal  -0.000000e+000 -5.680617e-001 -8.229860e-001
    outer loop
      vertex  4.400000e+000  7.208907e-001 -1.404067e+001
      vertex  8.400000e+000  6.413590e-001 -1.398577e+001
      vertex  4.400000e+000  6.413590e-001 -1.398577e+001
    endloop
  endfacet
  facet normal  0.000000e+000 -5.000054e-001 -8.660223e-001
    outer loop
      vertex  4.400000e+000  6.413590e-001 -1.398577e+001
      vertex  8.400000e+000  6.413590e-001 -1.398577e+001
      vertex  8.400000e+000  5.576678e-001 -1.393745e+001
    endloop
  endfacet
  facet normal  -0.000000e+000 -5.000054e-001 -8.660223e-001
    outer loop
      vertex  4.400000e+000  6.413590e-001 -1.398577e+001
      vertex  8.400000e+000  5.576678e-001 -1.393745e+001
      vertex  4.400000e+000  5.576678e-001 -1.393745e+001
    endloop
  endfacet
  facet normal  0.000000e+000 -4.286884e-001 -9.034524e-001
    outer loop
      vertex  4.400000e+000  5.576678e-001 -1.393745e+001
      vertex  8.400000e+000  5.576678e-001 -1.393745e+001
      vertex  8.400000e+000  4.703599e-001 -1.389602e+001
    endloop
  endfacet
  facet normal  -0.000000e+000 -4.286884e-001 -9.034524e-001
    outer loop
      vertex  4.400000e+000  5.576678e-001 -1.393745e+001
      vertex  8.400000e+000  4.703599e-001 -1.389602e+001
      vertex  4.400000e+000  4.703599e-001 -1.389602e+001
    endloop
  endfacet
  facet normal  0.000000e+000 -3.546048e-001 -9.350162e-001
    outer loop
      vertex  4.400000e+000  4.703599e-001 -1.389602e+001
      vertex  8.400000e+000  4.703599e-001 -1.389602e+001
      vertex  8.400000e+000  3.800016e-001 -1.386176e+001
    endloop
  endfacet
  facet normal  -0.000000e+000 -3.546048e-001 -9.350162e-001
    outer loop
      vertex  4.400000e+000  4.703599e-001 -1.389602e+001
      vertex  8.400000e+000  3.800016e-001 -1.386176e+001
      vertex  4.400000e+000  3.800016e-001 -1.386176e+001
    endloop
  endfacet
  facet normal  0.000000e+000 -2.782221e-001 -9.605168e-001
    outer loop
      vertex  4.400000e+000  3.800016e-001 -1.386176e+001
      vertex  8.400000e+000  3.800016e-001 -1.386176e+001
      vertex  8.400000e+000  2.871788e-001 -1.383487e+001
    endloop
  endfacet
  facet normal  -0.000000e+000 -2.782221e-001 -9.605168e-001
    outer loop
      vertex  4.400000e+000  3.800016e-001 -1.386176e+001
      vertex  8.400000e+000  2.871788e-001 -1.383487e+001
      vertex  4.400000e+000  2.871788e-001 -1.383487e+001
    endloop
  endfacet
  facet normal  0.000000e+000 -2.000246e-001 -9.797909e-001
    outer loop
      vertex  4.400000e+000  2.871788e-001 -1.383487e+001
      vertex  8.400000e+000  2.871788e-001 -1.383487e+001
      vertex  8.400000e+000  1.924935e-001 -1.381554e+001
    endloop
  endfacet
  facet normal  -0.000000e+000 -2.000246e-001 -9.797909e-001
    outer loop
      vertex  4.400000e+000  2.871788e-001 -1.383487e+001
      vertex  8.400000e+000  1.924935e-001 -1.381554e+001
      vertex  4.400000e+000  1.924935e-001 -1.381554e+001
    endloop
  endfacet
  facet normal  0.000000e+000 -1.205339e-001 -9.927093e-001
    outer loop
      vertex  4.400000e+000  1.924935e-001 -1.381554e+001
      vertex  8.400000e+000  1.924935e-001 -1.381554e+001
      vertex  8.400000e+000  9.655988e-002 -1.380389e+001
    endloop
  endfacet
  facet normal  -0.000000e+000 -1.205339e-001 -9.927093e-001
    outer loop
      vertex  4.400000e+000  1.924935e-001 -1.381554e+001
      vertex  8.400000e+000  9.655988e-002 -1.380389e+001
      vertex  4.400000e+000  9.655988e-002 -1.380389e+001
    endloop
  endfacet
  facet normal  0.000000e+000 -4.026347e-002 -9.991891e-001
    outer loop
      vertex  4.400000e+000  9.655988e-002 -1.380389e+001
      vertex  8.400000e+000  9.655988e-002 -1.380389e+001
      vertex  8.400000e+000  2.388073e-015 -1.380000e+001
    endloop
  endfacet
  facet normal  -0.000000e+000 -4.026347e-002 -9.991891e-001
    outer loop
      vertex  4.400000e+000  9.655988e-002 -1.380389e+001
      vertex  8.400000e+000  2.388073e-015 -1.380000e+001
      vertex  4.400000e+000  2.388073e-015 -1.380000e+001
    endloop
  endfacet
  facet normal  0.000000e+000  9.967573e-001 -8.046646e-002
    outer loop
      vertex  8.400000e+000 -1.199027e+000 -1.495168e+001
      vertex  4.400000e+000 -1.191251e+000 -1.485536e+001
      vertex  8.400000e+000 -1.191251e+000 -1.485536e+001
    endloop
  endfacet
  facet normal  0.000000e+000  9.870505e-001 -1.604101e-001
    outer loop
      vertex  8.400000e+000 -1.191251e+000 -1.485536e+001
      vertex  4.400000e+000 -1.191251e+000 -1.485536e+001
      vertex  4.400000e+000 -1.175749e+000 -1.475997e+001
    endloop
  endfacet
  facet normal  0.000000e+000  9.870505e-001 -1.604101e-001
    outer loop
      vertex  8.400000e+000 -1.191251e+000 -1.485536e+001
      vertex  4.400000e+000 -1.175749e+000 -1.475997e+001
      vertex  8.400000e+000 -1.175749e+000 -1.475997e+001
    endloop
  endfacet
  facet normal  0.000000e+000  9.709418e-001 -2.393160e-001
    outer loop
      vertex  8.400000e+000 -1.175749e+000 -1.475997e+001
      vertex  4.400000e+000 -1.175749e+000 -1.475997e+001
      vertex  4.400000e+000 -1.152622e+000 -1.466614e+001
    endloop
  endfacet
  facet normal  0.000000e+000  9.709418e-001 -2.393160e-001
    outer loop
      vertex  8.400000e+000 -1.175749e+000 -1.475997e+001
      vertex  4.400000e+000 -1.152622e+000 -1.466614e+001
      vertex  8.400000e+000 -1.152622e+000 -1.466614e+001
    endloop
  endfacet
  facet normal  0.000000e+000  9.485358e-001 -3.166696e-001
    outer loop
      vertex  8.400000e+000 -1.152622e+000 -1.466614e+001
      vertex  4.400000e+000 -1.152622e+000 -1.466614e+001
      vertex  4.400000e+000 -1.122020e+000 -1.457447e+001
    endloop
  endfacet
  facet normal  0.000000e+000  9.485358e-001 -3.166696e-001
    outer loop
      vertex  8.400000e+000 -1.152622e+000 -1.466614e+001
      vertex  4.400000e+000 -1.122020e+000 -1.457447e+001
      vertex  8.400000e+000 -1.122020e+000 -1.457447e+001
    endloop
  endfacet
  facet normal  0.000000e+000  9.199796e-001 -3.919663e-001
    outer loop
      vertex  8.400000e+000 -1.122020e+000 -1.457447e+001
      vertex  4.400000e+000 -1.122020e+000 -1.457447e+001
      vertex  4.400000e+000 -1.084141e+000 -1.448557e+001
    endloop
  endfacet
  facet normal  0.000000e+000  9.199796e-001 -3.919663e-001
    outer loop
      vertex  8.400000e+000 -1.122020e+000 -1.457447e+001
      vertex  4.400000e+000 -1.084141e+000 -1.448557e+001
      vertex  8.400000e+000 -1.084141e+000 -1.448557e+001
    endloop
  endfacet
  facet normal  0.000000e+000  8.854569e-001 -4.647215e-001
    outer loop
      vertex  8.400000e+000 -1.084141e+000 -1.448557e+001
      vertex  4.400000e+000 -1.084141e+000 -1.448557e+001
      vertex  4.400000e+000 -1.039230e+000 -1.440000e+001
    endloop
  endfacet
  facet normal  0.000000e+000  8.854569e-001 -4.647215e-001
    outer loop
      vertex  8.400000e+000 -1.084141e+000 -1.448557e+001
      vertex  4.400000e+000 -1.039230e+000 -1.440000e+001
      vertex  8.400000e+000 -1.039230e+000 -1.440000e+001
    endloop
  endfacet
  facet normal  0.000000e+000  8.451895e-001 -5.344667e-001
    outer loop
      vertex  8.400000e+000 -1.039230e+000 -1.440000e+001
      vertex  4.400000e+000 -1.039230e+000 -1.440000e+001
      vertex  4.400000e+000 -9.875807e-001 -1.431832e+001
    endloop
  endfacet
  facet normal  0.000000e+000  8.451895e-001 -5.344667e-001
    outer loop
      vertex  8.400000e+000 -1.039230e+000 -1.440000e+001
      vertex  4.400000e+000 -9.875807e-001 -1.431832e+001
      vertex  8.400000e+000 -9.875807e-001 -1.431832e+001
    endloop
  endfacet
  facet normal  0.000000e+000  7.994407e-001 -6.007450e-001
    outer loop
      vertex  8.400000e+000 -9.875807e-001 -1.431832e+001
      vertex  4.400000e+000 -9.875807e-001 -1.431832e+001
      vertex  4.400000e+000 -9.295260e-001 -1.424107e+001
    endloop
  endfacet
  facet normal  0.000000e+000  7.994407e-001 -6.007450e-001
    outer loop
      vertex  8.400000e+000 -9.875807e-001 -1.431832e+001
      vertex  4.400000e+000 -9.295260e-001 -1.424107e+001
      vertex  8.400000e+000 -9.295260e-001 -1.424107e+001
    endloop
  endfacet
  facet normal  0.000000e+000  7.485128e-001 -6.631204e-001
    outer loop
      vertex  8.400000e+000 -9.295260e-001 -1.424107e+001
      vertex  4.400000e+000 -9.295260e-001 -1.424107e+001
      vertex  4.400000e+000 -8.654429e-001 -1.416873e+001
    endloop
  endfacet
  facet normal  0.000000e+000  7.485128e-001 -6.631204e-001
    outer loop
      vertex  8.400000e+000 -9.295260e-001 -1.424107e+001
      vertex  4.400000e+000 -8.654429e-001 -1.416873e+001
      vertex  8.400000e+000 -8.654429e-001 -1.416873e+001
    endloop
  endfacet
  facet normal  0.000000e+000  6.927215e-001 -7.212052e-001
    outer loop
      vertex  8.400000e+000 -8.654429e-001 -1.416873e+001
      vertex  4.400000e+000 -8.654429e-001 -1.416873e+001
      vertex  4.400000e+000 -7.957472e-001 -1.410179e+001
    endloop
  endfacet
  facet normal  0.000000e+000  6.927215e-001 -7.212052e-001
    outer loop
      vertex  8.400000e+000 -8.654429e-001 -1.416873e+001
      vertex  4.400000e+000 -7.957472e-001 -1.410179e+001
      vertex  8.400000e+000 -7.957472e-001 -1.410179e+001
    endloop
  endfacet
  facet normal  0.000000e+000  6.324495e-001 -7.746015e-001
    outer loop
      vertex  8.400000e+000 -7.957472e-001 -1.410179e+001
      vertex  4.400000e+000 -7.957472e-001 -1.410179e+001
      vertex  4.400000e+000 -7.208907e-001 -1.404067e+001
    endloop
  endfacet
  facet normal  0.000000e+000  6.324495e-001 -7.746015e-001
    outer loop
      vertex  8.400000e+000 -7.957472e-001 -1.410179e+001
      vertex  4.400000e+000 -7.208907e-001 -1.404067e+001
      vertex  8.400000e+000 -7.208907e-001 -1.404067e+001
    endloop
  endfacet
  facet normal  0.000000e+000  5.680617e-001 -8.229860e-001
    outer loop
      vertex  8.400000e+000 -7.208907e-001 -1.404067e+001
      vertex  4.400000e+000 -7.208907e-001 -1.404067e+001
      vertex  4.400000e+000 -6.413590e-001 -1.398577e+001
    endloop
  endfacet
  facet normal  0.000000e+000  5.680617e-001 -8.229860e-001
    outer loop
      vertex  8.400000e+000 -7.208907e-001 -1.404067e+001
      vertex  4.400000e+000 -6.413590e-001 -1.398577e+001
      vertex  8.400000e+000 -6.413590e-001 -1.398577e+001
    endloop
  endfacet
  facet normal  0.000000e+000  5.000054e-001 -8.660223e-001
    outer loop
      vertex  8.400000e+000 -6.413590e-001 -1.398577e+001
      vertex  4.400000e+000 -6.413590e-001 -1.398577e+001
      vertex  4.400000e+000 -5.576678e-001 -1.393745e+001
    endloop
  endfacet
  facet normal  0.000000e+000  5.000054e-001 -8.660223e-001
    outer loop
      vertex  8.400000e+000 -6.413590e-001 -1.398577e+001
      vertex  4.400000e+000 -5.576678e-001 -1.393745e+001
      vertex  8.400000e+000 -5.576678e-001 -1.393745e+001
    endloop
  endfacet
  facet normal  0.000000e+000  4.286884e-001 -9.034524e-001
    outer loop
      vertex  8.400000e+000 -5.576678e-001 -1.393745e+001
      vertex  4.400000e+000 -5.576678e-001 -1.393745e+001
      vertex  4.400000e+000 -4.703599e-001 -1.389602e+001
    endloop
  endfacet
  facet normal  0.000000e+000  4.286884e-001 -9.034524e-001
    outer loop
      vertex  8.400000e+000 -5.576678e-001 -1.393745e+001
      vertex  4.400000e+000 -4.703599e-001 -1.389602e+001
      vertex  8.400000e+000 -4.703599e-001 -1.389602e+001
    endloop
  endfacet
  facet normal  0.000000e+000  3.546048e-001 -9.350162e-001
    outer loop
      vertex  8.400000e+000 -4.703599e-001 -1.389602e+001
      vertex  4.400000e+000 -4.703599e-001 -1.389602e+001
      vertex  4.400000e+000 -3.800016e-001 -1.386176e+001
    endloop
  endfacet
  facet normal  0.000000e+000  3.546048e-001 -9.350162e-001
    outer loop
      vertex  8.400000e+000 -4.703599e-001 -1.389602e+001
      vertex  4.400000e+000 -3.800016e-001 -1.386176e+001
      vertex  8.400000e+000 -3.800016e-001 -1.386176e+001
    endloop
  endfacet
  facet normal  0.000000e+000  2.782221e-001 -9.605168e-001
    outer loop
      vertex  8.400000e+000 -3.800016e-001 -1.386176e+001
      vertex  4.400000e+000 -3.800016e-001 -1.386176e+001
      vertex  4.400000e+000 -2.871788e-001 -1.383487e+001
    endloop
  endfacet
  facet normal  0.000000e+000  2.782221e-001 -9.605168e-001
    outer loop
      vertex  8.400000e+000 -3.800016e-001 -1.386176e+001
      vertex  4.400000e+000 -2.871788e-001 -1.383487e+001
      vertex  8.400000e+000 -2.871788e-001 -1.383487e+001
    endloop
  endfacet
  facet normal  0.000000e+000  2.000246e-001 -9.797909e-001
    outer loop
      vertex  8.400000e+000 -2.871788e-001 -1.383487e+001
      vertex  4.400000e+000 -2.871788e-001 -1.383487e+001
      vertex  4.400000e+000 -1.924935e-001 -1.381554e+001
    endloop
  endfacet
  facet normal  0.000000e+000  2.000246e-001 -9.797909e-001
    outer loop
      vertex  8.400000e+000 -2.871788e-001 -1.383487e+001
      vertex  4.400000e+000 -1.924935e-001 -1.381554e+001
      vertex  8.400000e+000 -1.924935e-001 -1.381554e+001
    endloop
  endfacet
  facet normal  0.000000e+000  1.205339e-001 -9.927093e-001
    outer loop
      vertex  8.400000e+000 -1.924935e-001 -1.381554e+001
      vertex  4.400000e+000 -1.924935e-001 -1.381554e+001
      vertex  4.400000e+000 -9.655988e-002 -1.380389e+001
    endloop
  endfacet
  facet normal  0.000000e+000  1.205339e-001 -9.927093e-001
    outer loop
      vertex  8.400000e+000 -1.924935e-001 -1.381554e+001
      vertex  4.400000e+000 -9.655988e-002 -1.380389e+001
      vertex  8.400000e+000 -9.655988e-002 -1.380389e+001
    endloop
  endfacet
  facet normal  0.000000e+000  4.026347e-002 -9.991891e-001
    outer loop
      vertex  8.400000e+000 -9.655988e-002 -1.380389e+001
      vertex  4.400000e+000 -9.655988e-002 -1.380389e+001
      vertex  4.400000e+000  2.388073e-015 -1.380000e+001
    endloop
  endfacet
  facet normal  0.000000e+000  4.026347e-002 -9.991891e-001
    outer loop
      vertex  8.400000e+000 -9.655988e-002 -1.380389e+001
      vertex  4.400000e+000  2.388073e-015 -1.380000e+001
      vertex  8.400000e+000  2.388073e-015 -1.380000e+001
    endloop
  endfacet
  facet normal  0.000000e+000  9.967573e-001 -8.046646e-002
    outer loop
      vertex  4.400000e+000 -1.191251e+000 -1.485536e+001
      vertex  8.400000e+000 -1.199027e+000 -1.495168e+001
      vertex  4.400000e+000 -1.199027e+000 -1.495168e+001
    endloop
  endfacet
  facet normal  -0.000000e+000  1.000000e+000  0.000000e+000
    outer loop
      vertex  4.400000e+000 -1.199027e+000 -1.495168e+001
      vertex  8.400000e+000 -1.199027e+000 -1.495168e+001
      vertex  8.400000e+000 -1.199027e+000 -1.504832e+001
    endloop
  endfacet
  facet normal  0.000000e+000  1.000000e+000  0.000000e+000
    outer loop
      vertex  4.400000e+000 -1.199027e+000 -1.495168e+001
      vertex  8.400000e+000 -1.199027e+000 -1.504832e+001
      vertex  4.400000e+000 -1.199027e+000 -1.504832e+001
    endloop
  endfacet
  facet normal  -0.000000e+000  9.967573e-001  8.046646e-002
    outer loop
      vertex  4.400000e+000 -1.199027e+000 -1.504832e+001
      vertex  8.400000e+000 -1.199027e+000 -1.504832e+001
      vertex  8.400000e+000 -1.191251e+000 -1.514464e+001
    endloop
  endfacet
  facet normal  0.000000e+000  9.967573e-001  8.046646e-002
    outer loop
      vertex  4.400000e+000 -1.199027e+000 -1.504832e+001
      vertex  8.400000e+000 -1.191251e+000 -1.514464e+001
      vertex  4.400000e+000 -1.191251e+000 -1.514464e+001
    endloop
  endfacet
  facet normal  -0.000000e+000  9.870505e-001  1.604101e-001
    outer loop
      vertex  4.400000e+000 -1.191251e+000 -1.514464e+001
      vertex  8.400000e+000 -1.191251e+000 -1.514464e+001
      vertex  8.400000e+000 -1.175749e+000 -1.524003e+001
    endloop
  endfacet
  facet normal  0.000000e+000  9.870505e-001  1.604101e-001
    outer loop
      vertex  4.400000e+000 -1.191251e+000 -1.514464e+001
      vertex  8.400000e+000 -1.175749e+000 -1.524003e+001
      vertex  4.400000e+000 -1.175749e+000 -1.524003e+001
    endloop
  endfacet
  facet normal  -0.000000e+000  9.709418e-001  2.393160e-001
    outer loop
      vertex  4.400000e+000 -1.175749e+000 -1.524003e+001
      vertex  8.400000e+000 -1.175749e+000 -1.524003e+001
      vertex  8.400000e+000 -1.152622e+000 -1.533386e+001
    endloop
  endfacet
  facet normal  0.000000e+000  9.709418e-001  2.393160e-001
    outer loop
      vertex  4.400000e+000 -1.175749e+000 -1.524003e+001
      vertex  8.400000e+000 -1.152622e+000 -1.533386e+001
      vertex  4.400000e+000 -1.152622e+000 -1.533386e+001
    endloop
  endfacet
  facet normal  -0.000000e+000  9.485358e-001  3.166696e-001
    outer loop
      vertex  4.400000e+000 -1.152622e+000 -1.533386e+001
      vertex  8.400000e+000 -1.152622e+000 -1.533386e+001
      vertex  8.400000e+000 -1.122020e+000 -1.542553e+001
    endloop
  endfacet
  facet normal  0.000000e+000  9.485358e-001  3.166696e-001
    outer loop
      vertex  4.400000e+000 -1.152622e+000 -1.533386e+001
      vertex  8.400000e+000 -1.122020e+000 -1.542553e+001
      vertex  4.400000e+000 -1.122020e+000 -1.542553e+001
    endloop
  endfacet
  facet normal  -0.000000e+000  9.199796e-001  3.919663e-001
    outer loop
      vertex  4.400000e+000 -1.122020e+000 -1.542553e+001
      vertex  8.400000e+000 -1.122020e+000 -1.542553e+001
      vertex  8.400000e+000 -1.084141e+000 -1.551443e+001
    endloop
  endfacet
  facet normal  0.000000e+000  9.199796e-001  3.919663e-001
    outer loop
      vertex  4.400000e+000 -1.122020e+000 -1.542553e+001
      vertex  8.400000e+000 -1.084141e+000 -1.551443e+001
      vertex  4.400000e+000 -1.084141e+000 -1.551443e+001
    endloop
  endfacet
  facet normal  -0.000000e+000  8.854569e-001  4.647215e-001
    outer loop
      vertex  4.400000e+000 -1.084141e+000 -1.551443e+001
      vertex  8.400000e+000 -1.084141e+000 -1.551443e+001
      vertex  8.400000e+000 -1.039230e+000 -1.560000e+001
    endloop
  endfacet
  facet normal  0.000000e+000  8.854569e-001  4.647215e-001
    outer loop
      vertex  4.400000e+000 -1.084141e+000 -1.551443e+001
      vertex  8.400000e+000 -1.039230e+000 -1.560000e+001
      vertex  4.400000e+000 -1.039230e+000 -1.560000e+001
    endloop
  endfacet
  facet normal  -0.000000e+000  8.451895e-001  5.344667e-001
    outer loop
      vertex  4.400000e+000 -1.039230e+000 -1.560000e+001
      vertex  8.400000e+000 -1.039230e+000 -1.560000e+001
      vertex  8.400000e+000 -9.875807e-001 -1.568168e+001
    endloop
  endfacet
  facet normal  0.000000e+000  8.451895e-001  5.344667e-001
    outer loop
      vertex  4.400000e+000 -1.039230e+000 -1.560000e+001
      vertex  8.400000e+000 -9.875807e-001 -1.568168e+001
      vertex  4.400000e+000 -9.875807e-001 -1.568168e+001
    endloop
  endfacet
  facet normal  -0.000000e+000  7.994407e-001  6.007450e-001
    outer loop
      vertex  4.400000e+000 -9.875807e-001 -1.568168e+001
      vertex  8.400000e+000 -9.875807e-001 -1.568168e+001
      vertex  8.400000e+000 -9.295260e-001 -1.575893e+001
    endloop
  endfacet
  facet normal  0.000000e+000  7.994407e-001  6.007450e-001
    outer loop
      vertex  4.400000e+000 -9.875807e-001 -1.568168e+001
      vertex  8.400000e+000 -9.295260e-001 -1.575893e+001
      vertex  4.400000e+000 -9.295260e-001 -1.575893e+001
    endloop
  endfacet
  facet normal  -0.000000e+000  7.485128e-001  6.631204e-001
    outer loop
      vertex  4.400000e+000 -9.295260e-001 -1.575893e+001
      vertex  8.400000e+000 -9.295260e-001 -1.575893e+001
      vertex  8.400000e+000 -8.654429e-001 -1.583127e+001
    endloop
  endfacet
  facet normal  0.000000e+000  7.485128e-001  6.631204e-001
    outer loop
      vertex  4.400000e+000 -9.295260e-001 -1.575893e+001
      vertex  8.400000e+000 -8.654429e-001 -1.583127e+001
      vertex  4.400000e+000 -8.654429e-001 -1.583127e+001
    endloop
  endfacet
  facet normal  -0.000000e+000  6.927215e-001  7.212052e-001
    outer loop
      vertex  4.400000e+000 -8.654429e-001 -1.583127e+001
      vertex  8.400000e+000 -8.654429e-001 -1.583127e+001
      vertex  8.400000e+000 -7.957472e-001 -1.589821e+001
    endloop
  endfacet
  facet normal  0.000000e+000  6.927215e-001  7.212052e-001
    outer loop
      vertex  4.400000e+000 -8.654429e-001 -1.583127e+001
      vertex  8.400000e+000 -7.957472e-001 -1.589821e+001
      vertex  4.400000e+000 -7.957472e-001 -1.589821e+001
    endloop
  endfacet
  facet normal  -0.000000e+000  6.324495e-001  7.746015e-001
    outer loop
      vertex  4.400000e+000 -7.957472e-001 -1.589821e+001
      vertex  8.400000e+000 -7.957472e-001 -1.589821e+001
      vertex  8.400000e+000 -7.208907e-001 -1.595933e+001
    endloop
  endfacet
  facet normal  0.000000e+000  6.324495e-001  7.746015e-001
    outer loop
      vertex  4.400000e+000 -7.957472e-001 -1.589821e+001
      vertex  8.400000e+000 -7.208907e-001 -1.595933e+001
      vertex  4.400000e+000 -7.208907e-001 -1.595933e+001
    endloop
  endfacet
  facet normal  -0.000000e+000  5.680683e-001  8.229814e-001
    outer loop
      vertex  4.400000e+000 -7.208907e-001 -1.595933e+001
      vertex  8.400000e+000 -7.208907e-001 -1.595933e+001
      vertex  8.400000e+000 -6.413590e-001 -1.601423e+001
    endloop
  endfacet
  facet normal  0.000000e+000  5.680683e-001  8.229814e-001
    outer loop
      vertex  4.400000e+000 -7.208907e-001 -1.595933e+001
      vertex  8.400000e+000 -6.413590e-001 -1.601423e+001
      vertex  4.400000e+000 -6.413590e-001 -1.601423e+001
    endloop
  endfacet
  facet normal  -0.000000e+000  4.999980e-001  8.660266e-001
    outer loop
      vertex  4.400000e+000 -6.413590e-001 -1.601423e+001
      vertex  8.400000e+000 -6.413590e-001 -1.601423e+001
      vertex  8.400000e+000 -5.576678e-001 -1.606255e+001
    endloop
  endfacet
  facet normal  0.000000e+000  4.999980e-001  8.660266e-001
    outer loop
      vertex  4.400000e+000 -6.413590e-001 -1.601423e+001
      vertex  8.400000e+000 -5.576678e-001 -1.606255e+001
      vertex  4.400000e+000 -5.576678e-001 -1.606255e+001
    endloop
  endfacet
  facet normal  -0.000000e+000  4.286884e-001  9.034524e-001
    outer loop
      vertex  4.400000e+000 -5.576678e-001 -1.606255e+001
      vertex  8.400000e+000 -5.576678e-001 -1.606255e+001
      vertex  8.400000e+000 -4.703599e-001 -1.610398e+001
    endloop
  endfacet
  facet normal  0.000000e+000  4.286884e-001  9.034524e-001
    outer loop
      vertex  4.400000e+000 -5.576678e-001 -1.606255e+001
      vertex  8.400000e+000 -4.703599e-001 -1.610398e+001
      vertex  4.400000e+000 -4.703599e-001 -1.610398e+001
    endloop
  endfacet
  facet normal  -0.000000e+000  3.546134e-001  9.350130e-001
    outer loop
      vertex  4.400000e+000 -4.703599e-001 -1.610398e+001
      vertex  8.400000e+000 -4.703599e-001 -1.610398e+001
      vertex  8.400000e+000 -3.800016e-001 -1.613824e+001
    endloop
  endfacet
  facet normal  0.000000e+000  3.546134e-001  9.350130e-001
    outer loop
      vertex  4.400000e+000 -4.703599e-001 -1.610398e+001
      vertex  8.400000e+000 -3.800016e-001 -1.613824e+001
      vertex  4.400000e+000 -3.800016e-001 -1.613824e+001
    endloop
  endfacet
  facet normal  -0.000000e+000  2.782130e-001  9.605194e-001
    outer loop
      vertex  4.400000e+000 -3.800016e-001 -1.613824e+001
      vertex  8.400000e+000 -3.800016e-001 -1.613824e+001
      vertex  8.400000e+000 -2.871788e-001 -1.616513e+001
    endloop
  endfacet
  facet normal  0.000000e+000  2.782130e-001  9.605194e-001
    outer loop
      vertex  4.400000e+000 -3.800016e-001 -1.613824e+001
      vertex  8.400000e+000 -2.871788e-001 -1.616513e+001
      vertex  4.400000e+000 -2.871788e-001 -1.616513e+001
    endloop
  endfacet
  facet normal  -0.000000e+000  2.000152e-001  9.797928e-001
    outer loop
      vertex  4.400000e+000 -2.871788e-001 -1.616513e+001
      vertex  8.400000e+000 -2.871788e-001 -1.616513e+001
      vertex  8.400000e+000 -1.924935e-001 -1.618446e+001
    endloop
  endfacet
  facet normal  0.000000e+000  2.000152e-001  9.797928e-001
    outer loop
      vertex  4.400000e+000 -2.871788e-001 -1.616513e+001
      vertex  8.400000e+000 -1.924935e-001 -1.618446e+001
      vertex  4.400000e+000 -1.924935e-001 -1.618446e+001
    endloop
  endfacet
  facet normal  -0.000000e+000  1.205339e-001  9.927093e-001
    outer loop
      vertex  4.400000e+000 -1.924935e-001 -1.618446e+001
      vertex  8.400000e+000 -1.924935e-001 -1.618446e+001
      vertex  8.400000e+000 -9.655988e-002 -1.619611e+001
    endloop
  endfacet
  facet normal  0.000000e+000  1.205339e-001  9.927093e-001
    outer loop
      vertex  4.400000e+000 -1.924935e-001 -1.618446e+001
      vertex  8.400000e+000 -9.655988e-002 -1.619611e+001
      vertex  4.400000e+000 -9.655988e-002 -1.619611e+001
    endloop
  endfacet
  facet normal  -0.000000e+000  4.028318e-002  9.991883e-001
    outer loop
      vertex  4.400000e+000 -9.655988e-002 -1.619611e+001
      vertex  8.400000e+000 -9.655988e-002 -1.619611e+001
      vertex  8.400000e+000  2.975884e-015 -1.620000e+001
    endloop
  endfacet
  facet normal  0.000000e+000  4.028318e-002  9.991883e-001
    outer loop
      vertex  4.400000e+000 -9.655988e-002 -1.619611e+001
      vertex  8.400000e+000  2.975884e-015 -1.620000e+001
      vertex  4.400000e+000  2.975884e-015 -1.620000e+001
    endloop
  endfacet
  facet normal  0.000000e+000 -8.046646e-002 -9.967573e-001
    outer loop
      vertex  8.400000e+000  1.504832e+001  1.199027e+000
      vertex  4.400000e+000  1.514464e+001  1.191251e+000
      vertex  8.400000e+000  1.514464e+001  1.191251e+000
    endloop
  endfacet
  facet normal  -0.000000e+000 -1.604101e-001 -9.870505e-001
    outer loop
      vertex  8.400000e+000  1.514464e+001  1.191251e+000
      vertex  4.400000e+000  1.514464e+001  1.191251e+000
      vertex  4.400000e+000  1.524003e+001  1.175749e+000
    endloop
  endfacet
  facet normal  0.000000e+000 -1.604101e-001 -9.870505e-001
    outer loop
      vertex  8.400000e+000  1.514464e+001  1.191251e+000
      vertex  4.400000e+000  1.524003e+001  1.175749e+000
      vertex  8.400000e+000  1.524003e+001  1.175749e+000
    endloop
  endfacet
  facet normal  -0.000000e+000 -2.393160e-001 -9.709418e-001
    outer loop
      vertex  8.400000e+000  1.524003e+001  1.175749e+000
      vertex  4.400000e+000  1.524003e+001  1.175749e+000
      vertex  4.400000e+000  1.533386e+001  1.152622e+000
    endloop
  endfacet
  facet normal  0.000000e+000 -2.393160e-001 -9.709418e-001
    outer loop
      vertex  8.400000e+000  1.524003e+001  1.175749e+000
      vertex  4.400000e+000  1.533386e+001  1.152622e+000
      vertex  8.400000e+000  1.533386e+001  1.152622e+000
    endloop
  endfacet
  facet normal  -0.000000e+000 -3.166696e-001 -9.485358e-001
    outer loop
      vertex  8.400000e+000  1.533386e+001  1.152622e+000
      vertex  4.400000e+000  1.533386e+001  1.152622e+000
      vertex  4.400000e+000  1.542553e+001  1.122020e+000
    endloop
  endfacet
  facet normal  0.000000e+000 -3.166696e-001 -9.485358e-001
    outer loop
      vertex  8.400000e+000  1.533386e+001  1.152622e+000
      vertex  4.400000e+000  1.542553e+001  1.122020e+000
      vertex  8.400000e+000  1.542553e+001  1.122020e+000
    endloop
  endfacet
  facet normal  -0.000000e+000 -3.919663e-001 -9.199796e-001
    outer loop
      vertex  8.400000e+000  1.542553e+001  1.122020e+000
      vertex  4.400000e+000  1.542553e+001  1.122020e+000
      vertex  4.400000e+000  1.551443e+001  1.084141e+000
    endloop
  endfacet
  facet normal  0.000000e+000 -3.919663e-001 -9.199796e-001
    outer loop
      vertex  8.400000e+000  1.542553e+001  1.122020e+000
      vertex  4.400000e+000  1.551443e+001  1.084141e+000
      vertex  8.400000e+000  1.551443e+001  1.084141e+000
    endloop
  endfacet
  facet normal  -0.000000e+000 -4.647215e-001 -8.854569e-001
    outer loop
      vertex  8.400000e+000  1.551443e+001  1.084141e+000
      vertex  4.400000e+000  1.551443e+001  1.084141e+000
      vertex  4.400000e+000  1.560000e+001  1.039230e+000
    endloop
  endfacet
  facet normal  0.000000e+000 -4.647215e-001 -8.854569e-001
    outer loop
      vertex  8.400000e+000  1.551443e+001  1.084141e+000
      vertex  4.400000e+000  1.560000e+001  1.039230e+000
      vertex  8.400000e+000  1.560000e+001  1.039230e+000
    endloop
  endfacet
  facet normal  -0.000000e+000 -5.344667e-001 -8.451895e-001
    outer loop
      vertex  8.400000e+000  1.560000e+001  1.039230e+000
      vertex  4.400000e+000  1.560000e+001  1.039230e+000
      vertex  4.400000e+000  1.568168e+001  9.875807e-001
    endloop
  endfacet
  facet normal  0.000000e+000 -5.344667e-001 -8.451895e-001
    outer loop
      vertex  8.400000e+000  1.560000e+001  1.039230e+000
      vertex  4.400000e+000  1.568168e+001  9.875807e-001
      vertex  8.400000e+000  1.568168e+001  9.875807e-001
    endloop
  endfacet
  facet normal  -0.000000e+000 -6.007450e-001 -7.994407e-001
    outer loop
      vertex  8.400000e+000  1.568168e+001  9.875807e-001
      vertex  4.400000e+000  1.568168e+001  9.875807e-001
      vertex  4.400000e+000  1.575893e+001  9.295260e-001
    endloop
  endfacet
  facet normal  0.000000e+000 -6.007450e-001 -7.994407e-001
    outer loop
      vertex  8.400000e+000  1.568168e+001  9.875807e-001
      vertex  4.400000e+000  1.575893e+001  9.295260e-001
      vertex  8.400000e+000  1.575893e+001  9.295260e-001
    endloop
  endfacet
  facet normal  -0.000000e+000 -6.631204e-001 -7.485128e-001
    outer loop
      vertex  8.400000e+000  1.575893e+001  9.295260e-001
      vertex  4.400000e+000  1.575893e+001  9.295260e-001
      vertex  4.400000e+000  1.583127e+001  8.654429e-001
    endloop
  endfacet
  facet normal  0.000000e+000 -6.631204e-001 -7.485128e-001
    outer loop
      vertex  8.400000e+000  1.575893e+001  9.295260e-001
      vertex  4.400000e+000  1.583127e+001  8.654429e-001
      vertex  8.400000e+000  1.583127e+001  8.654429e-001
    endloop
  endfacet
  facet normal  -0.000000e+000 -7.212052e-001 -6.927215e-001
    outer loop
      vertex  8.400000e+000  1.583127e+001  8.654429e-001
      vertex  4.400000e+000  1.583127e+001  8.654429e-001
      vertex  4.400000e+000  1.589821e+001  7.957472e-001
    endloop
  endfacet
  facet normal  0.000000e+000 -7.212052e-001 -6.927215e-001
    outer loop
      vertex  8.400000e+000  1.583127e+001  8.654429e-001
      vertex  4.400000e+000  1.589821e+001  7.957472e-001
      vertex  8.400000e+000  1.589821e+001  7.957472e-001
    endloop
  endfacet
  facet normal  -0.000000e+000 -7.746015e-001 -6.324495e-001
    outer loop
      vertex  8.400000e+000  1.589821e+001  7.957472e-001
      vertex  4.400000e+000  1.589821e+001  7.957472e-001
      vertex  4.400000e+000  1.595933e+001  7.208907e-001
    endloop
  endfacet
  facet normal  0.000000e+000 -7.746015e-001 -6.324495e-001
    outer loop
      vertex  8.400000e+000  1.589821e+001  7.957472e-001
      vertex  4.400000e+000  1.595933e+001  7.208907e-001
      vertex  8.400000e+000  1.595933e+001  7.208907e-001
    endloop
  endfacet
  facet normal  -0.000000e+000 -8.229814e-001 -5.680683e-001
    outer loop
      vertex  8.400000e+000  1.595933e+001  7.208907e-001
      vertex  4.400000e+000  1.595933e+001  7.208907e-001
      vertex  4.400000e+000  1.601423e+001  6.413590e-001
    endloop
  endfacet
  facet normal  0.000000e+000 -8.229814e-001 -5.680683e-001
    outer loop
      vertex  8.400000e+000  1.595933e+001  7.208907e-001
      vertex  4.400000e+000  1.601423e+001  6.413590e-001
      vertex  8.400000e+000  1.601423e+001  6.413590e-001
    endloop
  endfacet
  facet normal  -0.000000e+000 -8.660266e-001 -4.999980e-001
    outer loop
      vertex  8.400000e+000  1.601423e+001  6.413590e-001
      vertex  4.400000e+000  1.601423e+001  6.413590e-001
      vertex  4.400000e+000  1.606255e+001  5.576678e-001
    endloop
  endfacet
  facet normal  0.000000e+000 -8.660266e-001 -4.999980e-001
    outer loop
      vertex  8.400000e+000  1.601423e+001  6.413590e-001
      vertex  4.400000e+000  1.606255e+001  5.576678e-001
      vertex  8.400000e+000  1.606255e+001  5.576678e-001
    endloop
  endfacet
  facet normal  -0.000000e+000 -9.034524e-001 -4.286884e-001
    outer loop
      vertex  8.400000e+000  1.606255e+001  5.576678e-001
      vertex  4.400000e+000  1.606255e+001  5.576678e-001
      vertex  4.400000e+000  1.610398e+001  4.703599e-001
    endloop
  endfacet
  facet normal  0.000000e+000 -9.034524e-001 -4.286884e-001
    outer loop
      vertex  8.400000e+000  1.606255e+001  5.576678e-001
      vertex  4.400000e+000  1.610398e+001  4.703599e-001
      vertex  8.400000e+000  1.610398e+001  4.703599e-001
    endloop
  endfacet
  facet normal  -0.000000e+000 -9.350130e-001 -3.546134e-001
    outer loop
      vertex  8.400000e+000  1.610398e+001  4.703599e-001
      vertex  4.400000e+000  1.610398e+001  4.703599e-001
      vertex  4.400000e+000  1.613824e+001  3.800016e-001
    endloop
  endfacet
  facet normal  0.000000e+000 -9.350130e-001 -3.546134e-001
    outer loop
      vertex  8.400000e+000  1.610398e+001  4.703599e-001
      vertex  4.400000e+000  1.613824e+001  3.800016e-001
      vertex  8.400000e+000  1.613824e+001  3.800016e-001
    endloop
  endfacet
  facet normal  -0.000000e+000 -9.605194e-001 -2.782130e-001
    outer loop
      vertex  8.400000e+000  1.613824e+001  3.800016e-001
      vertex  4.400000e+000  1.613824e+001  3.800016e-001
      vertex  4.400000e+000  1.616513e+001  2.871788e-001
    endloop
  endfacet
  facet normal  0.000000e+000 -9.605194e-001 -2.782130e-001
    outer loop
      vertex  8.400000e+000  1.613824e+001  3.800016e-001
      vertex  4.400000e+000  1.616513e+001  2.871788e-001
      vertex  8.400000e+000  1.616513e+001  2.871788e-001
    endloop
  endfacet
  facet normal  -0.000000e+000 -9.797928e-001 -2.000152e-001
    outer loop
      vertex  8.400000e+000  1.616513e+001  2.871788e-001
      vertex  4.400000e+000  1.616513e+001  2.871788e-001
      vertex  4.400000e+000  1.618446e+001  1.924935e-001
    endloop
  endfacet
  facet normal  0.000000e+000 -9.797928e-001 -2.000152e-001
    outer loop
      vertex  8.400000e+000  1.616513e+001  2.871788e-001
      vertex  4.400000e+000  1.618446e+001  1.924935e-001
      vertex  8.400000e+000  1.618446e+001  1.924935e-001
    endloop
  endfacet
  facet normal  -0.000000e+000 -9.927093e-001 -1.205339e-001
    outer loop
      vertex  8.400000e+000  1.618446e+001  1.924935e-001
      vertex  4.400000e+000  1.618446e+001  1.924935e-001
      vertex  4.400000e+000  1.619611e+001  9.655988e-002
    endloop
  endfacet
  facet normal  0.000000e+000 -9.927093e-001 -1.205339e-001
    outer loop
      vertex  8.400000e+000  1.618446e+001  1.924935e-001
      vertex  4.400000e+000  1.619611e+001  9.655988e-002
      vertex  8.400000e+000  1.619611e+001  9.655988e-002
    endloop
  endfacet
  facet normal  -0.000000e+000 -9.991883e-001 -4.028318e-002
    outer loop
      vertex  8.400000e+000  1.619611e+001  9.655988e-002
      vertex  4.400000e+000  1.619611e+001  9.655988e-002
      vertex  4.400000e+000  1.620000e+001  1.983923e-015
    endloop
  endfacet
  facet normal  0.000000e+000 -9.991883e-001 -4.028318e-002
    outer loop
      vertex  8.400000e+000  1.619611e+001  9.655988e-002
      vertex  4.400000e+000  1.620000e+001  1.983923e-015
      vertex  8.400000e+000  1.620000e+001  1.983923e-015
    endloop
  endfacet
  facet normal  -0.000000e+000 -8.046646e-002 -9.967573e-001
    outer loop
      vertex  4.400000e+000  1.514464e+001  1.191251e+000
      vertex  8.400000e+000  1.504832e+001  1.199027e+000
      vertex  4.400000e+000  1.504832e+001  1.199027e+000
    endloop
  endfacet
  facet normal  0.000000e+000  0.000000e+000 -1.000000e+000
    outer loop
      vertex  4.400000e+000  1.504832e+001  1.199027e+000
      vertex  8.400000e+000  1.504832e+001  1.199027e+000
      vertex  8.400000e+000  1.495168e+001  1.199027e+000
    endloop
  endfacet
  facet normal  0.000000e+000  0.000000e+000 -1.000000e+000
    outer loop
      vertex  4.400000e+000  1.504832e+001  1.199027e+000
      vertex  8.400000e+000  1.495168e+001  1.199027e+000
      vertex  4.400000e+000  1.495168e+001  1.199027e+000
    endloop
  endfacet
  facet normal  0.000000e+000  8.046646e-002 -9.967573e-001
    outer loop
      vertex  4.400000e+000  1.495168e+001  1.199027e+000
      vertex  8.400000e+000  1.495168e+001  1.199027e+000
      vertex  8.400000e+000  1.485536e+001  1.191251e+000
    endloop
  endfacet
  facet normal  0.000000e+000  8.046646e-002 -9.967573e-001
    outer loop
      vertex  4.400000e+000  1.495168e+001  1.199027e+000
      vertex  8.400000e+000  1.485536e+001  1.191251e+000
      vertex  4.400000e+000  1.485536e+001  1.191251e+000
    endloop
  endfacet
  facet normal  0.000000e+000  1.604101e-001 -9.870505e-001
    outer loop
      vertex  4.400000e+000  1.485536e+001  1.191251e+000
      vertex  8.400000e+000  1.485536e+001  1.191251e+000
      vertex  8.400000e+000  1.475997e+001  1.175749e+000
    endloop
  endfacet
  facet normal  0.000000e+000  1.604101e-001 -9.870505e-001
    outer loop
      vertex  4.400000e+000  1.485536e+001  1.191251e+000
      vertex  8.400000e+000  1.475997e+001  1.175749e+000
      vertex  4.400000e+000  1.475997e+001  1.175749e+000
    endloop
  endfacet
  facet normal  0.000000e+000  2.393160e-001 -9.709418e-001
    outer loop
      vertex  4.400000e+000  1.475997e+001  1.175749e+000
      vertex  8.400000e+000  1.475997e+001  1.175749e+000
      vertex  8.400000e+000  1.466614e+001  1.152622e+000
    endloop
  endfacet
  facet normal  0.000000e+000  2.393160e-001 -9.709418e-001
    outer loop
      vertex  4.400000e+000  1.475997e+001  1.175749e+000
      vertex  8.400000e+000  1.466614e+001  1.152622e+000
      vertex  4.400000e+000  1.466614e+001  1.152622e+000
    endloop
  endfacet
  facet normal  0.000000e+000  3.166696e-001 -9.485358e-001
    outer loop
      vertex  4.400000e+000  1.466614e+001  1.152622e+000
      vertex  8.400000e+000  1.466614e+001  1.152622e+000
      vertex  8.400000e+000  1.457447e+001  1.122020e+000
    endloop
  endfacet
  facet normal  0.000000e+000  3.166696e-001 -9.485358e-001
    outer loop
      vertex  4.400000e+000  1.466614e+001  1.152622e+000
      vertex  8.400000e+000  1.457447e+001  1.122020e+000
      vertex  4.400000e+000  1.457447e+001  1.122020e+000
    endloop
  endfacet
  facet normal  0.000000e+000  3.919663e-001 -9.199796e-001
    outer loop
      vertex  4.400000e+000  1.457447e+001  1.122020e+000
      vertex  8.400000e+000  1.457447e+001  1.122020e+000
      vertex  8.400000e+000  1.448557e+001  1.084141e+000
    endloop
  endfacet
  facet normal  0.000000e+000  3.919663e-001 -9.199796e-001
    outer loop
      vertex  4.400000e+000  1.457447e+001  1.122020e+000
      vertex  8.400000e+000  1.448557e+001  1.084141e+000
      vertex  4.400000e+000  1.448557e+001  1.084141e+000
    endloop
  endfacet
  facet normal  0.000000e+000  4.647215e-001 -8.854569e-001
    outer loop
      vertex  4.400000e+000  1.448557e+001  1.084141e+000
      vertex  8.400000e+000  1.448557e+001  1.084141e+000
      vertex  8.400000e+000  1.440000e+001  1.039230e+000
    endloop
  endfacet
  facet normal  0.000000e+000  4.647215e-001 -8.854569e-001
    outer loop
      vertex  4.400000e+000  1.448557e+001  1.084141e+000
      vertex  8.400000e+000  1.440000e+001  1.039230e+000
      vertex  4.400000e+000  1.440000e+001  1.039230e+000
    endloop
  endfacet
  facet normal  0.000000e+000  5.344667e-001 -8.451895e-001
    outer loop
      vertex  4.400000e+000  1.440000e+001  1.039230e+000
      vertex  8.400000e+000  1.440000e+001  1.039230e+000
      vertex  8.400000e+000  1.431832e+001  9.875807e-001
    endloop
  endfacet
  facet normal  0.000000e+000  5.344667e-001 -8.451895e-001
    outer loop
      vertex  4.400000e+000  1.440000e+001  1.039230e+000
      vertex  8.400000e+000  1.431832e+001  9.875807e-001
      vertex  4.400000e+000  1.431832e+001  9.875807e-001
    endloop
  endfacet
  facet normal  0.000000e+000  6.007450e-001 -7.994407e-001
    outer loop
      vertex  4.400000e+000  1.431832e+001  9.875807e-001
      vertex  8.400000e+000  1.431832e+001  9.875807e-001
      vertex  8.400000e+000  1.424107e+001  9.295260e-001
    endloop
  endfacet
  facet normal  0.000000e+000  6.007450e-001 -7.994407e-001
    outer loop
      vertex  4.400000e+000  1.431832e+001  9.875807e-001
      vertex  8.400000e+000  1.424107e+001  9.295260e-001
      vertex  4.400000e+000  1.424107e+001  9.295260e-001
    endloop
  endfacet
  facet normal  0.000000e+000  6.631204e-001 -7.485128e-001
    outer loop
      vertex  4.400000e+000  1.424107e+001  9.295260e-001
      vertex  8.400000e+000  1.424107e+001  9.295260e-001
      vertex  8.400000e+000  1.416873e+001  8.654429e-001
    endloop
  endfacet
  facet normal  0.000000e+000  6.631204e-001 -7.485128e-001
    outer loop
      vertex  4.400000e+000  1.424107e+001  9.295260e-001
      vertex  8.400000e+000  1.416873e+001  8.654429e-001
      vertex  4.400000e+000  1.416873e+001  8.654429e-001
    endloop
  endfacet
  facet normal  0.000000e+000  7.212052e-001 -6.927215e-001
    outer loop
      vertex  4.400000e+000  1.416873e+001  8.654429e-001
      vertex  8.400000e+000  1.416873e+001  8.654429e-001
      vertex  8.400000e+000  1.410179e+001  7.957472e-001
    endloop
  endfacet
  facet normal  0.000000e+000  7.212052e-001 -6.927215e-001
    outer loop
      vertex  4.400000e+000  1.416873e+001  8.654429e-001
      vertex  8.400000e+000  1.410179e+001  7.957472e-001
      vertex  4.400000e+000  1.410179e+001  7.957472e-001
    endloop
  endfacet
  facet normal  0.000000e+000  7.746015e-001 -6.324495e-001
    outer loop
      vertex  4.400000e+000  1.410179e+001  7.957472e-001
      vertex  8.400000e+000  1.410179e+001  7.957472e-001
      vertex  8.400000e+000  1.404067e+001  7.208907e-001
    endloop
  endfacet
  facet normal  0.000000e+000  7.746015e-001 -6.324495e-001
    outer loop
      vertex  4.400000e+000  1.410179e+001  7.957472e-001
      vertex  8.400000e+000  1.404067e+001  7.208907e-001
      vertex  4.400000e+000  1.404067e+001  7.208907e-001
    endloop
  endfacet
  facet normal  0.000000e+000  8.229860e-001 -5.680617e-001
    outer loop
      vertex  4.400000e+000  1.404067e+001  7.208907e-001
      vertex  8.400000e+000  1.404067e+001  7.208907e-001
      vertex  8.400000e+000  1.398577e+001  6.413590e-001
    endloop
  endfacet
  facet normal  0.000000e+000  8.229860e-001 -5.680617e-001
    outer loop
      vertex  4.400000e+000  1.404067e+001  7.208907e-001
      vertex  8.400000e+000  1.398577e+001  6.413590e-001
      vertex  4.400000e+000  1.398577e+001  6.413590e-001
    endloop
  endfacet
  facet normal  0.000000e+000  8.660223e-001 -5.000054e-001
    outer loop
      vertex  4.400000e+000  1.398577e+001  6.413590e-001
      vertex  8.400000e+000  1.398577e+001  6.413590e-001
      vertex  8.400000e+000  1.393745e+001  5.576678e-001
    endloop
  endfacet
  facet normal  0.000000e+000  8.660223e-001 -5.000054e-001
    outer loop
      vertex  4.400000e+000  1.398577e+001  6.413590e-001
      vertex  8.400000e+000  1.393745e+001  5.576678e-001
      vertex  4.400000e+000  1.393745e+001  5.576678e-001
    endloop
  endfacet
  facet normal  0.000000e+000  9.034524e-001 -4.286884e-001
    outer loop
      vertex  4.400000e+000  1.393745e+001  5.576678e-001
      vertex  8.400000e+000  1.393745e+001  5.576678e-001
      vertex  8.400000e+000  1.389602e+001  4.703599e-001
    endloop
  endfacet
  facet normal  0.000000e+000  9.034524e-001 -4.286884e-001
    outer loop
      vertex  4.400000e+000  1.393745e+001  5.576678e-001
      vertex  8.400000e+000  1.389602e+001  4.703599e-001
      vertex  4.400000e+000  1.389602e+001  4.703599e-001
    endloop
  endfacet
  facet normal  0.000000e+000  9.350162e-001 -3.546048e-001
    outer loop
      vertex  4.400000e+000  1.389602e+001  4.703599e-001
      vertex  8.400000e+000  1.389602e+001  4.703599e-001
      vertex  8.400000e+000  1.386176e+001  3.800016e-001
    endloop
  endfacet
  facet normal  0.000000e+000  9.350162e-001 -3.546048e-001
    outer loop
      vertex  4.400000e+000  1.389602e+001  4.703599e-001
      vertex  8.400000e+000  1.386176e+001  3.800016e-001
      vertex  4.400000e+000  1.386176e+001  3.800016e-001
    endloop
  endfacet
  facet normal  0.000000e+000  9.605168e-001 -2.782221e-001
    outer loop
      vertex  4.400000e+000  1.386176e+001  3.800016e-001
      vertex  8.400000e+000  1.386176e+001  3.800016e-001
      vertex  8.400000e+000  1.383487e+001  2.871788e-001
    endloop
  endfacet
  facet normal  0.000000e+000  9.605168e-001 -2.782221e-001
    outer loop
      vertex  4.400000e+000  1.386176e+001  3.800016e-001
      vertex  8.400000e+000  1.383487e+001  2.871788e-001
      vertex  4.400000e+000  1.383487e+001  2.871788e-001
    endloop
  endfacet
  facet normal  0.000000e+000  9.797909e-001 -2.000246e-001
    outer loop
      vertex  4.400000e+000  1.383487e+001  2.871788e-001
      vertex  8.400000e+000  1.383487e+001  2.871788e-001
      vertex  8.400000e+000  1.381554e+001  1.924935e-001
    endloop
  endfacet
  facet normal  0.000000e+000  9.797909e-001 -2.000246e-001
    outer loop
      vertex  4.400000e+000  1.383487e+001  2.871788e-001
      vertex  8.400000e+000  1.381554e+001  1.924935e-001
      vertex  4.400000e+000  1.381554e+001  1.924935e-001
    endloop
  endfacet
  facet normal  0.000000e+000  9.927093e-001 -1.205339e-001
    outer loop
      vertex  4.400000e+000  1.381554e+001  1.924935e-001
      vertex  8.400000e+000  1.381554e+001  1.924935e-001
      vertex  8.400000e+000  1.380389e+001  9.655988e-002
    endloop
  endfacet
  facet normal  0.000000e+000  9.927093e-001 -1.205339e-001
    outer loop
      vertex  4.400000e+000  1.381554e+001  1.924935e-001
      vertex  8.400000e+000  1.380389e+001  9.655988e-002
      vertex  4.400000e+000  1.380389e+001  9.655988e-002
    endloop
  endfacet
  facet normal  0.000000e+000  9.991891e-001 -4.026347e-002
    outer loop
      vertex  4.400000e+000  1.380389e+001  9.655988e-002
      vertex  8.400000e+000  1.380389e+001  9.655988e-002
      vertex  8.400000e+000  1.380000e+001  1.543065e-015
    endloop
  endfacet
  facet normal  0.000000e+000  9.991891e-001 -4.026347e-002
    outer loop
      vertex  4.400000e+000  1.380389e+001  9.655988e-002
      vertex  8.400000e+000  1.380000e+001  1.543065e-015
      vertex  4.400000e+000  1.380000e+001  1.543065e-015
    endloop
  endfacet
  facet normal  -0.000000e+000  8.046646e-002  9.967573e-001
    outer loop
      vertex  8.400000e+000  1.495168e+001 -1.199027e+000
      vertex  4.400000e+000  1.485536e+001 -1.191251e+000
      vertex  8.400000e+000  1.485536e+001 -1.191251e+000
    endloop
  endfacet
  facet normal  0.000000e+000  1.604101e-001  9.870505e-001
    outer loop
      vertex  8.400000e+000  1.485536e+001 -1.191251e+000
      vertex  4.400000e+000  1.485536e+001 -1.191251e+000
      vertex  4.400000e+000  1.475997e+001 -1.175749e+000
    endloop
  endfacet
  facet normal  -0.000000e+000  1.604101e-001  9.870505e-001
    outer loop
      vertex  8.400000e+000  1.485536e+001 -1.191251e+000
      vertex  4.400000e+000  1.475997e+001 -1.175749e+000
      vertex  8.400000e+000  1.475997e+001 -1.175749e+000
    endloop
  endfacet
  facet normal  0.000000e+000  2.393160e-001  9.709418e-001
    outer loop
      vertex  8.400000e+000  1.475997e+001 -1.175749e+000
      vertex  4.400000e+000  1.475997e+001 -1.175749e+000
      vertex  4.400000e+000  1.466614e+001 -1.152622e+000
    endloop
  endfacet
  facet normal  -0.000000e+000  2.393160e-001  9.709418e-001
    outer loop
      vertex  8.400000e+000  1.475997e+001 -1.175749e+000
      vertex  4.400000e+000  1.466614e+001 -1.152622e+000
      vertex  8.400000e+000  1.466614e+001 -1.152622e+000
    endloop
  endfacet
  facet normal  0.000000e+000  3.166696e-001  9.485358e-001
    outer loop
      vertex  8.400000e+000  1.466614e+001 -1.152622e+000
      vertex  4.400000e+000  1.466614e+001 -1.152622e+000
      vertex  4.400000e+000  1.457447e+001 -1.122020e+000
    endloop
  endfacet
  facet normal  -0.000000e+000  3.166696e-001  9.485358e-001
    outer loop
      vertex  8.400000e+000  1.466614e+001 -1.152622e+000
      vertex  4.400000e+000  1.457447e+001 -1.122020e+000
      vertex  8.400000e+000  1.457447e+001 -1.122020e+000
    endloop
  endfacet
  facet normal  0.000000e+000  3.919663e-001  9.199796e-001
    outer loop
      vertex  8.400000e+000  1.457447e+001 -1.122020e+000
      vertex  4.400000e+000  1.457447e+001 -1.122020e+000
      vertex  4.400000e+000  1.448557e+001 -1.084141e+000
    endloop
  endfacet
  facet normal  -0.000000e+000  3.919663e-001  9.199796e-001
    outer loop
      vertex  8.400000e+000  1.457447e+001 -1.122020e+000
      vertex  4.400000e+000  1.448557e+001 -1.084141e+000
      vertex  8.400000e+000  1.448557e+001 -1.084141e+000
    endloop
  endfacet
  facet normal  0.000000e+000  4.647215e-001  8.854569e-001
    outer loop
      vertex  8.400000e+000  1.448557e+001 -1.084141e+000
      vertex  4.400000e+000  1.448557e+001 -1.084141e+000
      vertex  4.400000e+000  1.440000e+001 -1.039230e+000
    endloop
  endfacet
  facet normal  -0.000000e+000  4.647215e-001  8.854569e-001
    outer loop
      vertex  8.400000e+000  1.448557e+001 -1.084141e+000
      vertex  4.400000e+000  1.440000e+001 -1.039230e+000
      vertex  8.400000e+000  1.440000e+001 -1.039230e+000
    endloop
  endfacet
  facet normal  0.000000e+000  5.344667e-001  8.451895e-001
    outer loop
      vertex  8.400000e+000  1.440000e+001 -1.039230e+000
      vertex  4.400000e+000  1.440000e+001 -1.039230e+000
      vertex  4.400000e+000  1.431832e+001 -9.875807e-001
    endloop
  endfacet
  facet normal  -0.000000e+000  5.344667e-001  8.451895e-001
    outer loop
      vertex  8.400000e+000  1.440000e+001 -1.039230e+000
      vertex  4.400000e+000  1.431832e+001 -9.875807e-001
      vertex  8.400000e+000  1.431832e+001 -9.875807e-001
    endloop
  endfacet
  facet normal  0.000000e+000  6.007450e-001  7.994407e-001
    outer loop
      vertex  8.400000e+000  1.431832e+001 -9.875807e-001
      vertex  4.400000e+000  1.431832e+001 -9.875807e-001
      vertex  4.400000e+000  1.424107e+001 -9.295260e-001
    endloop
  endfacet
  facet normal  -0.000000e+000  6.007450e-001  7.994407e-001
    outer loop
      vertex  8.400000e+000  1.431832e+001 -9.875807e-001
      vertex  4.400000e+000  1.424107e+001 -9.295260e-001
      vertex  8.400000e+000  1.424107e+001 -9.295260e-001
    endloop
  endfacet
  facet normal  0.000000e+000  6.631204e-001  7.485128e-001
    outer loop
      vertex  8.400000e+000  1.424107e+001 -9.295260e-001
      vertex  4.400000e+000  1.424107e+001 -9.295260e-001
      vertex  4.400000e+000  1.416873e+001 -8.654429e-001
    endloop
  endfacet
  facet normal  -0.000000e+000  6.631204e-001  7.485128e-001
    outer loop
      vertex  8.400000e+000  1.424107e+001 -9.295260e-001
      vertex  4.400000e+000  1.416873e+001 -8.654429e-001
      vertex  8.400000e+000  1.416873e+001 -8.654429e-001
    endloop
  endfacet
  facet normal  0.000000e+000  7.212052e-001  6.927215e-001
    outer loop
      vertex  8.400000e+000  1.416873e+001 -8.654429e-001
      vertex  4.400000e+000  1.416873e+001 -8.654429e-001
      vertex  4.400000e+000  1.410179e+001 -7.957472e-001
    endloop
  endfacet
  facet normal  -0.000000e+000  7.212052e-001  6.927215e-001
    outer loop
      vertex  8.400000e+000  1.416873e+001 -8.654429e-001
      vertex  4.400000e+000  1.410179e+001 -7.957472e-001
      vertex  8.400000e+000  1.410179e+001 -7.957472e-001
    endloop
  endfacet
  facet normal  0.000000e+000  7.746015e-001  6.324495e-001
    outer loop
      vertex  8.400000e+000  1.410179e+001 -7.957472e-001
      vertex  4.400000e+000  1.410179e+001 -7.957472e-001
      vertex  4.400000e+000  1.404067e+001 -7.208907e-001
    endloop
  endfacet
  facet normal  -0.000000e+000  7.746015e-001  6.324495e-001
    outer loop
      vertex  8.400000e+000  1.410179e+001 -7.957472e-001
      vertex  4.400000e+000  1.404067e+001 -7.208907e-001
      vertex  8.400000e+000  1.404067e+001 -7.208907e-001
    endloop
  endfacet
  facet normal  0.000000e+000  8.229860e-001  5.680617e-001
    outer loop
      vertex  8.400000e+000  1.404067e+001 -7.208907e-001
      vertex  4.400000e+000  1.404067e+001 -7.208907e-001
      vertex  4.400000e+000  1.398577e+001 -6.413590e-001
    endloop
  endfacet
  facet normal  -0.000000e+000  8.229860e-001  5.680617e-001
    outer loop
      vertex  8.400000e+000  1.404067e+001 -7.208907e-001
      vertex  4.400000e+000  1.398577e+001 -6.413590e-001
      vertex  8.400000e+000  1.398577e+001 -6.413590e-001
    endloop
  endfacet
  facet normal  0.000000e+000  8.660223e-001  5.000054e-001
    outer loop
      vertex  8.400000e+000  1.398577e+001 -6.413590e-001
      vertex  4.400000e+000  1.398577e+001 -6.413590e-001
      vertex  4.400000e+000  1.393745e+001 -5.576678e-001
    endloop
  endfacet
  facet normal  -0.000000e+000  8.660223e-001  5.000054e-001
    outer loop
      vertex  8.400000e+000  1.398577e+001 -6.413590e-001
      vertex  4.400000e+000  1.393745e+001 -5.576678e-001
      vertex  8.400000e+000  1.393745e+001 -5.576678e-001
    endloop
  endfacet
  facet normal  0.000000e+000  9.034524e-001  4.286884e-001
    outer loop
      vertex  8.400000e+000  1.393745e+001 -5.576678e-001
      vertex  4.400000e+000  1.393745e+001 -5.576678e-001
      vertex  4.400000e+000  1.389602e+001 -4.703599e-001
    endloop
  endfacet
  facet normal  -0.000000e+000  9.034524e-001  4.286884e-001
    outer loop
      vertex  8.400000e+000  1.393745e+001 -5.576678e-001
      vertex  4.400000e+000  1.389602e+001 -4.703599e-001
      vertex  8.400000e+000  1.389602e+001 -4.703599e-001
    endloop
  endfacet
  facet normal  0.000000e+000  9.350162e-001  3.546048e-001
    outer loop
      vertex  8.400000e+000  1.389602e+001 -4.703599e-001
      vertex  4.400000e+000  1.389602e+001 -4.703599e-001
      vertex  4.400000e+000  1.386176e+001 -3.800016e-001
    endloop
  endfacet
  facet normal  -0.000000e+000  9.350162e-001  3.546048e-001
    outer loop
      vertex  8.400000e+000  1.389602e+001 -4.703599e-001
      vertex  4.400000e+000  1.386176e+001 -3.800016e-001
      vertex  8.400000e+000  1.386176e+001 -3.800016e-001
    endloop
  endfacet
  facet normal  0.000000e+000  9.605168e-001  2.782221e-001
    outer loop
      vertex  8.400000e+000  1.386176e+001 -3.800016e-001
      vertex  4.400000e+000  1.386176e+001 -3.800016e-001
      vertex  4.400000e+000  1.383487e+001 -2.871788e-001
    endloop
  endfacet
  facet normal  -0.000000e+000  9.605168e-001  2.782221e-001
    outer loop
      vertex  8.400000e+000  1.386176e+001 -3.800016e-001
      vertex  4.400000e+000  1.383487e+001 -2.871788e-001
      vertex  8.400000e+000  1.383487e+001 -2.871788e-001
    endloop
  endfacet
  facet normal  0.000000e+000  9.797909e-001  2.000246e-001
    outer loop
      vertex  8.400000e+000  1.383487e+001 -2.871788e-001
      vertex  4.400000e+000  1.383487e+001 -2.871788e-001
      vertex  4.400000e+000  1.381554e+001 -1.924935e-001
    endloop
  endfacet
  facet normal  -0.000000e+000  9.797909e-001  2.000246e-001
    outer loop
      vertex  8.400000e+000  1.383487e+001 -2.871788e-001
      vertex  4.400000e+000  1.381554e+001 -1.924935e-001
      vertex  8.400000e+000  1.381554e+001 -1.924935e-001
    endloop
  endfacet
  facet normal  0.000000e+000  9.927093e-001  1.205339e-001
    outer loop
      vertex  8.400000e+000  1.381554e+001 -1.924935e-001
      vertex  4.400000e+000  1.381554e+001 -1.924935e-001
      vertex  4.400000e+000  1.380389e+001 -9.655988e-002
    endloop
  endfacet
  facet normal  -0.000000e+000  9.927093e-001  1.205339e-001
    outer loop
      vertex  8.400000e+000  1.381554e+001 -1.924935e-001
      vertex  4.400000e+000  1.380389e+001 -9.655988e-002
      vertex  8.400000e+000  1.380389e+001 -9.655988e-002
    endloop
  endfacet
  facet normal  0.000000e+000  9.991891e-001  4.026347e-002
    outer loop
      vertex  8.400000e+000  1.380389e+001 -9.655988e-002
      vertex  4.400000e+000  1.380389e+001 -9.655988e-002
      vertex  4.400000e+000  1.380000e+001  1.543065e-015
    endloop
  endfacet
  facet normal  -0.000000e+000  9.991891e-001  4.026347e-002
    outer loop
      vertex  8.400000e+000  1.380389e+001 -9.655988e-002
      vertex  4.400000e+000  1.380000e+001  1.543065e-015
      vertex  8.400000e+000  1.380000e+001  1.543065e-015
    endloop
  endfacet
  facet normal  0.000000e+000  8.046646e-002  9.967573e-001
    outer loop
      vertex  4.400000e+000  1.485536e+001 -1.191251e+000
      vertex  8.400000e+000  1.495168e+001 -1.199027e+000
      vertex  4.400000e+000  1.495168e+001 -1.199027e+000
    endloop
  endfacet
  facet normal  0.000000e+000  0.000000e+000  1.000000e+000
    outer loop
      vertex  4.400000e+000  1.495168e+001 -1.199027e+000
      vertex  8.400000e+000  1.495168e+001 -1.199027e+000
      vertex  8.400000e+000  1.504832e+001 -1.199027e+000
    endloop
  endfacet
  facet normal  0.000000e+000  0.000000e+000  1.000000e+000
    outer loop
      vertex  4.400000e+000  1.495168e+001 -1.199027e+000
      vertex  8.400000e+000  1.504832e+001 -1.199027e+000
      vertex  4.400000e+000  1.504832e+001 -1.199027e+000
    endloop
  endfacet
  facet normal  0.000000e+000 -8.046646e-002  9.967573e-001
    outer loop
      vertex  4.400000e+000  1.504832e+001 -1.199027e+000
      vertex  8.400000e+000  1.504832e+001 -1.199027e+000
      vertex  8.400000e+000  1.514464e+001 -1.191251e+000
    endloop
  endfacet
  facet normal  0.000000e+000 -8.046646e-002  9.967573e-001
    outer loop
      vertex  4.400000e+000  1.504832e+001 -1.199027e+000
      vertex  8.400000e+000  1.514464e+001 -1.191251e+000
      vertex  4.400000e+000  1.514464e+001 -1.191251e+000
    endloop
  endfacet
  facet normal  0.000000e+000 -1.604101e-001  9.870505e-001
    outer loop
      vertex  4.400000e+000  1.514464e+001 -1.191251e+000
      vertex  8.400000e+000  1.514464e+001 -1.191251e+000
      vertex  8.400000e+000  1.524003e+001 -1.175749e+000
    endloop
  endfacet
  facet normal  0.000000e+000 -1.604101e-001  9.870505e-001
    outer loop
      vertex  4.400000e+000  1.514464e+001 -1.191251e+000
      vertex  8.400000e+000  1.524003e+001 -1.175749e+000
      vertex  4.400000e+000  1.524003e+001 -1.175749e+000
    endloop
  endfacet
  facet normal  0.000000e+000 -2.393160e-001  9.709418e-001
    outer loop
      vertex  4.400000e+000  1.524003e+001 -1.175749e+000
      vertex  8.400000e+000  1.524003e+001 -1.175749e+000
      vertex  8.400000e+000  1.533386e+001 -1.152622e+000
    endloop
  endfacet
  facet normal  0.000000e+000 -2.393160e-001  9.709418e-001
    outer loop
      vertex  4.400000e+000  1.524003e+001 -1.175749e+000
      vertex  8.400000e+000  1.533386e+001 -1.152622e+000
      vertex  4.400000e+000  1.533386e+001 -1.152622e+000
    endloop
  endfacet
  facet normal  0.000000e+000 -3.166696e-001  9.485358e-001
    outer loop
      vertex  4.400000e+000  1.533386e+001 -1.152622e+000
      vertex  8.400000e+000  1.533386e+001 -1.152622e+000
      vertex  8.400000e+000  1.542553e+001 -1.122020e+000
    endloop
  endfacet
  facet normal  0.000000e+000 -3.166696e-001  9.485358e-001
    outer loop
      vertex  4.400000e+000  1.533386e+001 -1.152622e+000
      vertex  8.400000e+000  1.542553e+001 -1.122020e+000
      vertex  4.400000e+000  1.542553e+001 -1.122020e+000
    endloop
  endfacet
  facet normal  0.000000e+000 -3.919663e-001  9.199796e-001
    outer loop
      vertex  4.400000e+000  1.542553e+001 -1.122020e+000
      vertex  8.400000e+000  1.542553e+001 -1.122020e+000
      vertex  8.400000e+000  1.551443e+001 -1.084141e+000
    endloop
  endfacet
  facet normal  0.000000e+000 -3.919663e-001  9.199796e-001
    outer loop
      vertex  4.400000e+000  1.542553e+001 -1.122020e+000
      vertex  8.400000e+000  1.551443e+001 -1.084141e+000
      vertex  4.400000e+000  1.551443e+001 -1.084141e+000
    endloop
  endfacet
  facet normal  0.000000e+000 -4.647215e-001  8.854569e-001
    outer loop
      vertex  4.400000e+000  1.551443e+001 -1.084141e+000
      vertex  8.400000e+000  1.551443e+001 -1.084141e+000
      vertex  8.400000e+000  1.560000e+001 -1.039230e+000
    endloop
  endfacet
  facet normal  0.000000e+000 -4.647215e-001  8.854569e-001
    outer loop
      vertex  4.400000e+000  1.551443e+001 -1.084141e+000
      vertex  8.400000e+000  1.560000e+001 -1.039230e+000
      vertex  4.400000e+000  1.560000e+001 -1.039230e+000
    endloop
  endfacet
  facet normal  0.000000e+000 -5.344667e-001  8.451895e-001
    outer loop
      vertex  4.400000e+000  1.560000e+001 -1.039230e+000
      vertex  8.400000e+000  1.560000e+001 -1.039230e+000
      vertex  8.400000e+000  1.568168e+001 -9.875807e-001
    endloop
  endfacet
  facet normal  0.000000e+000 -5.344667e-001  8.451895e-001
    outer loop
      vertex  4.400000e+000  1.560000e+001 -1.039230e+000
      vertex  8.400000e+000  1.568168e+001 -9.875807e-001
      vertex  4.400000e+000  1.568168e+001 -9.875807e-001
    endloop
  endfacet
  facet normal  0.000000e+000 -6.007450e-001  7.994407e-001
    outer loop
      vertex  4.400000e+000  1.568168e+001 -9.875807e-001
      vertex  8.400000e+000  1.568168e+001 -9.875807e-001
      vertex  8.400000e+000  1.575893e+001 -9.295260e-001
    endloop
  endfacet
  facet normal  0.000000e+000 -6.007450e-001  7.994407e-001
    outer loop
      vertex  4.400000e+000  1.568168e+001 -9.875807e-001
      vertex  8.400000e+000  1.575893e+001 -9.295260e-001
      vertex  4.400000e+000  1.575893e+001 -9.295260e-001
    endloop
  endfacet
  facet normal  0.000000e+000 -6.631204e-001  7.485128e-001
    outer loop
      vertex  4.400000e+000  1.575893e+001 -9.295260e-001
      vertex  8.400000e+000  1.575893e+001 -9.295260e-001
      vertex  8.400000e+000  1.583127e+001 -8.654429e-001
    endloop
  endfacet
  facet normal  0.000000e+000 -6.631204e-001  7.485128e-001
    outer loop
      vertex  4.400000e+000  1.575893e+001 -9.295260e-001
      vertex  8.400000e+000  1.583127e+001 -8.654429e-001
      vertex  4.400000e+000  1.583127e+001 -8.654429e-001
    endloop
  endfacet
  facet normal  0.000000e+000 -7.212052e-001  6.927215e-001
    outer loop
      vertex  4.400000e+000  1.583127e+001 -8.654429e-001
      vertex  8.400000e+000  1.583127e+001 -8.654429e-001
      vertex  8.400000e+000  1.589821e+001 -7.957472e-001
    endloop
  endfacet
  facet normal  0.000000e+000 -7.212052e-001  6.927215e-001
    outer loop
      vertex  4.400000e+000  1.583127e+001 -8.654429e-001
      vertex  8.400000e+000  1.589821e+001 -7.957472e-001
      vertex  4.400000e+000  1.589821e+001 -7.957472e-001
    endloop
  endfacet
  facet normal  0.000000e+000 -7.746015e-001  6.324495e-001
    outer loop
      vertex  4.400000e+000  1.589821e+001 -7.957472e-001
      vertex  8.400000e+000  1.589821e+001 -7.957472e-001
      vertex  8.400000e+000  1.595933e+001 -7.208907e-001
    endloop
  endfacet
  facet normal  0.000000e+000 -7.746015e-001  6.324495e-001
    outer loop
      vertex  4.400000e+000  1.589821e+001 -7.957472e-001
      vertex  8.400000e+000  1.595933e+001 -7.208907e-001
      vertex  4.400000e+000  1.595933e+001 -7.208907e-001
    endloop
  endfacet
  facet normal  0.000000e+000 -8.229814e-001  5.680683e-001
    outer loop
      vertex  4.400000e+000  1.595933e+001 -7.208907e-001
      vertex  8.400000e+000  1.595933e+001 -7.208907e-001
      vertex  8.400000e+000  1.601423e+001 -6.413590e-001
    endloop
  endfacet
  facet normal  0.000000e+000 -8.229814e-001  5.680683e-001
    outer loop
      vertex  4.400000e+000  1.595933e+001 -7.208907e-001
      vertex  8.400000e+000  1.601423e+001 -6.413590e-001
      vertex  4.400000e+000  1.601423e+001 -6.413590e-001
    endloop
  endfacet
  facet normal  0.000000e+000 -8.660266e-001  4.999980e-001
    outer loop
      vertex  4.400000e+000  1.601423e+001 -6.413590e-001
      vertex  8.400000e+000  1.601423e+001 -6.413590e-001
      vertex  8.400000e+000  1.606255e+001 -5.576678e-001
    endloop
  endfacet
  facet normal  0.000000e+000 -8.660266e-001  4.999980e-001
    outer loop
      vertex  4.400000e+000  1.601423e+001 -6.413590e-001
      vertex  8.400000e+000  1.606255e+001 -5.576678e-001
      vertex  4.400000e+000  1.606255e+001 -5.576678e-001
    endloop
  endfacet
  facet normal  0.000000e+000 -9.034524e-001  4.286884e-001
    outer loop
      vertex  4.400000e+000  1.606255e+001 -5.576678e-001
      vertex  8.400000e+000  1.606255e+001 -5.576678e-001
      vertex  8.400000e+000  1.610398e+001 -4.703599e-001
    endloop
  endfacet
  facet normal  0.000000e+000 -9.034524e-001  4.286884e-001
    outer loop
      vertex  4.400000e+000  1.606255e+001 -5.576678e-001
      vertex  8.400000e+000  1.610398e+001 -4.703599e-001
      vertex  4.400000e+000  1.610398e+001 -4.703599e-001
    endloop
  endfacet
  facet normal  0.000000e+000 -9.350130e-001  3.546134e-001
    outer loop
      vertex  4.400000e+000  1.610398e+001 -4.703599e-001
      vertex  8.400000e+000  1.610398e+001 -4.703599e-001
      vertex  8.400000e+000  1.613824e+001 -3.800016e-001
    endloop
  endfacet
  facet normal  0.000000e+000 -9.350130e-001  3.546134e-001
    outer loop
      vertex  4.400000e+000  1.610398e+001 -4.703599e-001
      vertex  8.400000e+000  1.613824e+001 -3.800016e-001
      vertex  4.400000e+000  1.613824e+001 -3.800016e-001
    endloop
  endfacet
  facet normal  0.000000e+000 -9.605194e-001  2.782130e-001
    outer loop
      vertex  4.400000e+000  1.613824e+001 -3.800016e-001
      vertex  8.400000e+000  1.613824e+001 -3.800016e-001
      vertex  8.400000e+000  1.616513e+001 -2.871788e-001
    endloop
  endfacet
  facet normal  0.000000e+000 -9.605194e-001  2.782130e-001
    outer loop
      vertex  4.400000e+000  1.613824e+001 -3.800016e-001
      vertex  8.400000e+000  1.616513e+001 -2.871788e-001
      vertex  4.400000e+000  1.616513e+001 -2.871788e-001
    endloop
  endfacet
  facet normal  0.000000e+000 -9.797928e-001  2.000152e-001
    outer loop
      vertex  4.400000e+000  1.616513e+001 -2.871788e-001
      vertex  8.400000e+000  1.616513e+001 -2.871788e-001
      vertex  8.400000e+000  1.618446e+001 -1.924935e-001
    endloop
  endfacet
  facet normal  0.000000e+000 -9.797928e-001  2.000152e-001
    outer loop
      vertex  4.400000e+000  1.616513e+001 -2.871788e-001
      vertex  8.400000e+000  1.618446e+001 -1.924935e-001
      vertex  4.400000e+000  1.618446e+001 -1.924935e-001
    endloop
  endfacet
  facet normal  0.000000e+000 -9.927093e-001  1.205339e-001
    outer loop
      vertex  4.400000e+000  1.618446e+001 -1.924935e-001
      vertex  8.400000e+000  1.618446e+001 -1.924935e-001
      vertex  8.400000e+000  1.619611e+001 -9.655988e-002
    endloop
  endfacet
  facet normal  0.000000e+000 -9.927093e-001  1.205339e-001
    outer loop
      vertex  4.400000e+000  1.618446e+001 -1.924935e-001
      vertex  8.400000e+000  1.619611e+001 -9.655988e-002
      vertex  4.400000e+000  1.619611e+001 -9.655988e-002
    endloop
  endfacet
  facet normal  0.000000e+000 -9.991883e-001  4.028318e-002
    outer loop
      vertex  4.400000e+000  1.619611e+001 -9.655988e-002
      vertex  8.400000e+000  1.619611e+001 -9.655988e-002
      vertex  8.400000e+000  1.620000e+001  1.983923e-015
    endloop
  endfacet
  facet normal  0.000000e+000 -9.991883e-001  4.028318e-002
    outer loop
      vertex  4.400000e+000  1.619611e+001 -9.655988e-002
      vertex  8.400000e+000  1.620000e+001  1.983923e-015
      vertex  4.400000e+000  1.620000e+001  1.983923e-015
    endloop
  endfacet
  facet normal -2.311439e-004  9.992290e-001  3.926107e-002
    outer loop
      vertex  8.400000e+000 -1.196301e+000  1.490585e+001
      vertex  4.400000e+000 -1.199027e+000  1.495168e+001
      vertex  8.400000e+000 -1.200000e+000  1.500000e+001
    endloop
  endfacet
  facet normal  2.433062e-004  1.000000e+000  0.000000e+000
    outer loop
      vertex  8.400000e+000 -1.200000e+000  1.500000e+001
      vertex  4.400000e+000 -1.199027e+000  1.495168e+001
      vertex  4.400000e+000 -1.199027e+000  1.504832e+001
    endloop
  endfacet
  facet normal -2.311439e-004  9.992290e-001 -3.926107e-002
    outer loop
      vertex  8.400000e+000 -1.200000e+000  1.500000e+001
      vertex  4.400000e+000 -1.199027e+000  1.504832e+001
      vertex  8.400000e+000 -1.196301e+000  1.509415e+001
    endloop
  endfacet
  facet normal  2.426688e-004  9.967573e-001 -8.046646e-002
    outer loop
      vertex  8.400000e+000 -1.196301e+000  1.509415e+001
      vertex  4.400000e+000 -1.199027e+000  1.504832e+001
      vertex  4.400000e+000 -1.191251e+000  1.514464e+001
    endloop
  endfacet
  facet normal -2.299408e-004  9.930685e-001 -1.175369e-001
    outer loop
      vertex  8.400000e+000 -1.196301e+000  1.509415e+001
      vertex  4.400000e+000 -1.191251e+000  1.514464e+001
      vertex  8.400000e+000 -1.185226e+000  1.518772e+001
    endloop
  endfacet
  facet normal  2.408404e-004  9.870504e-001 -1.604101e-001
    outer loop
      vertex  8.400000e+000 -1.185226e+000  1.518772e+001
      vertex  4.400000e+000 -1.191251e+000  1.514464e+001
      vertex  4.400000e+000 -1.175749e+000  1.524003e+001
    endloop
  endfacet
  facet normal -2.275329e-004  9.807853e-001 -1.950903e-001
    outer loop
      vertex  8.400000e+000 -1.185226e+000  1.518772e+001
      vertex  4.400000e+000 -1.175749e+000  1.524003e+001
      vertex  8.400000e+000 -1.166844e+000  1.528013e+001
    endloop
  endfacet
  facet normal  2.377769e-004  9.709417e-001 -2.393160e-001
    outer loop
      vertex  8.400000e+000 -1.166844e+000  1.528013e+001
      vertex  4.400000e+000 -1.175749e+000  1.524003e+001
      vertex  4.400000e+000 -1.152622e+000  1.533386e+001
    endloop
  endfacet
  facet normal -2.238946e-004  9.624550e-001 -2.714410e-001
    outer loop
      vertex  8.400000e+000 -1.166844e+000  1.528013e+001
      vertex  4.400000e+000 -1.152622e+000  1.533386e+001
      vertex  8.400000e+000 -1.141268e+000  1.537082e+001
    endloop
  endfacet
  facet normal  2.335117e-004  9.485358e-001 -3.166696e-001
    outer loop
      vertex  8.400000e+000 -1.141268e+000  1.537082e+001
      vertex  4.400000e+000 -1.152622e+000  1.533386e+001
      vertex  4.400000e+000 -1.122020e+000  1.542553e+001
    endloop
  endfacet
  facet normal -2.189856e-004  9.381917e-001 -3.461159e-001
    outer loop
      vertex  8.400000e+000 -1.141268e+000  1.537082e+001
      vertex  4.400000e+000 -1.122020e+000  1.542553e+001
      vertex  8.400000e+000 -1.108655e+000  1.545922e+001
    endloop
  endfacet
  facet normal  2.280852e-004  9.199796e-001 -3.919663e-001
    outer loop
      vertex  8.400000e+000 -1.108655e+000  1.545922e+001
      vertex  4.400000e+000 -1.122020e+000  1.542553e+001
      vertex  4.400000e+000 -1.084141e+000  1.551443e+001
    endloop
  endfacet
  facet normal -2.129115e-004  9.081429e-001 -4.186604e-001
    outer loop
      vertex  8.400000e+000 -1.108655e+000  1.545922e+001
      vertex  4.400000e+000 -1.084141e+000  1.551443e+001
      vertex  8.400000e+000 -1.069208e+000  1.554479e+001
    endloop
  endfacet
  facet normal  2.213528e-004  8.854569e-001 -4.647215e-001
    outer loop
      vertex  8.400000e+000 -1.069208e+000  1.554479e+001
      vertex  4.400000e+000 -1.084141e+000  1.551443e+001
      vertex  4.400000e+000 -1.039230e+000  1.560000e+001
    endloop
  endfacet
  facet normal -2.056683e-004  8.724960e-001 -4.886212e-001
    outer loop
      vertex  8.400000e+000 -1.069208e+000  1.554479e+001
      vertex  4.400000e+000 -1.039230e+000  1.560000e+001
      vertex  8.400000e+000 -1.023168e+000  1.562700e+001
    endloop
  endfacet
  facet normal  2.134122e-004  8.451895e-001 -5.344667e-001
    outer loop
      vertex  8.400000e+000 -1.023168e+000  1.562700e+001
      vertex  4.400000e+000 -1.039230e+000  1.560000e+001
      vertex  4.400000e+000 -9.875807e-001  1.568168e+001
    endloop
  endfacet
  facet normal -1.971099e-004  8.314705e-001 -5.555689e-001
    outer loop
      vertex  8.400000e+000 -1.023168e+000  1.562700e+001
      vertex  4.400000e+000 -9.875807e-001  1.568168e+001
      vertex  8.400000e+000 -9.708204e-001  1.570534e+001
    endloop
  endfacet
  facet normal  2.043643e-004  7.994407e-001 -6.007450e-001
    outer loop
      vertex  8.400000e+000 -9.708204e-001  1.570534e+001
      vertex  4.400000e+000 -9.875807e-001  1.568168e+001
      vertex  4.400000e+000 -9.295260e-001  1.575893e+001
    endloop
  endfacet
  facet normal -1.872532e-004  7.853180e-001 -6.190926e-001
    outer loop
      vertex  8.400000e+000 -9.708204e-001  1.570534e+001
      vertex  4.400000e+000 -9.295260e-001  1.575893e+001
      vertex  8.400000e+000 -9.124871e-001  1.577934e+001
    endloop
  endfacet
  facet normal  1.941102e-004  7.485128e-001 -6.631204e-001
    outer loop
      vertex  8.400000e+000 -9.124871e-001  1.577934e+001
      vertex  4.400000e+000 -9.295260e-001  1.575893e+001
      vertex  4.400000e+000 -8.654429e-001  1.583127e+001
    endloop
  endfacet
  facet normal -1.764129e-004  7.343204e-001 -6.788030e-001
    outer loop
      vertex  8.400000e+000 -9.124871e-001  1.577934e+001
      vertex  4.400000e+000 -8.654429e-001  1.583127e+001
      vertex  8.400000e+000 -8.485281e-001  1.584853e+001
    endloop
  endfacet
  facet normal  1.824470e-004  6.927215e-001 -7.212052e-001
    outer loop
      vertex  8.400000e+000 -8.485281e-001  1.584853e+001
      vertex  4.400000e+000 -8.654429e-001  1.583127e+001
      vertex  4.400000e+000 -7.957472e-001  1.589821e+001
    endloop
  endfacet
  facet normal -1.641619e-004  6.788012e-001 -7.343221e-001
    outer loop
      vertex  8.400000e+000 -8.485281e-001  1.584853e+001
      vertex  4.400000e+000 -7.957472e-001  1.589821e+001
      vertex  8.400000e+000 -7.793376e-001  1.591249e+001
    endloop
  endfacet
  facet normal  1.697335e-004  6.324495e-001 -7.746015e-001
    outer loop
      vertex  8.400000e+000 -7.793376e-001  1.591249e+001
      vertex  4.400000e+000 -7.957472e-001  1.589821e+001
      vertex  4.400000e+000 -7.208907e-001  1.595933e+001
    endloop
  endfacet
  facet normal -1.508782e-004  6.190950e-001 -7.853161e-001
    outer loop
      vertex  8.400000e+000 -7.793376e-001  1.591249e+001
      vertex  4.400000e+000 -7.208907e-001  1.595933e+001
      vertex  8.400000e+000 -7.053423e-001  1.597082e+001
    endloop
  endfacet
  facet normal  1.556509e-004  5.680683e-001 -8.229814e-001
    outer loop
      vertex  8.400000e+000 -7.053423e-001  1.597082e+001
      vertex  4.400000e+000 -7.208907e-001  1.595933e+001
      vertex  4.400000e+000 -6.413590e-001  1.601423e+001
    endloop
  endfacet
  facet normal -1.363219e-004  5.555729e-001 -8.314679e-001
    outer loop
      vertex  8.400000e+000 -7.053423e-001  1.597082e+001
      vertex  4.400000e+000 -6.413590e-001  1.601423e+001
      vertex  8.400000e+000 -6.269983e-001  1.602317e+001
    endloop
  endfacet
  facet normal  1.404378e-004  4.999979e-001 -8.660266e-001
    outer loop
      vertex  8.400000e+000 -6.269983e-001  1.602317e+001
      vertex  4.400000e+000 -6.413590e-001  1.601423e+001
      vertex  4.400000e+000 -5.576678e-001  1.606255e+001
    endloop
  endfacet
  facet normal -1.204531e-004  4.886207e-001 -8.724963e-001
    outer loop
      vertex  8.400000e+000 -6.269983e-001  1.602317e+001
      vertex  4.400000e+000 -5.576678e-001  1.606255e+001
      vertex  8.400000e+000 -5.447886e-001  1.606921e+001
    endloop
  endfacet
  facet normal  1.240622e-004  4.286884e-001 -9.034524e-001
    outer loop
      vertex  8.400000e+000 -5.447886e-001  1.606921e+001
      vertex  4.400000e+000 -5.576678e-001  1.606255e+001
      vertex  4.400000e+000 -4.703599e-001  1.610398e+001
    endloop
  endfacet
  facet normal -1.032811e-004  4.186612e-001 -9.081425e-001
    outer loop
      vertex  8.400000e+000 -5.447886e-001  1.606921e+001
      vertex  4.400000e+000 -4.703599e-001  1.610398e+001
      vertex  8.400000e+000 -4.592201e-001  1.610866e+001
    endloop
  endfacet
  facet normal  1.065318e-004  3.546134e-001 -9.350130e-001
    outer loop
      vertex  8.400000e+000 -4.592201e-001  1.610866e+001
      vertex  4.400000e+000 -4.703599e-001  1.610398e+001
      vertex  4.400000e+000 -3.800016e-001  1.613824e+001
    endloop
  endfacet
  facet normal -8.535722e-005  3.461121e-001 -9.381931e-001
    outer loop
      vertex  8.400000e+000 -4.592201e-001  1.610866e+001
      vertex  4.400000e+000 -3.800016e-001  1.613824e+001
      vertex  8.400000e+000 -3.708204e-001  1.614127e+001
    endloop
  endfacet
  facet normal  8.736568e-005  2.782130e-001 -9.605194e-001
    outer loop
      vertex  8.400000e+000 -3.708204e-001  1.614127e+001
      vertex  4.400000e+000 -3.800016e-001  1.613824e+001
      vertex  4.400000e+000 -2.871788e-001  1.616513e+001
    endloop
  endfacet
  facet normal -6.589864e-005  2.714360e-001 -9.624565e-001
    outer loop
      vertex  8.400000e+000 -3.708204e-001  1.614127e+001
      vertex  4.400000e+000 -2.871788e-001  1.616513e+001
      vertex  8.400000e+000 -2.801344e-001  1.616684e+001
    endloop
  endfacet
  facet normal  6.730310e-005  2.000152e-001 -9.797928e-001
    outer loop
      vertex  8.400000e+000 -2.801344e-001  1.616684e+001
      vertex  4.400000e+000 -2.871788e-001  1.616513e+001
      vertex  4.400000e+000 -1.924935e-001  1.618446e+001
    endloop
  endfacet
  facet normal -4.475813e-005  1.950997e-001 -9.807835e-001
    outer loop
      vertex  8.400000e+000 -2.801344e-001  1.616684e+001
      vertex  4.400000e+000 -1.924935e-001  1.618446e+001
      vertex  8.400000e+000 -1.877214e-001  1.618523e+001
    endloop
  endfacet
  facet normal  4.648849e-005  1.205339e-001 -9.927093e-001
    outer loop
      vertex  8.400000e+000 -1.877214e-001  1.618523e+001
      vertex  4.400000e+000 -1.924935e-001  1.618446e+001
      vertex  4.400000e+000 -9.655988e-002  1.619611e+001
    endloop
  endfacet
  facet normal -2.295457e-005  1.175298e-001 -9.930694e-001
    outer loop
      vertex  8.400000e+000 -1.877214e-001  1.618523e+001
      vertex  4.400000e+000 -9.655988e-002  1.619611e+001
      vertex  8.400000e+000 -9.415092e-002  1.619630e+001
    endloop
  endfacet
  facet normal  2.386126e-005  4.028318e-002 -9.991883e-001
    outer loop
      vertex  8.400000e+000 -9.415092e-002  1.619630e+001
      vertex  4.400000e+000 -9.655988e-002  1.619611e+001
      vertex  4.400000e+000 -9.919614e-016  1.620000e+001
    endloop
  endfacet
  facet normal  0.000000e+000  3.927102e-002 -9.992286e-001
    outer loop
      vertex  8.400000e+000 -9.415092e-002  1.619630e+001
      vertex  4.400000e+000 -9.919614e-016  1.620000e+001
      vertex  8.400000e+000 -9.919614e-016  1.620000e+001
    endloop
  endfacet
  facet normal  3.345623e-004  7.343204e-001  6.788030e-001
    outer loop
      vertex  8.400000e+000 -8.485281e-001  1.415147e+001
      vertex  4.400000e+000 -9.295260e-001  1.424107e+001
      vertex  8.400000e+000 -9.124871e-001  1.422066e+001
    endloop
  endfacet
  facet normal -3.410024e-004  7.994407e-001  6.007450e-001
    outer loop
      vertex  8.400000e+000 -9.124871e-001  1.422066e+001
      vertex  4.400000e+000 -9.295260e-001  1.424107e+001
      vertex  4.400000e+000 -9.875807e-001  1.431832e+001
    endloop
  endfacet
  facet normal  3.720863e-004  7.853180e-001  6.190926e-001
    outer loop
      vertex  8.400000e+000 -9.124871e-001  1.422066e+001
      vertex  4.400000e+000 -9.875807e-001  1.431832e+001
      vertex  8.400000e+000 -9.708204e-001  1.429466e+001
    endloop
  endfacet
  facet normal -3.794364e-004  8.451895e-001  5.344667e-001
    outer loop
      vertex  8.400000e+000 -9.708204e-001  1.429466e+001
      vertex  4.400000e+000 -9.875807e-001  1.431832e+001
      vertex  4.400000e+000 -1.039230e+000  1.440000e+001
    endloop
  endfacet
  facet normal  4.109284e-004  8.314704e-001  5.555688e-001
    outer loop
      vertex  8.400000e+000 -9.708204e-001  1.429466e+001
      vertex  4.400000e+000 -1.039230e+000  1.440000e+001
      vertex  8.400000e+000 -1.023168e+000  1.437300e+001
    endloop
  endfacet
  facet normal -4.190221e-004  8.854569e-001  4.647215e-001
    outer loop
      vertex  8.400000e+000 -1.023168e+000  1.437300e+001
      vertex  4.400000e+000 -1.039230e+000  1.440000e+001
      vertex  4.400000e+000 -1.084141e+000  1.448557e+001
    endloop
  endfacet
  facet normal  4.511213e-004  8.724959e-001  4.886212e-001
    outer loop
      vertex  8.400000e+000 -1.023168e+000  1.437300e+001
      vertex  4.400000e+000 -1.084141e+000  1.448557e+001
      vertex  8.400000e+000 -1.069208e+000  1.445521e+001
    endloop
  endfacet
  facet normal -4.596908e-004  9.199795e-001  3.919663e-001
    outer loop
      vertex  8.400000e+000 -1.069208e+000  1.445521e+001
      vertex  4.400000e+000 -1.084141e+000  1.448557e+001
      vertex  4.400000e+000 -1.122020e+000  1.457447e+001
    endloop
  endfacet
  facet normal  4.924914e-004  9.081427e-001  4.186604e-001
    outer loop
      vertex  8.400000e+000 -1.069208e+000  1.445521e+001
      vertex  4.400000e+000 -1.122020e+000  1.457447e+001
      vertex  8.400000e+000 -1.108655e+000  1.454078e+001
    endloop
  endfacet
  facet normal -5.015891e-004  9.485358e-001  3.166696e-001
    outer loop
      vertex  8.400000e+000 -1.108655e+000  1.454078e+001
      vertex  4.400000e+000 -1.122020e+000  1.457447e+001
      vertex  4.400000e+000 -1.152622e+000  1.466614e+001
    endloop
  endfacet
  facet normal  5.349485e-004  9.381917e-001  3.461159e-001
    outer loop
      vertex  8.400000e+000 -1.108655e+000  1.454078e+001
      vertex  4.400000e+000 -1.152622e+000  1.466614e+001
      vertex  8.400000e+000 -1.141268e+000  1.462918e+001
    endloop
  endfacet
  facet normal -5.448090e-004  9.709416e-001  2.393160e-001
    outer loop
      vertex  8.400000e+000 -1.141268e+000  1.462918e+001
      vertex  4.400000e+000 -1.152622e+000  1.466614e+001
      vertex  4.400000e+000 -1.175749e+000  1.475997e+001
    endloop
  endfacet
  facet normal  5.787475e-004  9.624549e-001  2.714410e-001
    outer loop
      vertex  8.400000e+000 -1.141268e+000  1.462918e+001
      vertex  4.400000e+000 -1.175749e+000  1.475997e+001
      vertex  8.400000e+000 -1.166844e+000  1.471987e+001
    endloop
  endfacet
  facet normal -5.891745e-004  9.870502e-001  1.604101e-001
    outer loop
      vertex  8.400000e+000 -1.166844e+000  1.471987e+001
      vertex  4.400000e+000 -1.175749e+000  1.475997e+001
      vertex  4.400000e+000 -1.191251e+000  1.485536e+001
    endloop
  endfacet
  facet normal  6.237598e-004  9.807851e-001  1.950902e-001
    outer loop
      vertex  8.400000e+000 -1.166844e+000  1.471987e+001
      vertex  4.400000e+000 -1.191251e+000  1.485536e+001
      vertex  8.400000e+000 -1.185226e+000  1.481228e+001
    endloop
  endfacet
  facet normal -6.347226e-004  9.967571e-001  8.046645e-002
    outer loop
      vertex  8.400000e+000 -1.185226e+000  1.481228e+001
      vertex  4.400000e+000 -1.191251e+000  1.485536e+001
      vertex  4.400000e+000 -1.199027e+000  1.495168e+001
    endloop
  endfacet
  facet normal  6.699334e-004  9.930683e-001  1.175369e-001
    outer loop
      vertex  8.400000e+000 -1.185226e+000  1.481228e+001
      vertex  4.400000e+000 -1.199027e+000  1.495168e+001
      vertex  8.400000e+000 -1.196301e+000  1.490585e+001
    endloop
  endfacet
  facet normal -3.040935e-004  7.485127e-001  6.631203e-001
    outer loop
      vertex  4.400000e+000 -9.295260e-001  1.424107e+001
      vertex  8.400000e+000 -8.485281e-001  1.415147e+001
      vertex  4.400000e+000 -8.654429e-001  1.416873e+001
    endloop
  endfacet
  facet normal  2.979068e-004  6.788012e-001  7.343221e-001
    outer loop
      vertex  4.400000e+000 -8.654429e-001  1.416873e+001
      vertex  8.400000e+000 -8.485281e-001  1.415147e+001
      vertex  8.400000e+000 -7.793376e-001  1.408751e+001
    endloop
  endfacet
  facet normal -2.680779e-004  6.927215e-001  7.212052e-001
    outer loop
      vertex  4.400000e+000 -8.654429e-001  1.416873e+001
      vertex  8.400000e+000 -7.793376e-001  1.408751e+001
      vertex  4.400000e+000 -7.957472e-001  1.410179e+001
    endloop
  endfacet
  facet normal  2.627552e-004  6.190950e-001  7.853161e-001
    outer loop
      vertex  4.400000e+000 -7.957472e-001  1.410179e+001
      vertex  8.400000e+000 -7.793376e-001  1.408751e+001
      vertex  8.400000e+000 -7.053423e-001  1.402918e+001
    endloop
  endfacet
  facet normal -2.335632e-004  6.324495e-001  7.746015e-001
    outer loop
      vertex  4.400000e+000 -7.957472e-001  1.410179e+001
      vertex  8.400000e+000 -7.053423e-001  1.402918e+001
      vertex  4.400000e+000 -7.208907e-001  1.404067e+001
    endloop
  endfacet
  facet normal  2.285974e-004  5.555729e-001  8.314679e-001
    outer loop
      vertex  4.400000e+000 -7.208907e-001  1.404067e+001
      vertex  8.400000e+000 -7.053423e-001  1.402918e+001
      vertex  8.400000e+000 -6.269983e-001  1.397683e+001
    endloop
  endfacet
  facet normal -1.999192e-004  5.680616e-001  8.229859e-001
    outer loop
      vertex  4.400000e+000 -7.208907e-001  1.404067e+001
      vertex  8.400000e+000 -6.269983e-001  1.397683e+001
      vertex  4.400000e+000 -6.413590e-001  1.398577e+001
    endloop
  endfacet
  facet normal  1.959515e-004  4.886207e-001  8.724963e-001
    outer loop
      vertex  4.400000e+000 -6.413590e-001  1.398577e+001
      vertex  8.400000e+000 -6.269983e-001  1.397683e+001
      vertex  8.400000e+000 -5.447886e-001  1.393079e+001
    endloop
  endfacet
  facet normal -1.678893e-004  5.000053e-001  8.660222e-001
    outer loop
      vertex  4.400000e+000 -6.413590e-001  1.398577e+001
      vertex  8.400000e+000 -5.447886e-001  1.393079e+001
      vertex  4.400000e+000 -5.576678e-001  1.393745e+001
    endloop
  endfacet
  facet normal  1.641906e-004  4.186529e-001  9.081464e-001
    outer loop
      vertex  4.400000e+000 -5.576678e-001  1.393745e+001
      vertex  8.400000e+000 -5.447886e-001  1.393079e+001
      vertex  8.400000e+000 -4.592201e-001  1.389135e+001
    endloop
  endfacet
  facet normal -1.369100e-004  4.286884e-001  9.034524e-001
    outer loop
      vertex  4.400000e+000 -5.576678e-001  1.393745e+001
      vertex  8.400000e+000 -4.592201e-001  1.389135e+001
      vertex  4.400000e+000 -4.703599e-001  1.389602e+001
    endloop
  endfacet
  facet normal  1.336764e-004  3.461210e-001  9.381899e-001
    outer loop
      vertex  4.400000e+000 -4.703599e-001  1.389602e+001
      vertex  8.400000e+000 -4.592201e-001  1.389135e+001
      vertex  8.400000e+000 -3.708204e-001  1.385873e+001
    endloop
  endfacet
  facet normal -1.070285e-004  3.546048e-001  9.350162e-001
    outer loop
      vertex  4.400000e+000 -4.703599e-001  1.389602e+001
      vertex  8.400000e+000 -3.708204e-001  1.385873e+001
      vertex  4.400000e+000 -3.800016e-001  1.386176e+001
    endloop
  endfacet
  facet normal  1.045907e-004  2.714454e-001  9.624538e-001
    outer loop
      vertex  4.400000e+000 -3.800016e-001  1.386176e+001
      vertex  8.400000e+000 -3.708204e-001  1.385873e+001
      vertex  8.400000e+000 -2.801344e-001  1.383316e+001
    endloop
  endfacet
  facet normal -7.845101e-005  2.782221e-001  9.605168e-001
    outer loop
      vertex  4.400000e+000 -3.800016e-001  1.386176e+001
      vertex  8.400000e+000 -2.801344e-001  1.383316e+001
      vertex  4.400000e+000 -2.871788e-001  1.383487e+001
    endloop
  endfacet
  facet normal  7.663560e-005  1.950900e-001  9.807853e-001
    outer loop
      vertex  4.400000e+000 -2.871788e-001  1.383487e+001
      vertex  8.400000e+000 -2.801344e-001  1.383316e+001
      vertex  8.400000e+000 -1.877214e-001  1.381477e+001
    endloop
  endfacet
  facet normal -5.105764e-005  2.000246e-001  9.797909e-001
    outer loop
      vertex  4.400000e+000 -2.871788e-001  1.383487e+001
      vertex  8.400000e+000 -1.877214e-001  1.381477e+001
      vertex  4.400000e+000 -1.924935e-001  1.381554e+001
    endloop
  endfacet
  facet normal  4.990472e-005  1.175298e-001  9.930694e-001
    outer loop
      vertex  4.400000e+000 -1.924935e-001  1.381554e+001
      vertex  8.400000e+000 -1.877214e-001  1.381477e+001
      vertex  8.400000e+000 -9.415092e-002  1.380370e+001
    endloop
  endfacet
  facet normal -2.501776e-005  1.205339e-001  9.927093e-001
    outer loop
      vertex  4.400000e+000 -1.924935e-001  1.381554e+001
      vertex  8.400000e+000 -9.415092e-002  1.380370e+001
      vertex  4.400000e+000 -9.655988e-002  1.380389e+001
    endloop
  endfacet
  facet normal  2.424064e-005  3.926091e-002  9.992290e-001
    outer loop
      vertex  4.400000e+000 -9.655988e-002  1.380389e+001
      vertex  8.400000e+000 -9.415092e-002  1.380370e+001
      vertex  8.400000e+000 -6.980559e-016  1.380000e+001
    endloop
  endfacet
  facet normal  0.000000e+000  4.026347e-002  9.991891e-001
    outer loop
      vertex  4.400000e+000 -9.655988e-002  1.380389e+001
      vertex  8.400000e+000 -6.980559e-016  1.380000e+001
      vertex  4.400000e+000 -6.980559e-016  1.380000e+001
    endloop
  endfacet
  facet normal -2.311439e-004 -9.992290e-001 -3.926107e-002
    outer loop
      vertex  8.400000e+000  1.196301e+000  1.509415e+001
      vertex  4.400000e+000  1.199027e+000  1.504832e+001
      vertex  8.400000e+000  1.200000e+000  1.500000e+001
    endloop
  endfacet
  facet normal  2.433062e-004 -1.000000e+000  0.000000e+000
    outer loop
      vertex  8.400000e+000  1.200000e+000  1.500000e+001
      vertex  4.400000e+000  1.199027e+000  1.504832e+001
      vertex  4.400000e+000  1.199027e+000  1.495168e+001
    endloop
  endfacet
  facet normal -2.311439e-004 -9.992290e-001  3.926107e-002
    outer loop
      vertex  8.400000e+000  1.200000e+000  1.500000e+001
      vertex  4.400000e+000  1.199027e+000  1.495168e+001
      vertex  8.400000e+000  1.196301e+000  1.490585e+001
    endloop
  endfacet
  facet normal  2.426688e-004 -9.967573e-001  8.046646e-002
    outer loop
      vertex  8.400000e+000  1.196301e+000  1.490585e+001
      vertex  4.400000e+000  1.199027e+000  1.495168e+001
      vertex  4.400000e+000  1.191251e+000  1.485536e+001
    endloop
  endfacet
  facet normal -2.299408e-004 -9.930685e-001  1.175369e-001
    outer loop
      vertex  8.400000e+000  1.196301e+000  1.490585e+001
      vertex  4.400000e+000  1.191251e+000  1.485536e+001
      vertex  8.400000e+000  1.185226e+000  1.481228e+001
    endloop
  endfacet
  facet normal  2.408404e-004 -9.870504e-001  1.604101e-001
    outer loop
      vertex  8.400000e+000  1.185226e+000  1.481228e+001
      vertex  4.400000e+000  1.191251e+000  1.485536e+001
      vertex  4.400000e+000  1.175749e+000  1.475997e+001
    endloop
  endfacet
  facet normal -2.275329e-004 -9.807853e-001  1.950903e-001
    outer loop
      vertex  8.400000e+000  1.185226e+000  1.481228e+001
      vertex  4.400000e+000  1.175749e+000  1.475997e+001
      vertex  8.400000e+000  1.166844e+000  1.471987e+001
    endloop
  endfacet
  facet normal  2.377769e-004 -9.709417e-001  2.393160e-001
    outer loop
      vertex  8.400000e+000  1.166844e+000  1.471987e+001
      vertex  4.400000e+000  1.175749e+000  1.475997e+001
      vertex  4.400000e+000  1.152622e+000  1.466614e+001
    endloop
  endfacet
  facet normal -2.238946e-004 -9.624550e-001  2.714410e-001
    outer loop
      vertex  8.400000e+000  1.166844e+000  1.471987e+001
      vertex  4.400000e+000  1.152622e+000  1.466614e+001
      vertex  8.400000e+000  1.141268e+000  1.462918e+001
    endloop
  endfacet
  facet normal  2.335117e-004 -9.485358e-001  3.166696e-001
    outer loop
      vertex  8.400000e+000  1.141268e+000  1.462918e+001
      vertex  4.400000e+000  1.152622e+000  1.466614e+001
      vertex  4.400000e+000  1.122020e+000  1.457447e+001
    endloop
  endfacet
  facet normal -2.189856e-004 -9.381917e-001  3.461159e-001
    outer loop
      vertex  8.400000e+000  1.141268e+000  1.462918e+001
      vertex  4.400000e+000  1.122020e+000  1.457447e+001
      vertex  8.400000e+000  1.108655e+000  1.454078e+001
    endloop
  endfacet
  facet normal  2.280852e-004 -9.199796e-001  3.919663e-001
    outer loop
      vertex  8.400000e+000  1.108655e+000  1.454078e+001
      vertex  4.400000e+000  1.122020e+000  1.457447e+001
      vertex  4.400000e+000  1.084141e+000  1.448557e+001
    endloop
  endfacet
  facet normal -2.129115e-004 -9.081429e-001  4.186604e-001
    outer loop
      vertex  8.400000e+000  1.108655e+000  1.454078e+001
      vertex  4.400000e+000  1.084141e+000  1.448557e+001
      vertex  8.400000e+000  1.069208e+000  1.445521e+001
    endloop
  endfacet
  facet normal  2.213528e-004 -8.854569e-001  4.647215e-001
    outer loop
      vertex  8.400000e+000  1.069208e+000  1.445521e+001
      vertex  4.400000e+000  1.084141e+000  1.448557e+001
      vertex  4.400000e+000  1.039230e+000  1.440000e+001
    endloop
  endfacet
  facet normal -2.056683e-004 -8.724960e-001  4.886212e-001
    outer loop
      vertex  8.400000e+000  1.069208e+000  1.445521e+001
      vertex  4.400000e+000  1.039230e+000  1.440000e+001
      vertex  8.400000e+000  1.023168e+000  1.437300e+001
    endloop
  endfacet
  facet normal  2.134122e-004 -8.451895e-001  5.344667e-001
    outer loop
      vertex  8.400000e+000  1.023168e+000  1.437300e+001
      vertex  4.400000e+000  1.039230e+000  1.440000e+001
      vertex  4.400000e+000  9.875807e-001  1.431832e+001
    endloop
  endfacet
  facet normal -1.971099e-004 -8.314705e-001  5.555689e-001
    outer loop
      vertex  8.400000e+000  1.023168e+000  1.437300e+001
      vertex  4.400000e+000  9.875807e-001  1.431832e+001
      vertex  8.400000e+000  9.708204e-001  1.429466e+001
    endloop
  endfacet
  facet normal  2.043643e-004 -7.994407e-001  6.007450e-001
    outer loop
      vertex  8.400000e+000  9.708204e-001  1.429466e+001
      vertex  4.400000e+000  9.875807e-001  1.431832e+001
      vertex  4.400000e+000  9.295260e-001  1.424107e+001
    endloop
  endfacet
  facet normal -1.872532e-004 -7.853180e-001  6.190926e-001
    outer loop
      vertex  8.400000e+000  9.708204e-001  1.429466e+001
      vertex  4.400000e+000  9.295260e-001  1.424107e+001
      vertex  8.400000e+000  9.124871e-001  1.422066e+001
    endloop
  endfacet
  facet normal  1.941102e-004 -7.485128e-001  6.631204e-001
    outer loop
      vertex  8.400000e+000  9.124871e-001  1.422066e+001
      vertex  4.400000e+000  9.295260e-001  1.424107e+001
      vertex  4.400000e+000  8.654429e-001  1.416873e+001
    endloop
  endfacet
  facet normal -1.764129e-004 -7.343204e-001  6.788030e-001
    outer loop
      vertex  8.400000e+000  9.124871e-001  1.422066e+001
      vertex  4.400000e+000  8.654429e-001  1.416873e+001
      vertex  8.400000e+000  8.485281e-001  1.415147e+001
    endloop
  endfacet
  facet normal  1.824470e-004 -6.927215e-001  7.212052e-001
    outer loop
      vertex  8.400000e+000  8.485281e-001  1.415147e+001
      vertex  4.400000e+000  8.654429e-001  1.416873e+001
      vertex  4.400000e+000  7.957472e-001  1.410179e+001
    endloop
  endfacet
  facet normal -1.641619e-004 -6.788012e-001  7.343221e-001
    outer loop
      vertex  8.400000e+000  8.485281e-001  1.415147e+001
      vertex  4.400000e+000  7.957472e-001  1.410179e+001
      vertex  8.400000e+000  7.793376e-001  1.408751e+001
    endloop
  endfacet
  facet normal  1.697335e-004 -6.324495e-001  7.746015e-001
    outer loop
      vertex  8.400000e+000  7.793376e-001  1.408751e+001
      vertex  4.400000e+000  7.957472e-001  1.410179e+001
      vertex  4.400000e+000  7.208907e-001  1.404067e+001
    endloop
  endfacet
  facet normal -1.508782e-004 -6.190950e-001  7.853161e-001
    outer loop
      vertex  8.400000e+000  7.793376e-001  1.408751e+001
      vertex  4.400000e+000  7.208907e-001  1.404067e+001
      vertex  8.400000e+000  7.053423e-001  1.402918e+001
    endloop
  endfacet
  facet normal  1.556901e-004 -5.680616e-001  8.229859e-001
    outer loop
      vertex  8.400000e+000  7.053423e-001  1.402918e+001
      vertex  4.400000e+000  7.208907e-001  1.404067e+001
      vertex  4.400000e+000  6.413590e-001  1.398577e+001
    endloop
  endfacet
  facet normal -1.361237e-004 -5.555729e-001  8.314679e-001
    outer loop
      vertex  8.400000e+000  7.053423e-001  1.402918e+001
      vertex  4.400000e+000  6.413590e-001  1.398577e+001
      vertex  8.400000e+000  6.269983e-001  1.397683e+001
    endloop
  endfacet
  facet normal  1.406081e-004 -5.000053e-001  8.660222e-001
    outer loop
      vertex  8.400000e+000  6.269983e-001  1.397683e+001
      vertex  4.400000e+000  6.413590e-001  1.398577e+001
      vertex  4.400000e+000  5.576678e-001  1.393745e+001
    endloop
  endfacet
  facet normal -1.204531e-004 -4.886207e-001  8.724963e-001
    outer loop
      vertex  8.400000e+000  6.269983e-001  1.397683e+001
      vertex  4.400000e+000  5.576678e-001  1.393745e+001
      vertex  8.400000e+000  5.447886e-001  1.393079e+001
    endloop
  endfacet
  facet normal  1.240622e-004 -4.286884e-001  9.034524e-001
    outer loop
      vertex  8.400000e+000  5.447886e-001  1.393079e+001
      vertex  4.400000e+000  5.576678e-001  1.393745e+001
      vertex  4.400000e+000  4.703599e-001  1.389602e+001
    endloop
  endfacet
  facet normal -1.034699e-004 -4.186529e-001  9.081464e-001
    outer loop
      vertex  8.400000e+000  5.447886e-001  1.393079e+001
      vertex  4.400000e+000  4.703599e-001  1.389602e+001
      vertex  8.400000e+000  4.592201e-001  1.389135e+001
    endloop
  endfacet
  facet normal  1.063367e-004 -3.546048e-001  9.350162e-001
    outer loop
      vertex  8.400000e+000  4.592201e-001  1.389135e+001
      vertex  4.400000e+000  4.703599e-001  1.389602e+001
      vertex  4.400000e+000  3.800016e-001  1.386176e+001
    endloop
  endfacet
  facet normal -8.515648e-005 -3.461210e-001  9.381899e-001
    outer loop
      vertex  8.400000e+000  4.592201e-001  1.389135e+001
      vertex  4.400000e+000  3.800016e-001  1.386176e+001
      vertex  8.400000e+000  3.708204e-001  1.385873e+001
    endloop
  endfacet
  facet normal  8.757179e-005 -2.782221e-001  9.605168e-001
    outer loop
      vertex  8.400000e+000  3.708204e-001  1.385873e+001
      vertex  4.400000e+000  3.800016e-001  1.386176e+001
      vertex  4.400000e+000  2.871788e-001  1.383487e+001
    endloop
  endfacet
  facet normal -6.568682e-005 -2.714454e-001  9.624538e-001
    outer loop
      vertex  8.400000e+000  3.708204e-001  1.385873e+001
      vertex  4.400000e+000  2.871788e-001  1.383487e+001
      vertex  8.400000e+000  2.801344e-001  1.383316e+001
    endloop
  endfacet
  facet normal  6.751918e-005 -2.000246e-001  9.797909e-001
    outer loop
      vertex  8.400000e+000  2.801344e-001  1.383316e+001
      vertex  4.400000e+000  2.871788e-001  1.383487e+001
      vertex  4.400000e+000  1.924935e-001  1.381554e+001
    endloop
  endfacet
  facet normal -4.497998e-005 -1.950900e-001  9.807853e-001
    outer loop
      vertex  8.400000e+000  2.801344e-001  1.383316e+001
      vertex  4.400000e+000  1.924935e-001  1.381554e+001
      vertex  8.400000e+000  1.877214e-001  1.381477e+001
    endloop
  endfacet
  facet normal  4.625180e-005 -1.205339e-001  9.927093e-001
    outer loop
      vertex  8.400000e+000  1.877214e-001  1.381477e+001
      vertex  4.400000e+000  1.924935e-001  1.381554e+001
      vertex  4.400000e+000  9.655988e-002  1.380389e+001
    endloop
  endfacet
  facet normal -2.319134e-005 -1.175298e-001  9.930694e-001
    outer loop
      vertex  8.400000e+000  1.877214e-001  1.381477e+001
      vertex  4.400000e+000  9.655988e-002  1.380389e+001
      vertex  8.400000e+000  9.415092e-002  1.380370e+001
    endloop
  endfacet
  facet normal  2.363494e-005 -4.026347e-002  9.991891e-001
    outer loop
      vertex  8.400000e+000  9.415092e-002  1.380370e+001
      vertex  4.400000e+000  9.655988e-002  1.380389e+001
      vertex  4.400000e+000 -6.980559e-016  1.380000e+001
    endloop
  endfacet
  facet normal  0.000000e+000 -3.926091e-002  9.992290e-001
    outer loop
      vertex  8.400000e+000  9.415092e-002  1.380370e+001
      vertex  4.400000e+000 -6.980559e-016  1.380000e+001
      vertex  8.400000e+000 -6.980559e-016  1.380000e+001
    endloop
  endfacet
  facet normal  3.345623e-004 -7.343204e-001 -6.788030e-001
    outer loop
      vertex  8.400000e+000  8.485281e-001  1.584853e+001
      vertex  4.400000e+000  9.295260e-001  1.575893e+001
      vertex  8.400000e+000  9.124871e-001  1.577934e+001
    endloop
  endfacet
  facet normal -3.410024e-004 -7.994407e-001 -6.007450e-001
    outer loop
      vertex  8.400000e+000  9.124871e-001  1.577934e+001
      vertex  4.400000e+000  9.295260e-001  1.575893e+001
      vertex  4.400000e+000  9.875807e-001  1.568168e+001
    endloop
  endfacet
  facet normal  3.720863e-004 -7.853180e-001 -6.190926e-001
    outer loop
      vertex  8.400000e+000  9.124871e-001  1.577934e+001
      vertex  4.400000e+000  9.875807e-001  1.568168e+001
      vertex  8.400000e+000  9.708204e-001  1.570534e+001
    endloop
  endfacet
  facet normal -3.794364e-004 -8.451895e-001 -5.344667e-001
    outer loop
      vertex  8.400000e+000  9.708204e-001  1.570534e+001
      vertex  4.400000e+000  9.875807e-001  1.568168e+001
      vertex  4.400000e+000  1.039230e+000  1.560000e+001
    endloop
  endfacet
  facet normal  4.109284e-004 -8.314704e-001 -5.555688e-001
    outer loop
      vertex  8.400000e+000  9.708204e-001  1.570534e+001
      vertex  4.400000e+000  1.039230e+000  1.560000e+001
      vertex  8.400000e+000  1.023168e+000  1.562700e+001
    endloop
  endfacet
  facet normal -4.190221e-004 -8.854569e-001 -4.647215e-001
    outer loop
      vertex  8.400000e+000  1.023168e+000  1.562700e+001
      vertex  4.400000e+000  1.039230e+000  1.560000e+001
      vertex  4.400000e+000  1.084141e+000  1.551443e+001
    endloop
  endfacet
  facet normal  4.511213e-004 -8.724959e-001 -4.886212e-001
    outer loop
      vertex  8.400000e+000  1.023168e+000  1.562700e+001
      vertex  4.400000e+000  1.084141e+000  1.551443e+001
      vertex  8.400000e+000  1.069208e+000  1.554479e+001
    endloop
  endfacet
  facet normal -4.596908e-004 -9.199795e-001 -3.919663e-001
    outer loop
      vertex  8.400000e+000  1.069208e+000  1.554479e+001
      vertex  4.400000e+000  1.084141e+000  1.551443e+001
      vertex  4.400000e+000  1.122020e+000  1.542553e+001
    endloop
  endfacet
  facet normal  4.924914e-004 -9.081427e-001 -4.186604e-001
    outer loop
      vertex  8.400000e+000  1.069208e+000  1.554479e+001
      vertex  4.400000e+000  1.122020e+000  1.542553e+001
      vertex  8.400000e+000  1.108655e+000  1.545922e+001
    endloop
  endfacet
  facet normal -5.015891e-004 -9.485358e-001 -3.166696e-001
    outer loop
      vertex  8.400000e+000  1.108655e+000  1.545922e+001
      vertex  4.400000e+000  1.122020e+000  1.542553e+001
      vertex  4.400000e+000  1.152622e+000  1.533386e+001
    endloop
  endfacet
  facet normal  5.349485e-004 -9.381917e-001 -3.461159e-001
    outer loop
      vertex  8.400000e+000  1.108655e+000  1.545922e+001
      vertex  4.400000e+000  1.152622e+000  1.533386e+001
      vertex  8.400000e+000  1.141268e+000  1.537082e+001
    endloop
  endfacet
  facet normal -5.448090e-004 -9.709416e-001 -2.393160e-001
    outer loop
      vertex  8.400000e+000  1.141268e+000  1.537082e+001
      vertex  4.400000e+000  1.152622e+000  1.533386e+001
      vertex  4.400000e+000  1.175749e+000  1.524003e+001
    endloop
  endfacet
  facet normal  5.787475e-004 -9.624549e-001 -2.714410e-001
    outer loop
      vertex  8.400000e+000  1.141268e+000  1.537082e+001
      vertex  4.400000e+000  1.175749e+000  1.524003e+001
      vertex  8.400000e+000  1.166844e+000  1.528013e+001
    endloop
  endfacet
  facet normal -5.891745e-004 -9.870502e-001 -1.604101e-001
    outer loop
      vertex  8.400000e+000  1.166844e+000  1.528013e+001
      vertex  4.400000e+000  1.175749e+000  1.524003e+001
      vertex  4.400000e+000  1.191251e+000  1.514464e+001
    endloop
  endfacet
  facet normal  6.237598e-004 -9.807851e-001 -1.950902e-001
    outer loop
      vertex  8.400000e+000  1.166844e+000  1.528013e+001
      vertex  4.400000e+000  1.191251e+000  1.514464e+001
      vertex  8.400000e+000  1.185226e+000  1.518772e+001
    endloop
  endfacet
  facet normal -6.347226e-004 -9.967571e-001 -8.046645e-002
    outer loop
      vertex  8.400000e+000  1.185226e+000  1.518772e+001
      vertex  4.400000e+000  1.191251e+000  1.514464e+001
      vertex  4.400000e+000  1.199027e+000  1.504832e+001
    endloop
  endfacet
  facet normal  6.699334e-004 -9.930683e-001 -1.175369e-001
    outer loop
      vertex  8.400000e+000  1.185226e+000  1.518772e+001
      vertex  4.400000e+000  1.199027e+000  1.504832e+001
      vertex  8.400000e+000  1.196301e+000  1.509415e+001
    endloop
  endfacet
  facet normal -3.040935e-004 -7.485127e-001 -6.631203e-001
    outer loop
      vertex  4.400000e+000  9.295260e-001  1.575893e+001
      vertex  8.400000e+000  8.485281e-001  1.584853e+001
      vertex  4.400000e+000  8.654429e-001  1.583127e+001
    endloop
  endfacet
  facet normal  2.979068e-004 -6.788012e-001 -7.343221e-001
    outer loop
      vertex  4.400000e+000  8.654429e-001  1.583127e+001
      vertex  8.400000e+000  8.485281e-001  1.584853e+001
      vertex  8.400000e+000  7.793376e-001  1.591249e+001
    endloop
  endfacet
  facet normal -2.680779e-004 -6.927215e-001 -7.212052e-001
    outer loop
      vertex  4.400000e+000  8.654429e-001  1.583127e+001
      vertex  8.400000e+000  7.793376e-001  1.591249e+001
      vertex  4.400000e+000  7.957472e-001  1.589821e+001
    endloop
  endfacet
  facet normal  2.627552e-004 -6.190950e-001 -7.853161e-001
    outer loop
      vertex  4.400000e+000  7.957472e-001  1.589821e+001
      vertex  8.400000e+000  7.793376e-001  1.591249e+001
      vertex  8.400000e+000  7.053423e-001  1.597082e+001
    endloop
  endfacet
  facet normal -2.335632e-004 -6.324495e-001 -7.746015e-001
    outer loop
      vertex  4.400000e+000  7.957472e-001  1.589821e+001
      vertex  8.400000e+000  7.053423e-001  1.597082e+001
      vertex  4.400000e+000  7.208907e-001  1.595933e+001
    endloop
  endfacet
  facet normal  2.285974e-004 -5.555729e-001 -8.314679e-001
    outer loop
      vertex  4.400000e+000  7.208907e-001  1.595933e+001
      vertex  8.400000e+000  7.053423e-001  1.597082e+001
      vertex  8.400000e+000  6.269983e-001  1.602317e+001
    endloop
  endfacet
  facet normal -2.001497e-004 -5.680683e-001 -8.229814e-001
    outer loop
      vertex  4.400000e+000  7.208907e-001  1.595933e+001
      vertex  8.400000e+000  6.269983e-001  1.602317e+001
      vertex  4.400000e+000  6.413590e-001  1.601423e+001
    endloop
  endfacet
  facet normal  1.957435e-004 -4.886207e-001 -8.724963e-001
    outer loop
      vertex  4.400000e+000  6.413590e-001  1.601423e+001
      vertex  8.400000e+000  6.269983e-001  1.602317e+001
      vertex  8.400000e+000  5.447886e-001  1.606921e+001
    endloop
  endfacet
  facet normal -1.678584e-004 -4.999979e-001 -8.660266e-001
    outer loop
      vertex  4.400000e+000  6.413590e-001  1.601423e+001
      vertex  8.400000e+000  5.447886e-001  1.606921e+001
      vertex  4.400000e+000  5.576678e-001  1.606255e+001
    endloop
  endfacet
  facet normal  1.641573e-004 -4.186612e-001 -9.081425e-001
    outer loop
      vertex  4.400000e+000  5.576678e-001  1.606255e+001
      vertex  8.400000e+000  5.447886e-001  1.606921e+001
      vertex  8.400000e+000  4.592201e-001  1.610866e+001
    endloop
  endfacet
  facet normal -1.366946e-004 -4.286884e-001 -9.034524e-001
    outer loop
      vertex  4.400000e+000  5.576678e-001  1.606255e+001
      vertex  8.400000e+000  4.592201e-001  1.610866e+001
      vertex  4.400000e+000  4.703599e-001  1.610398e+001
    endloop
  endfacet
  facet normal  1.339287e-004 -3.461121e-001 -9.381931e-001
    outer loop
      vertex  4.400000e+000  4.703599e-001  1.610398e+001
      vertex  8.400000e+000  4.592201e-001  1.610866e+001
      vertex  8.400000e+000  3.708204e-001  1.614127e+001
    endloop
  endfacet
  facet normal -1.072738e-004 -3.546134e-001 -9.350130e-001
    outer loop
      vertex  4.400000e+000  4.703599e-001  1.610398e+001
      vertex  8.400000e+000  3.708204e-001  1.614127e+001
      vertex  4.400000e+000  3.800016e-001  1.613824e+001
    endloop
  endfacet
  facet normal  1.043848e-004 -2.714360e-001 -9.624565e-001
    outer loop
      vertex  4.400000e+000  3.800016e-001  1.613824e+001
      vertex  8.400000e+000  3.708204e-001  1.614127e+001
      vertex  8.400000e+000  2.801344e-001  1.616684e+001
    endloop
  endfacet
  facet normal -7.866285e-005 -2.782130e-001 -9.605194e-001
    outer loop
      vertex  4.400000e+000  3.800016e-001  1.613824e+001
      vertex  8.400000e+000  2.801344e-001  1.616684e+001
      vertex  4.400000e+000  2.871788e-001  1.616513e+001
    endloop
  endfacet
  facet normal  7.638379e-005 -1.950997e-001 -9.807835e-001
    outer loop
      vertex  4.400000e+000  2.871788e-001  1.616513e+001
      vertex  8.400000e+000  2.801344e-001  1.616684e+001
      vertex  8.400000e+000  1.877214e-001  1.618523e+001
    endloop
  endfacet
  facet normal -5.081237e-005 -2.000152e-001 -9.797928e-001
    outer loop
      vertex  4.400000e+000  2.871788e-001  1.616513e+001
      vertex  8.400000e+000  1.877214e-001  1.618523e+001
      vertex  4.400000e+000  1.924935e-001  1.618446e+001
    endloop
  endfacet
  facet normal  5.014148e-005 -1.175298e-001 -9.930694e-001
    outer loop
      vertex  4.400000e+000  1.924935e-001  1.618446e+001
      vertex  8.400000e+000  1.877214e-001  1.618523e+001
      vertex  8.400000e+000  9.415092e-002  1.619630e+001
    endloop
  endfacet
  facet normal -2.478108e-005 -1.205339e-001 -9.927093e-001
    outer loop
      vertex  4.400000e+000  1.924935e-001  1.618446e+001
      vertex  8.400000e+000  9.415092e-002  1.619630e+001
      vertex  4.400000e+000  9.655988e-002  1.619611e+001
    endloop
  endfacet
  facet normal  2.447277e-005 -3.927102e-002 -9.992286e-001
    outer loop
      vertex  4.400000e+000  9.655988e-002  1.619611e+001
      vertex  8.400000e+000  9.415092e-002  1.619630e+001
      vertex  8.400000e+000 -9.919614e-016  1.620000e+001
    endloop
  endfacet
  facet normal  -0.000000e+000 -4.028318e-002 -9.991883e-001
    outer loop
      vertex  4.400000e+000  9.655988e-002  1.619611e+001
      vertex  8.400000e+000 -9.919614e-016  1.620000e+001
      vertex  4.400000e+000 -9.919614e-016  1.620000e+001
    endloop
  endfacet
  facet normal  -0.000000e+000  8.046646e-002  9.967573e-001
    outer loop
      vertex  8.400000e+000 -1.504832e+001 -1.199027e+000
      vertex  4.400000e+000 -1.514464e+001 -1.191251e+000
      vertex  8.400000e+000 -1.514464e+001 -1.191251e+000
    endloop
  endfacet
  facet normal  0.000000e+000  1.604101e-001  9.870505e-001
    outer loop
      vertex  8.400000e+000 -1.514464e+001 -1.191251e+000
      vertex  4.400000e+000 -1.514464e+001 -1.191251e+000
      vertex  4.400000e+000 -1.524003e+001 -1.175749e+000
    endloop
  endfacet
  facet normal  -0.000000e+000  1.604101e-001  9.870505e-001
    outer loop
      vertex  8.400000e+000 -1.514464e+001 -1.191251e+000
      vertex  4.400000e+000 -1.524003e+001 -1.175749e+000
      vertex  8.400000e+000 -1.524003e+001 -1.175749e+000
    endloop
  endfacet
  facet normal  0.000000e+000  2.393160e-001  9.709418e-001
    outer loop
      vertex  8.400000e+000 -1.524003e+001 -1.175749e+000
      vertex  4.400000e+000 -1.524003e+001 -1.175749e+000
      vertex  4.400000e+000 -1.533386e+001 -1.152622e+000
    endloop
  endfacet
  facet normal  -0.000000e+000  2.393160e-001  9.709418e-001
    outer loop
      vertex  8.400000e+000 -1.524003e+001 -1.175749e+000
      vertex  4.400000e+000 -1.533386e+001 -1.152622e+000
      vertex  8.400000e+000 -1.533386e+001 -1.152622e+000
    endloop
  endfacet
  facet normal  0.000000e+000  3.166696e-001  9.485358e-001
    outer loop
      vertex  8.400000e+000 -1.533386e+001 -1.152622e+000
      vertex  4.400000e+000 -1.533386e+001 -1.152622e+000
      vertex  4.400000e+000 -1.542553e+001 -1.122020e+000
    endloop
  endfacet
  facet normal  -0.000000e+000  3.166696e-001  9.485358e-001
    outer loop
      vertex  8.400000e+000 -1.533386e+001 -1.152622e+000
      vertex  4.400000e+000 -1.542553e+001 -1.122020e+000
      vertex  8.400000e+000 -1.542553e+001 -1.122020e+000
    endloop
  endfacet
  facet normal  0.000000e+000  3.919663e-001  9.199796e-001
    outer loop
      vertex  8.400000e+000 -1.542553e+001 -1.122020e+000
      vertex  4.400000e+000 -1.542553e+001 -1.122020e+000
      vertex  4.400000e+000 -1.551443e+001 -1.084141e+000
    endloop
  endfacet
  facet normal  -0.000000e+000  3.919663e-001  9.199796e-001
    outer loop
      vertex  8.400000e+000 -1.542553e+001 -1.122020e+000
      vertex  4.400000e+000 -1.551443e+001 -1.084141e+000
      vertex  8.400000e+000 -1.551443e+001 -1.084141e+000
    endloop
  endfacet
  facet normal  0.000000e+000  4.647215e-001  8.854569e-001
    outer loop
      vertex  8.400000e+000 -1.551443e+001 -1.084141e+000
      vertex  4.400000e+000 -1.551443e+001 -1.084141e+000
      vertex  4.400000e+000 -1.560000e+001 -1.039230e+000
    endloop
  endfacet
  facet normal  -0.000000e+000  4.647215e-001  8.854569e-001
    outer loop
      vertex  8.400000e+000 -1.551443e+001 -1.084141e+000
      vertex  4.400000e+000 -1.560000e+001 -1.039230e+000
      vertex  8.400000e+000 -1.560000e+001 -1.039230e+000
    endloop
  endfacet
  facet normal  0.000000e+000  5.344667e-001  8.451895e-001
    outer loop
      vertex  8.400000e+000 -1.560000e+001 -1.039230e+000
      vertex  4.400000e+000 -1.560000e+001 -1.039230e+000
      vertex  4.400000e+000 -1.568168e+001 -9.875807e-001
    endloop
  endfacet
  facet normal  -0.000000e+000  5.344667e-001  8.451895e-001
    outer loop
      vertex  8.400000e+000 -1.560000e+001 -1.039230e+000
      vertex  4.400000e+000 -1.568168e+001 -9.875807e-001
      vertex  8.400000e+000 -1.568168e+001 -9.875807e-001
    endloop
  endfacet
  facet normal  0.000000e+000  6.007450e-001  7.994407e-001
    outer loop
      vertex  8.400000e+000 -1.568168e+001 -9.875807e-001
      vertex  4.400000e+000 -1.568168e+001 -9.875807e-001
      vertex  4.400000e+000 -1.575893e+001 -9.295260e-001
    endloop
  endfacet
  facet normal  -0.000000e+000  6.007450e-001  7.994407e-001
    outer loop
      vertex  8.400000e+000 -1.568168e+001 -9.875807e-001
      vertex  4.400000e+000 -1.575893e+001 -9.295260e-001
      vertex  8.400000e+000 -1.575893e+001 -9.295260e-001
    endloop
  endfacet
  facet normal  0.000000e+000  6.631204e-001  7.485128e-001
    outer loop
      vertex  8.400000e+000 -1.575893e+001 -9.295260e-001
      vertex  4.400000e+000 -1.575893e+001 -9.295260e-001
      vertex  4.400000e+000 -1.583127e+001 -8.654429e-001
    endloop
  endfacet
  facet normal  -0.000000e+000  6.631204e-001  7.485128e-001
    outer loop
      vertex  8.400000e+000 -1.575893e+001 -9.295260e-001
      vertex  4.400000e+000 -1.583127e+001 -8.654429e-001
      vertex  8.400000e+000 -1.583127e+001 -8.654429e-001
    endloop
  endfacet
  facet normal  0.000000e+000  7.212052e-001  6.927215e-001
    outer loop
      vertex  8.400000e+000 -1.583127e+001 -8.654429e-001
      vertex  4.400000e+000 -1.583127e+001 -8.654429e-001
      vertex  4.400000e+000 -1.589821e+001 -7.957472e-001
    endloop
  endfacet
  facet normal  -0.000000e+000  7.212052e-001  6.927215e-001
    outer loop
      vertex  8.400000e+000 -1.583127e+001 -8.654429e-001
      vertex  4.400000e+000 -1.589821e+001 -7.957472e-001
      vertex  8.400000e+000 -1.589821e+001 -7.957472e-001
    endloop
  endfacet
  facet normal  0.000000e+000  7.746015e-001  6.324495e-001
    outer loop
      vertex  8.400000e+000 -1.589821e+001 -7.957472e-001
      vertex  4.400000e+000 -1.589821e+001 -7.957472e-001
      vertex  4.400000e+000 -1.595933e+001 -7.208907e-001
    endloop
  endfacet
  facet normal  -0.000000e+000  7.746015e-001  6.324495e-001
    outer loop
      vertex  8.400000e+000 -1.589821e+001 -7.957472e-001
      vertex  4.400000e+000 -1.595933e+001 -7.208907e-001
      vertex  8.400000e+000 -1.595933e+001 -7.208907e-001
    endloop
  endfacet
  facet normal  0.000000e+000  8.229814e-001  5.680683e-001
    outer loop
      vertex  8.400000e+000 -1.595933e+001 -7.208907e-001
      vertex  4.400000e+000 -1.595933e+001 -7.208907e-001
      vertex  4.400000e+000 -1.601423e+001 -6.413590e-001
    endloop
  endfacet
  facet normal  -0.000000e+000  8.229814e-001  5.680683e-001
    outer loop
      vertex  8.400000e+000 -1.595933e+001 -7.208907e-001
      vertex  4.400000e+000 -1.601423e+001 -6.413590e-001
      vertex  8.400000e+000 -1.601423e+001 -6.413590e-001
    endloop
  endfacet
  facet normal  0.000000e+000  8.660266e-001  4.999980e-001
    outer loop
      vertex  8.400000e+000 -1.601423e+001 -6.413590e-001
      vertex  4.400000e+000 -1.601423e+001 -6.413590e-001
      vertex  4.400000e+000 -1.606255e+001 -5.576678e-001
    endloop
  endfacet
  facet normal  -0.000000e+000  8.660266e-001  4.999980e-001
    outer loop
      vertex  8.400000e+000 -1.601423e+001 -6.413590e-001
      vertex  4.400000e+000 -1.606255e+001 -5.576678e-001
      vertex  8.400000e+000 -1.606255e+001 -5.576678e-001
    endloop
  endfacet
  facet normal  0.000000e+000  9.034524e-001  4.286884e-001
    outer loop
      vertex  8.400000e+000 -1.606255e+001 -5.576678e-001
      vertex  4.400000e+000 -1.606255e+001 -5.576678e-001
      vertex  4.400000e+000 -1.610398e+001 -4.703599e-001
    endloop
  endfacet
  facet normal  -0.000000e+000  9.034524e-001  4.286884e-001
    outer loop
      vertex  8.400000e+000 -1.606255e+001 -5.576678e-001
      vertex  4.400000e+000 -1.610398e+001 -4.703599e-001
      vertex  8.400000e+000 -1.610398e+001 -4.703599e-001
    endloop
  endfacet
  facet normal  0.000000e+000  9.350130e-001  3.546134e-001
    outer loop
      vertex  8.400000e+000 -1.610398e+001 -4.703599e-001
      vertex  4.400000e+000 -1.610398e+001 -4.703599e-001
      vertex  4.400000e+000 -1.613824e+001 -3.800016e-001
    endloop
  endfacet
  facet normal  -0.000000e+000  9.350130e-001  3.546134e-001
    outer loop
      vertex  8.400000e+000 -1.610398e+001 -4.703599e-001
      vertex  4.400000e+000 -1.613824e+001 -3.800016e-001
      vertex  8.400000e+000 -1.613824e+001 -3.800016e-001
    endloop
  endfacet
  facet normal  0.000000e+000  9.605194e-001  2.782130e-001
    outer loop
      vertex  8.400000e+000 -1.613824e+001 -3.800016e-001
      vertex  4.400000e+000 -1.613824e+001 -3.800016e-001
      vertex  4.400000e+000 -1.616513e+001 -2.871788e-001
    endloop
  endfacet
  facet normal  -0.000000e+000  9.605194e-001  2.782130e-001
    outer loop
      vertex  8.400000e+000 -1.613824e+001 -3.800016e-001
      vertex  4.400000e+000 -1.616513e+001 -2.871788e-001
      vertex  8.400000e+000 -1.616513e+001 -2.871788e-001
    endloop
  endfacet
  facet normal  0.000000e+000  9.797928e-001  2.000152e-001
    outer loop
      vertex  8.400000e+000 -1.616513e+001 -2.871788e-001
      vertex  4.400000e+000 -1.616513e+001 -2.871788e-001
      vertex  4.400000e+000 -1.618446e+001 -1.924935e-001
    endloop
  endfacet
  facet normal  -0.000000e+000  9.797928e-001  2.000152e-001
    outer loop
      vertex  8.400000e+000 -1.616513e+001 -2.871788e-001
      vertex  4.400000e+000 -1.618446e+001 -1.924935e-001
      vertex  8.400000e+000 -1.618446e+001 -1.924935e-001
    endloop
  endfacet
  facet normal  0.000000e+000  9.927093e-001  1.205339e-001
    outer loop
      vertex  8.400000e+000 -1.618446e+001 -1.924935e-001
      vertex  4.400000e+000 -1.618446e+001 -1.924935e-001
      vertex  4.400000e+000 -1.619611e+001 -9.655988e-002
    endloop
  endfacet
  facet normal  -0.000000e+000  9.927093e-001  1.205339e-001
    outer loop
      vertex  8.400000e+000 -1.618446e+001 -1.924935e-001
      vertex  4.400000e+000 -1.619611e+001 -9.655988e-002
      vertex  8.400000e+000 -1.619611e+001 -9.655988e-002
    endloop
  endfacet
  facet normal  0.000000e+000  9.991883e-001  4.028318e-002
    outer loop
      vertex  8.400000e+000 -1.619611e+001 -9.655988e-002
      vertex  4.400000e+000 -1.619611e+001 -9.655988e-002
      vertex  4.400000e+000 -1.620000e+001  0.000000e+000
    endloop
  endfacet
  facet normal  -0.000000e+000  9.991883e-001  4.028318e-002
    outer loop
      vertex  8.400000e+000 -1.619611e+001 -9.655988e-002
      vertex  4.400000e+000 -1.620000e+001  0.000000e+000
      vertex  8.400000e+000 -1.620000e+001  0.000000e+000
    endloop
  endfacet
  facet normal  0.000000e+000  8.046646e-002  9.967573e-001
    outer loop
      vertex  4.400000e+000 -1.514464e+001 -1.191251e+000
      vertex  8.400000e+000 -1.504832e+001 -1.199027e+000
      vertex  4.400000e+000 -1.504832e+001 -1.199027e+000
    endloop
  endfacet
  facet normal  0.000000e+000  0.000000e+000  1.000000e+000
    outer loop
      vertex  4.400000e+000 -1.504832e+001 -1.199027e+000
      vertex  8.400000e+000 -1.504832e+001 -1.199027e+000
      vertex  8.400000e+000 -1.495168e+001 -1.199027e+000
    endloop
  endfacet
  facet normal  0.000000e+000  0.000000e+000  1.000000e+000
    outer loop
      vertex  4.400000e+000 -1.504832e+001 -1.199027e+000
      vertex  8.400000e+000 -1.495168e+001 -1.199027e+000
      vertex  4.400000e+000 -1.495168e+001 -1.199027e+000
    endloop
  endfacet
  facet normal  0.000000e+000 -8.046646e-002  9.967573e-001
    outer loop
      vertex  4.400000e+000 -1.495168e+001 -1.199027e+000
      vertex  8.400000e+000 -1.495168e+001 -1.199027e+000
      vertex  8.400000e+000 -1.485536e+001 -1.191251e+000
    endloop
  endfacet
  facet normal  0.000000e+000 -8.046646e-002  9.967573e-001
    outer loop
      vertex  4.400000e+000 -1.495168e+001 -1.199027e+000
      vertex  8.400000e+000 -1.485536e+001 -1.191251e+000
      vertex  4.400000e+000 -1.485536e+001 -1.191251e+000
    endloop
  endfacet
  facet normal  0.000000e+000 -1.604101e-001  9.870505e-001
    outer loop
      vertex  4.400000e+000 -1.485536e+001 -1.191251e+000
      vertex  8.400000e+000 -1.485536e+001 -1.191251e+000
      vertex  8.400000e+000 -1.475997e+001 -1.175749e+000
    endloop
  endfacet
  facet normal  0.000000e+000 -1.604101e-001  9.870505e-001
    outer loop
      vertex  4.400000e+000 -1.485536e+001 -1.191251e+000
      vertex  8.400000e+000 -1.475997e+001 -1.175749e+000
      vertex  4.400000e+000 -1.475997e+001 -1.175749e+000
    endloop
  endfacet
  facet normal  0.000000e+000 -2.393160e-001  9.709418e-001
    outer loop
      vertex  4.400000e+000 -1.475997e+001 -1.175749e+000
      vertex  8.400000e+000 -1.475997e+001 -1.175749e+000
      vertex  8.400000e+000 -1.466614e+001 -1.152622e+000
    endloop
  endfacet
  facet normal  0.000000e+000 -2.393160e-001  9.709418e-001
    outer loop
      vertex  4.400000e+000 -1.475997e+001 -1.175749e+000
      vertex  8.400000e+000 -1.466614e+001 -1.152622e+000
      vertex  4.400000e+000 -1.466614e+001 -1.152622e+000
    endloop
  endfacet
  facet normal  0.000000e+000 -3.166696e-001  9.485358e-001
    outer loop
      vertex  4.400000e+000 -1.466614e+001 -1.152622e+000
      vertex  8.400000e+000 -1.466614e+001 -1.152622e+000
      vertex  8.400000e+000 -1.457447e+001 -1.122020e+000
    endloop
  endfacet
  facet normal  0.000000e+000 -3.166696e-001  9.485358e-001
    outer loop
      vertex  4.400000e+000 -1.466614e+001 -1.152622e+000
      vertex  8.400000e+000 -1.457447e+001 -1.122020e+000
      vertex  4.400000e+000 -1.457447e+001 -1.122020e+000
    endloop
  endfacet
  facet normal  0.000000e+000 -3.919663e-001  9.199796e-001
    outer loop
      vertex  4.400000e+000 -1.457447e+001 -1.122020e+000
      vertex  8.400000e+000 -1.457447e+001 -1.122020e+000
      vertex  8.400000e+000 -1.448557e+001 -1.084141e+000
    endloop
  endfacet
  facet normal  0.000000e+000 -3.919663e-001  9.199796e-001
    outer loop
      vertex  4.400000e+000 -1.457447e+001 -1.122020e+000
      vertex  8.400000e+000 -1.448557e+001 -1.084141e+000
      vertex  4.400000e+000 -1.448557e+001 -1.084141e+000
    endloop
  endfacet
  facet normal  0.000000e+000 -4.647215e-001  8.854569e-001
    outer loop
      vertex  4.400000e+000 -1.448557e+001 -1.084141e+000
      vertex  8.400000e+000 -1.448557e+001 -1.084141e+000
      vertex  8.400000e+000 -1.440000e+001 -1.039230e+000
    endloop
  endfacet
  facet normal  0.000000e+000 -4.647215e-001  8.854569e-001
    outer loop
      vertex  4.400000e+000 -1.448557e+001 -1.084141e+000
      vertex  8.400000e+000 -1.440000e+001 -1.039230e+000
      vertex  4.400000e+000 -1.440000e+001 -1.039230e+000
    endloop
  endfacet
  facet normal  0.000000e+000 -5.344667e-001  8.451895e-001
    outer loop
      vertex  4.400000e+000 -1.440000e+001 -1.039230e+000
      vertex  8.400000e+000 -1.440000e+001 -1.039230e+000
      vertex  8.400000e+000 -1.431832e+001 -9.875807e-001
    endloop
  endfacet
  facet normal  0.000000e+000 -5.344667e-001  8.451895e-001
    outer loop
      vertex  4.400000e+000 -1.440000e+001 -1.039230e+000
      vertex  8.400000e+000 -1.431832e+001 -9.875807e-001
      vertex  4.400000e+000 -1.431832e+001 -9.875807e-001
    endloop
  endfacet
  facet normal  0.000000e+000 -6.007450e-001  7.994407e-001
    outer loop
      vertex  4.400000e+000 -1.431832e+001 -9.875807e-001
      vertex  8.400000e+000 -1.431832e+001 -9.875807e-001
      vertex  8.400000e+000 -1.424107e+001 -9.295260e-001
    endloop
  endfacet
  facet normal  0.000000e+000 -6.007450e-001  7.994407e-001
    outer loop
      vertex  4.400000e+000 -1.431832e+001 -9.875807e-001
      vertex  8.400000e+000 -1.424107e+001 -9.295260e-001
      vertex  4.400000e+000 -1.424107e+001 -9.295260e-001
    endloop
  endfacet
  facet normal  0.000000e+000 -6.631204e-001  7.485128e-001
    outer loop
      vertex  4.400000e+000 -1.424107e+001 -9.295260e-001
      vertex  8.400000e+000 -1.424107e+001 -9.295260e-001
      vertex  8.400000e+000 -1.416873e+001 -8.654429e-001
    endloop
  endfacet
  facet normal  0.000000e+000 -6.631204e-001  7.485128e-001
    outer loop
      vertex  4.400000e+000 -1.424107e+001 -9.295260e-001
      vertex  8.400000e+000 -1.416873e+001 -8.654429e-001
      vertex  4.400000e+000 -1.416873e+001 -8.654429e-001
    endloop
  endfacet
  facet normal  0.000000e+000 -7.212052e-001  6.927215e-001
    outer loop
      vertex  4.400000e+000 -1.416873e+001 -8.654429e-001
      vertex  8.400000e+000 -1.416873e+001 -8.654429e-001
      vertex  8.400000e+000 -1.410179e+001 -7.957472e-001
    endloop
  endfacet
  facet normal  0.000000e+000 -7.212052e-001  6.927215e-001
    outer loop
      vertex  4.400000e+000 -1.416873e+001 -8.654429e-001
      vertex  8.400000e+000 -1.410179e+001 -7.957472e-001
      vertex  4.400000e+000 -1.410179e+001 -7.957472e-001
    endloop
  endfacet
  facet normal  0.000000e+000 -7.746015e-001  6.324495e-001
    outer loop
      vertex  4.400000e+000 -1.410179e+001 -7.957472e-001
      vertex  8.400000e+000 -1.410179e+001 -7.957472e-001
      vertex  8.400000e+000 -1.404067e+001 -7.208907e-001
    endloop
  endfacet
  facet normal  0.000000e+000 -7.746015e-001  6.324495e-001
    outer loop
      vertex  4.400000e+000 -1.410179e+001 -7.957472e-001
      vertex  8.400000e+000 -1.404067e+001 -7.208907e-001
      vertex  4.400000e+000 -1.404067e+001 -7.208907e-001
    endloop
  endfacet
  facet normal  0.000000e+000 -8.229860e-001  5.680617e-001
    outer loop
      vertex  4.400000e+000 -1.404067e+001 -7.208907e-001
      vertex  8.400000e+000 -1.404067e+001 -7.208907e-001
      vertex  8.400000e+000 -1.398577e+001 -6.413590e-001
    endloop
  endfacet
  facet normal  0.000000e+000 -8.229860e-001  5.680617e-001
    outer loop
      vertex  4.400000e+000 -1.404067e+001 -7.208907e-001
      vertex  8.400000e+000 -1.398577e+001 -6.413590e-001
      vertex  4.400000e+000 -1.398577e+001 -6.413590e-001
    endloop
  endfacet
  facet normal  0.000000e+000 -8.660223e-001  5.000054e-001
    outer loop
      vertex  4.400000e+000 -1.398577e+001 -6.413590e-001
      vertex  8.400000e+000 -1.398577e+001 -6.413590e-001
      vertex  8.400000e+000 -1.393745e+001 -5.576678e-001
    endloop
  endfacet
  facet normal  0.000000e+000 -8.660223e-001  5.000054e-001
    outer loop
      vertex  4.400000e+000 -1.398577e+001 -6.413590e-001
      vertex  8.400000e+000 -1.393745e+001 -5.576678e-001
      vertex  4.400000e+000 -1.393745e+001 -5.576678e-001
    endloop
  endfacet
  facet normal  0.000000e+000 -9.034524e-001  4.286884e-001
    outer loop
      vertex  4.400000e+000 -1.393745e+001 -5.576678e-001
      vertex  8.400000e+000 -1.393745e+001 -5.576678e-001
      vertex  8.400000e+000 -1.389602e+001 -4.703599e-001
    endloop
  endfacet
  facet normal  0.000000e+000 -9.034524e-001  4.286884e-001
    outer loop
      vertex  4.400000e+000 -1.393745e+001 -5.576678e-001
      vertex  8.400000e+000 -1.389602e+001 -4.703599e-001
      vertex  4.400000e+000 -1.389602e+001 -4.703599e-001
    endloop
  endfacet
  facet normal  0.000000e+000 -9.350162e-001  3.546048e-001
    outer loop
      vertex  4.400000e+000 -1.389602e+001 -4.703599e-001
      vertex  8.400000e+000 -1.389602e+001 -4.703599e-001
      vertex  8.400000e+000 -1.386176e+001 -3.800016e-001
    endloop
  endfacet
  facet normal  0.000000e+000 -9.350162e-001  3.546048e-001
    outer loop
      vertex  4.400000e+000 -1.389602e+001 -4.703599e-001
      vertex  8.400000e+000 -1.386176e+001 -3.800016e-001
      vertex  4.400000e+000 -1.386176e+001 -3.800016e-001
    endloop
  endfacet
  facet normal  0.000000e+000 -9.605168e-001  2.782221e-001
    outer loop
      vertex  4.400000e+000 -1.386176e+001 -3.800016e-001
      vertex  8.400000e+000 -1.386176e+001 -3.800016e-001
      vertex  8.400000e+000 -1.383487e+001 -2.871788e-001
    endloop
  endfacet
  facet normal  0.000000e+000 -9.605168e-001  2.782221e-001
    outer loop
      vertex  4.400000e+000 -1.386176e+001 -3.800016e-001
      vertex  8.400000e+000 -1.383487e+001 -2.871788e-001
      vertex  4.400000e+000 -1.383487e+001 -2.871788e-001
    endloop
  endfacet
  facet normal  0.000000e+000 -9.797909e-001  2.000246e-001
    outer loop
      vertex  4.400000e+000 -1.383487e+001 -2.871788e-001
      vertex  8.400000e+000 -1.383487e+001 -2.871788e-001
      vertex  8.400000e+000 -1.381554e+001 -1.924935e-001
    endloop
  endfacet
  facet normal  0.000000e+000 -9.797909e-001  2.000246e-001
    outer loop
      vertex  4.400000e+000 -1.383487e+001 -2.871788e-001
      vertex  8.400000e+000 -1.381554e+001 -1.924935e-001
      vertex  4.400000e+000 -1.381554e+001 -1.924935e-001
    endloop
  endfacet
  facet normal  0.000000e+000 -9.927093e-001  1.205339e-001
    outer loop
      vertex  4.400000e+000 -1.381554e+001 -1.924935e-001
      vertex  8.400000e+000 -1.381554e+001 -1.924935e-001
      vertex  8.400000e+000 -1.380389e+001 -9.655988e-002
    endloop
  endfacet
  facet normal  0.000000e+000 -9.927093e-001  1.205339e-001
    outer loop
      vertex  4.400000e+000 -1.381554e+001 -1.924935e-001
      vertex  8.400000e+000 -1.380389e+001 -9.655988e-002
      vertex  4.400000e+000 -1.380389e+001 -9.655988e-002
    endloop
  endfacet
  facet normal  0.000000e+000 -9.991891e-001  4.026347e-002
    outer loop
      vertex  4.400000e+000 -1.380389e+001 -9.655988e-002
      vertex  8.400000e+000 -1.380389e+001 -9.655988e-002
      vertex  8.400000e+000 -1.380000e+001  1.469528e-016
    endloop
  endfacet
  facet normal  0.000000e+000 -9.991891e-001  4.026347e-002
    outer loop
      vertex  4.400000e+000 -1.380389e+001 -9.655988e-002
      vertex  8.400000e+000 -1.380000e+001  1.469528e-016
      vertex  4.400000e+000 -1.380000e+001  1.469528e-016
    endloop
  endfacet
  facet normal  0.000000e+000 -8.046646e-002 -9.967573e-001
    outer loop
      vertex  8.400000e+000 -1.495168e+001  1.199027e+000
      vertex  4.400000e+000 -1.485536e+001  1.191251e+000
      vertex  8.400000e+000 -1.485536e+001  1.191251e+000
    endloop
  endfacet
  facet normal  -0.000000e+000 -1.604101e-001 -9.870505e-001
    outer loop
      vertex  8.400000e+000 -1.485536e+001  1.191251e+000
      vertex  4.400000e+000 -1.485536e+001  1.191251e+000
      vertex  4.400000e+000 -1.475997e+001  1.175749e+000
    endloop
  endfacet
  facet normal  0.000000e+000 -1.604101e-001 -9.870505e-001
    outer loop
      vertex  8.400000e+000 -1.485536e+001  1.191251e+000
      vertex  4.400000e+000 -1.475997e+001  1.175749e+000
      vertex  8.400000e+000 -1.475997e+001  1.175749e+000
    endloop
  endfacet
  facet normal  -0.000000e+000 -2.393160e-001 -9.709418e-001
    outer loop
      vertex  8.400000e+000 -1.475997e+001  1.175749e+000
      vertex  4.400000e+000 -1.475997e+001  1.175749e+000
      vertex  4.400000e+000 -1.466614e+001  1.152622e+000
    endloop
  endfacet
  facet normal  0.000000e+000 -2.393160e-001 -9.709418e-001
    outer loop
      vertex  8.400000e+000 -1.475997e+001  1.175749e+000
      vertex  4.400000e+000 -1.466614e+001  1.152622e+000
      vertex  8.400000e+000 -1.466614e+001  1.152622e+000
    endloop
  endfacet
  facet normal  -0.000000e+000 -3.166696e-001 -9.485358e-001
    outer loop
      vertex  8.400000e+000 -1.466614e+001  1.152622e+000
      vertex  4.400000e+000 -1.466614e+001  1.152622e+000
      vertex  4.400000e+000 -1.457447e+001  1.122020e+000
    endloop
  endfacet
  facet normal  0.000000e+000 -3.166696e-001 -9.485358e-001
    outer loop
      vertex  8.400000e+000 -1.466614e+001  1.152622e+000
      vertex  4.400000e+000 -1.457447e+001  1.122020e+000
      vertex  8.400000e+000 -1.457447e+001  1.122020e+000
    endloop
  endfacet
  facet normal  -0.000000e+000 -3.919663e-001 -9.199796e-001
    outer loop
      vertex  8.400000e+000 -1.457447e+001  1.122020e+000
      vertex  4.400000e+000 -1.457447e+001  1.122020e+000
      vertex  4.400000e+000 -1.448557e+001  1.084141e+000
    endloop
  endfacet
  facet normal  0.000000e+000 -3.919663e-001 -9.199796e-001
    outer loop
      vertex  8.400000e+000 -1.457447e+001  1.122020e+000
      vertex  4.400000e+000 -1.448557e+001  1.084141e+000
      vertex  8.400000e+000 -1.448557e+001  1.084141e+000
    endloop
  endfacet
  facet normal  -0.000000e+000 -4.647215e-001 -8.854569e-001
    outer loop
      vertex  8.400000e+000 -1.448557e+001  1.084141e+000
      vertex  4.400000e+000 -1.448557e+001  1.084141e+000
      vertex  4.400000e+000 -1.440000e+001  1.039230e+000
    endloop
  endfacet
  facet normal  0.000000e+000 -4.647215e-001 -8.854569e-001
    outer loop
      vertex  8.400000e+000 -1.448557e+001  1.084141e+000
      vertex  4.400000e+000 -1.440000e+001  1.039230e+000
      vertex  8.400000e+000 -1.440000e+001  1.039230e+000
    endloop
  endfacet
  facet normal  -0.000000e+000 -5.344667e-001 -8.451895e-001
    outer loop
      vertex  8.400000e+000 -1.440000e+001  1.039230e+000
      vertex  4.400000e+000 -1.440000e+001  1.039230e+000
      vertex  4.400000e+000 -1.431832e+001  9.875807e-001
    endloop
  endfacet
  facet normal  0.000000e+000 -5.344667e-001 -8.451895e-001
    outer loop
      vertex  8.400000e+000 -1.440000e+001  1.039230e+000
      vertex  4.400000e+000 -1.431832e+001  9.875807e-001
      vertex  8.400000e+000 -1.431832e+001  9.875807e-001
    endloop
  endfacet
  facet normal  -0.000000e+000 -6.007450e-001 -7.994407e-001
    outer loop
      vertex  8.400000e+000 -1.431832e+001  9.875807e-001
      vertex  4.400000e+000 -1.431832e+001  9.875807e-001
      vertex  4.400000e+000 -1.424107e+001  9.295260e-001
    endloop
  endfacet
  facet normal  0.000000e+000 -6.007450e-001 -7.994407e-001
    outer loop
      vertex  8.400000e+000 -1.431832e+001  9.875807e-001
      vertex  4.400000e+000 -1.424107e+001  9.295260e-001
      vertex  8.400000e+000 -1.424107e+001  9.295260e-001
    endloop
  endfacet
  facet normal  -0.000000e+000 -6.631204e-001 -7.485128e-001
    outer loop
      vertex  8.400000e+000 -1.424107e+001  9.295260e-001
      vertex  4.400000e+000 -1.424107e+001  9.295260e-001
      vertex  4.400000e+000 -1.416873e+001  8.654429e-001
    endloop
  endfacet
  facet normal  0.000000e+000 -6.631204e-001 -7.485128e-001
    outer loop
      vertex  8.400000e+000 -1.424107e+001  9.295260e-001
      vertex  4.400000e+000 -1.416873e+001  8.654429e-001
      vertex  8.400000e+000 -1.416873e+001  8.654429e-001
    endloop
  endfacet
  facet normal  -0.000000e+000 -7.212052e-001 -6.927215e-001
    outer loop
      vertex  8.400000e+000 -1.416873e+001  8.654429e-001
      vertex  4.400000e+000 -1.416873e+001  8.654429e-001
      vertex  4.400000e+000 -1.410179e+001  7.957472e-001
    endloop
  endfacet
  facet normal  0.000000e+000 -7.212052e-001 -6.927215e-001
    outer loop
      vertex  8.400000e+000 -1.416873e+001  8.654429e-001
      vertex  4.400000e+000 -1.410179e+001  7.957472e-001
      vertex  8.400000e+000 -1.410179e+001  7.957472e-001
    endloop
  endfacet
  facet normal  -0.000000e+000 -7.746015e-001 -6.324495e-001
    outer loop
      vertex  8.400000e+000 -1.410179e+001  7.957472e-001
      vertex  4.400000e+000 -1.410179e+001  7.957472e-001
      vertex  4.400000e+000 -1.404067e+001  7.208907e-001
    endloop
  endfacet
  facet normal  0.000000e+000 -7.746015e-001 -6.324495e-001
    outer loop
      vertex  8.400000e+000 -1.410179e+001  7.957472e-001
      vertex  4.400000e+000 -1.404067e+001  7.208907e-001
      vertex  8.400000e+000 -1.404067e+001  7.208907e-001
    endloop
  endfacet
  facet normal  -0.000000e+000 -8.229860e-001 -5.680617e-001
    outer loop
      vertex  8.400000e+000 -1.404067e+001  7.208907e-001
      vertex  4.400000e+000 -1.404067e+001  7.208907e-001
      vertex  4.400000e+000 -1.398577e+001  6.413590e-001
    endloop
  endfacet
  facet normal  0.000000e+000 -8.229860e-001 -5.680617e-001
    outer loop
      vertex  8.400000e+000 -1.404067e+001  7.208907e-001
      vertex  4.400000e+000 -1.398577e+001  6.413590e-001
      vertex  8.400000e+000 -1.398577e+001  6.413590e-001
    endloop
  endfacet
  facet normal  -0.000000e+000 -8.660223e-001 -5.000054e-001
    outer loop
      vertex  8.400000e+000 -1.398577e+001  6.413590e-001
      vertex  4.400000e+000 -1.398577e+001  6.413590e-001
      vertex  4.400000e+000 -1.393745e+001  5.576678e-001
    endloop
  endfacet
  facet normal  0.000000e+000 -8.660223e-001 -5.000054e-001
    outer loop
      vertex  8.400000e+000 -1.398577e+001  6.413590e-001
      vertex  4.400000e+000 -1.393745e+001  5.576678e-001
      vertex  8.400000e+000 -1.393745e+001  5.576678e-001
    endloop
  endfacet
  facet normal  -0.000000e+000 -9.034524e-001 -4.286884e-001
    outer loop
      vertex  8.400000e+000 -1.393745e+001  5.576678e-001
      vertex  4.400000e+000 -1.393745e+001  5.576678e-001
      vertex  4.400000e+000 -1.389602e+001  4.703599e-001
    endloop
  endfacet
  facet normal  0.000000e+000 -9.034524e-001 -4.286884e-001
    outer loop
      vertex  8.400000e+000 -1.393745e+001  5.576678e-001
      vertex  4.400000e+000 -1.389602e+001  4.703599e-001
      vertex  8.400000e+000 -1.389602e+001  4.703599e-001
    endloop
  endfacet
  facet normal  -0.000000e+000 -9.350162e-001 -3.546048e-001
    outer loop
      vertex  8.400000e+000 -1.389602e+001  4.703599e-001
      vertex  4.400000e+000 -1.389602e+001  4.703599e-001
      vertex  4.400000e+000 -1.386176e+001  3.800016e-001
    endloop
  endfacet
  facet normal  0.000000e+000 -9.350162e-001 -3.546048e-001
    outer loop
      vertex  8.400000e+000 -1.389602e+001  4.703599e-001
      vertex  4.400000e+000 -1.386176e+001  3.800016e-001
      vertex  8.400000e+000 -1.386176e+001  3.800016e-001
    endloop
  endfacet
  facet normal  -0.000000e+000 -9.605168e-001 -2.782221e-001
    outer loop
      vertex  8.400000e+000 -1.386176e+001  3.800016e-001
      vertex  4.400000e+000 -1.386176e+001  3.800016e-001
      vertex  4.400000e+000 -1.383487e+001  2.871788e-001
    endloop
  endfacet
  facet normal  0.000000e+000 -9.605168e-001 -2.782221e-001
    outer loop
      vertex  8.400000e+000 -1.386176e+001  3.800016e-001
      vertex  4.400000e+000 -1.383487e+001  2.871788e-001
      vertex  8.400000e+000 -1.383487e+001  2.871788e-001
    endloop
  endfacet
  facet normal  -0.000000e+000 -9.797909e-001 -2.000246e-001
    outer loop
      vertex  8.400000e+000 -1.383487e+001  2.871788e-001
      vertex  4.400000e+000 -1.383487e+001  2.871788e-001
      vertex  4.400000e+000 -1.381554e+001  1.924935e-001
    endloop
  endfacet
  facet normal  0.000000e+000 -9.797909e-001 -2.000246e-001
    outer loop
      vertex  8.400000e+000 -1.383487e+001  2.871788e-001
      vertex  4.400000e+000 -1.381554e+001  1.924935e-001
      vertex  8.400000e+000 -1.381554e+001  1.924935e-001
    endloop
  endfacet
  facet normal  -0.000000e+000 -9.927093e-001 -1.205339e-001
    outer loop
      vertex  8.400000e+000 -1.381554e+001  1.924935e-001
      vertex  4.400000e+000 -1.381554e+001  1.924935e-001
      vertex  4.400000e+000 -1.380389e+001  9.655988e-002
    endloop
  endfacet
  facet normal  0.000000e+000 -9.927093e-001 -1.205339e-001
    outer loop
      vertex  8.400000e+000 -1.381554e+001  1.924935e-001
      vertex  4.400000e+000 -1.380389e+001  9.655988e-002
      vertex  8.400000e+000 -1.380389e+001  9.655988e-002
    endloop
  endfacet
  facet normal  -0.000000e+000 -9.991891e-001 -4.026347e-002
    outer loop
      vertex  8.400000e+000 -1.380389e+001  9.655988e-002
      vertex  4.400000e+000 -1.380389e+001  9.655988e-002
      vertex  4.400000e+000 -1.380000e+001  1.469528e-016
    endloop
  endfacet
  facet normal  0.000000e+000 -9.991891e-001 -4.026347e-002
    outer loop
      vertex  8.400000e+000 -1.380389e+001  9.655988e-002
      vertex  4.400000e+000 -1.380000e+001  1.469528e-016
      vertex  8.400000e+000 -1.380000e+001  1.469528e-016
    endloop
  endfacet
  facet normal  -0.000000e+000 -8.046646e-002 -9.967573e-001
    outer loop
      vertex  4.400000e+000 -1.485536e+001  1.191251e+000
      vertex  8.400000e+000 -1.495168e+001  1.199027e+000
      vertex  4.400000e+000 -1.495168e+001  1.199027e+000
    endloop
  endfacet
  facet normal  0.000000e+000  0.000000e+000 -1.000000e+000
    outer loop
      vertex  4.400000e+000 -1.495168e+001  1.199027e+000
      vertex  8.400000e+000 -1.495168e+001  1.199027e+000
      vertex  8.400000e+000 -1.504832e+001  1.199027e+000
    endloop
  endfacet
  facet normal  0.000000e+000  0.000000e+000 -1.000000e+000
    outer loop
      vertex  4.400000e+000 -1.495168e+001  1.199027e+000
      vertex  8.400000e+000 -1.504832e+001  1.199027e+000
      vertex  4.400000e+000 -1.504832e+001  1.199027e+000
    endloop
  endfacet
  facet normal  0.000000e+000  8.046646e-002 -9.967573e-001
    outer loop
      vertex  4.400000e+000 -1.504832e+001  1.199027e+000
      vertex  8.400000e+000 -1.504832e+001  1.199027e+000
      vertex  8.400000e+000 -1.514464e+001  1.191251e+000
    endloop
  endfacet
  facet normal  0.000000e+000  8.046646e-002 -9.967573e-001
    outer loop
      vertex  4.400000e+000 -1.504832e+001  1.199027e+000
      vertex  8.400000e+000 -1.514464e+001  1.191251e+000
      vertex  4.400000e+000 -1.514464e+001  1.191251e+000
    endloop
  endfacet
  facet normal  0.000000e+000  1.604101e-001 -9.870505e-001
    outer loop
      vertex  4.400000e+000 -1.514464e+001  1.191251e+000
      vertex  8.400000e+000 -1.514464e+001  1.191251e+000
      vertex  8.400000e+000 -1.524003e+001  1.175749e+000
    endloop
  endfacet
  facet normal  0.000000e+000  1.604101e-001 -9.870505e-001
    outer loop
      vertex  4.400000e+000 -1.514464e+001  1.191251e+000
      vertex  8.400000e+000 -1.524003e+001  1.175749e+000
      vertex  4.400000e+000 -1.524003e+001  1.175749e+000
    endloop
  endfacet
  facet normal  0.000000e+000  2.393160e-001 -9.709418e-001
    outer loop
      vertex  4.400000e+000 -1.524003e+001  1.175749e+000
      vertex  8.400000e+000 -1.524003e+001  1.175749e+000
      vertex  8.400000e+000 -1.533386e+001  1.152622e+000
    endloop
  endfacet
  facet normal  0.000000e+000  2.393160e-001 -9.709418e-001
    outer loop
      vertex  4.400000e+000 -1.524003e+001  1.175749e+000
      vertex  8.400000e+000 -1.533386e+001  1.152622e+000
      vertex  4.400000e+000 -1.533386e+001  1.152622e+000
    endloop
  endfacet
  facet normal  0.000000e+000  3.166696e-001 -9.485358e-001
    outer loop
      vertex  4.400000e+000 -1.533386e+001  1.152622e+000
      vertex  8.400000e+000 -1.533386e+001  1.152622e+000
      vertex  8.400000e+000 -1.542553e+001  1.122020e+000
    endloop
  endfacet
  facet normal  0.000000e+000  3.166696e-001 -9.485358e-001
    outer loop
      vertex  4.400000e+000 -1.533386e+001  1.152622e+000
      vertex  8.400000e+000 -1.542553e+001  1.122020e+000
      vertex  4.400000e+000 -1.542553e+001  1.122020e+000
    endloop
  endfacet
  facet normal  0.000000e+000  3.919663e-001 -9.199796e-001
    outer loop
      vertex  4.400000e+000 -1.542553e+001  1.122020e+000
      vertex  8.400000e+000 -1.542553e+001  1.122020e+000
      vertex  8.400000e+000 -1.551443e+001  1.084141e+000
    endloop
  endfacet
  facet normal  0.000000e+000  3.919663e-001 -9.199796e-001
    outer loop
      vertex  4.400000e+000 -1.542553e+001  1.122020e+000
      vertex  8.400000e+000 -1.551443e+001  1.084141e+000
      vertex  4.400000e+000 -1.551443e+001  1.084141e+000
    endloop
  endfacet
  facet normal  0.000000e+000  4.647215e-001 -8.854569e-001
    outer loop
      vertex  4.400000e+000 -1.551443e+001  1.084141e+000
      vertex  8.400000e+000 -1.551443e+001  1.084141e+000
      vertex  8.400000e+000 -1.560000e+001  1.039230e+000
    endloop
  endfacet
  facet normal  0.000000e+000  4.647215e-001 -8.854569e-001
    outer loop
      vertex  4.400000e+000 -1.551443e+001  1.084141e+000
      vertex  8.400000e+000 -1.560000e+001  1.039230e+000
      vertex  4.400000e+000 -1.560000e+001  1.039230e+000
    endloop
  endfacet
  facet normal  0.000000e+000  5.344667e-001 -8.451895e-001
    outer loop
      vertex  4.400000e+000 -1.560000e+001  1.039230e+000
      vertex  8.400000e+000 -1.560000e+001  1.039230e+000
      vertex  8.400000e+000 -1.568168e+001  9.875807e-001
    endloop
  endfacet
  facet normal  0.000000e+000  5.344667e-001 -8.451895e-001
    outer loop
      vertex  4.400000e+000 -1.560000e+001  1.039230e+000
      vertex  8.400000e+000 -1.568168e+001  9.875807e-001
      vertex  4.400000e+000 -1.568168e+001  9.875807e-001
    endloop
  endfacet
  facet normal  0.000000e+000  6.007450e-001 -7.994407e-001
    outer loop
      vertex  4.400000e+000 -1.568168e+001  9.875807e-001
      vertex  8.400000e+000 -1.568168e+001  9.875807e-001
      vertex  8.400000e+000 -1.575893e+001  9.295260e-001
    endloop
  endfacet
  facet normal  0.000000e+000  6.007450e-001 -7.994407e-001
    outer loop
      vertex  4.400000e+000 -1.568168e+001  9.875807e-001
      vertex  8.400000e+000 -1.575893e+001  9.295260e-001
      vertex  4.400000e+000 -1.575893e+001  9.295260e-001
    endloop
  endfacet
  facet normal  0.000000e+000  6.631204e-001 -7.485128e-001
    outer loop
      vertex  4.400000e+000 -1.575893e+001  9.295260e-001
      vertex  8.400000e+000 -1.575893e+001  9.295260e-001
      vertex  8.400000e+000 -1.583127e+001  8.654429e-001
    endloop
  endfacet
  facet normal  0.000000e+000  6.631204e-001 -7.485128e-001
    outer loop
      vertex  4.400000e+000 -1.575893e+001  9.295260e-001
      vertex  8.400000e+000 -1.583127e+001  8.654429e-001
      vertex  4.400000e+000 -1.583127e+001  8.654429e-001
    endloop
  endfacet
  facet normal  0.000000e+000  7.212052e-001 -6.927215e-001
    outer loop
      vertex  4.400000e+000 -1.583127e+001  8.654429e-001
      vertex  8.400000e+000 -1.583127e+001  8.654429e-001
      vertex  8.400000e+000 -1.589821e+001  7.957472e-001
    endloop
  endfacet
  facet normal  0.000000e+000  7.212052e-001 -6.927215e-001
    outer loop
      vertex  4.400000e+000 -1.583127e+001  8.654429e-001
      vertex  8.400000e+000 -1.589821e+001  7.957472e-001
      vertex  4.400000e+000 -1.589821e+001  7.957472e-001
    endloop
  endfacet
  facet normal  0.000000e+000  7.746015e-001 -6.324495e-001
    outer loop
      vertex  4.400000e+000 -1.589821e+001  7.957472e-001
      vertex  8.400000e+000 -1.589821e+001  7.957472e-001
      vertex  8.400000e+000 -1.595933e+001  7.208907e-001
    endloop
  endfacet
  facet normal  0.000000e+000  7.746015e-001 -6.324495e-001
    outer loop
      vertex  4.400000e+000 -1.589821e+001  7.957472e-001
      vertex  8.400000e+000 -1.595933e+001  7.208907e-001
      vertex  4.400000e+000 -1.595933e+001  7.208907e-001
    endloop
  endfacet
  facet normal  0.000000e+000  8.229814e-001 -5.680683e-001
    outer loop
      vertex  4.400000e+000 -1.595933e+001  7.208907e-001
      vertex  8.400000e+000 -1.595933e+001  7.208907e-001
      vertex  8.400000e+000 -1.601423e+001  6.413590e-001
    endloop
  endfacet
  facet normal  0.000000e+000  8.229814e-001 -5.680683e-001
    outer loop
      vertex  4.400000e+000 -1.595933e+001  7.208907e-001
      vertex  8.400000e+000 -1.601423e+001  6.413590e-001
      vertex  4.400000e+000 -1.601423e+001  6.413590e-001
    endloop
  endfacet
  facet normal  0.000000e+000  8.660266e-001 -4.999980e-001
    outer loop
      vertex  4.400000e+000 -1.601423e+001  6.413590e-001
      vertex  8.400000e+000 -1.601423e+001  6.413590e-001
      vertex  8.400000e+000 -1.606255e+001  5.576678e-001
    endloop
  endfacet
  facet normal  0.000000e+000  8.660266e-001 -4.999980e-001
    outer loop
      vertex  4.400000e+000 -1.601423e+001  6.413590e-001
      vertex  8.400000e+000 -1.606255e+001  5.576678e-001
      vertex  4.400000e+000 -1.606255e+001  5.576678e-001
    endloop
  endfacet
  facet normal  0.000000e+000  9.034524e-001 -4.286884e-001
    outer loop
      vertex  4.400000e+000 -1.606255e+001  5.576678e-001
      vertex  8.400000e+000 -1.606255e+001  5.576678e-001
      vertex  8.400000e+000 -1.610398e+001  4.703599e-001
    endloop
  endfacet
  facet normal  0.000000e+000  9.034524e-001 -4.286884e-001
    outer loop
      vertex  4.400000e+000 -1.606255e+001  5.576678e-001
      vertex  8.400000e+000 -1.610398e+001  4.703599e-001
      vertex  4.400000e+000 -1.610398e+001  4.703599e-001
    endloop
  endfacet
  facet normal  0.000000e+000  9.350130e-001 -3.546134e-001
    outer loop
      vertex  4.400000e+000 -1.610398e+001  4.703599e-001
      vertex  8.400000e+000 -1.610398e+001  4.703599e-001
      vertex  8.400000e+000 -1.613824e+001  3.800016e-001
    endloop
  endfacet
  facet normal  0.000000e+000  9.350130e-001 -3.546134e-001
    outer loop
      vertex  4.400000e+000 -1.610398e+001  4.703599e-001
      vertex  8.400000e+000 -1.613824e+001  3.800016e-001
      vertex  4.400000e+000 -1.613824e+001  3.800016e-001
    endloop
  endfacet
  facet normal  0.000000e+000  9.605194e-001 -2.782130e-001
    outer loop
      vertex  4.400000e+000 -1.613824e+001  3.800016e-001
      vertex  8.400000e+000 -1.613824e+001  3.800016e-001
      vertex  8.400000e+000 -1.616513e+001  2.871788e-001
    endloop
  endfacet
  facet normal  0.000000e+000  9.605194e-001 -2.782130e-001
    outer loop
      vertex  4.400000e+000 -1.613824e+001  3.800016e-001
      vertex  8.400000e+000 -1.616513e+001  2.871788e-001
      vertex  4.400000e+000 -1.616513e+001  2.871788e-001
    endloop
  endfacet
  facet normal  0.000000e+000  9.797928e-001 -2.000152e-001
    outer loop
      vertex  4.400000e+000 -1.616513e+001  2.871788e-001
      vertex  8.400000e+000 -1.616513e+001  2.871788e-001
      vertex  8.400000e+000 -1.618446e+001  1.924935e-001
    endloop
  endfacet
  facet normal  0.000000e+000  9.797928e-001 -2.000152e-001
    outer loop
      vertex  4.400000e+000 -1.616513e+001  2.871788e-001
      vertex  8.400000e+000 -1.618446e+001  1.924935e-001
      vertex  4.400000e+000 -1.618446e+001  1.924935e-001
    endloop
  endfacet
  facet normal  0.000000e+000  9.927093e-001 -1.205339e-001
    outer loop
      vertex  4.400000e+000 -1.618446e+001  1.924935e-001
      vertex  8.400000e+000 -1.618446e+001  1.924935e-001
      vertex  8.400000e+000 -1.619611e+001  9.655988e-002
    endloop
  endfacet
  facet normal  0.000000e+000  9.927093e-001 -1.205339e-001
    outer loop
      vertex  4.400000e+000 -1.618446e+001  1.924935e-001
      vertex  8.400000e+000 -1.619611e+001  9.655988e-002
      vertex  4.400000e+000 -1.619611e+001  9.655988e-002
    endloop
  endfacet
  facet normal  0.000000e+000  9.991883e-001 -4.028318e-002
    outer loop
      vertex  4.400000e+000 -1.619611e+001  9.655988e-002
      vertex  8.400000e+000 -1.619611e+001  9.655988e-002
      vertex  8.400000e+000 -1.620000e+001  0.000000e+000
    endloop
  endfacet
  facet normal  0.000000e+000  9.991883e-001 -4.028318e-002
    outer loop
      vertex  4.400000e+000 -1.619611e+001  9.655988e-002
      vertex  8.400000e+000 -1.620000e+001  0.000000e+000
      vertex  4.400000e+000 -1.620000e+001  0.000000e+000
    endloop
  endfacet
  facet normal  0.000000e+000  0.000000e+000  1.000000e+000
    outer loop
      vertex  1.140000e+001 -1.355000e+001  1.500000e+001
      vertex  1.140000e+001 -3.552714e-015  1.500000e+001
      vertex  8.400000e+000 -2.755455e-015  1.500000e+001
    endloop
  endfacet
  facet normal  0.000000e+000  0.000000e+000  1.000000e+000
    outer loop
      vertex  1.140000e+001 -1.355000e+001  1.500000e+001
      vertex  8.400000e+000 -2.755455e-015  1.500000e+001
      vertex  8.400000e+000 -1.200000e+000  1.500000e+001
    endloop
  endfacet
  facet normal  0.000000e+000  0.000000e+000  9.999999e-001
    outer loop
      vertex  1.140000e+001 -1.355000e+001  1.500000e+001
      vertex  8.400000e+000 -1.200000e+000  1.500000e+001
      vertex  8.400000e+000 -1.322876e+001  1.500000e+001
    endloop
  endfacet
  facet normal  0.000000e+000  0.000000e+000  1.000000e+000
    outer loop
      vertex  1.140000e+001 -1.355000e+001  1.500000e+001
      vertex  8.400000e+000 -1.322876e+001  1.500000e+001
      vertex  8.400000e+000 -1.355000e+001  1.500000e+001
    endloop
  endfacet
  facet normal  0.000000e+000  0.000000e+000  1.000000e+000
    outer loop
      vertex  1.140000e+001 -3.552714e-015  1.500000e+001
      vertex  1.140000e+001  1.355000e+001  1.500000e+001
      vertex  8.400000e+000  1.355000e+001  1.500000e+001
    endloop
  endfacet
  facet normal  0.000000e+000  0.000000e+000  1.000000e+000
    outer loop
      vertex  1.140000e+001 -3.552714e-015  1.500000e+001
      vertex  8.400000e+000  1.355000e+001  1.500000e+001
      vertex  8.400000e+000  1.322876e+001  1.500000e+001
    endloop
  endfacet
  facet normal  0.000000e+000  0.000000e+000  9.999999e-001
    outer loop
      vertex  1.140000e+001 -3.552714e-015  1.500000e+001
      vertex  8.400000e+000  1.322876e+001  1.500000e+001
      vertex  8.400000e+000  1.200000e+000  1.500000e+001
    endloop
  endfacet
  facet normal  0.000000e+000  0.000000e+000  1.000000e+000
    outer loop
      vertex  1.140000e+001 -3.552714e-015  1.500000e+001
      vertex  8.400000e+000  1.200000e+000  1.500000e+001
      vertex  8.400000e+000 -2.755455e-015  1.500000e+001
    endloop
  endfacet
  facet normal -9.999999e-001  0.000000e+000  0.000000e+000
    outer loop
      vertex  8.400000e+000  2.388073e-015 -1.380000e+001
      vertex  8.400000e+000  9.655988e-002 -1.380389e+001
      vertex  8.400000e+000 -9.655988e-002 -1.380389e+001
    endloop
  endfacet
  facet normal -1.000000e+000  -0.000000e+000  0.000000e+000
    outer loop
      vertex  8.400000e+000 -9.655988e-002 -1.380389e+001
      vertex  8.400000e+000  9.655988e-002 -1.380389e+001
      vertex  8.400000e+000 -1.924935e-001 -1.381554e+001
    endloop
  endfacet
  facet normal -1.000000e+000  0.000000e+000  0.000000e+000
    outer loop
      vertex  8.400000e+000 -1.924935e-001 -1.381554e+001
      vertex  8.400000e+000  9.655988e-002 -1.380389e+001
      vertex  8.400000e+000  1.924935e-001 -1.381554e+001
    endloop
  endfacet
  facet normal -1.000000e+000  -0.000000e+000  0.000000e+000
    outer loop
      vertex  8.400000e+000 -1.924935e-001 -1.381554e+001
      vertex  8.400000e+000  1.924935e-001 -1.381554e+001
      vertex  8.400000e+000 -2.871788e-001 -1.383487e+001
    endloop
  endfacet
  facet normal -9.999999e-001  0.000000e+000  0.000000e+000
    outer loop
      vertex  8.400000e+000 -2.871788e-001 -1.383487e+001
      vertex  8.400000e+000  1.924935e-001 -1.381554e+001
      vertex  8.400000e+000  2.871788e-001 -1.383487e+001
    endloop
  endfacet
  facet normal -1.000000e+000  -0.000000e+000  0.000000e+000
    outer loop
      vertex  8.400000e+000 -2.871788e-001 -1.383487e+001
      vertex  8.400000e+000  2.871788e-001 -1.383487e+001
      vertex  8.400000e+000 -3.800016e-001 -1.386176e+001
    endloop
  endfacet
  facet normal -9.999999e-001  0.000000e+000  0.000000e+000
    outer loop
      vertex  8.400000e+000 -3.800016e-001 -1.386176e+001
      vertex  8.400000e+000  2.871788e-001 -1.383487e+001
      vertex  8.400000e+000  3.800016e-001 -1.386176e+001
    endloop
  endfacet
  facet normal -1.000000e+000  -0.000000e+000  0.000000e+000
    outer loop
      vertex  8.400000e+000 -3.800016e-001 -1.386176e+001
      vertex  8.400000e+000  3.800016e-001 -1.386176e+001
      vertex  8.400000e+000 -4.703599e-001 -1.389602e+001
    endloop
  endfacet
  facet normal -1.000000e+000  0.000000e+000  0.000000e+000
    outer loop
      vertex  8.400000e+000 -4.703599e-001 -1.389602e+001
      vertex  8.400000e+000  3.800016e-001 -1.386176e+001
      vertex  8.400000e+000  4.703599e-001 -1.389602e+001
    endloop
  endfacet
  facet normal -1.000000e+000  -0.000000e+000  0.000000e+000
    outer loop
      vertex  8.400000e+000 -4.703599e-001 -1.389602e+001
      vertex  8.400000e+000  4.703599e-001 -1.389602e+001
      vertex  8.400000e+000 -5.576678e-001 -1.393745e+001
    endloop
  endfacet
  facet normal -1.000000e+000  0.000000e+000  0.000000e+000
    outer loop
      vertex  8.400000e+000 -5.576678e-001 -1.393745e+001
      vertex  8.400000e+000  4.703599e-001 -1.389602e+001
      vertex  8.400000e+000  5.576678e-001 -1.393745e+001
    endloop
  endfacet
  facet normal -1.000000e+000  -0.000000e+000  0.000000e+000
    outer loop
      vertex  8.400000e+000 -5.576678e-001 -1.393745e+001
      vertex  8.400000e+000  5.576678e-001 -1.393745e+001
      vertex  8.400000e+000 -6.413590e-001 -1.398577e+001
    endloop
  endfacet
  facet normal -1.000000e+000  0.000000e+000  0.000000e+000
    outer loop
      vertex  8.400000e+000 -6.413590e-001 -1.398577e+001
      vertex  8.400000e+000  5.576678e-001 -1.393745e+001
      vertex  8.400000e+000  6.413590e-001 -1.398577e+001
    endloop
  endfacet
  facet normal -1.000000e+000  -0.000000e+000  0.000000e+000
    outer loop
      vertex  8.400000e+000 -6.413590e-001 -1.398577e+001
      vertex  8.400000e+000  6.413590e-001 -1.398577e+001
      vertex  8.400000e+000 -7.208907e-001 -1.404067e+001
    endloop
  endfacet
  facet normal -1.000000e+000  0.000000e+000  0.000000e+000
    outer loop
      vertex  8.400000e+000 -7.208907e-001 -1.404067e+001
      vertex  8.400000e+000  6.413590e-001 -1.398577e+001
      vertex  8.400000e+000  7.208907e-001 -1.404067e+001
    endloop
  endfacet
  facet normal -1.000000e+000  -0.000000e+000  0.000000e+000
    outer loop
      vertex  8.400000e+000 -7.208907e-001 -1.404067e+001
      vertex  8.400000e+000  7.208907e-001 -1.404067e+001
      vertex  8.400000e+000 -7.957472e-001 -1.410179e+001
    endloop
  endfacet
  facet normal -1.000000e+000  0.000000e+000  0.000000e+000
    outer loop
      vertex  8.400000e+000 -7.957472e-001 -1.410179e+001
      vertex  8.400000e+000  7.208907e-001 -1.404067e+001
      vertex  8.400000e+000  7.957472e-001 -1.410179e+001
    endloop
  endfacet
  facet normal -1.000000e+000  -0.000000e+000  0.000000e+000
    outer loop
      vertex  8.400000e+000 -7.957472e-001 -1.410179e+001
      vertex  8.400000e+000  7.957472e-001 -1.410179e+001
      vertex  8.400000e+000 -8.654429e-001 -1.416873e+001
    endloop
  endfacet
  facet normal -9.999999e-001  0.000000e+000  0.000000e+000
    outer loop
      vertex  8.400000e+000 -8.654429e-001 -1.416873e+001
      vertex  8.400000e+000  7.957472e-001 -1.410179e+001
      vertex  8.400000e+000  8.654429e-001 -1.416873e+001
    endloop
  endfacet
  facet normal -1.000000e+000  -0.000000e+000  0.000000e+000
    outer loop
      vertex  8.400000e+000 -8.654429e-001 -1.416873e+001
      vertex  8.400000e+000  8.654429e-001 -1.416873e+001
      vertex  8.400000e+000 -9.295260e-001 -1.424107e+001
    endloop
  endfacet
  facet normal -9.999999e-001  0.000000e+000  0.000000e+000
    outer loop
      vertex  8.400000e+000 -9.295260e-001 -1.424107e+001
      vertex  8.400000e+000  8.654429e-001 -1.416873e+001
      vertex  8.400000e+000  9.295260e-001 -1.424107e+001
    endloop
  endfacet
  facet normal -1.000000e+000  -0.000000e+000  0.000000e+000
    outer loop
      vertex  8.400000e+000 -9.295260e-001 -1.424107e+001
      vertex  8.400000e+000  9.295260e-001 -1.424107e+001
      vertex  8.400000e+000 -9.875807e-001 -1.431832e+001
    endloop
  endfacet
  facet normal -1.000000e+000  0.000000e+000  0.000000e+000
    outer loop
      vertex  8.400000e+000 -9.875807e-001 -1.431832e+001
      vertex  8.400000e+000  9.295260e-001 -1.424107e+001
      vertex  8.400000e+000  9.875807e-001 -1.431832e+001
    endloop
  endfacet
  facet normal -1.000000e+000  -0.000000e+000  0.000000e+000
    outer loop
      vertex  8.400000e+000 -9.875807e-001 -1.431832e+001
      vertex  8.400000e+000  9.875807e-001 -1.431832e+001
      vertex  8.400000e+000 -1.039230e+000 -1.440000e+001
    endloop
  endfacet
  facet normal -9.999999e-001  0.000000e+000  0.000000e+000
    outer loop
      vertex  8.400000e+000 -1.039230e+000 -1.440000e+001
      vertex  8.400000e+000  9.875807e-001 -1.431832e+001
      vertex  8.400000e+000  1.039230e+000 -1.440000e+001
    endloop
  endfacet
  facet normal -1.000000e+000  -0.000000e+000  0.000000e+000
    outer loop
      vertex  8.400000e+000 -1.039230e+000 -1.440000e+001
      vertex  8.400000e+000  1.039230e+000 -1.440000e+001
      vertex  8.400000e+000 -1.084141e+000 -1.448557e+001
    endloop
  endfacet
  facet normal -9.999999e-001  0.000000e+000  0.000000e+000
    outer loop
      vertex  8.400000e+000 -1.084141e+000 -1.448557e+001
      vertex  8.400000e+000  1.039230e+000 -1.440000e+001
      vertex  8.400000e+000  1.084141e+000 -1.448557e+001
    endloop
  endfacet
  facet normal -1.000000e+000  -0.000000e+000  0.000000e+000
    outer loop
      vertex  8.400000e+000 -1.084141e+000 -1.448557e+001
      vertex  8.400000e+000  1.084141e+000 -1.448557e+001
      vertex  8.400000e+000 -1.122020e+000 -1.457447e+001
    endloop
  endfacet
  facet normal -1.000000e+000  0.000000e+000  0.000000e+000
    outer loop
      vertex  8.400000e+000 -1.122020e+000 -1.457447e+001
      vertex  8.400000e+000  1.084141e+000 -1.448557e+001
      vertex  8.400000e+000  1.122020e+000 -1.457447e+001
    endloop
  endfacet
  facet normal -9.999999e-001  -0.000000e+000  0.000000e+000
    outer loop
      vertex  8.400000e+000 -1.122020e+000 -1.457447e+001
      vertex  8.400000e+000  1.122020e+000 -1.457447e+001
      vertex  8.400000e+000 -1.152622e+000 -1.466614e+001
    endloop
  endfacet
  facet normal -1.000000e+000  0.000000e+000  0.000000e+000
    outer loop
      vertex  8.400000e+000 -1.152622e+000 -1.466614e+001
      vertex  8.400000e+000  1.122020e+000 -1.457447e+001
      vertex  8.400000e+000  1.152622e+000 -1.466614e+001
    endloop
  endfacet
  facet normal -1.000000e+000  -0.000000e+000  0.000000e+000
    outer loop
      vertex  8.400000e+000 -1.152622e+000 -1.466614e+001
      vertex  8.400000e+000  1.152622e+000 -1.466614e+001
      vertex  8.400000e+000 -1.175749e+000 -1.475997e+001
    endloop
  endfacet
  facet normal -1.000000e+000  0.000000e+000  0.000000e+000
    outer loop
      vertex  8.400000e+000 -1.175749e+000 -1.475997e+001
      vertex  8.400000e+000  1.152622e+000 -1.466614e+001
      vertex  8.400000e+000  1.175749e+000 -1.475997e+001
    endloop
  endfacet
  facet normal -1.000000e+000  -0.000000e+000  0.000000e+000
    outer loop
      vertex  8.400000e+000 -1.175749e+000 -1.475997e+001
      vertex  8.400000e+000  1.175749e+000 -1.475997e+001
      vertex  8.400000e+000 -1.191251e+000 -1.485536e+001
    endloop
  endfacet
  facet normal -1.000000e+000  0.000000e+000  0.000000e+000
    outer loop
      vertex  8.400000e+000 -1.191251e+000 -1.485536e+001
      vertex  8.400000e+000  1.175749e+000 -1.475997e+001
      vertex  8.400000e+000  1.191251e+000 -1.485536e+001
    endloop
  endfacet
  facet normal -1.000000e+000  -0.000000e+000  0.000000e+000
    outer loop
      vertex  8.400000e+000 -1.191251e+000 -1.485536e+001
      vertex  8.400000e+000  1.191251e+000 -1.485536e+001
      vertex  8.400000e+000 -1.199027e+000 -1.495168e+001
    endloop
  endfacet
  facet normal -9.999999e-001  0.000000e+000  0.000000e+000
    outer loop
      vertex  8.400000e+000 -1.199027e+000 -1.495168e+001
      vertex  8.400000e+000  1.191251e+000 -1.485536e+001
      vertex  8.400000e+000  1.199027e+000 -1.495168e+001
    endloop
  endfacet
  facet normal -1.000000e+000  -0.000000e+000  0.000000e+000
    outer loop
      vertex  8.400000e+000 -1.199027e+000 -1.495168e+001
      vertex  8.400000e+000  1.199027e+000 -1.495168e+001
      vertex  8.400000e+000 -1.199027e+000 -1.504832e+001
    endloop
  endfacet
  facet normal -1.000000e+000  0.000000e+000  0.000000e+000
    outer loop
      vertex  8.400000e+000 -1.199027e+000 -1.504832e+001
      vertex  8.400000e+000  1.199027e+000 -1.495168e+001
      vertex  8.400000e+000  1.199027e+000 -1.504832e+001
    endloop
  endfacet
  facet normal -9.999999e-001  -0.000000e+000  0.000000e+000
    outer loop
      vertex  8.400000e+000 -1.199027e+000 -1.504832e+001
      vertex  8.400000e+000  1.199027e+000 -1.504832e+001
      vertex  8.400000e+000 -1.191251e+000 -1.514464e+001
    endloop
  endfacet
  facet normal -1.000000e+000  0.000000e+000  0.000000e+000
    outer loop
      vertex  8.400000e+000 -1.191251e+000 -1.514464e+001
      vertex  8.400000e+000  1.199027e+000 -1.504832e+001
      vertex  8.400000e+000  1.191251e+000 -1.514464e+001
    endloop
  endfacet
  facet normal -1.000000e+000  -0.000000e+000  0.000000e+000
    outer loop
      vertex  8.400000e+000 -1.191251e+000 -1.514464e+001
      vertex  8.400000e+000  1.191251e+000 -1.514464e+001
      vertex  8.400000e+000 -1.175749e+000 -1.524003e+001
    endloop
  endfacet
  facet normal -1.000000e+000  0.000000e+000  0.000000e+000
    outer loop
      vertex  8.400000e+000 -1.175749e+000 -1.524003e+001
      vertex  8.400000e+000  1.191251e+000 -1.514464e+001
      vertex  8.400000e+000  1.175749e+000 -1.524003e+001
    endloop
  endfacet
  facet normal -1.000000e+000  -0.000000e+000  0.000000e+000
    outer loop
      vertex  8.400000e+000 -1.175749e+000 -1.524003e+001
      vertex  8.400000e+000  1.175749e+000 -1.524003e+001
      vertex  8.400000e+000 -1.152622e+000 -1.533386e+001
    endloop
  endfacet
  facet normal -1.000000e+000  0.000000e+000  0.000000e+000
    outer loop
      vertex  8.400000e+000 -1.152622e+000 -1.533386e+001
      vertex  8.400000e+000  1.175749e+000 -1.524003e+001
      vertex  8.400000e+000  1.152622e+000 -1.533386e+001
    endloop
  endfacet
  facet normal -1.000000e+000  -0.000000e+000  0.000000e+000
    outer loop
      vertex  8.400000e+000 -1.152622e+000 -1.533386e+001
      vertex  8.400000e+000  1.152622e+000 -1.533386e+001
      vertex  8.400000e+000 -1.122020e+000 -1.542553e+001
    endloop
  endfacet
  facet normal -9.999999e-001  0.000000e+000  0.000000e+000
    outer loop
      vertex  8.400000e+000 -1.122020e+000 -1.542553e+001
      vertex  8.400000e+000  1.152622e+000 -1.533386e+001
      vertex  8.400000e+000  1.122020e+000 -1.542553e+001
    endloop
  endfacet
  facet normal -1.000000e+000  -0.000000e+000  0.000000e+000
    outer loop
      vertex  8.400000e+000 -1.122020e+000 -1.542553e+001
      vertex  8.400000e+000  1.122020e+000 -1.542553e+001
      vertex  8.400000e+000 -1.084141e+000 -1.551443e+001
    endloop
  endfacet
  facet normal -1.000000e+000  0.000000e+000  0.000000e+000
    outer loop
      vertex  8.400000e+000 -1.084141e+000 -1.551443e+001
      vertex  8.400000e+000  1.122020e+000 -1.542553e+001
      vertex  8.400000e+000  1.084141e+000 -1.551443e+001
    endloop
  endfacet
  facet normal -9.999999e-001  -0.000000e+000  0.000000e+000
    outer loop
      vertex  8.400000e+000 -1.084141e+000 -1.551443e+001
      vertex  8.400000e+000  1.084141e+000 -1.551443e+001
      vertex  8.400000e+000 -1.039230e+000 -1.560000e+001
    endloop
  endfacet
  facet normal -1.000000e+000  0.000000e+000  0.000000e+000
    outer loop
      vertex  8.400000e+000 -1.039230e+000 -1.560000e+001
      vertex  8.400000e+000  1.084141e+000 -1.551443e+001
      vertex  8.400000e+000  1.039230e+000 -1.560000e+001
    endloop
  endfacet
  facet normal -9.999999e-001  -0.000000e+000  0.000000e+000
    outer loop
      vertex  8.400000e+000 -1.039230e+000 -1.560000e+001
      vertex  8.400000e+000  1.039230e+000 -1.560000e+001
      vertex  8.400000e+000 -9.875807e-001 -1.568168e+001
    endloop
  endfacet
  facet normal -1.000000e+000  0.000000e+000  0.000000e+000
    outer loop
      vertex  8.400000e+000 -9.875807e-001 -1.568168e+001
      vertex  8.400000e+000  1.039230e+000 -1.560000e+001
      vertex  8.400000e+000  9.875807e-001 -1.568168e+001
    endloop
  endfacet
  facet normal -1.000000e+000  -0.000000e+000  0.000000e+000
    outer loop
      vertex  8.400000e+000 -9.875807e-001 -1.568168e+001
      vertex  8.400000e+000  9.875807e-001 -1.568168e+001
      vertex  8.400000e+000 -9.295260e-001 -1.575893e+001
    endloop
  endfacet
  facet normal -1.000000e+000  0.000000e+000  0.000000e+000
    outer loop
      vertex  8.400000e+000 -9.295260e-001 -1.575893e+001
      vertex  8.400000e+000  9.875807e-001 -1.568168e+001
      vertex  8.400000e+000  9.295260e-001 -1.575893e+001
    endloop
  endfacet
  facet normal -9.999999e-001  -0.000000e+000  0.000000e+000
    outer loop
      vertex  8.400000e+000 -9.295260e-001 -1.575893e+001
      vertex  8.400000e+000  9.295260e-001 -1.575893e+001
      vertex  8.400000e+000 -8.654429e-001 -1.583127e+001
    endloop
  endfacet
  facet normal -1.000000e+000  0.000000e+000  0.000000e+000
    outer loop
      vertex  8.400000e+000 -8.654429e-001 -1.583127e+001
      vertex  8.400000e+000  9.295260e-001 -1.575893e+001
      vertex  8.400000e+000  8.654429e-001 -1.583127e+001
    endloop
  endfacet
  facet normal -9.999999e-001  -0.000000e+000  0.000000e+000
    outer loop
      vertex  8.400000e+000 -8.654429e-001 -1.583127e+001
      vertex  8.400000e+000  8.654429e-001 -1.583127e+001
      vertex  8.400000e+000 -7.957472e-001 -1.589821e+001
    endloop
  endfacet
  facet normal -1.000000e+000  0.000000e+000  0.000000e+000
    outer loop
      vertex  8.400000e+000 -7.957472e-001 -1.589821e+001
      vertex  8.400000e+000  8.654429e-001 -1.583127e+001
      vertex  8.400000e+000  7.957472e-001 -1.589821e+001
    endloop
  endfacet
  facet normal -1.000000e+000  -0.000000e+000  0.000000e+000
    outer loop
      vertex  8.400000e+000 -7.957472e-001 -1.589821e+001
      vertex  8.400000e+000  7.957472e-001 -1.589821e+001
      vertex  8.400000e+000 -7.208907e-001 -1.595933e+001
    endloop
  endfacet
  facet normal -1.000000e+000  0.000000e+000  0.000000e+000
    outer loop
      vertex  8.400000e+000 -7.208907e-001 -1.595933e+001
      vertex  8.400000e+000  7.957472e-001 -1.589821e+001
      vertex  8.400000e+000  7.208907e-001 -1.595933e+001
    endloop
  endfacet
  facet normal -1.000000e+000  -0.000000e+000  0.000000e+000
    outer loop
      vertex  8.400000e+000 -7.208907e-001 -1.595933e+001
      vertex  8.400000e+000  7.208907e-001 -1.595933e+001
      vertex  8.400000e+000 -6.413590e-001 -1.601423e+001
    endloop
  endfacet
  facet normal -1.000000e+000  0.000000e+000  0.000000e+000
    outer loop
      vertex  8.400000e+000 -6.413590e-001 -1.601423e+001
      vertex  8.400000e+000  7.208907e-001 -1.595933e+001
      vertex  8.400000e+000  6.413590e-001 -1.601423e+001
    endloop
  endfacet
  facet normal -1.000000e+000  -0.000000e+000  0.000000e+000
    outer loop
      vertex  8.400000e+000 -6.413590e-001 -1.601423e+001
      vertex  8.400000e+000  6.413590e-001 -1.601423e+001
      vertex  8.400000e+000 -5.576678e-001 -1.606255e+001
    endloop
  endfacet
  facet normal -9.999999e-001  0.000000e+000  0.000000e+000
    outer loop
      vertex  8.400000e+000 -5.576678e-001 -1.606255e+001
      vertex  8.400000e+000  6.413590e-001 -1.601423e+001
      vertex  8.400000e+000  5.576678e-001 -1.606255e+001
    endloop
  endfacet
  facet normal -1.000000e+000  -0.000000e+000  0.000000e+000
    outer loop
      vertex  8.400000e+000 -5.576678e-001 -1.606255e+001
      vertex  8.400000e+000  5.576678e-001 -1.606255e+001
      vertex  8.400000e+000 -4.703599e-001 -1.610398e+001
    endloop
  endfacet
  facet normal -1.000000e+000  0.000000e+000  0.000000e+000
    outer loop
      vertex  8.400000e+000 -4.703599e-001 -1.610398e+001
      vertex  8.400000e+000  5.576678e-001 -1.606255e+001
      vertex  8.400000e+000  4.703599e-001 -1.610398e+001
    endloop
  endfacet
  facet normal -1.000000e+000  -0.000000e+000  0.000000e+000
    outer loop
      vertex  8.400000e+000 -4.703599e-001 -1.610398e+001
      vertex  8.400000e+000  4.703599e-001 -1.610398e+001
      vertex  8.400000e+000 -3.800016e-001 -1.613824e+001
    endloop
  endfacet
  facet normal -1.000000e+000  0.000000e+000  0.000000e+000
    outer loop
      vertex  8.400000e+000 -3.800016e-001 -1.613824e+001
      vertex  8.400000e+000  4.703599e-001 -1.610398e+001
      vertex  8.400000e+000  3.800016e-001 -1.613824e+001
    endloop
  endfacet
  facet normal -1.000000e+000  -0.000000e+000  0.000000e+000
    outer loop
      vertex  8.400000e+000 -3.800016e-001 -1.613824e+001
      vertex  8.400000e+000  3.800016e-001 -1.613824e+001
      vertex  8.400000e+000 -2.871788e-001 -1.616513e+001
    endloop
  endfacet
  facet normal -1.000000e+000  0.000000e+000  0.000000e+000
    outer loop
      vertex  8.400000e+000 -2.871788e-001 -1.616513e+001
      vertex  8.400000e+000  3.800016e-001 -1.613824e+001
      vertex  8.400000e+000  2.871788e-001 -1.616513e+001
    endloop
  endfacet
  facet normal -1.000000e+000  -0.000000e+000  0.000000e+000
    outer loop
      vertex  8.400000e+000 -2.871788e-001 -1.616513e+001
      vertex  8.400000e+000  2.871788e-001 -1.616513e+001
      vertex  8.400000e+000 -1.924935e-001 -1.618446e+001
    endloop
  endfacet
  facet normal -1.000000e+000  0.000000e+000  0.000000e+000
    outer loop
      vertex  8.400000e+000 -1.924935e-001 -1.618446e+001
      vertex  8.400000e+000  2.871788e-001 -1.616513e+001
      vertex  8.400000e+000  1.924935e-001 -1.618446e+001
    endloop
  endfacet
  facet normal -1.000000e+000  -0.000000e+000  0.000000e+000
    outer loop
      vertex  8.400000e+000 -1.924935e-001 -1.618446e+001
      vertex  8.400000e+000  1.924935e-001 -1.618446e+001
      vertex  8.400000e+000 -9.655988e-002 -1.619611e+001
    endloop
  endfacet
  facet normal -1.000000e+000  0.000000e+000  0.000000e+000
    outer loop
      vertex  8.400000e+000 -9.655988e-002 -1.619611e+001
      vertex  8.400000e+000  1.924935e-001 -1.618446e+001
      vertex  8.400000e+000  9.655988e-002 -1.619611e+001
    endloop
  endfacet
  facet normal -1.000000e+000  -0.000000e+000  0.000000e+000
    outer loop
      vertex  8.400000e+000 -9.655988e-002 -1.619611e+001
      vertex  8.400000e+000  9.655988e-002 -1.619611e+001
      vertex  8.400000e+000  2.975884e-015 -1.620000e+001
    endloop
  endfacet
  facet normal -1.000000e+000  -0.000000e+000  0.000000e+000
    outer loop
      vertex  8.400000e+000 -1.355000e+001  1.500000e+001
      vertex  8.400000e+000 -1.339016e+001  1.485610e+001
      vertex  8.400000e+000 -1.355000e+001  1.471046e+001
    endloop
  endfacet
  facet normal -1.000000e+000  -0.000000e+000  0.000000e+000
    outer loop
      vertex  8.400000e+000 -1.355000e+001  1.500000e+001
      vertex  8.400000e+000 -1.322876e+001  1.500000e+001
      vertex  8.400000e+000 -1.339016e+001  1.485610e+001
    endloop
  endfacet
  facet normal -1.000000e+000  0.000000e+000  0.000000e+000
    outer loop
      vertex  8.400000e+000  1.355000e+001  1.500000e+001
      vertex  8.400000e+000  1.339016e+001  1.485610e+001
      vertex  8.400000e+000  1.322876e+001  1.500000e+001
    endloop
  endfacet
  facet normal -1.000000e+000  0.000000e+000  0.000000e+000
    outer loop
      vertex  8.400000e+000  1.355000e+001  1.500000e+001
      vertex  8.400000e+000  1.355000e+001  1.471046e+001
      vertex  8.400000e+000  1.339016e+001  1.485610e+001
    endloop
  endfacet
  facet normal  0.000000e+000 -9.999505e-001 -9.951477e-003
    outer loop
      vertex  8.400000e+000 -2.000000e+001  0.000000e+000
      vertex  4.400000e+000 -2.000000e+001  0.000000e+000
      vertex  8.400000e+000 -1.999604e+001 -3.980683e-001
    endloop
  endfacet
  facet normal  8.519779e-007 -9.999506e-001 -9.942916e-003
    outer loop
      vertex  8.400000e+000 -1.999604e+001 -3.980683e-001
      vertex  4.400000e+000 -2.000000e+001  0.000000e+000
      vertex  4.400000e+000 -1.999605e+001 -3.976437e-001
    endloop
  endfacet
  facet normal -1.262057e-006 -9.995542e-001 -2.985442e-002
    outer loop
      vertex  8.400000e+000 -1.999604e+001 -3.980683e-001
      vertex  4.400000e+000 -1.999605e+001 -3.976437e-001
      vertex  8.400000e+000 -1.998415e+001 -7.959789e-001
    endloop
  endfacet
  facet normal  2.253184e-006 -9.995553e-001 -2.981916e-002
    outer loop
      vertex  8.400000e+000 -1.998415e+001 -7.959789e-001
      vertex  4.400000e+000 -1.999605e+001 -3.976437e-001
      vertex  4.400000e+000 -1.998419e+001 -7.951303e-001
    endloop
  endfacet
  facet normal -1.979412e-006 -9.987622e-001 -4.973823e-002
    outer loop
      vertex  8.400000e+000 -1.998415e+001 -7.959789e-001
      vertex  4.400000e+000 -1.998419e+001 -7.951303e-001
      vertex  8.400000e+000 -1.996435e+001 -1.193574e+000
    endloop
  endfacet
  facet normal  2.776967e-006 -9.987646e-001 -4.969060e-002
    outer loop
      vertex  8.400000e+000 -1.996435e+001 -1.193574e+000
      vertex  4.400000e+000 -1.998419e+001 -7.951303e-001
      vertex  4.400000e+000 -1.996443e+001 -1.192302e+000
    endloop
  endfacet
  facet normal -3.578343e-006 -9.975742e-001 -6.961241e-002
    outer loop
      vertex  8.400000e+000 -1.996435e+001 -1.193574e+000
      vertex  4.400000e+000 -1.996443e+001 -1.192302e+000
      vertex  8.400000e+000 -1.993664e+001 -1.590696e+000
    endloop
  endfacet
  facet normal  4.341287e-006 -9.975796e-001 -6.953327e-002
    outer loop
      vertex  8.400000e+000 -1.993664e+001 -1.590696e+000
      vertex  4.400000e+000 -1.996443e+001 -1.192302e+000
      vertex  4.400000e+000 -1.993678e+001 -1.589003e+000
    endloop
  endfacet
  facet normal -4.144198e-006 -9.959911e-001 -8.945308e-002
    outer loop
      vertex  8.400000e+000 -1.993664e+001 -1.590696e+000
      vertex  4.400000e+000 -1.993678e+001 -1.589003e+000
      vertex  8.400000e+000 -1.990103e+001 -1.987189e+000
    endloop
  endfacet
  facet normal  5.522827e-006 -9.959997e-001 -8.935674e-002
    outer loop
      vertex  8.400000e+000 -1.990103e+001 -1.987189e+000
      vertex  4.400000e+000 -1.993678e+001 -1.589003e+000
      vertex  4.400000e+000 -1.990124e+001 -1.985076e+000
    endloop
  endfacet
  facet normal -5.091903e-006 -9.940136e-001 -1.092554e-001
    outer loop
      vertex  8.400000e+000 -1.990103e+001 -1.987189e+000
      vertex  4.400000e+000 -1.990124e+001 -1.985076e+000
      vertex  8.400000e+000 -1.985754e+001 -2.382894e+000
    endloop
  endfacet
  facet normal  6.342339e-006 -9.940262e-001 -1.091418e-001
    outer loop
      vertex  8.400000e+000 -1.985754e+001 -2.382894e+000
      vertex  4.400000e+000 -1.990124e+001 -1.985076e+000
      vertex  4.400000e+000 -1.985784e+001 -2.380364e+000
    endloop
  endfacet
  facet normal -6.409173e-006 -9.916421e-001 -1.290195e-001
    outer loop
      vertex  8.400000e+000 -1.985754e+001 -2.382894e+000
      vertex  4.400000e+000 -1.985784e+001 -2.380364e+000
      vertex  8.400000e+000 -1.980618e+001 -2.777654e+000
    endloop
  endfacet
  facet normal  7.294924e-006 -9.916596e-001 -1.288838e-001
    outer loop
      vertex  8.400000e+000 -1.980618e+001 -2.777654e+000
      vertex  4.400000e+000 -1.985784e+001 -2.380364e+000
      vertex  4.400000e+000 -1.980659e+001 -2.774711e+000
    endloop
  endfacet
  facet normal -7.596556e-006 -9.888778e-001 -1.487308e-001
    outer loop
      vertex  8.400000e+000 -1.980618e+001 -2.777654e+000
      vertex  4.400000e+000 -1.980659e+001 -2.774711e+000
      vertex  8.400000e+000 -1.974697e+001 -3.171314e+000
    endloop
  endfacet
  facet normal  8.394499e-006 -9.889014e-001 -1.485730e-001
    outer loop
      vertex  8.400000e+000 -1.974697e+001 -3.171314e+000
      vertex  4.400000e+000 -1.980659e+001 -2.774711e+000
      vertex  4.400000e+000 -1.974751e+001 -3.167960e+000
    endloop
  endfacet
  facet normal -8.645428e-006 -9.857214e-001 -1.683846e-001
    outer loop
      vertex  8.400000e+000 -1.974697e+001 -3.171314e+000
      vertex  4.400000e+000 -1.974751e+001 -3.167960e+000
      vertex  8.400000e+000 -1.967994e+001 -3.563718e+000
    endloop
  endfacet
  facet normal  9.678932e-006 -9.857521e-001 -1.682046e-001
    outer loop
      vertex  8.400000e+000 -1.967994e+001 -3.563718e+000
      vertex  4.400000e+000 -1.974751e+001 -3.167960e+000
      vertex  4.400000e+000 -1.968062e+001 -3.559958e+000
    endloop
  endfacet
  facet normal -9.512316e-006 -9.821745e-001 -1.879711e-001
    outer loop
      vertex  8.400000e+000 -1.967994e+001 -3.563718e+000
      vertex  4.400000e+000 -1.968062e+001 -3.559958e+000
      vertex  8.400000e+000 -1.960511e+001 -3.954710e+000
    endloop
  endfacet
  facet normal  1.067186e-005 -9.822123e-001 -1.877738e-001
    outer loop
      vertex  8.400000e+000 -1.960511e+001 -3.954710e+000
      vertex  4.400000e+000 -1.968062e+001 -3.559958e+000
      vertex  4.400000e+000 -1.960595e+001 -3.950548e+000
    endloop
  endfacet
  facet normal -1.067010e-005 -9.782389e-001 -2.074813e-001
    outer loop
      vertex  8.400000e+000 -1.960511e+001 -3.954710e+000
      vertex  4.400000e+000 -1.960595e+001 -3.950548e+000
      vertex  8.400000e+000 -1.952251e+001 -4.344136e+000
    endloop
  endfacet
  facet normal  1.191569e-005 -9.782855e-001 -2.072616e-001
    outer loop
      vertex  8.400000e+000 -1.952251e+001 -4.344136e+000
      vertex  4.400000e+000 -1.960595e+001 -3.950548e+000
      vertex  4.400000e+000 -1.952353e+001 -4.339576e+000
    endloop
  endfacet
  facet normal -1.158973e-005 -9.739157e-001 -2.269101e-001
    outer loop
      vertex  8.400000e+000 -1.952251e+001 -4.344136e+000
      vertex  4.400000e+000 -1.952353e+001 -4.339576e+000
      vertex  8.400000e+000 -1.943218e+001 -4.731840e+000
    endloop
  endfacet
  facet normal  1.248243e-005 -9.739699e-001 -2.266773e-001
    outer loop
      vertex  8.400000e+000 -1.943218e+001 -4.731840e+000
      vertex  4.400000e+000 -1.952353e+001 -4.339576e+000
      vertex  4.400000e+000 -1.943339e+001 -4.726889e+000
    endloop
  endfacet
  facet normal -1.317986e-005 -9.692059e-001 -2.462522e-001
    outer loop
      vertex  8.400000e+000 -1.943218e+001 -4.731840e+000
      vertex  4.400000e+000 -1.943339e+001 -4.726889e+000
      vertex  8.400000e+000 -1.933415e+001 -5.117669e+000
    endloop
  endfacet
  facet normal  1.384555e-005 -9.692718e-001 -2.459923e-001
    outer loop
      vertex  8.400000e+000 -1.933415e+001 -5.117669e+000
      vertex  4.400000e+000 -1.943339e+001 -4.726889e+000
      vertex  4.400000e+000 -1.933556e+001 -5.112333e+000
    endloop
  endfacet
  facet normal -1.398506e-005 -9.641138e-001 -2.654894e-001
    outer loop
      vertex  8.400000e+000 -1.933415e+001 -5.117669e+000
      vertex  4.400000e+000 -1.933556e+001 -5.112333e+000
      vertex  8.400000e+000 -1.922846e+001 -5.501471e+000
    endloop
  endfacet
  facet normal  1.503783e-005 -9.641901e-001 -2.652121e-001
    outer loop
      vertex  8.400000e+000 -1.922846e+001 -5.501471e+000
      vertex  4.400000e+000 -1.933556e+001 -5.112333e+000
      vertex  4.400000e+000 -1.923010e+001 -5.495755e+000
    endloop
  endfacet
  facet normal -1.497905e-005 -9.586374e-001 -2.846302e-001
    outer loop
      vertex  8.400000e+000 -1.922846e+001 -5.501471e+000
      vertex  4.400000e+000 -1.923010e+001 -5.495755e+000
      vertex  8.400000e+000 -1.911516e+001 -5.883093e+000
    endloop
  endfacet
  facet normal  1.618562e-005 -9.587252e-001 -2.843344e-001
    outer loop
      vertex  8.400000e+000 -1.911516e+001 -5.883093e+000
      vertex  4.400000e+000 -1.923010e+001 -5.495755e+000
      vertex  4.400000e+000 -1.911703e+001 -5.877006e+000
    endloop
  endfacet
  facet normal -1.599670e-005 -9.527830e-001 -3.036518e-001
    outer loop
      vertex  8.400000e+000 -1.911516e+001 -5.883093e+000
      vertex  4.400000e+000 -1.911703e+001 -5.877006e+000
      vertex  8.400000e+000 -1.899428e+001 -6.262385e+000
    endloop
  endfacet
  facet normal  1.729584e-005 -9.528831e-001 -3.033381e-001
    outer loop
      vertex  8.400000e+000 -1.899428e+001 -6.262385e+000
      vertex  4.400000e+000 -1.911703e+001 -5.877006e+000
      vertex  4.400000e+000 -1.899640e+001 -6.255932e+000
    endloop
  endfacet
  facet normal -1.706779e-005 -9.465512e-001 -3.225535e-001
    outer loop
      vertex  8.400000e+000 -1.899428e+001 -6.262385e+000
      vertex  4.400000e+000 -1.899640e+001 -6.255932e+000
      vertex  8.400000e+000 -1.886587e+001 -6.639195e+000
    endloop
  endfacet
  facet normal  1.794543e-005 -9.466628e-001 -3.222260e-001
    outer loop
      vertex  8.400000e+000 -1.886587e+001 -6.639195e+000
      vertex  4.400000e+000 -1.899640e+001 -6.255932e+000
      vertex  4.400000e+000 -1.886827e+001 -6.632386e+000
    endloop
  endfacet
  facet normal -1.859991e-005 -9.399433e-001 -3.413306e-001
    outer loop
      vertex  8.400000e+000 -1.886587e+001 -6.639195e+000
      vertex  4.400000e+000 -1.886827e+001 -6.632386e+000
      vertex  8.400000e+000 -1.872999e+001 -7.013375e+000
    endloop
  endfacet
  facet normal  1.914944e-005 -9.400704e-001 -3.409804e-001
    outer loop
      vertex  8.400000e+000 -1.872999e+001 -7.013375e+000
      vertex  4.400000e+000 -1.886827e+001 -6.632386e+000
      vertex  4.400000e+000 -1.873267e+001 -7.006217e+000
    endloop
  endfacet
  facet normal -1.959781e-005 -9.329627e-001 -3.599731e-001
    outer loop
      vertex  8.400000e+000 -1.872999e+001 -7.013375e+000
      vertex  4.400000e+000 -1.873267e+001 -7.006217e+000
      vertex  8.400000e+000 -1.858669e+001 -7.384777e+000
    endloop
  endfacet
  facet normal  2.044686e-005 -9.331047e-001 -3.596048e-001
    outer loop
      vertex  8.400000e+000 -1.858669e+001 -7.384777e+000
      vertex  4.400000e+000 -1.873267e+001 -7.006217e+000
      vertex  4.400000e+000 -1.858967e+001 -7.377278e+000
    endloop
  endfacet
  facet normal -2.049703e-005 -9.256127e-001 -3.784717e-001
    outer loop
      vertex  8.400000e+000 -1.858669e+001 -7.384777e+000
      vertex  4.400000e+000 -1.858967e+001 -7.377278e+000
      vertex  8.400000e+000 -1.843603e+001 -7.753253e+000
    endloop
  endfacet
  facet normal  2.190362e-005 -9.257708e-001 -3.780852e-001
    outer loop
      vertex  8.400000e+000 -1.843603e+001 -7.753253e+000
      vertex  4.400000e+000 -1.858967e+001 -7.377278e+000
      vertex  4.400000e+000 -1.843932e+001 -7.745423e+000
    endloop
  endfacet
  facet normal -2.123349e-005 -9.178989e-001 -3.968143e-001
    outer loop
      vertex  8.400000e+000 -1.843603e+001 -7.753253e+000
      vertex  4.400000e+000 -1.843932e+001 -7.745423e+000
      vertex  8.400000e+000 -1.827806e+001 -8.118656e+000
    endloop
  endfacet
  facet normal  2.229246e-005 -9.180688e-001 -3.964212e-001
    outer loop
      vertex  8.400000e+000 -1.827806e+001 -8.118656e+000
      vertex  4.400000e+000 -1.843932e+001 -7.745423e+000
      vertex  4.400000e+000 -1.828168e+001 -8.110506e+000
    endloop
  endfacet
  facet normal -2.304157e-005 -9.098172e-001 -4.150093e-001
    outer loop
      vertex  8.400000e+000 -1.827806e+001 -8.118656e+000
      vertex  4.400000e+000 -1.828168e+001 -8.110506e+000
      vertex  8.400000e+000 -1.811285e+001 -8.480844e+000
    endloop
  endfacet
  facet normal  2.376777e-005 -9.100080e-001 -4.145907e-001
    outer loop
      vertex  8.400000e+000 -1.811285e+001 -8.480844e+000
      vertex  4.400000e+000 -1.828168e+001 -8.110506e+000
      vertex  4.400000e+000 -1.811681e+001 -8.472383e+000
    endloop
  endfacet
  facet normal -2.379485e-005 -9.013771e-001 -4.330351e-001
    outer loop
      vertex  8.400000e+000 -1.811285e+001 -8.480844e+000
      vertex  4.400000e+000 -1.811681e+001 -8.472383e+000
      vertex  8.400000e+000 -1.794046e+001 -8.839672e+000
    endloop
  endfacet
  facet normal  2.479278e-005 -9.015835e-001 -4.326051e-001
    outer loop
      vertex  8.400000e+000 -1.794046e+001 -8.839672e+000
      vertex  4.400000e+000 -1.811681e+001 -8.472383e+000
      vertex  4.400000e+000 -1.794478e+001 -8.830910e+000
    endloop
  endfacet
  facet normal -2.496983e-005 -8.925802e-001 -4.508885e-001
    outer loop
      vertex  8.400000e+000 -1.794046e+001 -8.839672e+000
      vertex  4.400000e+000 -1.794478e+001 -8.830910e+000
      vertex  8.400000e+000 -1.776097e+001 -9.194997e+000
    endloop
  endfacet
  facet normal  2.587168e-005 -8.928049e-001 -4.504434e-001
    outer loop
      vertex  8.400000e+000 -1.776097e+001 -9.194997e+000
      vertex  4.400000e+000 -1.794478e+001 -8.830910e+000
      vertex  4.400000e+000 -1.776565e+001 -9.185946e+000
    endloop
  endfacet
  facet normal -2.610431e-005 -8.834301e-001 -4.685630e-001
    outer loop
      vertex  8.400000e+000 -1.776097e+001 -9.194997e+000
      vertex  4.400000e+000 -1.776565e+001 -9.185946e+000
      vertex  8.400000e+000 -1.757444e+001 -9.546679e+000
    endloop
  endfacet
  facet normal  2.690382e-005 -8.836733e-001 -4.681041e-001
    outer loop
      vertex  8.400000e+000 -1.757444e+001 -9.546679e+000
      vertex  4.400000e+000 -1.776565e+001 -9.185946e+000
      vertex  4.400000e+000 -1.757950e+001 -9.537350e+000
    endloop
  endfacet
  facet normal -2.730418e-005 -8.739280e-001 -4.860553e-001
    outer loop
      vertex  8.400000e+000 -1.757444e+001 -9.546679e+000
      vertex  4.400000e+000 -1.757950e+001 -9.537350e+000
      vertex  8.400000e+000 -1.738095e+001 -9.894580e+000
    endloop
  endfacet
  facet normal  2.812244e-005 -8.741915e-001 -4.855812e-001
    outer loop
      vertex  8.400000e+000 -1.738095e+001 -9.894580e+000
      vertex  4.400000e+000 -1.757950e+001 -9.537350e+000
      vertex  4.400000e+000 -1.738641e+001 -9.884984e+000
    endloop
  endfacet
  facet normal -2.832015e-005 -8.640789e-001 -5.033563e-001
    outer loop
      vertex  8.400000e+000 -1.738095e+001 -9.894580e+000
      vertex  4.400000e+000 -1.738641e+001 -9.884984e+000
      vertex  8.400000e+000 -1.718057e+001 -1.023856e+001
    endloop
  endfacet
  facet normal  2.942893e-005 -8.643631e-001 -5.028684e-001
    outer loop
      vertex  8.400000e+000 -1.718057e+001 -1.023856e+001
      vertex  4.400000e+000 -1.738641e+001 -9.884984e+000
      vertex  4.400000e+000 -1.718643e+001 -1.022871e+001
    endloop
  endfacet
  facet normal -2.923274e-005 -8.538910e-001 -5.204519e-001
    outer loop
      vertex  8.400000e+000 -1.718057e+001 -1.023856e+001
      vertex  4.400000e+000 -1.718643e+001 -1.022871e+001
      vertex  8.400000e+000 -1.697338e+001 -1.057848e+001
    endloop
  endfacet
  facet normal  3.068991e-005 -8.541954e-001 -5.199521e-001
    outer loop
      vertex  8.400000e+000 -1.697338e+001 -1.057848e+001
      vertex  4.400000e+000 -1.718643e+001 -1.022871e+001
      vertex  4.400000e+000 -1.697967e+001 -1.056839e+001
    endloop
  endfacet
  facet normal -3.020799e-005 -8.433641e-001 -5.373424e-001
    outer loop
      vertex  8.400000e+000 -1.697338e+001 -1.057848e+001
      vertex  4.400000e+000 -1.697967e+001 -1.056839e+001
      vertex  8.400000e+000 -1.675947e+001 -1.091422e+001
    endloop
  endfacet
  facet normal  3.137778e-005 -8.436868e-001 -5.368356e-001
    outer loop
      vertex  8.400000e+000 -1.675947e+001 -1.091422e+001
      vertex  4.400000e+000 -1.697967e+001 -1.056839e+001
      vertex  4.400000e+000 -1.676619e+001 -1.090390e+001
    endloop
  endfacet
  facet normal -3.174963e-005 -8.325011e-001 -5.540233e-001
    outer loop
      vertex  8.400000e+000 -1.675947e+001 -1.091422e+001
      vertex  4.400000e+000 -1.676619e+001 -1.090390e+001
      vertex  8.400000e+000 -1.653892e+001 -1.124563e+001
    endloop
  endfacet
  facet normal  3.276196e-005 -8.328494e-001 -5.534998e-001
    outer loop
      vertex  8.400000e+000 -1.653892e+001 -1.124563e+001
      vertex  4.400000e+000 -1.676619e+001 -1.090390e+001
      vertex  4.400000e+000 -1.654608e+001 -1.123509e+001
    endloop
  endfacet
  facet normal -3.263488e-005 -8.213092e-001 -5.704833e-001
    outer loop
      vertex  8.400000e+000 -1.653892e+001 -1.124563e+001
      vertex  4.400000e+000 -1.654608e+001 -1.123509e+001
      vertex  8.400000e+000 -1.631182e+001 -1.157258e+001
    endloop
  endfacet
  facet normal  3.360490e-005 -8.216770e-001 -5.699535e-001
    outer loop
      vertex  8.400000e+000 -1.631182e+001 -1.157258e+001
      vertex  4.400000e+000 -1.654608e+001 -1.123509e+001
      vertex  4.400000e+000 -1.631943e+001 -1.156184e+001
    endloop
  endfacet
  facet normal -3.402397e-005 -8.097906e-001 -5.867190e-001
    outer loop
      vertex  8.400000e+000 -1.631182e+001 -1.157258e+001
      vertex  4.400000e+000 -1.631943e+001 -1.156184e+001
      vertex  8.400000e+000 -1.607825e+001 -1.189495e+001
    endloop
  endfacet
  facet normal  3.491410e-005 -8.101838e-001 -5.861759e-001
    outer loop
      vertex  8.400000e+000 -1.607825e+001 -1.189495e+001
      vertex  4.400000e+000 -1.631943e+001 -1.156184e+001
      vertex  4.400000e+000 -1.608633e+001 -1.188402e+001
    endloop
  endfacet
  facet normal -3.496491e-005 -7.979549e-001 -6.027172e-001
    outer loop
      vertex  8.400000e+000 -1.607825e+001 -1.189495e+001
      vertex  4.400000e+000 -1.608633e+001 -1.188402e+001
      vertex  8.400000e+000 -1.583832e+001 -1.221260e+001
    endloop
  endfacet
  facet normal  3.604183e-005 -7.983705e-001 -6.021665e-001
    outer loop
      vertex  8.400000e+000 -1.583832e+001 -1.221260e+001
      vertex  4.400000e+000 -1.608633e+001 -1.188402e+001
      vertex  4.400000e+000 -1.584687e+001 -1.220150e+001
    endloop
  endfacet
  facet normal -3.610902e-005 -7.857996e-001 -6.184812e-001
    outer loop
      vertex  8.400000e+000 -1.583832e+001 -1.221260e+001
      vertex  4.400000e+000 -1.584687e+001 -1.220150e+001
      vertex  8.400000e+000 -1.559211e+001 -1.252542e+001
    endloop
  endfacet
  facet normal  3.700014e-005 -7.862383e-001 -6.179234e-001
    outer loop
      vertex  8.400000e+000 -1.559211e+001 -1.252542e+001
      vertex  4.400000e+000 -1.584687e+001 -1.220150e+001
      vertex  4.400000e+000 -1.560115e+001 -1.251416e+001
    endloop
  endfacet
  facet normal -3.740240e-005 -7.733341e-001 -6.339989e-001
    outer loop
      vertex  8.400000e+000 -1.559211e+001 -1.252542e+001
      vertex  4.400000e+000 -1.560115e+001 -1.251416e+001
      vertex  8.400000e+000 -1.533972e+001 -1.283327e+001
    endloop
  endfacet
  facet normal  3.834453e-005 -7.737995e-001 -6.334307e-001
    outer loop
      vertex  8.400000e+000 -1.533972e+001 -1.283327e+001
      vertex  4.400000e+000 -1.560115e+001 -1.251416e+001
      vertex  4.400000e+000 -1.534925e+001 -1.282187e+001
    endloop
  endfacet
  facet normal -3.833798e-005 -7.605619e-001 -6.492654e-001
    outer loop
      vertex  8.400000e+000 -1.533972e+001 -1.283327e+001
      vertex  4.400000e+000 -1.534925e+001 -1.282187e+001
      vertex  8.400000e+000 -1.508126e+001 -1.313605e+001
    endloop
  endfacet
  facet normal  3.938474e-005 -7.610505e-001 -6.486926e-001
    outer loop
      vertex  8.400000e+000 -1.508126e+001 -1.313605e+001
      vertex  4.400000e+000 -1.534925e+001 -1.282187e+001
      vertex  4.400000e+000 -1.509129e+001 -1.312451e+001
    endloop
  endfacet
  facet normal -3.955653e-005 -7.474890e-001 -6.642742e-001
    outer loop
      vertex  8.400000e+000 -1.508126e+001 -1.313605e+001
      vertex  4.400000e+000 -1.509129e+001 -1.312451e+001
      vertex  8.400000e+000 -1.481682e+001 -1.343361e+001
    endloop
  endfacet
  facet normal  4.049922e-005 -7.480034e-001 -6.636950e-001
    outer loop
      vertex  8.400000e+000 -1.481682e+001 -1.343361e+001
      vertex  4.400000e+000 -1.509129e+001 -1.312451e+001
      vertex  4.400000e+000 -1.482736e+001 -1.342197e+001
    endloop
  endfacet
  facet normal -4.072673e-005 -7.341186e-001 -6.790214e-001
    outer loop
      vertex  8.400000e+000 -1.481682e+001 -1.343361e+001
      vertex  4.400000e+000 -1.482736e+001 -1.342197e+001
      vertex  8.400000e+000 -1.454651e+001 -1.372586e+001
    endloop
  endfacet
  facet normal  4.188340e-005 -7.346606e-001 -6.784349e-001
    outer loop
      vertex  8.400000e+000 -1.454651e+001 -1.372586e+001
      vertex  4.400000e+000 -1.482736e+001 -1.342197e+001
      vertex  4.400000e+000 -1.455758e+001 -1.371412e+001
    endloop
  endfacet
  facet normal -4.161395e-005 -7.204608e-001 -6.934956e-001
    outer loop
      vertex  8.400000e+000 -1.454651e+001 -1.372586e+001
      vertex  4.400000e+000 -1.455758e+001 -1.371412e+001
      vertex  8.400000e+000 -1.427043e+001 -1.401266e+001
    endloop
  endfacet
  facet normal  4.269858e-005 -7.210252e-001 -6.929088e-001
    outer loop
      vertex  8.400000e+000 -1.427043e+001 -1.401266e+001
      vertex  4.400000e+000 -1.455758e+001 -1.371412e+001
      vertex  4.400000e+000 -1.428203e+001 -1.400084e+001
    endloop
  endfacet
  facet normal -4.309650e-005 -7.065124e-001 -7.077007e-001
    outer loop
      vertex  8.400000e+000 -1.427043e+001 -1.401266e+001
      vertex  4.400000e+000 -1.428203e+001 -1.400084e+001
      vertex  8.400000e+000 -1.398871e+001 -1.429392e+001
    endloop
  endfacet
  facet normal  4.400131e-005 -7.071068e-001 -7.071068e-001
    outer loop
      vertex  8.400000e+000 -1.398871e+001 -1.429392e+001
      vertex  4.400000e+000 -1.428203e+001 -1.400084e+001
      vertex  4.400000e+000 -1.400084e+001 -1.428203e+001
    endloop
  endfacet
  facet normal -4.407172e-005 -6.922886e-001 -7.216207e-001
    outer loop
      vertex  8.400000e+000 -1.398871e+001 -1.429392e+001
      vertex  4.400000e+000 -1.400084e+001 -1.428203e+001
      vertex  8.400000e+000 -1.370144e+001 -1.456951e+001
    endloop
  endfacet
  facet normal  4.514898e-005 -6.929088e-001 -7.210252e-001
    outer loop
      vertex  8.400000e+000 -1.370144e+001 -1.456951e+001
      vertex  4.400000e+000 -1.400084e+001 -1.428203e+001
      vertex  4.400000e+000 -1.371412e+001 -1.455758e+001
    endloop
  endfacet
  facet normal -4.522776e-005 -6.777882e-001 -7.352571e-001
    outer loop
      vertex  8.400000e+000 -1.370144e+001 -1.456951e+001
      vertex  4.400000e+000 -1.371412e+001 -1.455758e+001
      vertex  8.400000e+000 -1.340874e+001 -1.483933e+001
    endloop
  endfacet
  facet normal  4.616532e-005 -6.784349e-001 -7.346606e-001
    outer loop
      vertex  8.400000e+000 -1.340874e+001 -1.483933e+001
      vertex  4.400000e+000 -1.371412e+001 -1.455758e+001
      vertex  4.400000e+000 -1.342197e+001 -1.482736e+001
    endloop
  endfacet
  facet normal -4.650766e-005 -6.630187e-001 -7.486028e-001
    outer loop
      vertex  8.400000e+000 -1.340874e+001 -1.483933e+001
      vertex  4.400000e+000 -1.342197e+001 -1.482736e+001
      vertex  8.400000e+000 -1.311073e+001 -1.510327e+001
    endloop
  endfacet
  facet normal  4.745500e-005 -6.636950e-001 -7.480034e-001
    outer loop
      vertex  8.400000e+000 -1.311073e+001 -1.510327e+001
      vertex  4.400000e+000 -1.342197e+001 -1.482736e+001
      vertex  4.400000e+000 -1.312451e+001 -1.509129e+001
    endloop
  endfacet
  facet normal -4.751746e-005 -6.479888e-001 -7.616498e-001
    outer loop
      vertex  8.400000e+000 -1.311073e+001 -1.510327e+001
      vertex  4.400000e+000 -1.312451e+001 -1.509129e+001
      vertex  8.400000e+000 -1.280753e+001 -1.536122e+001
    endloop
  endfacet
  facet normal  4.870422e-005 -6.486926e-001 -7.610505e-001
    outer loop
      vertex  8.400000e+000 -1.280753e+001 -1.536122e+001
      vertex  4.400000e+000 -1.312451e+001 -1.509129e+001
      vertex  4.400000e+000 -1.282187e+001 -1.534925e+001
    endloop
  endfacet
  facet normal -4.857937e-005 -6.327013e-001 -7.743959e-001
    outer loop
      vertex  8.400000e+000 -1.280753e+001 -1.536122e+001
      vertex  4.400000e+000 -1.282187e+001 -1.534925e+001
      vertex  8.400000e+000 -1.249925e+001 -1.561310e+001
    endloop
  endfacet
  facet normal  4.958658e-005 -6.334307e-001 -7.737995e-001
    outer loop
      vertex  8.400000e+000 -1.249925e+001 -1.561310e+001
      vertex  4.400000e+000 -1.282187e+001 -1.534925e+001
      vertex  4.400000e+000 -1.251416e+001 -1.560115e+001
    endloop
  endfacet
  facet normal -5.000138e-005 -6.171623e-001 -7.868359e-001
    outer loop
      vertex  8.400000e+000 -1.249925e+001 -1.561310e+001
      vertex  4.400000e+000 -1.251416e+001 -1.560115e+001
      vertex  8.400000e+000 -1.218602e+001 -1.585878e+001
    endloop
  endfacet
  facet normal  5.092900e-005 -6.179234e-001 -7.862383e-001
    outer loop
      vertex  8.400000e+000 -1.218602e+001 -1.585878e+001
      vertex  4.400000e+000 -1.251416e+001 -1.560115e+001
      vertex  4.400000e+000 -1.220150e+001 -1.584687e+001
    endloop
  endfacet
  facet normal -5.098257e-005 -6.013805e-001 -7.989628e-001
    outer loop
      vertex  8.400000e+000 -1.218602e+001 -1.585878e+001
      vertex  4.400000e+000 -1.220150e+001 -1.584687e+001
      vertex  8.400000e+000 -1.186796e+001 -1.609818e+001
    endloop
  endfacet
  facet normal  5.176819e-005 -6.021665e-001 -7.983705e-001
    outer loop
      vertex  8.400000e+000 -1.186796e+001 -1.609818e+001
      vertex  4.400000e+000 -1.220150e+001 -1.584687e+001
      vertex  4.400000e+000 -1.188402e+001 -1.608633e+001
    endloop
  endfacet
  facet normal -5.247692e-005 -5.853561e-001 -8.107765e-001
    outer loop
      vertex  8.400000e+000 -1.186796e+001 -1.609818e+001
      vertex  4.400000e+000 -1.188402e+001 -1.608633e+001
      vertex  8.400000e+000 -1.154520e+001 -1.633121e+001
    endloop
  endfacet
  facet normal  5.324080e-005 -5.861759e-001 -8.101838e-001
    outer loop
      vertex  8.400000e+000 -1.154520e+001 -1.633121e+001
      vertex  4.400000e+000 -1.188402e+001 -1.608633e+001
      vertex  4.400000e+000 -1.156184e+001 -1.631943e+001
    endloop
  endfacet
  facet normal -5.331526e-005 -5.691059e-001 -8.222642e-001
    outer loop
      vertex  8.400000e+000 -1.154520e+001 -1.633121e+001
      vertex  4.400000e+000 -1.156184e+001 -1.631943e+001
      vertex  8.400000e+000 -1.121787e+001 -1.655776e+001
    endloop
  endfacet
  facet normal  5.455596e-005 -5.699535e-001 -8.216770e-001
    outer loop
      vertex  8.400000e+000 -1.121787e+001 -1.655776e+001
      vertex  4.400000e+000 -1.156184e+001 -1.631943e+001
      vertex  4.400000e+000 -1.123509e+001 -1.654608e+001
    endloop
  endfacet
  facet normal -5.434743e-005 -5.526264e-001 -8.334291e-001
    outer loop
      vertex  8.400000e+000 -1.121787e+001 -1.655776e+001
      vertex  4.400000e+000 -1.123509e+001 -1.654608e+001
      vertex  8.400000e+000 -1.088609e+001 -1.677775e+001
    endloop
  endfacet
  facet normal  5.543015e-005 -5.534998e-001 -8.328494e-001
    outer loop
      vertex  8.400000e+000 -1.088609e+001 -1.677775e+001
      vertex  4.400000e+000 -1.123509e+001 -1.654608e+001
      vertex  4.400000e+000 -1.090390e+001 -1.676619e+001
    endloop
  endfacet
  facet normal -5.578645e-005 -5.359282e-001 -8.442636e-001
    outer loop
      vertex  8.400000e+000 -1.088609e+001 -1.677775e+001
      vertex  4.400000e+000 -1.090390e+001 -1.676619e+001
      vertex  8.400000e+000 -1.055000e+001 -1.699110e+001
    endloop
  endfacet
  facet normal  5.692402e-005 -5.368356e-001 -8.436868e-001
    outer loop
      vertex  8.400000e+000 -1.055000e+001 -1.699110e+001
      vertex  4.400000e+000 -1.090390e+001 -1.676619e+001
      vertex  4.400000e+000 -1.056839e+001 -1.697967e+001
    endloop
  endfacet
  facet normal -5.649739e-005 -5.190433e-001 -8.547480e-001
    outer loop
      vertex  8.400000e+000 -1.055000e+001 -1.699110e+001
      vertex  4.400000e+000 -1.056839e+001 -1.697967e+001
      vertex  8.400000e+000 -1.021076e+001 -1.719710e+001
    endloop
  endfacet
  facet normal  5.478874e-005 -5.199521e-001 -8.541954e-001
    outer loop
      vertex  8.400000e+000 -1.021076e+001 -1.719710e+001
      vertex  4.400000e+000 -1.056839e+001 -1.697967e+001
      vertex  4.400000e+000 -1.022871e+001 -1.718643e+001
    endloop
  endfacet
  facet normal -5.434411e-005 -5.019826e-001 -8.648777e-001
    outer loop
      vertex  8.400000e+000 -1.021076e+001 -1.719710e+001
      vertex  4.400000e+000 -1.022871e+001 -1.718643e+001
      vertex  8.400000e+000 -9.867497e+000 -1.739634e+001
    endloop
  endfacet
  facet normal  5.265396e-005 -5.028684e-001 -8.643631e-001
    outer loop
      vertex  8.400000e+000 -9.867497e+000 -1.739634e+001
      vertex  4.400000e+000 -1.022871e+001 -1.718643e+001
      vertex  4.400000e+000 -9.884984e+000 -1.738641e+001
    endloop
  endfacet
  facet normal -5.226132e-005 -4.847213e-001 -8.746687e-001
    outer loop
      vertex  8.400000e+000 -9.867497e+000 -1.739634e+001
      vertex  4.400000e+000 -9.884984e+000 -1.738641e+001
      vertex  8.400000e+000 -9.520350e+000 -1.758872e+001
    endloop
  endfacet
  facet normal  5.025747e-005 -4.855812e-001 -8.741915e-001
    outer loop
      vertex  8.400000e+000 -9.520350e+000 -1.758872e+001
      vertex  4.400000e+000 -9.884984e+000 -1.738641e+001
      vertex  4.400000e+000 -9.537350e+000 -1.757950e+001
    endloop
  endfacet
  facet normal -5.043400e-005 -4.672667e-001 -8.841164e-001
    outer loop
      vertex  8.400000e+000 -9.520350e+000 -1.758872e+001
      vertex  4.400000e+000 -9.537350e+000 -1.757950e+001
      vertex  8.400000e+000 -9.169454e+000 -1.777417e+001
    endloop
  endfacet
  facet normal  4.814968e-005 -4.681041e-001 -8.836733e-001
    outer loop
      vertex  8.400000e+000 -9.169454e+000 -1.777417e+001
      vertex  4.400000e+000 -9.537350e+000 -1.757950e+001
      vertex  4.400000e+000 -9.185946e+000 -1.776565e+001
    endloop
  endfacet
  facet normal -4.831691e-005 -4.496340e-001 -8.932128e-001
    outer loop
      vertex  8.400000e+000 -9.169454e+000 -1.777417e+001
      vertex  4.400000e+000 -9.185946e+000 -1.776565e+001
      vertex  8.400000e+000 -8.814946e+000 -1.795263e+001
    endloop
  endfacet
  facet normal  4.582117e-005 -4.504434e-001 -8.928049e-001
    outer loop
      vertex  8.400000e+000 -8.814946e+000 -1.795263e+001
      vertex  4.400000e+000 -9.185946e+000 -1.776565e+001
      vertex  4.400000e+000 -8.830910e+000 -1.794478e+001
    endloop
  endfacet
  facet normal -4.647330e-005 -4.318186e-001 -9.019604e-001
    outer loop
      vertex  8.400000e+000 -8.814946e+000 -1.795263e+001
      vertex  4.400000e+000 -8.830910e+000 -1.794478e+001
      vertex  8.400000e+000 -8.456966e+000 -1.812401e+001
    endloop
  endfacet
  facet normal  4.394108e-005 -4.326051e-001 -9.015835e-001
    outer loop
      vertex  8.400000e+000 -8.456966e+000 -1.812401e+001
      vertex  4.400000e+000 -8.830910e+000 -1.794478e+001
      vertex  4.400000e+000 -8.472383e+000 -1.811681e+001
    endloop
  endfacet
  facet normal -4.417971e-005 -4.138366e-001 -9.103512e-001
    outer loop
      vertex  8.400000e+000 -8.456966e+000 -1.812401e+001
      vertex  4.400000e+000 -8.472383e+000 -1.811681e+001
      vertex  8.400000e+000 -8.095657e+000 -1.828826e+001
    endloop
  endfacet
  facet normal  4.155712e-005 -4.145907e-001 -9.100080e-001
    outer loop
      vertex  8.400000e+000 -8.095657e+000 -1.828826e+001
      vertex  4.400000e+000 -8.472383e+000 -1.811681e+001
      vertex  4.400000e+000 -8.110506e+000 -1.828168e+001
    endloop
  endfacet
  facet normal -4.239050e-005 -3.956897e-001 -9.183842e-001
    outer loop
      vertex  8.400000e+000 -8.095657e+000 -1.828826e+001
      vertex  4.400000e+000 -8.110506e+000 -1.828168e+001
      vertex  8.400000e+000 -7.731160e+000 -1.844530e+001
    endloop
  endfacet
  facet normal  3.988119e-005 -3.964212e-001 -9.180688e-001
    outer loop
      vertex  8.400000e+000 -7.731160e+000 -1.844530e+001
      vertex  4.400000e+000 -8.110506e+000 -1.828168e+001
      vertex  4.400000e+000 -7.745423e+000 -1.843932e+001
    endloop
  endfacet
  facet normal -3.994993e-005 -3.773855e-001 -9.260563e-001
    outer loop
      vertex  8.400000e+000 -7.731160e+000 -1.844530e+001
      vertex  4.400000e+000 -7.745423e+000 -1.843932e+001
      vertex  8.400000e+000 -7.363618e+000 -1.859508e+001
    endloop
  endfacet
  facet normal  3.794805e-005 -3.780852e-001 -9.257708e-001
    outer loop
      vertex  8.400000e+000 -7.363618e+000 -1.859508e+001
      vertex  4.400000e+000 -7.745423e+000 -1.843932e+001
      vertex  4.400000e+000 -7.377278e+000 -1.858967e+001
    endloop
  endfacet
  facet normal -3.770938e-005 -3.589400e-001 -9.333606e-001
    outer loop
      vertex  8.400000e+000 -7.363618e+000 -1.859508e+001
      vertex  4.400000e+000 -7.377278e+000 -1.858967e+001
      vertex  8.400000e+000 -6.993176e+000 -1.873754e+001
    endloop
  endfacet
  facet normal  3.558409e-005 -3.596048e-001 -9.331047e-001
    outer loop
      vertex  8.400000e+000 -6.993176e+000 -1.873754e+001
      vertex  4.400000e+000 -7.377278e+000 -1.858967e+001
      vertex  4.400000e+000 -7.006217e+000 -1.873267e+001
    endloop
  endfacet
  facet normal -3.598430e-005 -3.403424e-001 -9.403017e-001
    outer loop
      vertex  8.400000e+000 -6.993176e+000 -1.873754e+001
      vertex  4.400000e+000 -7.006217e+000 -1.873267e+001
      vertex  8.400000e+000 -6.619980e+000 -1.887262e+001
    endloop
  endfacet
  facet normal  3.371295e-005 -3.409804e-001 -9.400704e-001
    outer loop
      vertex  8.400000e+000 -6.619980e+000 -1.887262e+001
      vertex  4.400000e+000 -7.006217e+000 -1.873267e+001
      vertex  4.400000e+000 -6.632386e+000 -1.886827e+001
    endloop
  endfacet
  facet normal -3.373912e-005 -3.216194e-001 -9.468691e-001
    outer loop
      vertex  8.400000e+000 -6.619980e+000 -1.887262e+001
      vertex  4.400000e+000 -6.632386e+000 -1.886827e+001
      vertex  8.400000e+000 -6.244177e+000 -1.900027e+001
    endloop
  endfacet
  facet normal  3.194504e-005 -3.222260e-001 -9.466628e-001
    outer loop
      vertex  8.400000e+000 -6.244177e+000 -1.900027e+001
      vertex  4.400000e+000 -6.632386e+000 -1.886827e+001
      vertex  4.400000e+000 -6.255932e+000 -1.899640e+001
    endloop
  endfacet
  facet normal -3.141662e-005 -3.027705e-001 -9.530635e-001
    outer loop
      vertex  8.400000e+000 -6.244177e+000 -1.900027e+001
      vertex  4.400000e+000 -6.255932e+000 -1.899640e+001
      vertex  8.400000e+000 -5.865915e+000 -1.912044e+001
    endloop
  endfacet
  facet normal  2.952095e-005 -3.033381e-001 -9.528831e-001
    outer loop
      vertex  8.400000e+000 -5.865915e+000 -1.912044e+001
      vertex  4.400000e+000 -6.255932e+000 -1.899640e+001
      vertex  4.400000e+000 -5.877006e+000 -1.911703e+001
    endloop
  endfacet
  facet normal -2.978007e-005 -2.837933e-001 -9.588854e-001
    outer loop
      vertex  8.400000e+000 -5.865915e+000 -1.912044e+001
      vertex  4.400000e+000 -5.877006e+000 -1.911703e+001
      vertex  8.400000e+000 -5.485343e+000 -1.923307e+001
    endloop
  endfacet
  facet normal  2.785527e-005 -2.843344e-001 -9.587252e-001
    outer loop
      vertex  8.400000e+000 -5.485343e+000 -1.923307e+001
      vertex  4.400000e+000 -5.877006e+000 -1.911703e+001
      vertex  4.400000e+000 -5.495755e+000 -1.923010e+001
    endloop
  endfacet
  facet normal -2.737645e-005 -2.647142e-001 -9.643269e-001
    outer loop
      vertex  8.400000e+000 -5.485343e+000 -1.923307e+001
      vertex  4.400000e+000 -5.495755e+000 -1.923010e+001
      vertex  8.400000e+000 -5.102612e+000 -1.933813e+001
    endloop
  endfacet
  facet normal  2.525121e-005 -2.652121e-001 -9.641901e-001
    outer loop
      vertex  8.400000e+000 -5.102612e+000 -1.933813e+001
      vertex  4.400000e+000 -5.495755e+000 -1.923010e+001
      vertex  4.400000e+000 -5.112333e+000 -1.933556e+001
    endloop
  endfacet
  facet normal -2.594634e-005 -2.455205e-001 -9.693915e-001
    outer loop
      vertex  8.400000e+000 -5.102612e+000 -1.933813e+001
      vertex  4.400000e+000 -5.112333e+000 -1.933556e+001
      vertex  8.400000e+000 -4.717870e+000 -1.943558e+001
    endloop
  endfacet
  facet normal  2.356516e-005 -2.459923e-001 -9.692718e-001
    outer loop
      vertex  8.400000e+000 -4.717870e+000 -1.943558e+001
      vertex  4.400000e+000 -5.112333e+000 -1.933556e+001
      vertex  4.400000e+000 -4.726889e+000 -1.943339e+001
    endloop
  endfacet
  facet normal -2.359935e-005 -2.262395e-001 -9.740717e-001
    outer loop
      vertex  8.400000e+000 -4.717870e+000 -1.943558e+001
      vertex  4.400000e+000 -4.726889e+000 -1.943339e+001
      vertex  8.400000e+000 -4.331271e+000 -1.952537e+001
    endloop
  endfacet
  facet normal  2.203518e-005 -2.266773e-001 -9.739699e-001
    outer loop
      vertex  8.400000e+000 -4.331271e+000 -1.952537e+001
      vertex  4.400000e+000 -4.726889e+000 -1.943339e+001
      vertex  4.400000e+000 -4.339576e+000 -1.952353e+001
    endloop
  endfacet
  facet normal -2.112348e-005 -2.068677e-001 -9.783689e-001
    outer loop
      vertex  8.400000e+000 -4.331271e+000 -1.952537e+001
      vertex  4.400000e+000 -4.339576e+000 -1.952353e+001
      vertex  8.400000e+000 -3.942966e+000 -1.960747e+001
    endloop
  endfacet
  facet normal  1.968780e-005 -2.072616e-001 -9.782855e-001
    outer loop
      vertex  8.400000e+000 -3.942966e+000 -1.960747e+001
      vertex  4.400000e+000 -4.339576e+000 -1.952353e+001
      vertex  4.400000e+000 -3.950548e+000 -1.960595e+001
    endloop
  endfacet
  facet normal -1.946762e-005 -1.874094e-001 -9.822819e-001
    outer loop
      vertex  8.400000e+000 -3.942966e+000 -1.960747e+001
      vertex  4.400000e+000 -3.950548e+000 -1.960595e+001
      vertex  8.400000e+000 -3.553108e+000 -1.968185e+001
    endloop
  endfacet
  facet normal  1.806863e-005 -1.877738e-001 -9.822123e-001
    outer loop
      vertex  8.400000e+000 -3.553108e+000 -1.968185e+001
      vertex  4.400000e+000 -3.950548e+000 -1.960595e+001
      vertex  4.400000e+000 -3.559958e+000 -1.968062e+001
    endloop
  endfacet
  facet normal -1.710406e-005 -1.678836e-001 -9.858068e-001
    outer loop
      vertex  8.400000e+000 -3.553108e+000 -1.968185e+001
      vertex  4.400000e+000 -3.559958e+000 -1.968062e+001
      vertex  8.400000e+000 -3.161851e+000 -1.974849e+001
    endloop
  endfacet
  facet normal  1.576825e-005 -1.682046e-001 -9.857521e-001
    outer loop
      vertex  8.400000e+000 -3.161851e+000 -1.974849e+001
      vertex  4.400000e+000 -3.559958e+000 -1.968062e+001
      vertex  4.400000e+000 -3.167960e+000 -1.974751e+001
    endloop
  endfacet
  facet normal -1.542753e-005 -1.482905e-001 -9.889439e-001
    outer loop
      vertex  8.400000e+000 -3.161851e+000 -1.974849e+001
      vertex  4.400000e+000 -3.167960e+000 -1.974751e+001
      vertex  8.400000e+000 -2.769349e+000 -1.980734e+001
    endloop
  endfacet
  facet normal  1.336584e-005 -1.485730e-001 -9.889014e-001
    outer loop
      vertex  8.400000e+000 -2.769349e+000 -1.980734e+001
      vertex  4.400000e+000 -3.167960e+000 -1.974751e+001
      vertex  4.400000e+000 -2.774711e+000 -1.980659e+001
    endloop
  endfacet
  facet normal -1.389059e-005 -1.286304e-001 -9.916926e-001
    outer loop
      vertex  8.400000e+000 -2.769349e+000 -1.980734e+001
      vertex  4.400000e+000 -2.774711e+000 -1.980659e+001
      vertex  8.400000e+000 -2.375756e+000 -1.985839e+001
    endloop
  endfacet
  facet normal  1.180716e-005 -1.288838e-001 -9.916596e-001
    outer loop
      vertex  8.400000e+000 -2.375756e+000 -1.985839e+001
      vertex  4.400000e+000 -2.774711e+000 -1.980659e+001
      vertex  4.400000e+000 -2.380364e+000 -1.985784e+001
    endloop
  endfacet
  facet normal -1.150547e-005 -1.089316e-001 -9.940492e-001
    outer loop
      vertex  8.400000e+000 -2.375756e+000 -1.985839e+001
      vertex  4.400000e+000 -2.380364e+000 -1.985784e+001
      vertex  8.400000e+000 -1.981228e+000 -1.990163e+001
    endloop
  endfacet
  facet normal  9.721522e-006 -1.091418e-001 -9.940262e-001
    outer loop
      vertex  8.400000e+000 -1.981228e+000 -1.990163e+001
      vertex  4.400000e+000 -2.380364e+000 -1.985784e+001
      vertex  4.400000e+000 -1.985076e+000 -1.990124e+001
    endloop
  endfacet
  facet normal -9.667518e-006 -8.918481e-002 -9.960151e-001
    outer loop
      vertex  8.400000e+000 -1.981228e+000 -1.990163e+001
      vertex  4.400000e+000 -1.985076e+000 -1.990124e+001
      vertex  8.400000e+000 -1.585919e+000 -1.993702e+001
    endloop
  endfacet
  facet normal  7.626877e-006 -8.935674e-002 -9.959997e-001
    outer loop
      vertex  8.400000e+000 -1.585919e+000 -1.993702e+001
      vertex  4.400000e+000 -1.985076e+000 -1.990124e+001
      vertex  4.400000e+000 -1.589003e+000 -1.993678e+001
    endloop
  endfacet
  facet normal -7.857526e-006 -6.939964e-002 -9.975889e-001
    outer loop
      vertex  8.400000e+000 -1.585919e+000 -1.993702e+001
      vertex  4.400000e+000 -1.589003e+000 -1.993678e+001
      vertex  8.400000e+000 -1.189986e+000 -1.996457e+001
    endloop
  endfacet
  facet normal  5.536941e-006 -6.953327e-002 -9.975796e-001
    outer loop
      vertex  8.400000e+000 -1.189986e+000 -1.996457e+001
      vertex  4.400000e+000 -1.589003e+000 -1.993678e+001
      vertex  4.400000e+000 -1.192302e+000 -1.996443e+001
    endloop
  endfacet
  facet normal -6.051992e-006 -4.959040e-002 -9.987696e-001
    outer loop
      vertex  8.400000e+000 -1.189986e+000 -1.996457e+001
      vertex  4.400000e+000 -1.192302e+000 -1.996443e+001
      vertex  8.400000e+000 -7.935847e-001 -1.998425e+001
    endloop
  endfacet
  facet normal  3.960608e-006 -4.969060e-002 -9.987646e-001
    outer loop
      vertex  8.400000e+000 -7.935847e-001 -1.998425e+001
      vertex  4.400000e+000 -1.192302e+000 -1.996443e+001
      vertex  4.400000e+000 -7.951303e-001 -1.998419e+001
    endloop
  endfacet
  facet normal -3.751964e-006 -2.976192e-002 -9.995570e-001
    outer loop
      vertex  8.400000e+000 -7.935847e-001 -1.998425e+001
      vertex  4.400000e+000 -7.951303e-001 -1.998419e+001
      vertex  8.400000e+000 -3.968705e-001 -1.999606e+001
    endloop
  endfacet
  facet normal  1.951423e-006 -2.981916e-002 -9.995553e-001
    outer loop
      vertex  8.400000e+000 -3.968705e-001 -1.999606e+001
      vertex  4.400000e+000 -7.951303e-001 -1.998419e+001
      vertex  4.400000e+000 -3.976437e-001 -1.999605e+001
    endloop
  endfacet
  facet normal -1.896104e-006 -9.923845e-003 -9.999508e-001
    outer loop
      vertex  8.400000e+000 -3.968705e-001 -1.999606e+001
      vertex  4.400000e+000 -3.976437e-001 -1.999605e+001
      vertex  8.400000e+000  3.673819e-015 -2.000000e+001
    endloop
  endfacet
  facet normal  -0.000000e+000 -9.942916e-003 -9.999506e-001
    outer loop
      vertex  8.400000e+000  3.673819e-015 -2.000000e+001
      vertex  4.400000e+000 -3.976437e-001 -1.999605e+001
      vertex  4.400000e+000  3.673819e-015 -2.000000e+001
    endloop
  endfacet
  facet normal  0.000000e+000  9.923845e-003 -9.999508e-001
    outer loop
      vertex  8.400000e+000  3.673819e-015 -2.000000e+001
      vertex  4.400000e+000  3.673819e-015 -2.000000e+001
      vertex  8.400000e+000  3.968705e-001 -1.999606e+001
    endloop
  endfacet
  facet normal -1.892417e-006  9.942916e-003 -9.999506e-001
    outer loop
      vertex  8.400000e+000  3.968705e-001 -1.999606e+001
      vertex  4.400000e+000  3.673819e-015 -2.000000e+001
      vertex  4.400000e+000  3.976437e-001 -1.999605e+001
    endloop
  endfacet
  facet normal  1.940352e-006  2.976192e-002 -9.995570e-001
    outer loop
      vertex  8.400000e+000  3.968705e-001 -1.999606e+001
      vertex  4.400000e+000  3.976437e-001 -1.999605e+001
      vertex  8.400000e+000  7.935847e-001 -1.998425e+001
    endloop
  endfacet
  facet normal -3.729823e-006  2.981916e-002 -9.995553e-001
    outer loop
      vertex  8.400000e+000  7.935847e-001 -1.998425e+001
      vertex  4.400000e+000  3.976437e-001 -1.999605e+001
      vertex  4.400000e+000  7.951303e-001 -1.998419e+001
    endloop
  endfacet
  facet normal  3.921814e-006  4.959040e-002 -9.987696e-001
    outer loop
      vertex  8.400000e+000  7.935847e-001 -1.998425e+001
      vertex  4.400000e+000  7.951303e-001 -1.998419e+001
      vertex  8.400000e+000  1.189986e+000 -1.996457e+001
    endloop
  endfacet
  facet normal -5.993800e-006  4.969060e-002 -9.987646e-001
    outer loop
      vertex  8.400000e+000  1.189986e+000 -1.996457e+001
      vertex  4.400000e+000  7.951303e-001 -1.998419e+001
      vertex  4.400000e+000  1.192302e+000 -1.996443e+001
    endloop
  endfacet
  facet normal  5.459244e-006  6.939964e-002 -9.975889e-001
    outer loop
      vertex  8.400000e+000  1.189986e+000 -1.996457e+001
      vertex  4.400000e+000  1.192302e+000 -1.996443e+001
      vertex  8.400000e+000  1.585919e+000 -1.993702e+001
    endloop
  endfacet
  facet normal -7.753929e-006  6.953327e-002 -9.975796e-001
    outer loop
      vertex  8.400000e+000  1.585919e+000 -1.993702e+001
      vertex  4.400000e+000  1.192302e+000 -1.996443e+001
      vertex  4.400000e+000  1.589003e+000 -1.993678e+001
    endloop
  endfacet
  facet normal  7.493375e-006  8.918481e-002 -9.960151e-001
    outer loop
      vertex  8.400000e+000  1.585919e+000 -1.993702e+001
      vertex  4.400000e+000  1.589003e+000 -1.993678e+001
      vertex  8.400000e+000  1.981228e+000 -1.990163e+001
    endloop
  endfacet
  facet normal -9.500648e-006  8.935674e-002 -9.959997e-001
    outer loop
      vertex  8.400000e+000  1.981228e+000 -1.990163e+001
      vertex  4.400000e+000  1.589003e+000 -1.993678e+001
      vertex  4.400000e+000  1.985076e+000 -1.990124e+001
    endloop
  endfacet
  facet normal  9.517101e-006  1.089316e-001 -9.940492e-001
    outer loop
      vertex  8.400000e+000  1.981228e+000 -1.990163e+001
      vertex  4.400000e+000  1.985076e+000 -1.990124e+001
      vertex  8.400000e+000  2.375756e+000 -1.985839e+001
    endloop
  endfacet
  facet normal -1.126016e-005  1.091418e-001 -9.940262e-001
    outer loop
      vertex  8.400000e+000  2.375756e+000 -1.985839e+001
      vertex  4.400000e+000  1.985076e+000 -1.990124e+001
      vertex  4.400000e+000  2.380364e+000 -1.985784e+001
    endloop
  endfacet
  facet normal  1.151075e-005  1.286304e-001 -9.916926e-001
    outer loop
      vertex  8.400000e+000  2.375756e+000 -1.985839e+001
      vertex  4.400000e+000  2.380364e+000 -1.985784e+001
      vertex  8.400000e+000  2.769349e+000 -1.980734e+001
    endloop
  endfacet
  facet normal -1.354477e-005  1.288838e-001 -9.916596e-001
    outer loop
      vertex  8.400000e+000  2.769349e+000 -1.980734e+001
      vertex  4.400000e+000  2.380364e+000 -1.985784e+001
      vertex  4.400000e+000  2.774711e+000 -1.980659e+001
    endloop
  endfacet
  facet normal  1.297910e-005  1.482905e-001 -9.889439e-001
    outer loop
      vertex  8.400000e+000  2.769349e+000 -1.980734e+001
      vertex  4.400000e+000  2.774711e+000 -1.980659e+001
      vertex  8.400000e+000  3.161851e+000 -1.974849e+001
    endloop
  endfacet
  facet normal -1.498558e-005  1.485730e-001 -9.889014e-001
    outer loop
      vertex  8.400000e+000  3.161851e+000 -1.974849e+001
      vertex  4.400000e+000  2.774711e+000 -1.980659e+001
      vertex  4.400000e+000  3.167960e+000 -1.974751e+001
    endloop
  endfacet
  facet normal  1.526466e-005  1.678836e-001 -9.858068e-001
    outer loop
      vertex  8.400000e+000  3.161851e+000 -1.974849e+001
      vertex  4.400000e+000  3.167960e+000 -1.974751e+001
      vertex  8.400000e+000  3.553108e+000 -1.968185e+001
    endloop
  endfacet
  facet normal -1.653751e-005  1.682046e-001 -9.857521e-001
    outer loop
      vertex  8.400000e+000  3.553108e+000 -1.968185e+001
      vertex  4.400000e+000  3.167960e+000 -1.974751e+001
      vertex  4.400000e+000  3.559958e+000 -1.968062e+001
    endloop
  endfacet
  facet normal  1.742294e-005  1.874094e-001 -9.822819e-001
    outer loop
      vertex  8.400000e+000  3.553108e+000 -1.968185e+001
      vertex  4.400000e+000  3.559958e+000 -1.968062e+001
      vertex  8.400000e+000  3.942966e+000 -1.960747e+001
    endloop
  endfacet
  facet normal -1.875016e-005  1.877738e-001 -9.822123e-001
    outer loop
      vertex  8.400000e+000  3.942966e+000 -1.960747e+001
      vertex  4.400000e+000  3.559958e+000 -1.968062e+001
      vertex  4.400000e+000  3.950548e+000 -1.960595e+001
    endloop
  endfacet
  facet normal  1.890924e-005  2.068677e-001 -9.783689e-001
    outer loop
      vertex  8.400000e+000  3.942966e+000 -1.960747e+001
      vertex  4.400000e+000  3.950548e+000 -1.960595e+001
      vertex  8.400000e+000  4.331271e+000 -1.952537e+001
    endloop
  endfacet
  facet normal -2.026707e-005  2.072616e-001 -9.782855e-001
    outer loop
      vertex  8.400000e+000  4.331271e+000 -1.952537e+001
      vertex  4.400000e+000  3.950548e+000 -1.960595e+001
      vertex  4.400000e+000  4.339576e+000 -1.952353e+001
    endloop
  endfacet
  facet normal  2.107940e-005  2.262395e-001 -9.740717e-001
    outer loop
      vertex  8.400000e+000  4.331271e+000 -1.952537e+001
      vertex  4.400000e+000  4.339576e+000 -1.952353e+001
      vertex  8.400000e+000  4.717870e+000 -1.943558e+001
    endloop
  endfacet
  facet normal -2.255666e-005  2.266773e-001 -9.739699e-001
    outer loop
      vertex  8.400000e+000  4.717870e+000 -1.943558e+001
      vertex  4.400000e+000  4.339576e+000 -1.952353e+001
      vertex  4.400000e+000  4.726889e+000 -1.943339e+001
    endloop
  endfacet
  facet normal  2.243604e-005  2.455205e-001 -9.693915e-001
    outer loop
      vertex  8.400000e+000  4.717870e+000 -1.943558e+001
      vertex  4.400000e+000  4.726889e+000 -1.943339e+001
      vertex  8.400000e+000  5.102612e+000 -1.933813e+001
    endloop
  endfacet
  facet normal -2.472303e-005  2.459923e-001 -9.692718e-001
    outer loop
      vertex  8.400000e+000  5.102612e+000 -1.933813e+001
      vertex  4.400000e+000  4.726889e+000 -1.943339e+001
      vertex  4.400000e+000  5.112333e+000 -1.933556e+001
    endloop
  endfacet
  facet normal  2.395338e-005  2.647142e-001 -9.643269e-001
    outer loop
      vertex  8.400000e+000  5.102612e+000 -1.933813e+001
      vertex  4.400000e+000  5.112333e+000 -1.933556e+001
      vertex  8.400000e+000  5.485343e+000 -1.923307e+001
    endloop
  endfacet
  facet normal -2.597891e-005  2.652121e-001 -9.641901e-001
    outer loop
      vertex  8.400000e+000  5.485343e+000 -1.923307e+001
      vertex  4.400000e+000  5.112333e+000 -1.933556e+001
      vertex  4.400000e+000  5.495755e+000 -1.923010e+001
    endloop
  endfacet
  facet normal  2.632766e-005  2.837933e-001 -9.588854e-001
    outer loop
      vertex  8.400000e+000  5.485343e+000 -1.923307e+001
      vertex  4.400000e+000  5.495755e+000 -1.923010e+001
      vertex  8.400000e+000  5.865915e+000 -1.912044e+001
    endloop
  endfacet
  facet normal -2.814323e-005  2.843344e-001 -9.587252e-001
    outer loop
      vertex  8.400000e+000  5.865915e+000 -1.912044e+001
      vertex  4.400000e+000  5.495755e+000 -1.923010e+001
      vertex  4.400000e+000  5.877006e+000 -1.911703e+001
    endloop
  endfacet
  facet normal  2.779360e-005  3.027705e-001 -9.530635e-001
    outer loop
      vertex  8.400000e+000  5.865915e+000 -1.912044e+001
      vertex  4.400000e+000  5.877006e+000 -1.911703e+001
      vertex  8.400000e+000  6.244177e+000 -1.900027e+001
    endloop
  endfacet
  facet normal -2.957421e-005  3.033381e-001 -9.528831e-001
    outer loop
      vertex  8.400000e+000  6.244177e+000 -1.900027e+001
      vertex  4.400000e+000  5.877006e+000 -1.911703e+001
      vertex  4.400000e+000  6.255932e+000 -1.899640e+001
    endloop
  endfacet
  facet normal  2.996286e-005  3.216194e-001 -9.468691e-001
    outer loop
      vertex  8.400000e+000  6.244177e+000 -1.900027e+001
      vertex  4.400000e+000  6.255932e+000 -1.899640e+001
      vertex  8.400000e+000  6.619980e+000 -1.887262e+001
    endloop
  endfacet
  facet normal -3.163296e-005  3.222260e-001 -9.466628e-001
    outer loop
      vertex  8.400000e+000  6.619980e+000 -1.887262e+001
      vertex  4.400000e+000  6.255932e+000 -1.899640e+001
      vertex  4.400000e+000  6.632386e+000 -1.886827e+001
    endloop
  endfacet
  facet normal  3.148231e-005  3.403424e-001 -9.403017e-001
    outer loop
      vertex  8.400000e+000  6.619980e+000 -1.887262e+001
      vertex  4.400000e+000  6.632386e+000 -1.886827e+001
      vertex  8.400000e+000  6.993176e+000 -1.873754e+001
    endloop
  endfacet
  facet normal -3.362247e-005  3.409804e-001 -9.400704e-001
    outer loop
      vertex  8.400000e+000  6.993176e+000 -1.873754e+001
      vertex  4.400000e+000  6.632386e+000 -1.886827e+001
      vertex  4.400000e+000  7.006217e+000 -1.873267e+001
    endloop
  endfacet
  facet normal  3.310507e-005  3.589400e-001 -9.333606e-001
    outer loop
      vertex  8.400000e+000  6.993176e+000 -1.873754e+001
      vertex  4.400000e+000  7.006217e+000 -1.873267e+001
      vertex  8.400000e+000  7.363618e+000 -1.859508e+001
    endloop
  endfacet
  facet normal -3.509276e-005  3.596048e-001 -9.331047e-001
    outer loop
      vertex  8.400000e+000  7.363618e+000 -1.859508e+001
      vertex  4.400000e+000  7.006217e+000 -1.873267e+001
      vertex  4.400000e+000  7.377278e+000 -1.858967e+001
    endloop
  endfacet
  facet normal  3.517226e-005  3.773855e-001 -9.260563e-001
    outer loop
      vertex  8.400000e+000  7.363618e+000 -1.859508e+001
      vertex  4.400000e+000  7.377278e+000 -1.858967e+001
      vertex  8.400000e+000  7.731160e+000 -1.844530e+001
    endloop
  endfacet
  facet normal -3.702793e-005  3.780852e-001 -9.257708e-001
    outer loop
      vertex  8.400000e+000  7.731160e+000 -1.844530e+001
      vertex  4.400000e+000  7.377278e+000 -1.858967e+001
      vertex  4.400000e+000  7.745423e+000 -1.843932e+001
    endloop
  endfacet
  facet normal  3.680091e-005  3.956897e-001 -9.183842e-001
    outer loop
      vertex  8.400000e+000  7.731160e+000 -1.844530e+001
      vertex  4.400000e+000  7.745423e+000 -1.843932e+001
      vertex  8.400000e+000  8.095657e+000 -1.828826e+001
    endloop
  endfacet
  facet normal -3.915617e-005  3.964212e-001 -9.180688e-001
    outer loop
      vertex  8.400000e+000  8.095657e+000 -1.828826e+001
      vertex  4.400000e+000  7.745423e+000 -1.843932e+001
      vertex  4.400000e+000  8.110506e+000 -1.828168e+001
    endloop
  endfacet
  facet normal  3.819283e-005  4.138366e-001 -9.103512e-001
    outer loop
      vertex  8.400000e+000  8.095657e+000 -1.828826e+001
      vertex  4.400000e+000  8.110506e+000 -1.828168e+001
      vertex  8.400000e+000  8.456966e+000 -1.812401e+001
    endloop
  endfacet
  facet normal -4.065526e-005  4.145907e-001 -9.100080e-001
    outer loop
      vertex  8.400000e+000  8.456966e+000 -1.812401e+001
      vertex  4.400000e+000  8.110506e+000 -1.828168e+001
      vertex  4.400000e+000  8.472383e+000 -1.811681e+001
    endloop
  endfacet
  facet normal  4.023128e-005  4.318186e-001 -9.019604e-001
    outer loop
      vertex  8.400000e+000  8.456966e+000 -1.812401e+001
      vertex  4.400000e+000  8.472383e+000 -1.811681e+001
      vertex  8.400000e+000  8.814946e+000 -1.795263e+001
    endloop
  endfacet
  facet normal -4.259494e-005  4.326051e-001 -9.015835e-001
    outer loop
      vertex  8.400000e+000  8.814946e+000 -1.795263e+001
      vertex  4.400000e+000  8.472383e+000 -1.811681e+001
      vertex  4.400000e+000  8.830910e+000 -1.794478e+001
    endloop
  endfacet
  facet normal  4.179058e-005  4.496340e-001 -8.932128e-001
    outer loop
      vertex  8.400000e+000  8.814946e+000 -1.795263e+001
      vertex  4.400000e+000  8.830910e+000 -1.794478e+001
      vertex  8.400000e+000  9.169454e+000 -1.777417e+001
    endloop
  endfacet
  facet normal -4.411114e-005  4.504434e-001 -8.928049e-001
    outer loop
      vertex  8.400000e+000  9.169454e+000 -1.777417e+001
      vertex  4.400000e+000  8.830910e+000 -1.794478e+001
      vertex  4.400000e+000  9.185946e+000 -1.776565e+001
    endloop
  endfacet
  facet normal  4.375347e-005  4.672667e-001 -8.841164e-001
    outer loop
      vertex  8.400000e+000  9.169454e+000 -1.777417e+001
      vertex  4.400000e+000  9.185946e+000 -1.776565e+001
      vertex  8.400000e+000  9.520350e+000 -1.758872e+001
    endloop
  endfacet
  facet normal -4.585468e-005  4.681041e-001 -8.836733e-001
    outer loop
      vertex  8.400000e+000  9.520350e+000 -1.758872e+001
      vertex  4.400000e+000  9.185946e+000 -1.776565e+001
      vertex  4.400000e+000  9.537350e+000 -1.757950e+001
    endloop
  endfacet
  facet normal  4.550419e-005  4.847213e-001 -8.746687e-001
    outer loop
      vertex  8.400000e+000  9.520350e+000 -1.758872e+001
      vertex  4.400000e+000  9.537350e+000 -1.757950e+001
      vertex  8.400000e+000  9.867497e+000 -1.739634e+001
    endloop
  endfacet
  facet normal -4.731773e-005  4.855812e-001 -8.741915e-001
    outer loop
      vertex  8.400000e+000  9.867497e+000 -1.739634e+001
      vertex  4.400000e+000  9.537350e+000 -1.757950e+001
      vertex  4.400000e+000  9.884984e+000 -1.738641e+001
    endloop
  endfacet
  facet normal  4.750393e-005  5.019826e-001 -8.648777e-001
    outer loop
      vertex  8.400000e+000  9.867497e+000 -1.739634e+001
      vertex  4.400000e+000  9.884984e+000 -1.738641e+001
      vertex  8.400000e+000  1.021076e+001 -1.719710e+001
    endloop
  endfacet
  facet normal -4.899621e-005  5.028684e-001 -8.643631e-001
    outer loop
      vertex  8.400000e+000  1.021076e+001 -1.719710e+001
      vertex  4.400000e+000  9.884984e+000 -1.738641e+001
      vertex  4.400000e+000  1.022871e+001 -1.718643e+001
    endloop
  endfacet
  facet normal  4.923680e-005  5.190433e-001 -8.547480e-001
    outer loop
      vertex  8.400000e+000  1.021076e+001 -1.719710e+001
      vertex  4.400000e+000  1.022871e+001 -1.718643e+001
      vertex  8.400000e+000  1.055000e+001 -1.699110e+001
    endloop
  endfacet
  facet normal -5.073974e-005  5.199521e-001 -8.541954e-001
    outer loop
      vertex  8.400000e+000  1.055000e+001 -1.699110e+001
      vertex  4.400000e+000  1.022871e+001 -1.718643e+001
      vertex  4.400000e+000  1.056839e+001 -1.697967e+001
    endloop
  endfacet
  facet normal  5.110345e-005  5.359282e-001 -8.442636e-001
    outer loop
      vertex  8.400000e+000  1.055000e+001 -1.699110e+001
      vertex  4.400000e+000  1.056839e+001 -1.697967e+001
      vertex  8.400000e+000  1.088609e+001 -1.677775e+001
    endloop
  endfacet
  facet normal -5.007989e-005  5.368356e-001 -8.436868e-001
    outer loop
      vertex  8.400000e+000  1.088609e+001 -1.677775e+001
      vertex  4.400000e+000  1.056839e+001 -1.697967e+001
      vertex  4.400000e+000  1.090390e+001 -1.676619e+001
    endloop
  endfacet
  facet normal  4.986644e-005  5.526264e-001 -8.334291e-001
    outer loop
      vertex  8.400000e+000  1.088609e+001 -1.677775e+001
      vertex  4.400000e+000  1.090390e+001 -1.676619e+001
      vertex  8.400000e+000  1.121787e+001 -1.655776e+001
    endloop
  endfacet
  facet normal -4.889506e-005  5.534998e-001 -8.328494e-001
    outer loop
      vertex  8.400000e+000  1.121787e+001 -1.655776e+001
      vertex  4.400000e+000  1.090390e+001 -1.676619e+001
      vertex  4.400000e+000  1.123509e+001 -1.654608e+001
    endloop
  endfacet
  facet normal  4.919286e-005  5.691059e-001 -8.222642e-001
    outer loop
      vertex  8.400000e+000  1.121787e+001 -1.655776e+001
      vertex  4.400000e+000  1.123509e+001 -1.654608e+001
      vertex  8.400000e+000  1.154520e+001 -1.633121e+001
    endloop
  endfacet
  facet normal -4.806162e-005  5.699535e-001 -8.216770e-001
    outer loop
      vertex  8.400000e+000  1.154520e+001 -1.633121e+001
      vertex  4.400000e+000  1.123509e+001 -1.654608e+001
      vertex  4.400000e+000  1.156184e+001 -1.631943e+001
    endloop
  endfacet
  facet normal  4.808681e-005  5.853561e-001 -8.107765e-001
    outer loop
      vertex  8.400000e+000  1.154520e+001 -1.633121e+001
      vertex  4.400000e+000  1.156184e+001 -1.631943e+001
      vertex  8.400000e+000  1.186796e+001 -1.609818e+001
    endloop
  endfacet
  facet normal -4.742998e-005  5.861759e-001 -8.101838e-001
    outer loop
      vertex  8.400000e+000  1.186796e+001 -1.609818e+001
      vertex  4.400000e+000  1.156184e+001 -1.631943e+001
      vertex  4.400000e+000  1.188402e+001 -1.608633e+001
    endloop
  endfacet
  facet normal  4.685790e-005  6.013805e-001 -7.989628e-001
    outer loop
      vertex  8.400000e+000  1.186796e+001 -1.609818e+001
      vertex  4.400000e+000  1.188402e+001 -1.608633e+001
      vertex  8.400000e+000  1.218602e+001 -1.585878e+001
    endloop
  endfacet
  facet normal -4.617714e-005  6.021665e-001 -7.983705e-001
    outer loop
      vertex  8.400000e+000  1.218602e+001 -1.585878e+001
      vertex  4.400000e+000  1.188402e+001 -1.608633e+001
      vertex  4.400000e+000  1.220150e+001 -1.584687e+001
    endloop
  endfacet
  facet normal  4.620390e-005  6.171623e-001 -7.868359e-001
    outer loop
      vertex  8.400000e+000  1.218602e+001 -1.585878e+001
      vertex  4.400000e+000  1.220150e+001 -1.584687e+001
      vertex  8.400000e+000  1.249925e+001 -1.561310e+001
    endloop
  endfacet
  facet normal -4.537885e-005  6.179234e-001 -7.862383e-001
    outer loop
      vertex  8.400000e+000  1.249925e+001 -1.561310e+001
      vertex  4.400000e+000  1.220150e+001 -1.584687e+001
      vertex  4.400000e+000  1.251416e+001 -1.560115e+001
    endloop
  endfacet
  facet normal  4.508608e-005  6.327013e-001 -7.743959e-001
    outer loop
      vertex  8.400000e+000  1.249925e+001 -1.561310e+001
      vertex  4.400000e+000  1.251416e+001 -1.560115e+001
      vertex  8.400000e+000  1.280753e+001 -1.536122e+001
    endloop
  endfacet
  facet normal -4.417903e-005  6.334307e-001 -7.737995e-001
    outer loop
      vertex  8.400000e+000  1.280753e+001 -1.536122e+001
      vertex  4.400000e+000  1.251416e+001 -1.560115e+001
      vertex  4.400000e+000  1.282187e+001 -1.534925e+001
    endloop
  endfacet
  facet normal  4.438663e-005  6.479888e-001 -7.616498e-001
    outer loop
      vertex  8.400000e+000  1.280753e+001 -1.536122e+001
      vertex  4.400000e+000  1.282187e+001 -1.534925e+001
      vertex  8.400000e+000  1.311073e+001 -1.510327e+001
    endloop
  endfacet
  facet normal -4.329799e-005  6.486926e-001 -7.610505e-001
    outer loop
      vertex  8.400000e+000  1.311073e+001 -1.510327e+001
      vertex  4.400000e+000  1.282187e+001 -1.534925e+001
      vertex  4.400000e+000  1.312451e+001 -1.509129e+001
    endloop
  endfacet
  facet normal  4.333039e-005  6.630187e-001 -7.486028e-001
    outer loop
      vertex  8.400000e+000  1.311073e+001 -1.510327e+001
      vertex  4.400000e+000  1.312451e+001 -1.509129e+001
      vertex  8.400000e+000  1.340874e+001 -1.483933e+001
    endloop
  endfacet
  facet normal -4.247891e-005  6.636950e-001 -7.480034e-001
    outer loop
      vertex  8.400000e+000  1.340874e+001 -1.483933e+001
      vertex  4.400000e+000  1.312451e+001 -1.509129e+001
      vertex  4.400000e+000  1.342197e+001 -1.482736e+001
    endloop
  endfacet
  facet normal  4.224273e-005  6.777882e-001 -7.352571e-001
    outer loop
      vertex  8.400000e+000  1.340874e+001 -1.483933e+001
      vertex  4.400000e+000  1.342197e+001 -1.482736e+001
      vertex  8.400000e+000  1.370144e+001 -1.456951e+001
    endloop
  endfacet
  facet normal -4.139853e-005  6.784349e-001 -7.346606e-001
    outer loop
      vertex  8.400000e+000  1.370144e+001 -1.456951e+001
      vertex  4.400000e+000  1.342197e+001 -1.482736e+001
      vertex  4.400000e+000  1.371412e+001 -1.455758e+001
    endloop
  endfacet
  facet normal  4.140694e-005  6.922886e-001 -7.216207e-001
    outer loop
      vertex  8.400000e+000  1.370144e+001 -1.456951e+001
      vertex  4.400000e+000  1.371412e+001 -1.455758e+001
      vertex  8.400000e+000  1.398871e+001 -1.429392e+001
    endloop
  endfacet
  facet normal -4.042106e-005  6.929088e-001 -7.210252e-001
    outer loop
      vertex  8.400000e+000  1.398871e+001 -1.429392e+001
      vertex  4.400000e+000  1.371412e+001 -1.455758e+001
      vertex  4.400000e+000  1.400084e+001 -1.428203e+001
    endloop
  endfacet
  facet normal  4.043387e-005  7.065124e-001 -7.077007e-001
    outer loop
      vertex  8.400000e+000  1.398871e+001 -1.429392e+001
      vertex  4.400000e+000  1.400084e+001 -1.428203e+001
      vertex  8.400000e+000  1.427043e+001 -1.401266e+001
    endloop
  endfacet
  facet normal -3.961804e-005  7.071068e-001 -7.071068e-001
    outer loop
      vertex  8.400000e+000  1.427043e+001 -1.401266e+001
      vertex  4.400000e+000  1.400084e+001 -1.428203e+001
      vertex  4.400000e+000  1.428203e+001 -1.400084e+001
    endloop
  endfacet
  facet normal  3.932790e-005  7.204608e-001 -6.934956e-001
    outer loop
      vertex  8.400000e+000  1.427043e+001 -1.401266e+001
      vertex  4.400000e+000  1.428203e+001 -1.400084e+001
      vertex  8.400000e+000  1.454651e+001 -1.372586e+001
    endloop
  endfacet
  facet normal -3.832986e-005  7.210252e-001 -6.929088e-001
    outer loop
      vertex  8.400000e+000  1.454651e+001 -1.372586e+001
      vertex  4.400000e+000  1.428203e+001 -1.400084e+001
      vertex  4.400000e+000  1.455758e+001 -1.371412e+001
    endloop
  endfacet
  facet normal  3.866231e-005  7.341186e-001 -6.790214e-001
    outer loop
      vertex  8.400000e+000  1.454651e+001 -1.372586e+001
      vertex  4.400000e+000  1.455758e+001 -1.371412e+001
      vertex  8.400000e+000  1.481682e+001 -1.343361e+001
    endloop
  endfacet
  facet normal -3.759044e-005  7.346606e-001 -6.784349e-001
    outer loop
      vertex  8.400000e+000  1.481682e+001 -1.343361e+001
      vertex  4.400000e+000  1.455758e+001 -1.371412e+001
      vertex  4.400000e+000  1.482736e+001 -1.342197e+001
    endloop
  endfacet
  facet normal  3.745679e-005  7.474890e-001 -6.642742e-001
    outer loop
      vertex  8.400000e+000  1.481682e+001 -1.343361e+001
      vertex  4.400000e+000  1.482736e+001 -1.342197e+001
      vertex  8.400000e+000  1.508126e+001 -1.313605e+001
    endloop
  endfacet
  facet normal -3.659626e-005  7.480034e-001 -6.636950e-001
    outer loop
      vertex  8.400000e+000  1.508126e+001 -1.313605e+001
      vertex  4.400000e+000  1.482736e+001 -1.342197e+001
      vertex  4.400000e+000  1.509129e+001 -1.312451e+001
    endloop
  endfacet
  facet normal  3.650778e-005  7.605619e-001 -6.492654e-001
    outer loop
      vertex  8.400000e+000  1.508126e+001 -1.313605e+001
      vertex  4.400000e+000  1.509129e+001 -1.312451e+001
      vertex  8.400000e+000  1.533972e+001 -1.283327e+001
    endloop
  endfacet
  facet normal -3.554096e-005  7.610505e-001 -6.486926e-001
    outer loop
      vertex  8.400000e+000  1.533972e+001 -1.283327e+001
      vertex  4.400000e+000  1.509129e+001 -1.312451e+001
      vertex  4.400000e+000  1.534925e+001 -1.282187e+001
    endloop
  endfacet
  facet normal  3.561581e-005  7.733341e-001 -6.339989e-001
    outer loop
      vertex  8.400000e+000  1.533972e+001 -1.283327e+001
      vertex  4.400000e+000  1.534925e+001 -1.282187e+001
      vertex  8.400000e+000  1.559211e+001 -1.252542e+001
    endloop
  endfacet
  facet normal -3.475159e-005  7.737995e-001 -6.334307e-001
    outer loop
      vertex  8.400000e+000  1.559211e+001 -1.252542e+001
      vertex  4.400000e+000  1.534925e+001 -1.282187e+001
      vertex  4.400000e+000  1.560115e+001 -1.251416e+001
    endloop
  endfacet
  facet normal  3.443901e-005  7.857996e-001 -6.184812e-001
    outer loop
      vertex  8.400000e+000  1.559211e+001 -1.252542e+001
      vertex  4.400000e+000  1.560115e+001 -1.251416e+001
      vertex  8.400000e+000  1.583832e+001 -1.221260e+001
    endloop
  endfacet
  facet normal -3.362322e-005  7.862383e-001 -6.179234e-001
    outer loop
      vertex  8.400000e+000  1.583832e+001 -1.221260e+001
      vertex  4.400000e+000  1.560115e+001 -1.251416e+001
      vertex  4.400000e+000  1.584687e+001 -1.220150e+001
    endloop
  endfacet
  facet normal  3.362502e-005  7.979549e-001 -6.027172e-001
    outer loop
      vertex  8.400000e+000  1.583832e+001 -1.221260e+001
      vertex  4.400000e+000  1.584687e+001 -1.220150e+001
      vertex  8.400000e+000  1.607825e+001 -1.189495e+001
    endloop
  endfacet
  facet normal -3.262134e-005  7.983705e-001 -6.021665e-001
    outer loop
      vertex  8.400000e+000  1.607825e+001 -1.189495e+001
      vertex  4.400000e+000  1.584687e+001 -1.220150e+001
      vertex  4.400000e+000  1.608633e+001 -1.188402e+001
    endloop
  endfacet
  facet normal  3.263648e-005  8.097906e-001 -5.867190e-001
    outer loop
      vertex  8.400000e+000  1.607825e+001 -1.189495e+001
      vertex  4.400000e+000  1.608633e+001 -1.188402e+001
      vertex  8.400000e+000  1.631182e+001 -1.157258e+001
    endloop
  endfacet
  facet normal -3.181761e-005  8.101838e-001 -5.861759e-001
    outer loop
      vertex  8.400000e+000  1.631182e+001 -1.157258e+001
      vertex  4.400000e+000  1.608633e+001 -1.188402e+001
      vertex  4.400000e+000  1.631943e+001 -1.156184e+001
    endloop
  endfacet
  facet normal  3.148269e-005  8.213092e-001 -5.704833e-001
    outer loop
      vertex  8.400000e+000  1.631182e+001 -1.157258e+001
      vertex  4.400000e+000  1.631943e+001 -1.156184e+001
      vertex  8.400000e+000  1.653892e+001 -1.124563e+001
    endloop
  endfacet
  facet normal -3.058089e-005  8.216770e-001 -5.699535e-001
    outer loop
      vertex  8.400000e+000  1.653892e+001 -1.124563e+001
      vertex  4.400000e+000  1.631943e+001 -1.156184e+001
      vertex  4.400000e+000  1.654608e+001 -1.123509e+001
    endloop
  endfacet
  facet normal  3.075949e-005  8.325011e-001 -5.540233e-001
    outer loop
      vertex  8.400000e+000  1.653892e+001 -1.124563e+001
      vertex  4.400000e+000  1.654608e+001 -1.123509e+001
      vertex  8.400000e+000  1.675947e+001 -1.091422e+001
    endloop
  endfacet
  facet normal -2.981418e-005  8.328494e-001 -5.534998e-001
    outer loop
      vertex  8.400000e+000  1.675947e+001 -1.091422e+001
      vertex  4.400000e+000  1.654608e+001 -1.123509e+001
      vertex  4.400000e+000  1.676619e+001 -1.090390e+001
    endloop
  endfacet
  facet normal  2.952819e-005  8.433641e-001 -5.373424e-001
    outer loop
      vertex  8.400000e+000  1.675947e+001 -1.091422e+001
      vertex  4.400000e+000  1.676619e+001 -1.090390e+001
      vertex  8.400000e+000  1.697338e+001 -1.057848e+001
    endloop
  endfacet
  facet normal -2.842203e-005  8.436868e-001 -5.368356e-001
    outer loop
      vertex  8.400000e+000  1.697338e+001 -1.057848e+001
      vertex  4.400000e+000  1.676619e+001 -1.090390e+001
      vertex  4.400000e+000  1.697967e+001 -1.056839e+001
    endloop
  endfacet
  facet normal  2.895038e-005  8.538910e-001 -5.204519e-001
    outer loop
      vertex  8.400000e+000  1.697338e+001 -1.057848e+001
      vertex  4.400000e+000  1.697967e+001 -1.056839e+001
      vertex  8.400000e+000  1.718057e+001 -1.023856e+001
    endloop
  endfacet
  facet normal -2.755530e-005  8.541954e-001 -5.199521e-001
    outer loop
      vertex  8.400000e+000  1.718057e+001 -1.023856e+001
      vertex  4.400000e+000  1.697967e+001 -1.056839e+001
      vertex  4.400000e+000  1.718643e+001 -1.022871e+001
    endloop
  endfacet
  facet normal  2.781066e-005  8.640789e-001 -5.033563e-001
    outer loop
      vertex  8.400000e+000  1.718057e+001 -1.023856e+001
      vertex  4.400000e+000  1.718643e+001 -1.022871e+001
      vertex  8.400000e+000  1.738095e+001 -9.894580e+000
    endloop
  endfacet
  facet normal -2.676192e-005  8.643631e-001 -5.028684e-001
    outer loop
      vertex  8.400000e+000  1.738095e+001 -9.894580e+000
      vertex  4.400000e+000  1.718643e+001 -1.022871e+001
      vertex  4.400000e+000  1.738641e+001 -9.884984e+000
    endloop
  endfacet
  facet normal  2.662533e-005  8.739280e-001 -4.860553e-001
    outer loop
      vertex  8.400000e+000  1.738095e+001 -9.894580e+000
      vertex  4.400000e+000  1.738641e+001 -9.884984e+000
      vertex  8.400000e+000  1.757444e+001 -9.546679e+000
    endloop
  endfacet
  facet normal -2.586462e-005  8.741915e-001 -4.855812e-001
    outer loop
      vertex  8.400000e+000  1.757444e+001 -9.546679e+000
      vertex  4.400000e+000  1.738641e+001 -9.884984e+000
      vertex  4.400000e+000  1.757950e+001 -9.537350e+000
    endloop
  endfacet
  facet normal  2.552563e-005  8.834301e-001 -4.685630e-001
    outer loop
      vertex  8.400000e+000  1.757444e+001 -9.546679e+000
      vertex  4.400000e+000  1.757950e+001 -9.537350e+000
      vertex  8.400000e+000  1.776097e+001 -9.194997e+000
    endloop
  endfacet
  facet normal -2.478127e-005  8.836733e-001 -4.681041e-001
    outer loop
      vertex  8.400000e+000  1.776097e+001 -9.194997e+000
      vertex  4.400000e+000  1.757950e+001 -9.537350e+000
      vertex  4.400000e+000  1.776565e+001 -9.185946e+000
    endloop
  endfacet
  facet normal  2.460139e-005  8.925802e-001 -4.508885e-001
    outer loop
      vertex  8.400000e+000  1.776097e+001 -9.194997e+000
      vertex  4.400000e+000  1.776565e+001 -9.185946e+000
      vertex  8.400000e+000  1.794046e+001 -8.839672e+000
    endloop
  endfacet
  facet normal -2.375237e-005  8.928049e-001 -4.504434e-001
    outer loop
      vertex  8.400000e+000  1.794046e+001 -8.839672e+000
      vertex  4.400000e+000  1.776565e+001 -9.185946e+000
      vertex  4.400000e+000  1.794478e+001 -8.830910e+000
    endloop
  endfacet
  facet normal  2.362809e-005  9.013771e-001 -4.330351e-001
    outer loop
      vertex  8.400000e+000  1.794046e+001 -8.839672e+000
      vertex  4.400000e+000  1.794478e+001 -8.830910e+000
      vertex  8.400000e+000  1.811285e+001 -8.480844e+000
    endloop
  endfacet
  facet normal -2.268076e-005  9.015835e-001 -4.326051e-001
    outer loop
      vertex  8.400000e+000  1.811285e+001 -8.480844e+000
      vertex  4.400000e+000  1.794478e+001 -8.830910e+000
      vertex  4.400000e+000  1.811681e+001 -8.472383e+000
    endloop
  endfacet
  facet normal  2.269334e-005  9.098172e-001 -4.150093e-001
    outer loop
      vertex  8.400000e+000  1.811285e+001 -8.480844e+000
      vertex  4.400000e+000  1.811681e+001 -8.472383e+000
      vertex  8.400000e+000  1.827806e+001 -8.118656e+000
    endloop
  endfacet
  facet normal -2.201615e-005  9.100080e-001 -4.145907e-001
    outer loop
      vertex  8.400000e+000  1.827806e+001 -8.118656e+000
      vertex  4.400000e+000  1.811681e+001 -8.472383e+000
      vertex  4.400000e+000  1.828168e+001 -8.110506e+000
    endloop
  endfacet
  facet normal  2.133797e-005  9.178989e-001 -3.968143e-001
    outer loop
      vertex  8.400000e+000  1.827806e+001 -8.118656e+000
      vertex  4.400000e+000  1.828168e+001 -8.110506e+000
      vertex  8.400000e+000  1.843603e+001 -7.753253e+000
    endloop
  endfacet
  facet normal -2.032430e-005  9.180688e-001 -3.964212e-001
    outer loop
      vertex  8.400000e+000  1.843603e+001 -7.753253e+000
      vertex  4.400000e+000  1.828168e+001 -8.110506e+000
      vertex  4.400000e+000  1.843932e+001 -7.745423e+000
    endloop
  endfacet
  facet normal  2.101702e-005  9.256127e-001 -3.784717e-001
    outer loop
      vertex  8.400000e+000  1.843603e+001 -7.753253e+000
      vertex  4.400000e+000  1.843932e+001 -7.745423e+000
      vertex  8.400000e+000  1.858669e+001 -7.384777e+000
    endloop
  endfacet
  facet normal -1.965484e-005  9.257708e-001 -3.780852e-001
    outer loop
      vertex  8.400000e+000  1.858669e+001 -7.384777e+000
      vertex  4.400000e+000  1.843932e+001 -7.745423e+000
      vertex  4.400000e+000  1.858967e+001 -7.377278e+000
    endloop
  endfacet
  facet normal  1.965063e-005  9.329627e-001 -3.599731e-001
    outer loop
      vertex  8.400000e+000  1.858669e+001 -7.384777e+000
      vertex  4.400000e+000  1.858967e+001 -7.377278e+000
      vertex  8.400000e+000  1.872999e+001 -7.013375e+000
    endloop
  endfacet
  facet normal -1.884352e-005  9.331047e-001 -3.596048e-001
    outer loop
      vertex  8.400000e+000  1.872999e+001 -7.013375e+000
      vertex  4.400000e+000  1.858967e+001 -7.377278e+000
      vertex  4.400000e+000  1.873267e+001 -7.006217e+000
    endloop
  endfacet
  facet normal  1.843764e-005  9.399433e-001 -3.413306e-001
    outer loop
      vertex  8.400000e+000  1.872999e+001 -7.013375e+000
      vertex  4.400000e+000  1.873267e+001 -7.006217e+000
      vertex  8.400000e+000  1.886587e+001 -6.639195e+000
    endloop
  endfacet
  facet normal -1.792766e-005  9.400704e-001 -3.409804e-001
    outer loop
      vertex  8.400000e+000  1.886587e+001 -6.639195e+000
      vertex  4.400000e+000  1.873267e+001 -7.006217e+000
      vertex  4.400000e+000  1.886827e+001 -6.632386e+000
    endloop
  endfacet
  facet normal  1.732125e-005  9.465512e-001 -3.225535e-001
    outer loop
      vertex  8.400000e+000  1.886587e+001 -6.639195e+000
      vertex  4.400000e+000  1.886827e+001 -6.632386e+000
      vertex  8.400000e+000  1.899428e+001 -6.262385e+000
    endloop
  endfacet
  facet normal -1.648029e-005  9.466628e-001 -3.222260e-001
    outer loop
      vertex  8.400000e+000  1.899428e+001 -6.262385e+000
      vertex  4.400000e+000  1.886827e+001 -6.632386e+000
      vertex  4.400000e+000  1.899640e+001 -6.255932e+000
    endloop
  endfacet
  facet normal  1.673663e-005  9.527830e-001 -3.036518e-001
    outer loop
      vertex  8.400000e+000  1.899428e+001 -6.262385e+000
      vertex  4.400000e+000  1.899640e+001 -6.255932e+000
      vertex  8.400000e+000  1.911516e+001 -5.883093e+000
    endloop
  endfacet
  facet normal -1.547243e-005  9.528831e-001 -3.033381e-001
    outer loop
      vertex  8.400000e+000  1.911516e+001 -5.883093e+000
      vertex  4.400000e+000  1.899640e+001 -6.255932e+000
      vertex  4.400000e+000  1.911703e+001 -5.877006e+000
    endloop
  endfacet
  facet normal  1.569435e-005  9.586374e-001 -2.846302e-001
    outer loop
      vertex  8.400000e+000  1.911516e+001 -5.883093e+000
      vertex  4.400000e+000  1.911703e+001 -5.877006e+000
      vertex  8.400000e+000  1.922846e+001 -5.501471e+000
    endloop
  endfacet
  facet normal -1.452051e-005  9.587252e-001 -2.843344e-001
    outer loop
      vertex  8.400000e+000  1.922846e+001 -5.501471e+000
      vertex  4.400000e+000  1.911703e+001 -5.877006e+000
      vertex  4.400000e+000  1.923010e+001 -5.495755e+000
    endloop
  endfacet
  facet normal  1.461035e-005  9.641138e-001 -2.654894e-001
    outer loop
      vertex  8.400000e+000  1.922846e+001 -5.501471e+000
      vertex  4.400000e+000  1.923010e+001 -5.495755e+000
      vertex  8.400000e+000  1.933415e+001 -5.117669e+000
    endloop
  endfacet
  facet normal -1.358816e-005  9.641901e-001 -2.652121e-001
    outer loop
      vertex  8.400000e+000  1.933415e+001 -5.117669e+000
      vertex  4.400000e+000  1.923010e+001 -5.495755e+000
      vertex  4.400000e+000  1.933556e+001 -5.112333e+000
    endloop
  endfacet
  facet normal  1.347558e-005  9.692059e-001 -2.462522e-001
    outer loop
      vertex  8.400000e+000  1.933415e+001 -5.117669e+000
      vertex  4.400000e+000  1.933556e+001 -5.112333e+000
      vertex  8.400000e+000  1.943218e+001 -4.731840e+000
    endloop
  endfacet
  facet normal -1.283835e-005  9.692718e-001 -2.459923e-001
    outer loop
      vertex  8.400000e+000  1.943218e+001 -4.731840e+000
      vertex  4.400000e+000  1.933556e+001 -5.112333e+000
      vertex  4.400000e+000  1.943339e+001 -4.726889e+000
    endloop
  endfacet
  facet normal  1.217792e-005  9.739157e-001 -2.269101e-001
    outer loop
      vertex  8.400000e+000  1.943218e+001 -4.731840e+000
      vertex  4.400000e+000  1.943339e+001 -4.726889e+000
      vertex  8.400000e+000  1.952251e+001 -4.344136e+000
    endloop
  endfacet
  facet normal -1.131056e-005  9.739699e-001 -2.266773e-001
    outer loop
      vertex  8.400000e+000  1.952251e+001 -4.344136e+000
      vertex  4.400000e+000  1.943339e+001 -4.726889e+000
      vertex  4.400000e+000  1.952353e+001 -4.339576e+000
    endloop
  endfacet
  facet normal  1.165349e-005  9.782389e-001 -2.074813e-001
    outer loop
      vertex  8.400000e+000  1.952251e+001 -4.344136e+000
      vertex  4.400000e+000  1.952353e+001 -4.339576e+000
      vertex  8.400000e+000  1.960511e+001 -3.954710e+000
    endloop
  endfacet
  facet normal -1.043173e-005  9.782855e-001 -2.072616e-001
    outer loop
      vertex  8.400000e+000  1.960511e+001 -3.954710e+000
      vertex  4.400000e+000  1.952353e+001 -4.339576e+000
      vertex  4.400000e+000  1.960595e+001 -3.950548e+000
    endloop
  endfacet
  facet normal  1.045862e-005  9.821745e-001 -1.879711e-001
    outer loop
      vertex  8.400000e+000  1.960511e+001 -3.954710e+000
      vertex  4.400000e+000  1.960595e+001 -3.950548e+000
      vertex  8.400000e+000  1.967994e+001 -3.563718e+000
    endloop
  endfacet
  facet normal -9.320407e-006  9.822123e-001 -1.877738e-001
    outer loop
      vertex  8.400000e+000  1.967994e+001 -3.563718e+000
      vertex  4.400000e+000  1.960595e+001 -3.950548e+000
      vertex  4.400000e+000  1.968062e+001 -3.559958e+000
    endloop
  endfacet
  facet normal  9.504522e-006  9.857214e-001 -1.683846e-001
    outer loop
      vertex  8.400000e+000  1.967994e+001 -3.563718e+000
      vertex  4.400000e+000  1.968062e+001 -3.559958e+000
      vertex  8.400000e+000  1.974697e+001 -3.171314e+000
    endloop
  endfacet
  facet normal -8.490395e-006  9.857521e-001 -1.682046e-001
    outer loop
      vertex  8.400000e+000  1.974697e+001 -3.171314e+000
      vertex  4.400000e+000  1.968062e+001 -3.559958e+000
      vertex  4.400000e+000  1.974751e+001 -3.167960e+000
    endloop
  endfacet
  facet normal  8.259064e-006  9.888778e-001 -1.487308e-001
    outer loop
      vertex  8.400000e+000  1.974697e+001 -3.171314e+000
      vertex  4.400000e+000  1.974751e+001 -3.167960e+000
      vertex  8.400000e+000  1.980618e+001 -2.777654e+000
    endloop
  endfacet
  facet normal -7.478054e-006  9.889014e-001 -1.485730e-001
    outer loop
      vertex  8.400000e+000  1.980618e+001 -2.777654e+000
      vertex  4.400000e+000  1.974751e+001 -3.167960e+000
      vertex  4.400000e+000  1.980659e+001 -2.774711e+000
    endloop
  endfacet
  facet normal  7.193263e-006  9.916421e-001 -1.290195e-001
    outer loop
      vertex  8.400000e+000  1.980618e+001 -2.777654e+000
      vertex  4.400000e+000  1.980659e+001 -2.774711e+000
      vertex  8.400000e+000  1.985754e+001 -2.382894e+000
    endloop
  endfacet
  facet normal -6.322029e-006  9.916596e-001 -1.288838e-001
    outer loop
      vertex  8.400000e+000  1.985754e+001 -2.382894e+000
      vertex  4.400000e+000  1.980659e+001 -2.774711e+000
      vertex  4.400000e+000  1.985784e+001 -2.380364e+000
    endloop
  endfacet
  facet normal  6.269552e-006  9.940136e-001 -1.092554e-001
    outer loop
      vertex  8.400000e+000  1.985754e+001 -2.382894e+000
      vertex  4.400000e+000  1.985784e+001 -2.380364e+000
      vertex  8.400000e+000  1.990103e+001 -1.987189e+000
    endloop
  endfacet
  facet normal -5.031245e-006  9.940262e-001 -1.091418e-001
    outer loop
      vertex  8.400000e+000  1.990103e+001 -1.987189e+000
      vertex  4.400000e+000  1.985784e+001 -2.380364e+000
      vertex  4.400000e+000  1.990124e+001 -1.985076e+000
    endloop
  endfacet
  facet normal  5.471490e-006  9.959911e-001 -8.945308e-002
    outer loop
      vertex  8.400000e+000  1.990103e+001 -1.987189e+000
      vertex  4.400000e+000  1.990124e+001 -1.985076e+000
      vertex  8.400000e+000  1.993664e+001 -1.590696e+000
    endloop
  endfacet
  facet normal -4.103129e-006  9.959997e-001 -8.935674e-002
    outer loop
      vertex  8.400000e+000  1.993664e+001 -1.590696e+000
      vertex  4.400000e+000  1.990124e+001 -1.985076e+000
      vertex  4.400000e+000  1.993678e+001 -1.589003e+000
    endloop
  endfacet
  facet normal  4.307607e-006  9.975742e-001 -6.961241e-002
    outer loop
      vertex  8.400000e+000  1.993664e+001 -1.590696e+000
      vertex  4.400000e+000  1.993678e+001 -1.589003e+000
      vertex  8.400000e+000  1.996435e+001 -1.193574e+000
    endloop
  endfacet
  facet normal -3.553084e-006  9.975796e-001 -6.953327e-002
    outer loop
      vertex  8.400000e+000  1.996435e+001 -1.193574e+000
      vertex  4.400000e+000  1.993678e+001 -1.589003e+000
      vertex  4.400000e+000  1.996443e+001 -1.192302e+000
    endloop
  endfacet
  facet normal  2.761781e-006  9.987622e-001 -4.973823e-002
    outer loop
      vertex  8.400000e+000  1.996435e+001 -1.193574e+000
      vertex  4.400000e+000  1.996443e+001 -1.192302e+000
      vertex  8.400000e+000  1.998415e+001 -7.959789e-001
    endloop
  endfacet
  facet normal -1.969287e-006  9.987646e-001 -4.969060e-002
    outer loop
      vertex  8.400000e+000  1.998415e+001 -7.959789e-001
      vertex  4.400000e+000  1.996443e+001 -1.192302e+000
      vertex  4.400000e+000  1.998419e+001 -7.951303e-001
    endloop
  endfacet
  facet normal  2.245692e-006  9.995542e-001 -2.985442e-002
    outer loop
      vertex  8.400000e+000  1.998415e+001 -7.959789e-001
      vertex  4.400000e+000  1.998419e+001 -7.951303e-001
      vertex  8.400000e+000  1.999604e+001 -3.980683e-001
    endloop
  endfacet
  facet normal -1.258311e-006  9.995553e-001 -2.981916e-002
    outer loop
      vertex  8.400000e+000  1.999604e+001 -3.980683e-001
      vertex  4.400000e+000  1.998419e+001 -7.951303e-001
      vertex  4.400000e+000  1.999605e+001 -3.976437e-001
    endloop
  endfacet
  facet normal  8.510692e-007  9.999505e-001 -9.951477e-003
    outer loop
      vertex  8.400000e+000  1.999604e+001 -3.980683e-001
      vertex  4.400000e+000  1.999605e+001 -3.976437e-001
      vertex  8.400000e+000  2.000000e+001  2.449213e-015
    endloop
  endfacet
  facet normal  0.000000e+000  9.999506e-001 -9.942916e-003
    outer loop
      vertex  8.400000e+000  2.000000e+001  2.449213e-015
      vertex  4.400000e+000  1.999605e+001 -3.976437e-001
      vertex  4.400000e+000  2.000000e+001  2.449213e-015
    endloop
  endfacet
  facet normal  -0.000000e+000  9.999516e-001  9.838801e-003
    outer loop
      vertex  8.400000e+000  2.000000e+001  2.449213e-015
      vertex  4.400000e+000  2.000000e+001  2.449213e-015
      vertex  8.400000e+000  1.999613e+001  3.935165e-001
    endloop
  endfacet
  facet normal -1.024380e-005  9.999506e-001  9.942916e-003
    outer loop
      vertex  8.400000e+000  1.999613e+001  3.935165e-001
      vertex  4.400000e+000  2.000000e+001  2.449213e-015
      vertex  4.400000e+000  1.999605e+001  3.976437e-001
    endloop
  endfacet
  facet normal  9.955213e-006  9.995644e-001  2.951156e-002
    outer loop
      vertex  8.400000e+000  1.999613e+001  3.935165e-001
      vertex  4.400000e+000  1.999605e+001  3.976437e-001
      vertex  8.400000e+000  1.998451e+001  7.868806e-001
    endloop
  endfacet
  facet normal -2.000313e-005  9.995553e-001  2.981916e-002
    outer loop
      vertex  8.400000e+000  1.998451e+001  7.868806e-001
      vertex  4.400000e+000  1.999605e+001  3.976437e-001
      vertex  4.400000e+000  1.998419e+001  7.951303e-001
    endloop
  endfacet
  facet normal  1.997844e-005  9.987902e-001  4.917461e-002
    outer loop
      vertex  8.400000e+000  1.998451e+001  7.868806e-001
      vertex  4.400000e+000  1.998419e+001  7.951303e-001
      vertex  8.400000e+000  1.996516e+001  1.179940e+000
    endloop
  endfacet
  facet normal -2.978225e-005  9.987646e-001  4.969060e-002
    outer loop
      vertex  8.400000e+000  1.996516e+001  1.179940e+000
      vertex  4.400000e+000  1.998419e+001  7.951303e-001
      vertex  4.400000e+000  1.996443e+001  1.192302e+000
    endloop
  endfacet
  facet normal  2.952703e-005  9.976296e-001  6.881345e-002
    outer loop
      vertex  8.400000e+000  1.996516e+001  1.179940e+000
      vertex  4.400000e+000  1.996443e+001  1.192302e+000
      vertex  8.400000e+000  1.993808e+001  1.572543e+000
    endloop
  endfacet
  facet normal -3.922845e-005  9.975796e-001  6.953327e-002
    outer loop
      vertex  8.400000e+000  1.993808e+001  1.572543e+000
      vertex  4.400000e+000  1.996443e+001  1.192302e+000
      vertex  4.400000e+000  1.993678e+001  1.589003e+000
    endloop
  endfacet
  facet normal  3.903440e-005  9.960821e-001  8.843288e-002
    outer loop
      vertex  8.400000e+000  1.993808e+001  1.572543e+000
      vertex  4.400000e+000  1.993678e+001  1.589003e+000
      vertex  8.400000e+000  1.990328e+001  1.964537e+000
    endloop
  endfacet
  facet normal -4.839137e-005  9.959997e-001  8.935674e-002
    outer loop
      vertex  8.400000e+000  1.990328e+001  1.964537e+000
      vertex  4.400000e+000  1.993678e+001  1.589003e+000
      vertex  4.400000e+000  1.990124e+001  1.985076e+000
    endloop
  endfacet
  facet normal  4.832607e-005  9.941499e-001  1.080088e-001
    outer loop
      vertex  8.400000e+000  1.990328e+001  1.964537e+000
      vertex  4.400000e+000  1.990124e+001  1.985076e+000
      vertex  8.400000e+000  1.986077e+001  2.355770e+000
    endloop
  endfacet
  facet normal -5.792775e-005  9.940262e-001  1.091418e-001
    outer loop
      vertex  8.400000e+000  1.986077e+001  2.355770e+000
      vertex  4.400000e+000  1.990124e+001  1.985076e+000
      vertex  4.400000e+000  1.985784e+001  2.380364e+000
    endloop
  endfacet
  facet normal  5.689934e-005  9.918315e-001  1.275554e-001
    outer loop
      vertex  8.400000e+000  1.986077e+001  2.355770e+000
      vertex  4.400000e+000  1.985784e+001  2.380364e+000
      vertex  8.400000e+000  1.981058e+001  2.746091e+000
    endloop
  endfacet
  facet normal -6.658689e-005  9.916596e-001  1.288838e-001
    outer loop
      vertex  8.400000e+000  1.981058e+001  2.746091e+000
      vertex  4.400000e+000  1.985784e+001  2.380364e+000
      vertex  4.400000e+000  1.980659e+001  2.774711e+000
    endloop
  endfacet
  facet normal  6.587153e-005  9.891300e-001  1.470440e-001
    outer loop
      vertex  8.400000e+000  1.981058e+001  2.746091e+000
      vertex  4.400000e+000  1.980659e+001  2.774711e+000
      vertex  8.400000e+000  1.975271e+001  3.135349e+000
    endloop
  endfacet
  facet normal -7.506443e-005  9.889014e-001  1.485730e-001
    outer loop
      vertex  8.400000e+000  1.975271e+001  3.135349e+000
      vertex  4.400000e+000  1.980659e+001  2.774711e+000
      vertex  4.400000e+000  1.974751e+001  3.167960e+000
    endloop
  endfacet
  facet normal  7.460047e-005  9.860458e-001  1.664745e-001
    outer loop
      vertex  8.400000e+000  1.975271e+001  3.135349e+000
      vertex  4.400000e+000  1.974751e+001  3.167960e+000
      vertex  8.400000e+000  1.968720e+001  3.523392e+000
    endloop
  endfacet
  facet normal -8.355628e-005  9.857521e-001  1.682046e-001
    outer loop
      vertex  8.400000e+000  1.968720e+001  3.523392e+000
      vertex  4.400000e+000  1.974751e+001  3.167960e+000
      vertex  4.400000e+000  1.968062e+001  3.559958e+000
    endloop
  endfacet
  facet normal  8.293522e-005  9.825788e-001  1.858466e-001
    outer loop
      vertex  8.400000e+000  1.968720e+001  3.523392e+000
      vertex  4.400000e+000  1.968062e+001  3.559958e+000
      vertex  8.400000e+000  1.961406e+001  3.910072e+000
    endloop
  endfacet
  facet normal -9.185030e-005  9.822123e-001  1.877738e-001
    outer loop
      vertex  8.400000e+000  1.961406e+001  3.910072e+000
      vertex  4.400000e+000  1.968062e+001  3.559958e+000
      vertex  4.400000e+000  1.960595e+001  3.950548e+000
    endloop
  endfacet
  facet normal  9.094943e-005  9.787323e-001  2.051416e-001
    outer loop
      vertex  8.400000e+000  1.961406e+001  3.910072e+000
      vertex  4.400000e+000  1.960595e+001  3.950548e+000
      vertex  8.400000e+000  1.953333e+001  4.295238e+000
    endloop
  endfacet
  facet normal -9.985253e-005  9.782855e-001  2.072616e-001
    outer loop
      vertex  8.400000e+000  1.953333e+001  4.295238e+000
      vertex  4.400000e+000  1.960595e+001  3.950548e+000
      vertex  4.400000e+000  1.952353e+001  4.339576e+000
    endloop
  endfacet
  facet normal  9.897371e-005  9.745055e-001  2.243632e-001
    outer loop
      vertex  8.400000e+000  1.953333e+001  4.295238e+000
      vertex  4.400000e+000  1.952353e+001  4.339576e+000
      vertex  8.400000e+000  1.944503e+001  4.678741e+000
    endloop
  endfacet
  facet normal -1.077480e-004  9.739699e-001  2.266773e-001
    outer loop
      vertex  8.400000e+000  1.944503e+001  4.678741e+000
      vertex  4.400000e+000  1.952353e+001  4.339576e+000
      vertex  4.400000e+000  1.943339e+001  4.726889e+000
    endloop
  endfacet
  facet normal  1.064498e-004  9.699037e-001  2.434886e-001
    outer loop
      vertex  8.400000e+000  1.944503e+001  4.678741e+000
      vertex  4.400000e+000  1.943339e+001  4.726889e+000
      vertex  8.400000e+000  1.934921e+001  5.060432e+000
    endloop
  endfacet
  facet normal -1.156209e-004  9.692718e-001  2.459923e-001
    outer loop
      vertex  8.400000e+000  1.934921e+001  5.060432e+000
      vertex  4.400000e+000  1.943339e+001  4.726889e+000
      vertex  4.400000e+000  1.933556e+001  5.112333e+000
    endloop
  endfacet
  facet normal  1.137439e-004  9.649248e-001  2.625264e-001
    outer loop
      vertex  8.400000e+000  1.934921e+001  5.060432e+000
      vertex  4.400000e+000  1.933556e+001  5.112333e+000
      vertex  8.400000e+000  1.924590e+001  5.440165e+000
    endloop
  endfacet
  facet normal -1.228390e-004  9.641901e-001  2.652121e-001
    outer loop
      vertex  8.400000e+000  1.924590e+001  5.440165e+000
      vertex  4.400000e+000  1.933556e+001  5.112333e+000
      vertex  4.400000e+000  1.923010e+001  5.495755e+000
    endloop
  endfacet
  facet normal  1.212467e-004  9.595722e-001  2.814626e-001
    outer loop
      vertex  8.400000e+000  1.924590e+001  5.440165e+000
      vertex  4.400000e+000  1.923010e+001  5.495755e+000
      vertex  8.400000e+000  1.913513e+001  5.817790e+000
    endloop
  endfacet
  facet normal -1.300682e-004  9.587252e-001  2.843344e-001
    outer loop
      vertex  8.400000e+000  1.913513e+001  5.817790e+000
      vertex  4.400000e+000  1.923010e+001  5.495755e+000
      vertex  4.400000e+000  1.911703e+001  5.877006e+000
    endloop
  endfacet
  facet normal  1.282348e-004  9.538475e-001  3.002914e-001
    outer loop
      vertex  8.400000e+000  1.913513e+001  5.817790e+000
      vertex  4.400000e+000  1.911703e+001  5.877006e+000
      vertex  8.400000e+000  1.901696e+001  6.193163e+000
    endloop
  endfacet
  facet normal -1.366945e-004  9.528831e-001  3.033381e-001
    outer loop
      vertex  8.400000e+000  1.901696e+001  6.193163e+000
      vertex  4.400000e+000  1.911703e+001  5.877006e+000
      vertex  4.400000e+000  1.899640e+001  6.255932e+000
    endloop
  endfacet
  facet normal  1.353536e-004  9.477561e-001  3.189955e-001
    outer loop
      vertex  8.400000e+000  1.901696e+001  6.193163e+000
      vertex  4.400000e+000  1.899640e+001  6.255932e+000
      vertex  8.400000e+000  1.889142e+001  6.566139e+000
    endloop
  endfacet
  facet normal -1.438700e-004  9.466628e-001  3.222260e-001
    outer loop
      vertex  8.400000e+000  1.889142e+001  6.566139e+000
      vertex  4.400000e+000  1.899640e+001  6.255932e+000
      vertex  4.400000e+000  1.886827e+001  6.632386e+000
    endloop
  endfacet
  facet normal  1.416086e-004  9.412945e-001  3.375867e-001
    outer loop
      vertex  8.400000e+000  1.889142e+001  6.566139e+000
      vertex  4.400000e+000  1.886827e+001  6.632386e+000
      vertex  8.400000e+000  1.875857e+001  6.936572e+000
    endloop
  endfacet
  facet normal -1.500399e-004  9.400704e-001  3.409804e-001
    outer loop
      vertex  8.400000e+000  1.875857e+001  6.936572e+000
      vertex  4.400000e+000  1.886827e+001  6.632386e+000
      vertex  4.400000e+000  1.873267e+001  7.006217e+000
    endloop
  endfacet
  facet normal  1.483929e-004  9.344713e-001  3.560385e-001
    outer loop
      vertex  8.400000e+000  1.875857e+001  6.936572e+000
      vertex  4.400000e+000  1.873267e+001  7.006217e+000
      vertex  8.400000e+000  1.861846e+001  7.304320e+000
    endloop
  endfacet
  facet normal -1.564108e-004  9.331047e-001  3.596048e-001
    outer loop
      vertex  8.400000e+000  1.861846e+001  7.304320e+000
      vertex  4.400000e+000  1.873267e+001  7.006217e+000
      vertex  4.400000e+000  1.858967e+001  7.377278e+000
    endloop
  endfacet
  facet normal  1.545057e-004  9.272856e-001  3.743549e-001
    outer loop
      vertex  8.400000e+000  1.861846e+001  7.304320e+000
      vertex  4.400000e+000  1.858967e+001  7.377278e+000
      vertex  8.400000e+000  1.847113e+001  7.669239e+000
    endloop
  endfacet
  facet normal -1.626563e-004  9.257708e-001  3.780852e-001
    outer loop
      vertex  8.400000e+000  1.847113e+001  7.669239e+000
      vertex  4.400000e+000  1.858967e+001  7.377278e+000
      vertex  4.400000e+000  1.843932e+001  7.745423e+000
    endloop
  endfacet
  facet normal  1.604276e-004  9.197394e-001  3.925296e-001
    outer loop
      vertex  8.400000e+000  1.847113e+001  7.669239e+000
      vertex  4.400000e+000  1.843932e+001  7.745423e+000
      vertex  8.400000e+000  1.831666e+001  8.031189e+000
    endloop
  endfacet
  facet normal -1.688206e-004  9.180688e-001  3.964212e-001
    outer loop
      vertex  8.400000e+000  1.831666e+001  8.031189e+000
      vertex  4.400000e+000  1.843932e+001  7.745423e+000
      vertex  4.400000e+000  1.828168e+001  8.110506e+000
    endloop
  endfacet
  facet normal  1.659164e-004  9.118366e-001  4.105533e-001
    outer loop
      vertex  8.400000e+000  1.831666e+001  8.031189e+000
      vertex  4.400000e+000  1.828168e+001  8.110506e+000
      vertex  8.400000e+000  1.815509e+001  8.390030e+000
    endloop
  endfacet
  facet normal -1.740942e-004  9.100080e-001  4.145907e-001
    outer loop
      vertex  8.400000e+000  1.815509e+001  8.390030e+000
      vertex  4.400000e+000  1.828168e+001  8.110506e+000
      vertex  4.400000e+000  1.811681e+001  8.472383e+000
    endloop
  endfacet
  facet normal  1.719084e-004  9.035842e-001  4.284104e-001
    outer loop
      vertex  8.400000e+000  1.815509e+001  8.390030e+000
      vertex  4.400000e+000  1.811681e+001  8.472383e+000
      vertex  8.400000e+000  1.798650e+001  8.745622e+000
    endloop
  endfacet
  facet normal -1.798086e-004  9.015835e-001  4.326051e-001
    outer loop
      vertex  8.400000e+000  1.798650e+001  8.745622e+000
      vertex  4.400000e+000  1.811681e+001  8.472383e+000
      vertex  4.400000e+000  1.794478e+001  8.830910e+000
    endloop
  endfacet
  facet normal  1.770183e-004  8.949786e-001  4.461092e-001
    outer loop
      vertex  8.400000e+000  1.798650e+001  8.745622e+000
      vertex  4.400000e+000  1.794478e+001  8.830910e+000
      vertex  8.400000e+000  1.781094e+001  9.097828e+000
    endloop
  endfacet
  facet normal -1.849326e-004  8.928049e-001  4.504434e-001
    outer loop
      vertex  8.400000e+000  1.781094e+001  9.097828e+000
      vertex  4.400000e+000  1.794478e+001  8.830910e+000
      vertex  4.400000e+000  1.776565e+001  9.185946e+000
    endloop
  endfacet
  facet normal  1.822719e-004  8.860289e-001  4.636299e-001
    outer loop
      vertex  8.400000e+000  1.781094e+001  9.097828e+000
      vertex  4.400000e+000  1.776565e+001  9.185946e+000
      vertex  8.400000e+000  1.762848e+001  9.446512e+000
    endloop
  endfacet
  facet normal -1.899666e-004  8.836733e-001  4.681041e-001
    outer loop
      vertex  8.400000e+000  1.762848e+001  9.446512e+000
      vertex  4.400000e+000  1.776565e+001  9.185946e+000
      vertex  4.400000e+000  1.757950e+001  9.537350e+000
    endloop
  endfacet
  facet normal  1.872233e-004  8.767356e-001  4.809727e-001
    outer loop
      vertex  8.400000e+000  1.762848e+001  9.446512e+000
      vertex  4.400000e+000  1.757950e+001  9.537350e+000
      vertex  8.400000e+000  1.743920e+001  9.791538e+000
    endloop
  endfacet
  facet normal -1.948632e-004  8.741915e-001  4.855812e-001
    outer loop
      vertex  8.400000e+000  1.743920e+001  9.791538e+000
      vertex  4.400000e+000  1.757950e+001  9.537350e+000
      vertex  4.400000e+000  1.738641e+001  9.884984e+000
    endloop
  endfacet
  facet normal  1.919772e-004  8.671003e-001  4.981335e-001
    outer loop
      vertex  8.400000e+000  1.743920e+001  9.791538e+000
      vertex  4.400000e+000  1.738641e+001  9.884984e+000
      vertex  8.400000e+000  1.724317e+001  1.013277e+001
    endloop
  endfacet
  facet normal -1.993509e-004  8.643631e-001  5.028684e-001
    outer loop
      vertex  8.400000e+000  1.724317e+001  1.013277e+001
      vertex  4.400000e+000  1.738641e+001  9.884984e+000
      vertex  4.400000e+000  1.718643e+001  1.022871e+001
    endloop
  endfacet
  facet normal  1.965241e-004  8.571315e-001  5.150975e-001
    outer loop
      vertex  8.400000e+000  1.724317e+001  1.013277e+001
      vertex  4.400000e+000  1.718643e+001  1.022871e+001
      vertex  8.400000e+000  1.704046e+001  1.047009e+001
    endloop
  endfacet
  facet normal -2.035704e-004  8.541954e-001  5.199521e-001
    outer loop
      vertex  8.400000e+000  1.704046e+001  1.047009e+001
      vertex  4.400000e+000  1.718643e+001  1.022871e+001
      vertex  4.400000e+000  1.697967e+001  1.056839e+001
    endloop
  endfacet
  facet normal  2.010472e-004  8.468313e-001  5.318616e-001
    outer loop
      vertex  8.400000e+000  1.704046e+001  1.047009e+001
      vertex  4.400000e+000  1.697967e+001  1.056839e+001
      vertex  8.400000e+000  1.683115e+001  1.080334e+001
    endloop
  endfacet
  facet normal -2.078622e-004  8.436868e-001  5.368356e-001
    outer loop
      vertex  8.400000e+000  1.683115e+001  1.080334e+001
      vertex  4.400000e+000  1.697967e+001  1.056839e+001
      vertex  4.400000e+000  1.676619e+001  1.090390e+001
    endloop
  endfacet
  facet normal  2.048911e-004  8.362031e-001  5.484199e-001
    outer loop
      vertex  8.400000e+000  1.683115e+001  1.080334e+001
      vertex  4.400000e+000  1.676619e+001  1.090390e+001
      vertex  8.400000e+000  1.661533e+001  1.113242e+001
    endloop
  endfacet
  facet normal -2.118098e-004  8.328494e-001  5.534998e-001
    outer loop
      vertex  8.400000e+000  1.661533e+001  1.113242e+001
      vertex  4.400000e+000  1.676619e+001  1.090390e+001
      vertex  4.400000e+000  1.654608e+001  1.123509e+001
    endloop
  endfacet
  facet normal  2.089426e-004  8.252505e-001  5.647669e-001
    outer loop
      vertex  8.400000e+000  1.661533e+001  1.113242e+001
      vertex  4.400000e+000  1.654608e+001  1.123509e+001
      vertex  8.400000e+000  1.639308e+001  1.145718e+001
    endloop
  endfacet
  facet normal -2.157311e-004  8.216770e-001  5.699535e-001
    outer loop
      vertex  8.400000e+000  1.639308e+001  1.145718e+001
      vertex  4.400000e+000  1.654608e+001  1.123509e+001
      vertex  4.400000e+000  1.631943e+001  1.156184e+001
    endloop
  endfacet
  facet normal  2.123068e-004  8.139780e-001  5.808957e-001
    outer loop
      vertex  8.400000e+000  1.639308e+001  1.145718e+001
      vertex  4.400000e+000  1.631943e+001  1.156184e+001
      vertex  8.400000e+000  1.616447e+001  1.177751e+001
    endloop
  endfacet
  facet normal -2.193780e-004  8.101838e-001  5.861759e-001
    outer loop
      vertex  8.400000e+000  1.616447e+001  1.177751e+001
      vertex  4.400000e+000  1.631943e+001  1.156184e+001
      vertex  4.400000e+000  1.608633e+001  1.188402e+001
    endloop
  endfacet
  facet normal  2.157127e-004  8.023910e-001  5.967987e-001
    outer loop
      vertex  8.400000e+000  1.616447e+001  1.177751e+001
      vertex  4.400000e+000  1.608633e+001  1.188402e+001
      vertex  8.400000e+000  1.592961e+001  1.209328e+001
    endloop
  endfacet
  facet normal -2.226292e-004  7.983704e-001  6.021665e-001
    outer loop
      vertex  8.400000e+000  1.592961e+001  1.209328e+001
      vertex  4.400000e+000  1.608633e+001  1.188402e+001
      vertex  4.400000e+000  1.584687e+001  1.220150e+001
    endloop
  endfacet
  facet normal  2.190548e-004  7.904939e-001  6.124699e-001
    outer loop
      vertex  8.400000e+000  1.592961e+001  1.209328e+001
      vertex  4.400000e+000  1.584687e+001  1.220150e+001
      vertex  8.400000e+000  1.568858e+001  1.240437e+001
    endloop
  endfacet
  facet normal -2.259380e-004  7.862383e-001  6.179234e-001
    outer loop
      vertex  8.400000e+000  1.568858e+001  1.240437e+001
      vertex  4.400000e+000  1.584687e+001  1.220150e+001
      vertex  4.400000e+000  1.560115e+001  1.251416e+001
    endloop
  endfacet
  facet normal  2.218745e-004  7.782882e-001  6.279072e-001
    outer loop
      vertex  8.400000e+000  1.568858e+001  1.240437e+001
      vertex  4.400000e+000  1.560115e+001  1.251416e+001
      vertex  8.400000e+000  1.544148e+001  1.271065e+001
    endloop
  endfacet
  facet normal -2.286338e-004  7.737995e-001  6.334307e-001
    outer loop
      vertex  8.400000e+000  1.544148e+001  1.271065e+001
      vertex  4.400000e+000  1.560115e+001  1.251416e+001
      vertex  4.400000e+000  1.534925e+001  1.282187e+001
    endloop
  endfacet
  facet normal  2.250080e-004  7.657833e-001  6.430987e-001
    outer loop
      vertex  8.400000e+000  1.544148e+001  1.271065e+001
      vertex  4.400000e+000  1.534925e+001  1.282187e+001
      vertex  8.400000e+000  1.518840e+001  1.301202e+001
    endloop
  endfacet
  facet normal -2.312280e-004  7.610505e-001  6.486926e-001
    outer loop
      vertex  8.400000e+000  1.518840e+001  1.301202e+001
      vertex  4.400000e+000  1.534925e+001  1.282187e+001
      vertex  4.400000e+000  1.509129e+001  1.312451e+001
    endloop
  endfacet
  facet normal  2.275357e-004  7.529826e-001  6.580406e-001
    outer loop
      vertex  8.400000e+000  1.518840e+001  1.301202e+001
      vertex  4.400000e+000  1.509129e+001  1.312451e+001
      vertex  8.400000e+000  1.492943e+001  1.330834e+001
    endloop
  endfacet
  facet normal -2.337994e-004  7.480034e-001  6.636950e-001
    outer loop
      vertex  8.400000e+000  1.492943e+001  1.330834e+001
      vertex  4.400000e+000  1.509129e+001  1.312451e+001
      vertex  4.400000e+000  1.482736e+001  1.342197e+001
    endloop
  endfacet
  facet normal  2.297960e-004  7.398905e-001  6.727273e-001
    outer loop
      vertex  8.400000e+000  1.492943e+001  1.330834e+001
      vertex  4.400000e+000  1.482736e+001  1.342197e+001
      vertex  8.400000e+000  1.466469e+001  1.359952e+001
    endloop
  endfacet
  facet normal -2.362381e-004  7.346605e-001  6.784348e-001
    outer loop
      vertex  8.400000e+000  1.466469e+001  1.359952e+001
      vertex  4.400000e+000  1.482736e+001  1.342197e+001
      vertex  4.400000e+000  1.455758e+001  1.371412e+001
    endloop
  endfacet
  facet normal  2.319866e-004  7.265082e-001  6.871579e-001
    outer loop
      vertex  8.400000e+000  1.466469e+001  1.359952e+001
      vertex  4.400000e+000  1.455758e+001  1.371412e+001
      vertex  8.400000e+000  1.439427e+001  1.388542e+001
    endloop
  endfacet
  facet normal -2.381557e-004  7.210252e-001  6.929088e-001
    outer loop
      vertex  8.400000e+000  1.439427e+001  1.388542e+001
      vertex  4.400000e+000  1.455758e+001  1.371412e+001
      vertex  4.400000e+000  1.428203e+001  1.400084e+001
    endloop
  endfacet
  facet normal  2.339318e-004  7.128484e-001  7.013181e-001
    outer loop
      vertex  8.400000e+000  1.439427e+001  1.388542e+001
      vertex  4.400000e+000  1.428203e+001  1.400084e+001
      vertex  8.400000e+000  1.411828e+001  1.416595e+001
    endloop
  endfacet
  facet normal -2.400685e-004  7.071068e-001  7.071068e-001
    outer loop
      vertex  8.400000e+000  1.411828e+001  1.416595e+001
      vertex  4.400000e+000  1.428203e+001  1.400084e+001
      vertex  4.400000e+000  1.400084e+001  1.428203e+001
    endloop
  endfacet
  facet normal  2.357172e-004  6.989101e-001  7.152095e-001
    outer loop
      vertex  8.400000e+000  1.411828e+001  1.416595e+001
      vertex  4.400000e+000  1.400084e+001  1.428203e+001
      vertex  8.400000e+000  1.383682e+001  1.444100e+001
    endloop
  endfacet
  facet normal -2.415017e-004  6.929088e-001  7.210252e-001
    outer loop
      vertex  8.400000e+000  1.383682e+001  1.444100e+001
      vertex  4.400000e+000  1.400084e+001  1.428203e+001
      vertex  4.400000e+000  1.371412e+001  1.455758e+001
    endloop
  endfacet
  facet normal  2.373109e-004  6.847053e-001  7.288200e-001
    outer loop
      vertex  8.400000e+000  1.383682e+001  1.444100e+001
      vertex  4.400000e+000  1.371412e+001  1.455758e+001
      vertex  8.400000e+000  1.355000e+001  1.471046e+001
    endloop
  endfacet
  facet normal -2.431853e-004  6.784348e-001  7.346605e-001
    outer loop
      vertex  8.400000e+000  1.355000e+001  1.471046e+001
      vertex  4.400000e+000  1.371412e+001  1.455758e+001
      vertex  4.400000e+000  1.342197e+001  1.482736e+001
    endloop
  endfacet
  facet normal  4.636813e-005  6.735120e-001  7.391763e-001
    outer loop
      vertex  8.400000e+000  1.355000e+001  1.471046e+001
      vertex  4.400000e+000  1.342197e+001  1.482736e+001
      vertex  8.400000e+000  1.339016e+001  1.485610e+001
    endloop
  endfacet
  facet normal -6.944721e-005  6.654837e-001  7.464123e-001
    outer loop
      vertex  8.400000e+000  1.339016e+001  1.485610e+001
      vertex  4.400000e+000  1.342197e+001  1.482736e+001
      vertex  8.400000e+000  1.322876e+001  1.500000e+001
    endloop
  endfacet
  facet normal -2.245232e-004  6.636950e-001  7.480034e-001
    outer loop
      vertex  8.400000e+000  1.322876e+001  1.500000e+001
      vertex  4.400000e+000  1.342197e+001  1.482736e+001
      vertex  4.400000e+000  1.312451e+001  1.509129e+001
    endloop
  endfacet
  facet normal  2.228257e-004  6.539804e-001  7.565115e-001
    outer loop
      vertex  8.400000e+000  1.322876e+001  1.500000e+001
      vertex  4.400000e+000  1.312451e+001  1.509129e+001
      vertex  8.400000e+000  1.292917e+001  1.525898e+001
    endloop
  endfacet
  facet normal -2.256963e-004  6.486926e-001  7.610505e-001
    outer loop
      vertex  8.400000e+000  1.292917e+001  1.525898e+001
      vertex  4.400000e+000  1.312451e+001  1.509129e+001
      vertex  4.400000e+000  1.282187e+001  1.534925e+001
    endloop
  endfacet
  facet normal  2.241678e-004  6.388726e-001  7.693125e-001
    outer loop
      vertex  8.400000e+000  1.292917e+001  1.525898e+001
      vertex  4.400000e+000  1.282187e+001  1.534925e+001
      vertex  8.400000e+000  1.262451e+001  1.551199e+001
    endloop
  endfacet
  facet normal -2.268815e-004  6.334307e-001  7.737995e-001
    outer loop
      vertex  8.400000e+000  1.262451e+001  1.551199e+001
      vertex  4.400000e+000  1.282187e+001  1.534925e+001
      vertex  4.400000e+000  1.251416e+001  1.560115e+001
    endloop
  endfacet
  facet normal  2.252317e-004  6.235155e-001  7.818110e-001
    outer loop
      vertex  8.400000e+000  1.262451e+001  1.551199e+001
      vertex  4.400000e+000  1.251416e+001  1.560115e+001
      vertex  8.400000e+000  1.231491e+001  1.575891e+001
    endloop
  endfacet
  facet normal -2.279428e-004  6.179234e-001  7.862383e-001
    outer loop
      vertex  8.400000e+000  1.231491e+001  1.575891e+001
      vertex  4.400000e+000  1.251416e+001  1.560115e+001
      vertex  4.400000e+000  1.220150e+001  1.584687e+001
    endloop
  endfacet
  facet normal  2.265691e-004  6.079143e-001  7.940025e-001
    outer loop
      vertex  8.400000e+000  1.231491e+001  1.575891e+001
      vertex  4.400000e+000  1.220150e+001  1.584687e+001
      vertex  8.400000e+000  1.200047e+001  1.599965e+001
    endloop
  endfacet
  facet normal -2.291342e-004  6.021665e-001  7.983704e-001
    outer loop
      vertex  8.400000e+000  1.200047e+001  1.599965e+001
      vertex  4.400000e+000  1.220150e+001  1.584687e+001
      vertex  4.400000e+000  1.188402e+001  1.608633e+001
    endloop
  endfacet
  facet normal  2.274891e-004  5.920742e-001  8.058835e-001
    outer loop
      vertex  8.400000e+000  1.200047e+001  1.599965e+001
      vertex  4.400000e+000  1.188402e+001  1.608633e+001
      vertex  8.400000e+000  1.168133e+001  1.623412e+001
    endloop
  endfacet
  facet normal -2.302783e-004  5.861758e-001  8.101838e-001
    outer loop
      vertex  8.400000e+000  1.168133e+001  1.623412e+001
      vertex  4.400000e+000  1.188402e+001  1.608633e+001
      vertex  4.400000e+000  1.156184e+001  1.631943e+001
    endloop
  endfacet
  facet normal  2.286242e-004  5.760011e-001  8.174489e-001
    outer loop
      vertex  8.400000e+000  1.168133e+001  1.623412e+001
      vertex  4.400000e+000  1.156184e+001  1.631943e+001
      vertex  8.400000e+000  1.135761e+001  1.646222e+001
    endloop
  endfacet
  facet normal -2.310801e-004  5.699535e-001  8.216770e-001
    outer loop
      vertex  8.400000e+000  1.135761e+001  1.646222e+001
      vertex  4.400000e+000  1.156184e+001  1.631943e+001
      vertex  4.400000e+000  1.123509e+001  1.654608e+001
    endloop
  endfacet
  facet normal  2.300052e-004  5.597028e-001  8.286933e-001
    outer loop
      vertex  8.400000e+000  1.135761e+001  1.646222e+001
      vertex  4.400000e+000  1.123509e+001  1.654608e+001
      vertex  8.400000e+000  1.102944e+001  1.668387e+001
    endloop
  endfacet
  facet normal -2.320712e-004  5.534998e-001  8.328494e-001
    outer loop
      vertex  8.400000e+000  1.102944e+001  1.668387e+001
      vertex  4.400000e+000  1.123509e+001  1.654608e+001
      vertex  4.400000e+000  1.090390e+001  1.676619e+001
    endloop
  endfacet
  facet normal  2.307641e-004  5.431871e-001  8.396116e-001
    outer loop
      vertex  8.400000e+000  1.102944e+001  1.668387e+001
      vertex  4.400000e+000  1.090390e+001  1.676619e+001
      vertex  8.400000e+000  1.069694e+001  1.689898e+001
    endloop
  endfacet
  facet normal -2.331433e-004  5.368356e-001  8.436868e-001
    outer loop
      vertex  8.400000e+000  1.069694e+001  1.689898e+001
      vertex  4.400000e+000  1.090390e+001  1.676619e+001
      vertex  4.400000e+000  1.056839e+001  1.697967e+001
    endloop
  endfacet
  facet normal  2.319057e-004  5.264550e-001  8.502029e-001
    outer loop
      vertex  8.400000e+000  1.069694e+001  1.689898e+001
      vertex  4.400000e+000  1.056839e+001  1.697967e+001
      vertex  8.400000e+000  1.036025e+001  1.710746e+001
    endloop
  endfacet
  facet normal -2.340303e-004  5.199521e-001  8.541954e-001
    outer loop
      vertex  8.400000e+000  1.036025e+001  1.710746e+001
      vertex  4.400000e+000  1.056839e+001  1.697967e+001
      vertex  4.400000e+000  1.022871e+001  1.718643e+001
    endloop
  endfacet
  facet normal  2.326842e-004  5.095202e-001  8.604587e-001
    outer loop
      vertex  8.400000e+000  1.036025e+001  1.710746e+001
      vertex  4.400000e+000  1.022871e+001  1.718643e+001
      vertex  8.400000e+000  1.001950e+001  1.730924e+001
    endloop
  endfacet
  facet normal -2.350929e-004  5.028683e-001  8.643630e-001
    outer loop
      vertex  8.400000e+000  1.001950e+001  1.730924e+001
      vertex  4.400000e+000  1.022871e+001  1.718643e+001
      vertex  4.400000e+000  9.884984e+000  1.738641e+001
    endloop
  endfacet
  facet normal  2.337018e-004  4.923800e-001  8.703802e-001
    outer loop
      vertex  8.400000e+000  1.001950e+001  1.730924e+001
      vertex  4.400000e+000  9.884984e+000  1.738641e+001
      vertex  8.400000e+000  9.674817e+000  1.750422e+001
    endloop
  endfacet
  facet normal -2.357776e-004  4.855812e-001  8.741915e-001
    outer loop
      vertex  8.400000e+000  9.674817e+000  1.750422e+001
      vertex  4.400000e+000  9.884984e+000  1.738641e+001
      vertex  4.400000e+000  9.537350e+000  1.757950e+001
    endloop
  endfacet
  facet normal  2.344780e-004  4.750547e-001  8.799563e-001
    outer loop
      vertex  8.400000e+000  9.674817e+000  1.750422e+001
      vertex  4.400000e+000  9.537350e+000  1.757950e+001
      vertex  8.400000e+000  9.326344e+000  1.769235e+001
    endloop
  endfacet
  facet normal -2.370406e-004  4.681041e-001  8.836733e-001
    outer loop
      vertex  8.400000e+000  9.326344e+000  1.769235e+001
      vertex  4.400000e+000  9.537350e+000  1.757950e+001
      vertex  4.400000e+000  9.185946e+000  1.776565e+001
    endloop
  endfacet
  facet normal  2.349663e-004  4.575369e-001  8.891906e-001
    outer loop
      vertex  8.400000e+000  9.326344e+000  1.769235e+001
      vertex  4.400000e+000  9.185946e+000  1.776565e+001
      vertex  8.400000e+000  8.974213e+000  1.787354e+001
    endloop
  endfacet
  facet normal -2.380036e-004  4.504434e-001  8.928049e-001
    outer loop
      vertex  8.400000e+000  8.974213e+000  1.787354e+001
      vertex  4.400000e+000  9.185946e+000  1.776565e+001
      vertex  4.400000e+000  8.830910e+000  1.794478e+001
    endloop
  endfacet
  facet normal  2.358315e-004  4.398380e-001  8.980771e-001
    outer loop
      vertex  8.400000e+000  8.974213e+000  1.787354e+001
      vertex  4.400000e+000  8.830910e+000  1.794478e+001
      vertex  8.400000e+000  8.618564e+000  1.804772e+001
    endloop
  endfacet
  facet normal -2.383853e-004  4.326051e-001  9.015835e-001
    outer loop
      vertex  8.400000e+000  8.618564e+000  1.804772e+001
      vertex  4.400000e+000  8.830910e+000  1.794478e+001
      vertex  4.400000e+000  8.472383e+000  1.811681e+001
    endloop
  endfacet
  facet normal  2.369303e-004  4.219735e-001  9.066082e-001
    outer loop
      vertex  8.400000e+000  8.618564e+000  1.804772e+001
      vertex  4.400000e+000  8.472383e+000  1.811681e+001
      vertex  8.400000e+000  8.259536e+000  1.821483e+001
    endloop
  endfacet
  facet normal -2.392305e-004  4.145907e-001  9.100080e-001
    outer loop
      vertex  8.400000e+000  8.259536e+000  1.821483e+001
      vertex  4.400000e+000  8.472383e+000  1.811681e+001
      vertex  4.400000e+000  8.110506e+000  1.828168e+001
    endloop
  endfacet
  facet normal  2.374087e-004  4.039404e-001  9.147853e-001
    outer loop
      vertex  8.400000e+000  8.259536e+000  1.821483e+001
      vertex  4.400000e+000  8.110506e+000  1.828168e+001
      vertex  8.400000e+000  7.897269e+000  1.837480e+001
    endloop
  endfacet
  facet normal -2.398760e-004  3.964212e-001  9.180688e-001
    outer loop
      vertex  8.400000e+000  7.897269e+000  1.837480e+001
      vertex  4.400000e+000  8.110506e+000  1.828168e+001
      vertex  4.400000e+000  7.745423e+000  1.843932e+001
    endloop
  endfacet
  facet normal  2.384050e-004  3.857490e-001  9.226037e-001
    outer loop
      vertex  8.400000e+000  7.897269e+000  1.837480e+001
      vertex  4.400000e+000  7.745423e+000  1.843932e+001
      vertex  8.400000e+000  7.531907e+000  1.852756e+001
    endloop
  endfacet
  facet normal -2.405508e-004  3.780852e-001  9.257708e-001
    outer loop
      vertex  8.400000e+000  7.531907e+000  1.852756e+001
      vertex  4.400000e+000  7.745423e+000  1.843932e+001
      vertex  4.400000e+000  7.377278e+000  1.858967e+001
    endloop
  endfacet
  facet normal  2.389686e-004  3.674042e-001  9.300614e-001
    outer loop
      vertex  8.400000e+000  7.531907e+000  1.852756e+001
      vertex  4.400000e+000  7.377278e+000  1.858967e+001
      vertex  8.400000e+000  7.163591e+000  1.867305e+001
    endloop
  endfacet
  facet normal -2.411317e-004  3.596048e-001  9.331047e-001
    outer loop
      vertex  8.400000e+000  7.163591e+000  1.867305e+001
      vertex  4.400000e+000  7.377278e+000  1.858967e+001
      vertex  4.400000e+000  7.006217e+000  1.873267e+001
    endloop
  endfacet
  facet normal  2.396518e-004  3.489183e-001  9.371532e-001
    outer loop
      vertex  8.400000e+000  7.163591e+000  1.867305e+001
      vertex  4.400000e+000  7.006217e+000  1.873267e+001
      vertex  8.400000e+000  6.792467e+000  1.881123e+001
    endloop
  endfacet
  facet normal -2.418214e-004  3.409804e-001  9.400704e-001
    outer loop
      vertex  8.400000e+000  6.792467e+000  1.881123e+001
      vertex  4.400000e+000  7.006217e+000  1.873267e+001
      vertex  4.400000e+000  6.632386e+000  1.886827e+001
    endloop
  endfacet
  facet normal  2.399802e-004  3.302977e-001  9.438768e-001
    outer loop
      vertex  8.400000e+000  6.792467e+000  1.881123e+001
      vertex  4.400000e+000  6.632386e+000  1.886827e+001
      vertex  8.400000e+000  6.418680e+000  1.894203e+001
    endloop
  endfacet
  facet normal -2.426388e-004  3.222260e-001  9.466628e-001
    outer loop
      vertex  8.400000e+000  6.418680e+000  1.894203e+001
      vertex  4.400000e+000  6.632386e+000  1.886827e+001
      vertex  4.400000e+000  6.255932e+000  1.899640e+001
    endloop
  endfacet
  facet normal  2.407276e-004  3.115388e-001  9.502334e-001
    outer loop
      vertex  8.400000e+000  6.418680e+000  1.894203e+001
      vertex  4.400000e+000  6.255932e+000  1.899640e+001
      vertex  8.400000e+000  6.042376e+000  1.906540e+001
    endloop
  endfacet
  facet normal -2.428085e-004  3.033380e-001  9.528829e-001
    outer loop
      vertex  8.400000e+000  6.042376e+000  1.906540e+001
      vertex  4.400000e+000  6.255932e+000  1.899640e+001
      vertex  4.400000e+000  5.877006e+000  1.911703e+001
    endloop
  endfacet
  facet normal  2.413207e-004  2.926677e-001  9.562141e-001
    outer loop
      vertex  8.400000e+000  6.042376e+000  1.906540e+001
      vertex  4.400000e+000  5.877006e+000  1.911703e+001
      vertex  8.400000e+000  5.663703e+000  1.918130e+001
    endloop
  endfacet
  facet normal -2.434078e-004  2.843344e-001  9.587252e-001
    outer loop
      vertex  8.400000e+000  5.663703e+000  1.918130e+001
      vertex  4.400000e+000  5.877006e+000  1.911703e+001
      vertex  4.400000e+000  5.495755e+000  1.923010e+001
    endloop
  endfacet
  facet normal  2.418494e-004  2.736768e-001  9.618217e-001
    outer loop
      vertex  8.400000e+000  5.663703e+000  1.918130e+001
      vertex  4.400000e+000  5.495755e+000  1.923010e+001
      vertex  8.400000e+000  5.282810e+000  1.928968e+001
    endloop
  endfacet
  facet normal -2.440588e-004  2.652121e-001  9.641901e-001
    outer loop
      vertex  8.400000e+000  5.282810e+000  1.928968e+001
      vertex  4.400000e+000  5.495755e+000  1.923010e+001
      vertex  4.400000e+000  5.112333e+000  1.933556e+001
    endloop
  endfacet
  facet normal  2.419118e-004  2.545797e-001  9.670518e-001
    outer loop
      vertex  8.400000e+000  5.282810e+000  1.928968e+001
      vertex  4.400000e+000  5.112333e+000  1.933556e+001
      vertex  8.400000e+000  4.899846e+000  1.939050e+001
    endloop
  endfacet
  facet normal -2.447550e-004  2.459923e-001  9.692718e-001
    outer loop
      vertex  8.400000e+000  4.899846e+000  1.939050e+001
      vertex  4.400000e+000  5.112333e+000  1.933556e+001
      vertex  4.400000e+000  4.726889e+000  1.943339e+001
    endloop
  endfacet
  facet normal  2.422561e-004  2.353815e-001  9.719030e-001
    outer loop
      vertex  8.400000e+000  4.899846e+000  1.939050e+001
      vertex  4.400000e+000  4.726889e+000  1.943339e+001
      vertex  8.400000e+000  4.514960e+000  1.948372e+001
    endloop
  endfacet
  facet normal -2.449220e-004  2.266772e-001  9.739698e-001
    outer loop
      vertex  8.400000e+000  4.514960e+000  1.948372e+001
      vertex  4.400000e+000  4.726889e+000  1.943339e+001
      vertex  4.400000e+000  4.339576e+000  1.952353e+001
    endloop
  endfacet
  facet normal  2.431045e-004  2.160922e-001  9.763729e-001
    outer loop
      vertex  8.400000e+000  4.514960e+000  1.948372e+001
      vertex  4.400000e+000  4.339576e+000  1.952353e+001
      vertex  8.400000e+000  4.128304e+000  1.956929e+001
    endloop
  endfacet
  facet normal -2.451925e-004  2.072616e-001  9.782855e-001
    outer loop
      vertex  8.400000e+000  4.128304e+000  1.956929e+001
      vertex  4.400000e+000  4.339576e+000  1.952353e+001
      vertex  4.400000e+000  3.950548e+000  1.960595e+001
    endloop
  endfacet
  facet normal  2.433909e-004  1.967157e-001  9.804605e-001
    outer loop
      vertex  8.400000e+000  4.128304e+000  1.956929e+001
      vertex  4.400000e+000  3.950548e+000  1.960595e+001
      vertex  8.400000e+000  3.740030e+000  1.964719e+001
    endloop
  endfacet
  facet normal -2.452784e-004  1.877738e-001  9.822122e-001
    outer loop
      vertex  8.400000e+000  3.740030e+000  1.964719e+001
      vertex  4.400000e+000  3.950548e+000  1.960595e+001
      vertex  4.400000e+000  3.559958e+000  1.968062e+001
    endloop
  endfacet
  facet normal  2.440093e-004  1.772672e-001  9.841627e-001
    outer loop
      vertex  8.400000e+000  3.740030e+000  1.964719e+001
      vertex  4.400000e+000  3.559958e+000  1.968062e+001
      vertex  8.400000e+000  3.350290e+000  1.971739e+001
    endloop
  endfacet
  facet normal -2.456378e-004  1.682046e-001  9.857521e-001
    outer loop
      vertex  8.400000e+000  3.350290e+000  1.971739e+001
      vertex  4.400000e+000  3.559958e+000  1.968062e+001
      vertex  4.400000e+000  3.167960e+000  1.974751e+001
    endloop
  endfacet
  facet normal  2.440810e-004  1.577463e-001  9.874797e-001
    outer loop
      vertex  8.400000e+000  3.350290e+000  1.971739e+001
      vertex  4.400000e+000  3.167960e+000  1.974751e+001
      vertex  8.400000e+000  2.959235e+000  1.977986e+001
    endloop
  endfacet
  facet normal -2.460917e-004  1.485730e-001  9.889014e-001
    outer loop
      vertex  8.400000e+000  2.959235e+000  1.977986e+001
      vertex  4.400000e+000  3.167960e+000  1.974751e+001
      vertex  4.400000e+000  2.774711e+000  1.980659e+001
    endloop
  endfacet
  facet normal  2.442165e-004  1.381629e-001  9.904096e-001
    outer loop
      vertex  8.400000e+000  2.959235e+000  1.977986e+001
      vertex  4.400000e+000  2.774711e+000  1.980659e+001
      vertex  8.400000e+000  2.567021e+000  1.983458e+001
    endloop
  endfacet
  facet normal -2.463236e-004  1.288838e-001  9.916596e-001
    outer loop
      vertex  8.400000e+000  2.567021e+000  1.983458e+001
      vertex  4.400000e+000  2.774711e+000  1.980659e+001
      vertex  4.400000e+000  2.380364e+000  1.985784e+001
    endloop
  endfacet
  facet normal  2.445059e-004  1.185264e-001  9.929508e-001
    outer loop
      vertex  8.400000e+000  2.567021e+000  1.983458e+001
      vertex  4.400000e+000  2.380364e+000  1.985784e+001
      vertex  8.400000e+000  2.173800e+000  1.988151e+001
    endloop
  endfacet
  facet normal -2.464888e-004  1.091418e-001  9.940262e-001
    outer loop
      vertex  8.400000e+000  2.173800e+000  1.988151e+001
      vertex  4.400000e+000  2.380364e+000  1.985784e+001
      vertex  4.400000e+000  1.985076e+000  1.990124e+001
    endloop
  endfacet
  facet normal  2.447828e-004  9.884192e-002  9.951031e-001
    outer loop
      vertex  8.400000e+000  2.173800e+000  1.988151e+001
      vertex  4.400000e+000  1.985076e+000  1.990124e+001
      vertex  8.400000e+000  1.779727e+000  1.992066e+001
    endloop
  endfacet
  facet normal -2.465109e-004  8.935674e-002  9.959997e-001
    outer loop
      vertex  8.400000e+000  1.779727e+000  1.992066e+001
      vertex  4.400000e+000  1.985076e+000  1.990124e+001
      vertex  4.400000e+000  1.589003e+000  1.993678e+001
    endloop
  endfacet
  facet normal  2.449026e-004  7.912358e-002  9.968647e-001
    outer loop
      vertex  8.400000e+000  1.779727e+000  1.992066e+001
      vertex  4.400000e+000  1.589003e+000  1.993678e+001
      vertex  8.400000e+000  1.384956e+000  1.995199e+001
    endloop
  endfacet
  facet normal -2.470348e-004  6.953327e-002  9.975796e-001
    outer loop
      vertex  8.400000e+000  1.384956e+000  1.995199e+001
      vertex  4.400000e+000  1.589003e+000  1.993678e+001
      vertex  4.400000e+000  1.192302e+000  1.996443e+001
    endloop
  endfacet
  facet normal  2.446593e-004  5.936680e-002  9.982362e-001
    outer loop
      vertex  8.400000e+000  1.384956e+000  1.995199e+001
      vertex  4.400000e+000  1.192302e+000  1.996443e+001
      vertex  8.400000e+000  9.896426e-001  1.997550e+001
    endloop
  endfacet
  facet normal -2.470481e-004  4.969060e-002  9.987646e-001
    outer loop
      vertex  8.400000e+000  9.896426e-001  1.997550e+001
      vertex  4.400000e+000  1.192302e+000  1.996443e+001
      vertex  4.400000e+000  7.951303e-001  1.998419e+001
    endloop
  endfacet
  facet normal  2.450706e-004  3.959071e-002  9.992160e-001
    outer loop
      vertex  8.400000e+000  9.896426e-001  1.997550e+001
      vertex  4.400000e+000  7.951303e-001  1.998419e+001
      vertex  8.400000e+000  5.939408e-001  1.999118e+001
    endloop
  endfacet
  facet normal -2.470058e-004  2.981916e-002  9.995553e-001
    outer loop
      vertex  8.400000e+000  5.939408e-001  1.999118e+001
      vertex  4.400000e+000  7.951303e-001  1.998419e+001
      vertex  4.400000e+000  3.976437e-001  1.999605e+001
    endloop
  endfacet
  facet normal  2.449712e-004  1.980017e-002  9.998038e-001
    outer loop
      vertex  8.400000e+000  5.939408e-001  1.999118e+001
      vertex  4.400000e+000  3.976437e-001  1.999605e+001
      vertex  8.400000e+000  1.980062e-001  1.999902e+001
    endloop
  endfacet
  facet normal -2.471075e-004  9.942916e-003  9.999506e-001
    outer loop
      vertex  8.400000e+000  1.980062e-001  1.999902e+001
      vertex  4.400000e+000  3.976437e-001  1.999605e+001
      vertex  4.400000e+000 -1.224606e-015  2.000000e+001
    endloop
  endfacet
  facet normal  2.450943e-004  0.000000e+000  1.000000e+000
    outer loop
      vertex  8.400000e+000  1.980062e-001  1.999902e+001
      vertex  4.400000e+000 -1.224606e-015  2.000000e+001
      vertex  8.400000e+000 -1.980062e-001  1.999902e+001
    endloop
  endfacet
  facet normal -2.471075e-004 -9.942916e-003  9.999506e-001
    outer loop
      vertex  8.400000e+000 -1.980062e-001  1.999902e+001
      vertex  4.400000e+000 -1.224606e-015  2.000000e+001
      vertex  4.400000e+000 -3.976437e-001  1.999605e+001
    endloop
  endfacet
  facet normal  2.449712e-004 -1.980017e-002  9.998038e-001
    outer loop
      vertex  8.400000e+000 -1.980062e-001  1.999902e+001
      vertex  4.400000e+000 -3.976437e-001  1.999605e+001
      vertex  8.400000e+000 -5.939408e-001  1.999118e+001
    endloop
  endfacet
  facet normal -7.269502e-004 -3.959070e-002  9.992158e-001
    outer loop
      vertex  8.400000e+000 -5.939408e-001  1.999118e+001
      vertex  4.400000e+000 -3.976437e-001  1.999605e+001
      vertex  8.400000e+000 -9.896426e-001  1.997550e+001
    endloop
  endfacet
  facet normal  7.209792e-004 -2.981915e-002  9.995551e-001
    outer loop
      vertex  8.400000e+000 -9.896426e-001  1.997550e+001
      vertex  4.400000e+000 -3.976437e-001  1.999605e+001
      vertex  4.400000e+000 -7.951303e-001  1.998419e+001
    endloop
  endfacet
  facet normal -7.187310e-004 -5.936679e-002  9.982360e-001
    outer loop
      vertex  8.400000e+000 -9.896426e-001  1.997550e+001
      vertex  4.400000e+000 -7.951303e-001  1.998419e+001
      vertex  8.400000e+000 -1.384956e+000  1.995199e+001
    endloop
  endfacet
  facet normal  7.123420e-004 -4.969059e-002  9.987644e-001
    outer loop
      vertex  8.400000e+000 -1.384956e+000  1.995199e+001
      vertex  4.400000e+000 -7.951303e-001  1.998419e+001
      vertex  4.400000e+000 -1.192302e+000  1.996443e+001
    endloop
  endfacet
  facet normal -7.111602e-004 -7.912356e-002  9.968646e-001
    outer loop
      vertex  8.400000e+000 -1.384956e+000  1.995199e+001
      vertex  4.400000e+000 -1.192302e+000  1.996443e+001
      vertex  8.400000e+000 -1.779727e+000  1.992066e+001
    endloop
  endfacet
  facet normal  7.050589e-004 -6.953326e-002  9.975794e-001
    outer loop
      vertex  8.400000e+000 -1.779727e+000  1.992066e+001
      vertex  4.400000e+000 -1.192302e+000  1.996443e+001
      vertex  4.400000e+000 -1.589003e+000  1.993678e+001
    endloop
  endfacet
  facet normal -7.023867e-004 -9.884191e-002  9.951029e-001
    outer loop
      vertex  8.400000e+000 -1.779727e+000  1.992066e+001
      vertex  4.400000e+000 -1.589003e+000  1.993678e+001
      vertex  8.400000e+000 -2.173800e+000  1.988151e+001
    endloop
  endfacet
  facet normal  6.967258e-004 -8.935672e-002  9.959994e-001
    outer loop
      vertex  8.400000e+000 -2.173800e+000  1.988151e+001
      vertex  4.400000e+000 -1.589003e+000  1.993678e+001
      vertex  4.400000e+000 -1.985076e+000  1.990124e+001
    endloop
  endfacet
  facet normal -6.945695e-004 -1.185264e-001  9.929507e-001
    outer loop
      vertex  8.400000e+000 -2.173800e+000  1.988151e+001
      vertex  4.400000e+000 -1.985076e+000  1.990124e+001
      vertex  8.400000e+000 -2.567021e+000  1.983458e+001
    endloop
  endfacet
  facet normal  6.886875e-004 -1.091418e-001  9.940259e-001
    outer loop
      vertex  8.400000e+000 -2.567021e+000  1.983458e+001
      vertex  4.400000e+000 -1.985076e+000  1.990124e+001
      vertex  4.400000e+000 -2.380364e+000  1.985784e+001
    endloop
  endfacet
  facet normal -6.865979e-004 -1.381629e-001  9.904093e-001
    outer loop
      vertex  8.400000e+000 -2.567021e+000  1.983458e+001
      vertex  4.400000e+000 -2.380364e+000  1.985784e+001
      vertex  8.400000e+000 -2.959235e+000  1.977986e+001
    endloop
  endfacet
  facet normal  6.806261e-004 -1.288838e-001  9.916595e-001
    outer loop
      vertex  8.400000e+000 -2.959235e+000  1.977986e+001
      vertex  4.400000e+000 -2.380364e+000  1.985784e+001
      vertex  4.400000e+000 -2.774711e+000  1.980659e+001
    endloop
  endfacet
  facet normal -6.787655e-004 -1.577463e-001  9.874794e-001
    outer loop
      vertex  8.400000e+000 -2.959235e+000  1.977986e+001
      vertex  4.400000e+000 -2.774711e+000  1.980659e+001
      vertex  8.400000e+000 -3.350290e+000  1.971739e+001
    endloop
  endfacet
  facet normal  6.729238e-004 -1.485730e-001  9.889012e-001
    outer loop
      vertex  8.400000e+000 -3.350290e+000  1.971739e+001
      vertex  4.400000e+000 -2.774711e+000  1.980659e+001
      vertex  4.400000e+000 -3.167960e+000  1.974751e+001
    endloop
  endfacet
  facet normal -6.706979e-004 -1.772671e-001  9.841625e-001
    outer loop
      vertex  8.400000e+000 -3.350290e+000  1.971739e+001
      vertex  4.400000e+000 -3.167960e+000  1.974751e+001
      vertex  8.400000e+000 -3.740030e+000  1.964719e+001
    endloop
  endfacet
  facet normal  6.652713e-004 -1.682045e-001  9.857519e-001
    outer loop
      vertex  8.400000e+000 -3.740030e+000  1.964719e+001
      vertex  4.400000e+000 -3.167960e+000  1.974751e+001
      vertex  4.400000e+000 -3.559958e+000  1.968062e+001
    endloop
  endfacet
  facet normal -6.624630e-004 -1.967157e-001  9.804604e-001
    outer loop
      vertex  8.400000e+000 -3.740030e+000  1.964719e+001
      vertex  4.400000e+000 -3.559958e+000  1.968062e+001
      vertex  8.400000e+000 -4.128304e+000  1.956929e+001
    endloop
  endfacet
  facet normal  6.568141e-004 -1.877738e-001  9.822121e-001
    outer loop
      vertex  8.400000e+000 -4.128304e+000  1.956929e+001
      vertex  4.400000e+000 -3.559958e+000  1.968062e+001
      vertex  4.400000e+000 -3.950548e+000  1.960595e+001
    endloop
  endfacet
  facet normal -6.551454e-004 -2.160922e-001  9.763727e-001
    outer loop
      vertex  8.400000e+000 -4.128304e+000  1.956929e+001
      vertex  4.400000e+000 -3.950548e+000  1.960595e+001
      vertex  8.400000e+000 -4.514960e+000  1.948372e+001
    endloop
  endfacet
  facet normal  6.493271e-004 -2.072616e-001  9.782853e-001
    outer loop
      vertex  8.400000e+000 -4.514960e+000  1.948372e+001
      vertex  4.400000e+000 -3.950548e+000  1.960595e+001
      vertex  4.400000e+000 -4.339576e+000  1.952353e+001
    endloop
  endfacet
  facet normal -6.471406e-004 -2.353815e-001  9.719028e-001
    outer loop
      vertex  8.400000e+000 -4.514960e+000  1.948372e+001
      vertex  4.400000e+000 -4.339576e+000  1.952353e+001
      vertex  8.400000e+000 -4.899846e+000  1.939050e+001
    endloop
  endfacet
  facet normal  6.407818e-004 -2.266772e-001  9.739698e-001
    outer loop
      vertex  8.400000e+000 -4.899846e+000  1.939050e+001
      vertex  4.400000e+000 -4.339576e+000  1.952353e+001
      vertex  4.400000e+000 -4.726889e+000  1.943339e+001
    endloop
  endfacet
  facet normal -6.398674e-004 -2.545796e-001  9.670516e-001
    outer loop
      vertex  8.400000e+000 -4.899846e+000  1.939050e+001
      vertex  4.400000e+000 -4.726889e+000  1.943339e+001
      vertex  8.400000e+000 -5.282810e+000  1.928968e+001
    endloop
  endfacet
  facet normal  6.333628e-004 -2.459922e-001  9.692716e-001
    outer loop
      vertex  8.400000e+000 -5.282810e+000  1.928968e+001
      vertex  4.400000e+000 -4.726889e+000  1.943339e+001
      vertex  4.400000e+000 -5.112333e+000  1.933556e+001
    endloop
  endfacet
  facet normal -6.319829e-004 -2.736767e-001  9.618216e-001
    outer loop
      vertex  8.400000e+000 -5.282810e+000  1.928968e+001
      vertex  4.400000e+000 -5.112333e+000  1.933556e+001
      vertex  8.400000e+000 -5.663703e+000  1.918130e+001
    endloop
  endfacet
  facet normal  6.261469e-004 -2.652121e-001  9.641899e-001
    outer loop
      vertex  8.400000e+000 -5.663703e+000  1.918130e+001
      vertex  4.400000e+000 -5.112333e+000  1.933556e+001
      vertex  4.400000e+000 -5.495755e+000  1.923010e+001
    endloop
  endfacet
  facet normal -6.239301e-004 -2.926677e-001  9.562140e-001
    outer loop
      vertex  8.400000e+000 -5.663703e+000  1.918130e+001
      vertex  4.400000e+000 -5.495755e+000  1.923010e+001
      vertex  8.400000e+000 -6.042376e+000  1.906540e+001
    endloop
  endfacet
  facet normal  6.182494e-004 -2.843344e-001  9.587250e-001
    outer loop
      vertex  8.400000e+000 -6.042376e+000  1.906540e+001
      vertex  4.400000e+000 -5.495755e+000  1.923010e+001
      vertex  4.400000e+000 -5.877006e+000  1.911703e+001
    endloop
  endfacet
  facet normal -6.160438e-004 -3.115387e-001  9.502332e-001
    outer loop
      vertex  8.400000e+000 -6.042376e+000  1.906540e+001
      vertex  4.400000e+000 -5.877006e+000  1.911703e+001
      vertex  8.400000e+000 -6.418680e+000  1.894203e+001
    endloop
  endfacet
  facet normal  6.104044e-004 -3.033380e-001  9.528829e-001
    outer loop
      vertex  8.400000e+000 -6.418680e+000  1.894203e+001
      vertex  4.400000e+000 -5.877006e+000  1.911703e+001
      vertex  4.400000e+000 -6.255932e+000  1.899640e+001
    endloop
  endfacet
  facet normal -6.089184e-004 -3.302976e-001  9.438766e-001
    outer loop
      vertex  8.400000e+000 -6.418680e+000  1.894203e+001
      vertex  4.400000e+000 -6.255932e+000  1.899640e+001
      vertex  8.400000e+000 -6.792467e+000  1.881123e+001
    endloop
  endfacet
  facet normal  6.027360e-004 -3.222260e-001  9.466626e-001
    outer loop
      vertex  8.400000e+000 -6.792467e+000  1.881123e+001
      vertex  4.400000e+000 -6.255932e+000  1.899640e+001
      vertex  4.400000e+000 -6.632386e+000  1.886827e+001
    endloop
  endfacet
  facet normal -6.010933e-004 -3.489182e-001  9.371530e-001
    outer loop
      vertex  8.400000e+000 -6.792467e+000  1.881123e+001
      vertex  4.400000e+000 -6.632386e+000  1.886827e+001
      vertex  8.400000e+000 -7.163591e+000  1.867305e+001
    endloop
  endfacet
  facet normal  5.954339e-004 -3.409804e-001  9.400703e-001
    outer loop
      vertex  8.400000e+000 -7.163591e+000  1.867305e+001
      vertex  4.400000e+000 -6.632386e+000  1.886827e+001
      vertex  4.400000e+000 -7.006217e+000  1.873267e+001
    endloop
  endfacet
  facet normal -5.933461e-004 -3.674041e-001  9.300612e-001
    outer loop
      vertex  8.400000e+000 -7.163591e+000  1.867305e+001
      vertex  4.400000e+000 -7.006217e+000  1.873267e+001
      vertex  8.400000e+000 -7.531907e+000  1.852756e+001
    endloop
  endfacet
  facet normal  5.877267e-004 -3.596047e-001  9.331045e-001
    outer loop
      vertex  8.400000e+000 -7.531907e+000  1.852756e+001
      vertex  4.400000e+000 -7.006217e+000  1.873267e+001
      vertex  4.400000e+000 -7.377278e+000  1.858967e+001
    endloop
  endfacet
  facet normal -5.859904e-004 -3.857490e-001  9.226035e-001
    outer loop
      vertex  8.400000e+000 -7.531907e+000  1.852756e+001
      vertex  4.400000e+000 -7.377278e+000  1.858967e+001
      vertex  8.400000e+000 -7.897269e+000  1.837480e+001
    endloop
  endfacet
  facet normal  5.804226e-004 -3.780851e-001  9.257707e-001
    outer loop
      vertex  8.400000e+000 -7.897269e+000  1.837480e+001
      vertex  4.400000e+000 -7.377278e+000  1.858967e+001
      vertex  4.400000e+000 -7.745423e+000  1.843932e+001
    endloop
  endfacet
  facet normal -5.782815e-004 -4.039403e-001  9.147851e-001
    outer loop
      vertex  8.400000e+000 -7.897269e+000  1.837480e+001
      vertex  4.400000e+000 -7.745423e+000  1.843932e+001
      vertex  8.400000e+000 -8.259536e+000  1.821483e+001
    endloop
  endfacet
  facet normal  5.724274e-004 -3.964211e-001  9.180686e-001
    outer loop
      vertex  8.400000e+000 -8.259536e+000  1.821483e+001
      vertex  4.400000e+000 -7.745423e+000  1.843932e+001
      vertex  4.400000e+000 -8.110506e+000  1.828168e+001
    endloop
  endfacet
  facet normal -5.711062e-004 -4.219734e-001  9.066080e-001
    outer loop
      vertex  8.400000e+000 -8.259536e+000  1.821483e+001
      vertex  4.400000e+000 -8.110506e+000  1.828168e+001
      vertex  8.400000e+000 -8.618564e+000  1.804772e+001
    endloop
  endfacet
  facet normal  5.654516e-004 -4.145907e-001  9.100078e-001
    outer loop
      vertex  8.400000e+000 -8.618564e+000  1.804772e+001
      vertex  4.400000e+000 -8.110506e+000  1.828168e+001
      vertex  4.400000e+000 -8.472383e+000  1.811681e+001
    endloop
  endfacet
  facet normal -5.632752e-004 -4.398379e-001  8.980770e-001
    outer loop
      vertex  8.400000e+000 -8.618564e+000  1.804772e+001
      vertex  4.400000e+000 -8.472383e+000  1.811681e+001
      vertex  8.400000e+000 -8.974213e+000  1.787354e+001
    endloop
  endfacet
  facet normal  5.574014e-004 -4.326050e-001  9.015833e-001
    outer loop
      vertex  8.400000e+000 -8.974213e+000  1.787354e+001
      vertex  4.400000e+000 -8.472383e+000  1.811681e+001
      vertex  4.400000e+000 -8.830910e+000  1.794478e+001
    endloop
  endfacet
  facet normal -5.564986e-004 -4.575368e-001  8.891905e-001
    outer loop
      vertex  8.400000e+000 -8.974213e+000  1.787354e+001
      vertex  4.400000e+000 -8.830910e+000  1.794478e+001
      vertex  8.400000e+000 -9.326344e+000  1.769235e+001
    endloop
  endfacet
  facet normal  5.501763e-004 -4.504434e-001  8.928048e-001
    outer loop
      vertex  8.400000e+000 -9.326344e+000  1.769235e+001
      vertex  4.400000e+000 -8.830910e+000  1.794478e+001
      vertex  4.400000e+000 -9.185946e+000  1.776565e+001
    endloop
  endfacet
  facet normal -5.491162e-004 -4.750546e-001  8.799561e-001
    outer loop
      vertex  8.400000e+000 -9.326344e+000  1.769235e+001
      vertex  4.400000e+000 -9.185946e+000  1.776565e+001
      vertex  8.400000e+000 -9.674817e+000  1.750422e+001
    endloop
  endfacet
  facet normal  5.433010e-004 -4.681040e-001  8.836732e-001
    outer loop
      vertex  8.400000e+000 -9.674817e+000  1.750422e+001
      vertex  4.400000e+000 -9.185946e+000  1.776565e+001
      vertex  4.400000e+000 -9.537350e+000  1.757950e+001
    endloop
  endfacet
  facet normal -5.411574e-004 -4.923800e-001  8.703802e-001
    outer loop
      vertex  8.400000e+000 -9.674817e+000  1.750422e+001
      vertex  4.400000e+000 -9.537350e+000  1.757950e+001
      vertex  8.400000e+000 -1.001950e+001  1.730924e+001
    endloop
  endfacet
  facet normal  5.358625e-004 -4.855812e-001  8.741915e-001
    outer loop
      vertex  8.400000e+000 -1.001950e+001  1.730924e+001
      vertex  4.400000e+000 -9.537350e+000  1.757950e+001
      vertex  4.400000e+000 -9.884984e+000  1.738641e+001
    endloop
  endfacet
  facet normal -5.341087e-004 -5.095202e-001  8.604586e-001
    outer loop
      vertex  8.400000e+000 -1.001950e+001  1.730924e+001
      vertex  4.400000e+000 -9.884984e+000  1.738641e+001
      vertex  8.400000e+000 -1.036025e+001  1.710746e+001
    endloop
  endfacet
  facet normal  5.285178e-004 -5.028682e-001  8.643629e-001
    outer loop
      vertex  8.400000e+000 -1.036025e+001  1.710746e+001
      vertex  4.400000e+000 -9.884984e+000  1.738641e+001
      vertex  4.400000e+000 -1.022871e+001  1.718643e+001
    endloop
  endfacet
  facet normal -5.267076e-004 -5.264550e-001  8.502029e-001
    outer loop
      vertex  8.400000e+000 -1.036025e+001  1.710746e+001
      vertex  4.400000e+000 -1.022871e+001  1.718643e+001
      vertex  8.400000e+000 -1.069694e+001  1.689898e+001
    endloop
  endfacet
  facet normal  5.214327e-004 -5.199521e-001  8.541953e-001
    outer loop
      vertex  8.400000e+000 -1.069694e+001  1.689898e+001
      vertex  4.400000e+000 -1.022871e+001  1.718643e+001
      vertex  4.400000e+000 -1.056839e+001  1.697967e+001
    endloop
  endfacet
  facet normal -5.194738e-004 -5.431871e-001  8.396115e-001
    outer loop
      vertex  8.400000e+000 -1.069694e+001  1.689898e+001
      vertex  4.400000e+000 -1.056839e+001  1.697967e+001
      vertex  8.400000e+000 -1.102944e+001  1.668387e+001
    endloop
  endfacet
  facet normal  5.139795e-004 -5.368356e-001  8.436868e-001
    outer loop
      vertex  8.400000e+000 -1.102944e+001  1.668387e+001
      vertex  4.400000e+000 -1.056839e+001  1.697967e+001
      vertex  4.400000e+000 -1.090390e+001  1.676619e+001
    endloop
  endfacet
  facet normal -5.122884e-004 -5.597028e-001  8.286933e-001
    outer loop
      vertex  8.400000e+000 -1.102944e+001  1.668387e+001
      vertex  4.400000e+000 -1.090390e+001  1.676619e+001
      vertex  8.400000e+000 -1.135761e+001  1.646222e+001
    endloop
  endfacet
  facet normal  5.071418e-004 -5.534997e-001  8.328492e-001
    outer loop
      vertex  8.400000e+000 -1.135761e+001  1.646222e+001
      vertex  4.400000e+000 -1.090390e+001  1.676619e+001
      vertex  4.400000e+000 -1.123509e+001  1.654608e+001
    endloop
  endfacet
  facet normal -5.049659e-004 -5.760010e-001  8.174489e-001
    outer loop
      vertex  8.400000e+000 -1.135761e+001  1.646222e+001
      vertex  4.400000e+000 -1.123509e+001  1.654608e+001
      vertex  8.400000e+000 -1.168133e+001  1.623412e+001
    endloop
  endfacet
  facet normal  4.994625e-004 -5.699534e-001  8.216768e-001
    outer loop
      vertex  8.400000e+000 -1.168133e+001  1.623412e+001
      vertex  4.400000e+000 -1.123509e+001  1.654608e+001
      vertex  4.400000e+000 -1.156184e+001  1.631943e+001
    endloop
  endfacet
  facet normal -4.982002e-004 -5.920741e-001  8.058833e-001
    outer loop
      vertex  8.400000e+000 -1.168133e+001  1.623412e+001
      vertex  4.400000e+000 -1.156184e+001  1.631943e+001
      vertex  8.400000e+000 -1.200047e+001  1.599965e+001
    endloop
  endfacet
  facet normal  4.923966e-004 -5.861758e-001  8.101838e-001
    outer loop
      vertex  8.400000e+000 -1.200047e+001  1.599965e+001
      vertex  4.400000e+000 -1.156184e+001  1.631943e+001
      vertex  4.400000e+000 -1.188402e+001  1.608633e+001
    endloop
  endfacet
  facet normal -4.911232e-004 -6.079143e-001  7.940025e-001
    outer loop
      vertex  8.400000e+000 -1.200047e+001  1.599965e+001
      vertex  4.400000e+000 -1.188402e+001  1.608633e+001
      vertex  8.400000e+000 -1.231491e+001  1.575891e+001
    endloop
  endfacet
  facet normal  4.855805e-004 -6.021665e-001  7.983704e-001
    outer loop
      vertex  8.400000e+000 -1.231491e+001  1.575891e+001
      vertex  4.400000e+000 -1.188402e+001  1.608633e+001
      vertex  4.400000e+000 -1.220150e+001  1.584687e+001
    endloop
  endfacet
  facet normal -4.838435e-004 -6.235154e-001  7.818109e-001
    outer loop
      vertex  8.400000e+000 -1.231491e+001  1.575891e+001
      vertex  4.400000e+000 -1.220150e+001  1.584687e+001
      vertex  8.400000e+000 -1.262451e+001  1.551199e+001
    endloop
  endfacet
  facet normal  4.781875e-004 -6.179233e-001  7.862382e-001
    outer loop
      vertex  8.400000e+000 -1.262451e+001  1.551199e+001
      vertex  4.400000e+000 -1.220150e+001  1.584687e+001
      vertex  4.400000e+000 -1.251416e+001  1.560115e+001
    endloop
  endfacet
  facet normal -4.770258e-004 -6.388725e-001  7.693124e-001
    outer loop
      vertex  8.400000e+000 -1.262451e+001  1.551199e+001
      vertex  4.400000e+000 -1.251416e+001  1.560115e+001
      vertex  8.400000e+000 -1.292917e+001  1.525898e+001
    endloop
  endfacet
  facet normal  4.714006e-004 -6.334306e-001  7.737994e-001
    outer loop
      vertex  8.400000e+000 -1.292917e+001  1.525898e+001
      vertex  4.400000e+000 -1.251416e+001  1.560115e+001
      vertex  4.400000e+000 -1.282187e+001  1.534925e+001
    endloop
  endfacet
  facet normal -4.699667e-004 -6.539803e-001  7.565114e-001
    outer loop
      vertex  8.400000e+000 -1.292917e+001  1.525898e+001
      vertex  4.400000e+000 -1.282187e+001  1.534925e+001
      vertex  8.400000e+000 -1.322876e+001  1.500000e+001
    endloop
  endfacet
  facet normal  4.642206e-004 -6.486925e-001  7.610504e-001
    outer loop
      vertex  8.400000e+000 -1.322876e+001  1.500000e+001
      vertex  4.400000e+000 -1.282187e+001  1.534925e+001
      vertex  4.400000e+000 -1.312451e+001  1.509129e+001
    endloop
  endfacet
  facet normal -3.074551e-004 -6.654837e-001  7.464123e-001
    outer loop
      vertex  8.400000e+000 -1.322876e+001  1.500000e+001
      vertex  4.400000e+000 -1.312451e+001  1.509129e+001
      vertex  8.400000e+000 -1.339016e+001  1.485610e+001
    endloop
  endfacet
  facet normal -9.510062e-005 -6.636950e-001  7.480034e-001
    outer loop
      vertex  8.400000e+000 -1.339016e+001  1.485610e+001
      vertex  4.400000e+000 -1.312451e+001  1.509129e+001
      vertex  4.400000e+000 -1.342197e+001  1.482736e+001
    endloop
  endfacet
  facet normal  4.636813e-005 -6.735120e-001  7.391763e-001
    outer loop
      vertex  8.400000e+000 -1.339016e+001  1.485610e+001
      vertex  4.400000e+000 -1.342197e+001  1.482736e+001
      vertex  8.400000e+000 -1.355000e+001  1.471046e+001
    endloop
  endfacet
  facet normal -2.431853e-004 -6.784348e-001  7.346605e-001
    outer loop
      vertex  8.400000e+000 -1.355000e+001  1.471046e+001
      vertex  4.400000e+000 -1.342197e+001  1.482736e+001
      vertex  4.400000e+000 -1.371412e+001  1.455758e+001
    endloop
  endfacet
  facet normal  2.373109e-004 -6.847053e-001  7.288200e-001
    outer loop
      vertex  8.400000e+000 -1.355000e+001  1.471046e+001
      vertex  4.400000e+000 -1.371412e+001  1.455758e+001
      vertex  8.400000e+000 -1.383682e+001  1.444100e+001
    endloop
  endfacet
  facet normal -5.950867e-004 -6.989100e-001  7.152094e-001
    outer loop
      vertex  8.400000e+000 -1.383682e+001  1.444100e+001
      vertex  4.400000e+000 -1.371412e+001  1.455758e+001
      vertex  8.400000e+000 -1.411828e+001  1.416595e+001
    endloop
  endfacet
  facet normal  5.806803e-004 -6.929086e-001  7.210251e-001
    outer loop
      vertex  8.400000e+000 -1.411828e+001  1.416595e+001
      vertex  4.400000e+000 -1.371412e+001  1.455758e+001
      vertex  4.400000e+000 -1.400084e+001  1.428203e+001
    endloop
  endfacet
  facet normal -5.766227e-004 -7.128483e-001  7.013180e-001
    outer loop
      vertex  8.400000e+000 -1.411828e+001  1.416595e+001
      vertex  4.400000e+000 -1.400084e+001  1.428203e+001
      vertex  8.400000e+000 -1.439427e+001  1.388542e+001
    endloop
  endfacet
  facet normal  5.620703e-004 -7.071066e-001  7.071066e-001
    outer loop
      vertex  8.400000e+000 -1.439427e+001  1.388542e+001
      vertex  4.400000e+000 -1.400084e+001  1.428203e+001
      vertex  4.400000e+000 -1.428203e+001  1.400084e+001
    endloop
  endfacet
  facet normal -5.579468e-004 -7.265081e-001  6.871577e-001
    outer loop
      vertex  8.400000e+000 -1.439427e+001  1.388542e+001
      vertex  4.400000e+000 -1.428203e+001  1.400084e+001
      vertex  8.400000e+000 -1.466469e+001  1.359952e+001
    endloop
  endfacet
  facet normal  5.435788e-004 -7.210252e-001  6.929087e-001
    outer loop
      vertex  8.400000e+000 -1.466469e+001  1.359952e+001
      vertex  4.400000e+000 -1.428203e+001  1.400084e+001
      vertex  4.400000e+000 -1.455758e+001  1.371412e+001
    endloop
  endfacet
  facet normal -5.398128e-004 -7.398903e-001  6.727272e-001
    outer loop
      vertex  8.400000e+000 -1.466469e+001  1.359952e+001
      vertex  4.400000e+000 -1.455758e+001  1.371412e+001
      vertex  8.400000e+000 -1.492943e+001  1.330834e+001
    endloop
  endfacet
  facet normal  5.253812e-004 -7.346604e-001  6.784348e-001
    outer loop
      vertex  8.400000e+000 -1.492943e+001  1.330834e+001
      vertex  4.400000e+000 -1.455758e+001  1.371412e+001
      vertex  4.400000e+000 -1.482736e+001  1.342197e+001
    endloop
  endfacet
  facet normal -5.214717e-004 -7.529824e-001  6.580405e-001
    outer loop
      vertex  8.400000e+000 -1.492943e+001  1.330834e+001
      vertex  4.400000e+000 -1.482736e+001  1.342197e+001
      vertex  8.400000e+000 -1.518840e+001  1.301202e+001
    endloop
  endfacet
  facet normal  5.074331e-004 -7.480033e-001  6.636949e-001
    outer loop
      vertex  8.400000e+000 -1.518840e+001  1.301202e+001
      vertex  4.400000e+000 -1.482736e+001  1.342197e+001
      vertex  4.400000e+000 -1.509129e+001  1.312451e+001
    endloop
  endfacet
  facet normal -5.034446e-004 -7.657831e-001  6.430987e-001
    outer loop
      vertex  8.400000e+000 -1.518840e+001  1.301202e+001
      vertex  4.400000e+000 -1.509129e+001  1.312451e+001
      vertex  8.400000e+000 -1.544148e+001  1.271065e+001
    endloop
  endfacet
  facet normal  4.896633e-004 -7.610504e-001  6.486925e-001
    outer loop
      vertex  8.400000e+000 -1.544148e+001  1.271065e+001
      vertex  4.400000e+000 -1.509129e+001  1.312451e+001
      vertex  4.400000e+000 -1.534925e+001  1.282187e+001
    endloop
  endfacet
  facet normal -4.857061e-004 -7.782881e-001  6.279071e-001
    outer loop
      vertex  8.400000e+000 -1.544148e+001  1.271065e+001
      vertex  4.400000e+000 -1.534925e+001  1.282187e+001
      vertex  8.400000e+000 -1.568858e+001  1.240437e+001
    endloop
  endfacet
  facet normal  4.716019e-004 -7.737994e-001  6.334306e-001
    outer loop
      vertex  8.400000e+000 -1.568858e+001  1.240437e+001
      vertex  4.400000e+000 -1.534925e+001  1.282187e+001
      vertex  4.400000e+000 -1.560115e+001  1.251416e+001
    endloop
  endfacet
  facet normal -4.686504e-004 -7.904938e-001  6.124698e-001
    outer loop
      vertex  8.400000e+000 -1.568858e+001  1.240437e+001
      vertex  4.400000e+000 -1.560115e+001  1.251416e+001
      vertex  8.400000e+000 -1.592961e+001  1.209328e+001
    endloop
  endfacet
  facet normal  4.546287e-004 -7.862382e-001  6.179233e-001
    outer loop
      vertex  8.400000e+000 -1.592961e+001  1.209328e+001
      vertex  4.400000e+000 -1.560115e+001  1.251416e+001
      vertex  4.400000e+000 -1.584687e+001  1.220150e+001
    endloop
  endfacet
  facet normal -4.510193e-004 -8.023909e-001  5.967987e-001
    outer loop
      vertex  8.400000e+000 -1.592961e+001  1.209328e+001
      vertex  4.400000e+000 -1.584687e+001  1.220150e+001
      vertex  8.400000e+000 -1.616447e+001  1.177751e+001
    endloop
  endfacet
  facet normal  4.371830e-004 -7.983704e-001  6.021665e-001
    outer loop
      vertex  8.400000e+000 -1.616447e+001  1.177751e+001
      vertex  4.400000e+000 -1.584687e+001  1.220150e+001
      vertex  4.400000e+000 -1.608633e+001  1.188402e+001
    endloop
  endfacet
  facet normal -4.340942e-004 -8.139780e-001  5.808956e-001
    outer loop
      vertex  8.400000e+000 -1.616447e+001  1.177751e+001
      vertex  4.400000e+000 -1.608633e+001  1.188402e+001
      vertex  8.400000e+000 -1.639308e+001  1.145718e+001
    endloop
  endfacet
  facet normal  4.203133e-004 -8.101838e-001  5.861758e-001
    outer loop
      vertex  8.400000e+000 -1.639308e+001  1.145718e+001
      vertex  4.400000e+000 -1.608633e+001  1.188402e+001
      vertex  4.400000e+000 -1.631943e+001  1.156184e+001
    endloop
  endfacet
  facet normal -4.172268e-004 -8.252504e-001  5.647668e-001
    outer loop
      vertex  8.400000e+000 -1.639308e+001  1.145718e+001
      vertex  4.400000e+000 -1.631943e+001  1.156184e+001
      vertex  8.400000e+000 -1.661533e+001  1.113242e+001
    endloop
  endfacet
  facet normal  4.039365e-004 -8.216769e-001  5.699534e-001
    outer loop
      vertex  8.400000e+000 -1.661533e+001  1.113242e+001
      vertex  4.400000e+000 -1.631943e+001  1.156184e+001
      vertex  4.400000e+000 -1.654608e+001  1.123509e+001
    endloop
  endfacet
  facet normal -4.002591e-004 -8.362030e-001  5.484198e-001
    outer loop
      vertex  8.400000e+000 -1.661533e+001  1.113242e+001
      vertex  4.400000e+000 -1.654608e+001  1.123509e+001
      vertex  8.400000e+000 -1.683115e+001  1.080334e+001
    endloop
  endfacet
  facet normal  3.870586e-004 -8.328493e-001  5.534998e-001
    outer loop
      vertex  8.400000e+000 -1.683115e+001  1.080334e+001
      vertex  4.400000e+000 -1.654608e+001  1.123509e+001
      vertex  4.400000e+000 -1.676619e+001  1.090390e+001
    endloop
  endfacet
  facet normal -3.839680e-004 -8.468312e-001  5.318615e-001
    outer loop
      vertex  8.400000e+000 -1.683115e+001  1.080334e+001
      vertex  4.400000e+000 -1.676619e+001  1.090390e+001
      vertex  8.400000e+000 -1.704046e+001  1.047009e+001
    endloop
  endfacet
  facet normal  3.710808e-004 -8.436868e-001  5.368356e-001
    outer loop
      vertex  8.400000e+000 -1.704046e+001  1.047009e+001
      vertex  4.400000e+000 -1.676619e+001  1.090390e+001
      vertex  4.400000e+000 -1.697967e+001  1.056839e+001
    endloop
  endfacet
  facet normal -3.675040e-004 -8.571315e-001  5.150974e-001
    outer loop
      vertex  8.400000e+000 -1.704046e+001  1.047009e+001
      vertex  4.400000e+000 -1.697967e+001  1.056839e+001
      vertex  8.400000e+000 -1.724317e+001  1.013277e+001
    endloop
  endfacet
  facet normal  3.546024e-004 -8.541954e-001  5.199521e-001
    outer loop
      vertex  8.400000e+000 -1.724317e+001  1.013277e+001
      vertex  4.400000e+000 -1.697967e+001  1.056839e+001
      vertex  4.400000e+000 -1.718643e+001  1.022871e+001
    endloop
  endfacet
  facet normal -3.517358e-004 -8.671003e-001  4.981335e-001
    outer loop
      vertex  8.400000e+000 -1.724317e+001  1.013277e+001
      vertex  4.400000e+000 -1.718643e+001  1.022871e+001
      vertex  8.400000e+000 -1.743920e+001  9.791538e+000
    endloop
  endfacet
  facet normal  3.387193e-004 -8.643630e-001  5.028683e-001
    outer loop
      vertex  8.400000e+000 -1.743920e+001  9.791538e+000
      vertex  4.400000e+000 -1.718643e+001  1.022871e+001
      vertex  4.400000e+000 -1.738641e+001  9.884984e+000
    endloop
  endfacet
  facet normal -3.361029e-004 -8.767355e-001  4.809727e-001
    outer loop
      vertex  8.400000e+000 -1.743920e+001  9.791538e+000
      vertex  4.400000e+000 -1.738641e+001  9.884984e+000
      vertex  8.400000e+000 -1.762848e+001  9.446512e+000
    endloop
  endfacet
  facet normal  3.230293e-004 -8.741915e-001  4.855812e-001
    outer loop
      vertex  8.400000e+000 -1.762848e+001  9.446512e+000
      vertex  4.400000e+000 -1.738641e+001  9.884984e+000
      vertex  4.400000e+000 -1.757950e+001  9.537350e+000
    endloop
  endfacet
  facet normal -3.204174e-004 -8.860289e-001  4.636299e-001
    outer loop
      vertex  8.400000e+000 -1.762848e+001  9.446512e+000
      vertex  4.400000e+000 -1.757950e+001  9.537350e+000
      vertex  8.400000e+000 -1.781094e+001  9.097828e+000
    endloop
  endfacet
  facet normal  3.075058e-004 -8.836733e-001  4.681041e-001
    outer loop
      vertex  8.400000e+000 -1.781094e+001  9.097828e+000
      vertex  4.400000e+000 -1.757950e+001  9.537350e+000
      vertex  4.400000e+000 -1.776565e+001  9.185946e+000
    endloop
  endfacet
  facet normal -3.050222e-004 -8.949786e-001  4.461092e-001
    outer loop
      vertex  8.400000e+000 -1.781094e+001  9.097828e+000
      vertex  4.400000e+000 -1.776565e+001  9.185946e+000
      vertex  8.400000e+000 -1.798650e+001  8.745622e+000
    endloop
  endfacet
  facet normal  2.921047e-004 -8.928049e-001  4.504434e-001
    outer loop
      vertex  8.400000e+000 -1.798650e+001  8.745622e+000
      vertex  4.400000e+000 -1.776565e+001  9.185946e+000
      vertex  4.400000e+000 -1.794478e+001  8.830910e+000
    endloop
  endfacet
  facet normal -2.901160e-004 -9.035842e-001  4.284104e-001
    outer loop
      vertex  8.400000e+000 -1.798650e+001  8.745622e+000
      vertex  4.400000e+000 -1.794478e+001  8.830910e+000
      vertex  8.400000e+000 -1.815509e+001  8.390030e+000
    endloop
  endfacet
  facet normal  2.774184e-004 -9.015835e-001  4.326051e-001
    outer loop
      vertex  8.400000e+000 -1.815509e+001  8.390030e+000
      vertex  4.400000e+000 -1.794478e+001  8.830910e+000
      vertex  4.400000e+000 -1.811681e+001  8.472383e+000
    endloop
  endfacet
  facet normal -2.747201e-004 -9.118366e-001  4.105533e-001
    outer loop
      vertex  8.400000e+000 -1.815509e+001  8.390030e+000
      vertex  4.400000e+000 -1.811681e+001  8.472383e+000
      vertex  8.400000e+000 -1.831666e+001  8.031189e+000
    endloop
  endfacet
  facet normal  2.619699e-004 -9.100080e-001  4.145907e-001
    outer loop
      vertex  8.400000e+000 -1.831666e+001  8.031189e+000
      vertex  4.400000e+000 -1.811681e+001  8.472383e+000
      vertex  4.400000e+000 -1.828168e+001  8.110506e+000
    endloop
  endfacet
  facet normal -2.605992e-004 -9.197393e-001  3.925296e-001
    outer loop
      vertex  8.400000e+000 -1.831666e+001  8.031189e+000
      vertex  4.400000e+000 -1.828168e+001  8.110506e+000
      vertex  8.400000e+000 -1.847113e+001  7.669239e+000
    endloop
  endfacet
  facet normal  2.478352e-004 -9.180688e-001  3.964212e-001
    outer loop
      vertex  8.400000e+000 -1.847113e+001  7.669239e+000
      vertex  4.400000e+000 -1.828168e+001  8.110506e+000
      vertex  4.400000e+000 -1.843932e+001  7.745423e+000
    endloop
  endfacet
  facet normal -2.457522e-004 -9.272856e-001  3.743549e-001
    outer loop
      vertex  8.400000e+000 -1.847113e+001  7.669239e+000
      vertex  4.400000e+000 -1.843932e+001  7.745423e+000
      vertex  8.400000e+000 -1.861846e+001  7.304320e+000
    endloop
  endfacet
  facet normal  2.334463e-004 -9.257708e-001  3.780852e-001
    outer loop
      vertex  8.400000e+000 -1.861846e+001  7.304320e+000
      vertex  4.400000e+000 -1.843932e+001  7.745423e+000
      vertex  4.400000e+000 -1.858967e+001  7.377278e+000
    endloop
  endfacet
  facet normal -2.312943e-004 -9.344713e-001  3.560385e-001
    outer loop
      vertex  8.400000e+000 -1.861846e+001  7.304320e+000
      vertex  4.400000e+000 -1.858967e+001  7.377278e+000
      vertex  8.400000e+000 -1.875857e+001  6.936572e+000
    endloop
  endfacet
  facet normal  2.193356e-004 -9.331047e-001  3.596048e-001
    outer loop
      vertex  8.400000e+000 -1.875857e+001  6.936572e+000
      vertex  4.400000e+000 -1.858967e+001  7.377278e+000
      vertex  4.400000e+000 -1.873267e+001  7.006217e+000
    endloop
  endfacet
  facet normal -2.170544e-004 -9.412945e-001  3.375867e-001
    outer loop
      vertex  8.400000e+000 -1.875857e+001  6.936572e+000
      vertex  4.400000e+000 -1.873267e+001  7.006217e+000
      vertex  8.400000e+000 -1.889142e+001  6.566139e+000
    endloop
  endfacet
  facet normal  2.049008e-004 -9.400704e-001  3.409804e-001
    outer loop
      vertex  8.400000e+000 -1.889142e+001  6.566139e+000
      vertex  4.400000e+000 -1.873267e+001  7.006217e+000
      vertex  4.400000e+000 -1.886827e+001  6.632386e+000
    endloop
  endfacet
  facet normal -2.037019e-004 -9.477561e-001  3.189955e-001
    outer loop
      vertex  8.400000e+000 -1.889142e+001  6.566139e+000
      vertex  4.400000e+000 -1.886827e+001  6.632386e+000
      vertex  8.400000e+000 -1.901696e+001  6.193163e+000
    endloop
  endfacet
  facet normal  1.916656e-004 -9.466628e-001  3.222260e-001
    outer loop
      vertex  8.400000e+000 -1.901696e+001  6.193163e+000
      vertex  4.400000e+000 -1.886827e+001  6.632386e+000
      vertex  4.400000e+000 -1.899640e+001  6.255932e+000
    endloop
  endfacet
  facet normal -1.894585e-004 -9.538475e-001  3.002914e-001
    outer loop
      vertex  8.400000e+000 -1.901696e+001  6.193163e+000
      vertex  4.400000e+000 -1.899640e+001  6.255932e+000
      vertex  8.400000e+000 -1.913513e+001  5.817790e+000
    endloop
  endfacet
  facet normal  1.777015e-004 -9.528831e-001  3.033381e-001
    outer loop
      vertex  8.400000e+000 -1.913513e+001  5.817790e+000
      vertex  4.400000e+000 -1.899640e+001  6.255932e+000
      vertex  4.400000e+000 -1.911703e+001  5.877006e+000
    endloop
  endfacet
  facet normal -1.764158e-004 -9.595722e-001  2.814626e-001
    outer loop
      vertex  8.400000e+000 -1.913513e+001  5.817790e+000
      vertex  4.400000e+000 -1.911703e+001  5.877006e+000
      vertex  8.400000e+000 -1.924590e+001  5.440165e+000
    endloop
  endfacet
  facet normal  1.645039e-004 -9.587252e-001  2.843344e-001
    outer loop
      vertex  8.400000e+000 -1.924590e+001  5.440165e+000
      vertex  4.400000e+000 -1.911703e+001  5.877006e+000
      vertex  4.400000e+000 -1.923010e+001  5.495755e+000
    endloop
  endfacet
  facet normal -1.630660e-004 -9.649248e-001  2.625264e-001
    outer loop
      vertex  8.400000e+000 -1.924590e+001  5.440165e+000
      vertex  4.400000e+000 -1.923010e+001  5.495755e+000
      vertex  8.400000e+000 -1.934921e+001  5.060432e+000
    endloop
  endfacet
  facet normal  1.510979e-004 -9.641901e-001  2.652121e-001
    outer loop
      vertex  8.400000e+000 -1.934921e+001  5.060432e+000
      vertex  4.400000e+000 -1.923010e+001  5.495755e+000
      vertex  4.400000e+000 -1.933556e+001  5.112333e+000
    endloop
  endfacet
  facet normal -1.502628e-004 -9.699037e-001  2.434886e-001
    outer loop
      vertex  8.400000e+000 -1.934921e+001  5.060432e+000
      vertex  4.400000e+000 -1.933556e+001  5.112333e+000
      vertex  8.400000e+000 -1.944503e+001  4.678741e+000
    endloop
  endfacet
  facet normal  1.384267e-004 -9.692718e-001  2.459923e-001
    outer loop
      vertex  8.400000e+000 -1.944503e+001  4.678741e+000
      vertex  4.400000e+000 -1.933556e+001  5.112333e+000
      vertex  4.400000e+000 -1.943339e+001  4.726889e+000
    endloop
  endfacet
  facet normal -1.371618e-004 -9.745055e-001  2.243632e-001
    outer loop
      vertex  8.400000e+000 -1.944503e+001  4.678741e+000
      vertex  4.400000e+000 -1.943339e+001  4.726889e+000
      vertex  8.400000e+000 -1.953333e+001  4.295238e+000
    endloop
  endfacet
  facet normal  1.259365e-004 -9.739699e-001  2.266773e-001
    outer loop
      vertex  8.400000e+000 -1.953333e+001  4.295238e+000
      vertex  4.400000e+000 -1.943339e+001  4.726889e+000
      vertex  4.400000e+000 -1.952353e+001  4.339576e+000
    endloop
  endfacet
  facet normal -1.244473e-004 -9.787323e-001  2.051416e-001
    outer loop
      vertex  8.400000e+000 -1.953333e+001  4.295238e+000
      vertex  4.400000e+000 -1.952353e+001  4.339576e+000
      vertex  8.400000e+000 -1.961406e+001  3.910072e+000
    endloop
  endfacet
  facet normal  1.133082e-004 -9.782855e-001  2.072616e-001
    outer loop
      vertex  8.400000e+000 -1.961406e+001  3.910072e+000
      vertex  4.400000e+000 -1.952353e+001  4.339576e+000
      vertex  4.400000e+000 -1.960595e+001  3.950548e+000
    endloop
  endfacet
  facet normal -1.120949e-004 -9.825788e-001  1.858466e-001
    outer loop
      vertex  8.400000e+000 -1.961406e+001  3.910072e+000
      vertex  4.400000e+000 -1.960595e+001  3.950548e+000
      vertex  8.400000e+000 -1.968720e+001  3.523392e+000
    endloop
  endfacet
  facet normal  1.011554e-004 -9.822123e-001  1.877738e-001
    outer loop
      vertex  8.400000e+000 -1.968720e+001  3.523392e+000
      vertex  4.400000e+000 -1.960595e+001  3.950548e+000
      vertex  4.400000e+000 -1.968062e+001  3.559958e+000
    endloop
  endfacet
  facet normal -9.985432e-005 -9.860458e-001  1.664745e-001
    outer loop
      vertex  8.400000e+000 -1.968720e+001  3.523392e+000
      vertex  4.400000e+000 -1.968062e+001  3.559958e+000
      vertex  8.400000e+000 -1.975271e+001  3.135349e+000
    endloop
  endfacet
  facet normal  8.908751e-005 -9.857521e-001  1.682046e-001
    outer loop
      vertex  8.400000e+000 -1.975271e+001  3.135349e+000
      vertex  4.400000e+000 -1.968062e+001  3.559958e+000
      vertex  4.400000e+000 -1.974751e+001  3.167960e+000
    endloop
  endfacet
  facet normal -8.782794e-005 -9.891300e-001  1.470440e-001
    outer loop
      vertex  8.400000e+000 -1.975271e+001  3.135349e+000
      vertex  4.400000e+000 -1.974751e+001  3.167960e+000
      vertex  8.400000e+000 -1.981058e+001  2.746091e+000
    endloop
  endfacet
  facet normal  7.703970e-005 -9.889014e-001  1.485730e-001
    outer loop
      vertex  8.400000e+000 -1.981058e+001  2.746091e+000
      vertex  4.400000e+000 -1.974751e+001  3.167960e+000
      vertex  4.400000e+000 -1.980659e+001  2.774711e+000
    endloop
  endfacet
  facet normal -7.626278e-005 -9.918315e-001  1.275554e-001
    outer loop
      vertex  8.400000e+000 -1.981058e+001  2.746091e+000
      vertex  4.400000e+000 -1.980659e+001  2.774711e+000
      vertex  8.400000e+000 -1.986077e+001  2.355770e+000
    endloop
  endfacet
  facet normal  6.519299e-005 -9.916596e-001  1.288838e-001
    outer loop
      vertex  8.400000e+000 -1.986077e+001  2.355770e+000
      vertex  4.400000e+000 -1.980659e+001  2.774711e+000
      vertex  4.400000e+000 -1.985784e+001  2.380364e+000
    endloop
  endfacet
  facet normal -6.498503e-005 -9.941499e-001  1.080088e-001
    outer loop
      vertex  8.400000e+000 -1.986077e+001  2.355770e+000
      vertex  4.400000e+000 -1.985784e+001  2.380364e+000
      vertex  8.400000e+000 -1.990328e+001  1.964537e+000
    endloop
  endfacet
  facet normal  5.420703e-005 -9.940262e-001  1.091418e-001
    outer loop
      vertex  8.400000e+000 -1.990328e+001  1.964537e+000
      vertex  4.400000e+000 -1.985784e+001  2.380364e+000
      vertex  4.400000e+000 -1.990124e+001  1.985076e+000
    endloop
  endfacet
  facet normal -5.317725e-005 -9.960821e-001  8.843288e-002
    outer loop
      vertex  8.400000e+000 -1.990328e+001  1.964537e+000
      vertex  4.400000e+000 -1.990124e+001  1.985076e+000
      vertex  8.400000e+000 -1.993808e+001  1.572543e+000
    endloop
  endfacet
  facet normal  4.286311e-005 -9.959997e-001  8.935674e-002
    outer loop
      vertex  8.400000e+000 -1.993808e+001  1.572543e+000
      vertex  4.400000e+000 -1.990124e+001  1.985076e+000
      vertex  4.400000e+000 -1.993678e+001  1.589003e+000
    endloop
  endfacet
  facet normal -4.220691e-005 -9.976296e-001  6.881345e-002
    outer loop
      vertex  8.400000e+000 -1.993808e+001  1.572543e+000
      vertex  4.400000e+000 -1.993678e+001  1.589003e+000
      vertex  8.400000e+000 -1.996516e+001  1.179940e+000
    endloop
  endfacet
  facet normal  3.176088e-005 -9.975796e-001  6.953327e-002
    outer loop
      vertex  8.400000e+000 -1.996516e+001  1.179940e+000
      vertex  4.400000e+000 -1.993678e+001  1.589003e+000
      vertex  4.400000e+000 -1.996443e+001  1.192302e+000
    endloop
  endfacet
  facet normal -3.138165e-005 -9.987902e-001  4.917461e-002
    outer loop
      vertex  8.400000e+000 -1.996516e+001  1.179940e+000
      vertex  4.400000e+000 -1.996443e+001  1.192302e+000
      vertex  8.400000e+000 -1.998451e+001  7.868806e-001
    endloop
  endfacet
  facet normal  2.104471e-005 -9.987646e-001  4.969060e-002
    outer loop
      vertex  8.400000e+000 -1.998451e+001  7.868806e-001
      vertex  4.400000e+000 -1.996443e+001  1.192302e+000
      vertex  4.400000e+000 -1.998419e+001  7.951303e-001
    endloop
  endfacet
  facet normal -2.063827e-005 -9.995644e-001  2.951156e-002
    outer loop
      vertex  8.400000e+000 -1.998451e+001  7.868806e-001
      vertex  4.400000e+000 -1.998419e+001  7.951303e-001
      vertex  8.400000e+000 -1.999613e+001  3.935165e-001
    endloop
  endfacet
  facet normal  1.027278e-005 -9.995553e-001  2.981916e-002
    outer loop
      vertex  8.400000e+000 -1.999613e+001  3.935165e-001
      vertex  4.400000e+000 -1.998419e+001  7.951303e-001
      vertex  4.400000e+000 -1.999605e+001  3.976437e-001
    endloop
  endfacet
  facet normal -1.035125e-005 -9.999516e-001  9.838801e-003
    outer loop
      vertex  8.400000e+000 -1.999613e+001  3.935165e-001
      vertex  4.400000e+000 -1.999605e+001  3.976437e-001
      vertex  8.400000e+000 -2.000000e+001  0.000000e+000
    endloop
  endfacet
  facet normal  0.000000e+000 -9.999506e-001  9.942916e-003
    outer loop
      vertex  8.400000e+000 -2.000000e+001  0.000000e+000
      vertex  4.400000e+000 -1.999605e+001  3.976437e-001
      vertex  4.400000e+000 -2.000000e+001  0.000000e+000
    endloop
  endfacet
  facet normal  0.000000e+000  1.000000e+000  0.000000e+000
    outer loop
      vertex  1.140000e+001  1.355000e+001 -1.372254e+001
      vertex  8.400000e+000  1.355000e+001 -1.372254e+001
      vertex  1.140000e+001  1.355000e+001  1.500000e+001
    endloop
  endfacet
  facet normal  0.000000e+000  9.999999e-001  0.000000e+000
    outer loop
      vertex  1.140000e+001  1.355000e+001  1.500000e+001
      vertex  8.400000e+000  1.355000e+001 -1.372254e+001
      vertex  8.400000e+000  1.355000e+001  1.471046e+001
    endloop
  endfacet
  facet normal  0.000000e+000  1.000000e+000  0.000000e+000
    outer loop
      vertex  1.140000e+001  1.355000e+001  1.500000e+001
      vertex  8.400000e+000  1.355000e+001  1.471046e+001
      vertex  8.400000e+000  1.355000e+001  1.500000e+001
    endloop
  endfacet
  facet normal  -0.000000e+000  0.000000e+000 -1.000000e+000
    outer loop
      vertex  8.400000e+000  1.355000e+001 -1.372254e+001
      vertex  1.140000e+001  1.355000e+001 -1.372254e+001
      vertex  8.400000e+000  1.055000e+001 -1.372254e+001
    endloop
  endfacet
  facet normal  0.000000e+000  0.000000e+000 -1.000000e+000
    outer loop
      vertex  8.400000e+000  1.055000e+001 -1.372254e+001
      vertex  1.140000e+001  1.355000e+001 -1.372254e+001
      vertex  1.140000e+001  1.055000e+001 -1.372254e+001
    endloop
  endfacet
  facet normal  0.000000e+000  1.000000e+000  0.000000e+000
    outer loop
      vertex  1.140000e+001  1.055000e+001 -4.322254e+001
      vertex  8.400000e+000  1.055000e+001 -4.322254e+001
      vertex  1.140000e+001  1.055000e+001 -1.372254e+001
    endloop
  endfacet
  facet normal  0.000000e+000  1.000000e+000  0.000000e+000
    outer loop
      vertex  1.140000e+001  1.055000e+001 -1.372254e+001
      vertex  8.400000e+000  1.055000e+001 -4.322254e+001
      vertex  8.400000e+000  1.055000e+001 -1.699110e+001
    endloop
  endfacet
  facet normal  0.000000e+000  1.000000e+000  0.000000e+000
    outer loop
      vertex  1.140000e+001  1.055000e+001 -1.372254e+001
      vertex  8.400000e+000  1.055000e+001 -1.699110e+001
      vertex  8.400000e+000  1.055000e+001 -1.372254e+001
    endloop
  endfacet
  facet normal  -0.000000e+000  0.000000e+000 -1.000000e+000
    outer loop
      vertex  8.400000e+000 -1.055000e+001 -1.372254e+001
      vertex  1.140000e+001 -1.055000e+001 -1.372254e+001
      vertex  8.400000e+000 -1.355000e+001 -1.372254e+001
    endloop
  endfacet
  facet normal  0.000000e+000  0.000000e+000 -1.000000e+000
    outer loop
      vertex  8.400000e+000 -1.355000e+001 -1.372254e+001
      vertex  1.140000e+001 -1.055000e+001 -1.372254e+001
      vertex  1.140000e+001 -1.355000e+001 -1.372254e+001
    endloop
  endfacet
  facet normal  0.000000e+000 -1.000000e+000  0.000000e+000
    outer loop
      vertex  8.400000e+000 -1.355000e+001  1.500000e+001
      vertex  8.400000e+000 -1.355000e+001  1.471046e+001
      vertex  1.140000e+001 -1.355000e+001  1.500000e+001
    endloop
  endfacet
  facet normal  0.000000e+000 -9.999999e-001  0.000000e+000
    outer loop
      vertex  1.140000e+001 -1.355000e+001  1.500000e+001
      vertex  8.400000e+000 -1.355000e+001  1.471046e+001
      vertex  8.400000e+000 -1.355000e+001 -1.372254e+001
    endloop
  endfacet
  facet normal  0.000000e+000 -1.000000e+000  0.000000e+000
    outer loop
      vertex  1.140000e+001 -1.355000e+001  1.500000e+001
      vertex  8.400000e+000 -1.355000e+001 -1.372254e+001
      vertex  1.140000e+001 -1.355000e+001 -1.372254e+001
    endloop
  endfacet
endsolid CATIA STL
