solid exported
	facet normal 0.9914449487827988 -0.13052552828115146 0
		outer loop
			vertex 0.0778999999165535 0.09000000357627869 0.011699999682605267
			vertex 0.0778999999165535 0.09000000357627869 0.007799999788403511
			vertex 0.07797155529260635 0.09054352343082428 0.011699999682605267
		endloop
	endfacet
	facet normal 0.9914449487827988 -0.13052552828115146 0
		outer loop
			vertex 0.0778999999165535 0.09000000357627869 0.007799999788403511
			vertex 0.07797155529260635 0.09054352343082428 0.007799999788403511
			vertex 0.07797155529260635 0.09054352343082428 0.011699999682605267
		endloop
	endfacet
	facet normal 0.9238766952926799 -0.3826902819449128 0
		outer loop
			vertex 0.07797155529260635 0.09054352343082428 0.011699999682605267
			vertex 0.07797155529260635 0.09054352343082428 0.007799999788403511
			vertex 0.07818134874105453 0.09104999899864197 0.011699999682605267
		endloop
	endfacet
	facet normal 0.9238766952926799 -0.3826902819449128 0
		outer loop
			vertex 0.07797155529260635 0.09054352343082428 0.007799999788403511
			vertex 0.07818134874105453 0.09104999899864197 0.007799999788403511
			vertex 0.07818134874105453 0.09104999899864197 0.011699999682605267
		endloop
	endfacet
	facet normal 0.7933580197618161 -0.6087553305553964 0
		outer loop
			vertex 0.07818134874105453 0.09104999899864197 0.011699999682605267
			vertex 0.07818134874105453 0.09104999899864197 0.007799999788403511
			vertex 0.07851507514715195 0.0914849266409874 0.011699999682605267
		endloop
	endfacet
	facet normal 0.7933580197618161 -0.6087553305553964 0
		outer loop
			vertex 0.07818134874105453 0.09104999899864197 0.007799999788403511
			vertex 0.07851507514715195 0.0914849266409874 0.007799999788403511
			vertex 0.07851507514715195 0.0914849266409874 0.011699999682605267
		endloop
	endfacet
	facet normal 0.6087553305553964 -0.7933580197618161 0
		outer loop
			vertex 0.07851507514715195 0.0914849266409874 0.011699999682605267
			vertex 0.07851507514715195 0.0914849266409874 0.007799999788403511
			vertex 0.07895000278949738 0.09181865304708481 0.011699999682605267
		endloop
	endfacet
	facet normal 0.6087553305553964 -0.7933580197618161 0
		outer loop
			vertex 0.07851507514715195 0.0914849266409874 0.007799999788403511
			vertex 0.07895000278949738 0.09181865304708481 0.007799999788403511
			vertex 0.07895000278949738 0.09181865304708481 0.011699999682605267
		endloop
	endfacet
	facet normal 0.3826902819449128 -0.9238766952926799 0
		outer loop
			vertex 0.07895000278949738 0.09181865304708481 0.011699999682605267
			vertex 0.07895000278949738 0.09181865304708481 0.007799999788403511
			vertex 0.07945647835731506 0.09202844649553299 0.011699999682605267
		endloop
	endfacet
	facet normal 0.3826902819449128 -0.9238766952926799 0
		outer loop
			vertex 0.07895000278949738 0.09181865304708481 0.007799999788403511
			vertex 0.07945647835731506 0.09202844649553299 0.007799999788403511
			vertex 0.07945647835731506 0.09202844649553299 0.011699999682605267
		endloop
	endfacet
	facet normal 0.13052552828115146 -0.9914449487827988 0
		outer loop
			vertex 0.07945647835731506 0.09202844649553299 0.011699999682605267
			vertex 0.07945647835731506 0.09202844649553299 0.007799999788403511
			vertex 0.07999999821186066 0.09210000187158585 0.011699999682605267
		endloop
	endfacet
	facet normal 0.13052552828115146 -0.9914449487827988 0
		outer loop
			vertex 0.07945647835731506 0.09202844649553299 0.007799999788403511
			vertex 0.07999999821186066 0.09210000187158585 0.007799999788403511
			vertex 0.07999999821186066 0.09210000187158585 0.011699999682605267
		endloop
	endfacet
	facet normal -0.13052552828115146 -0.9914449487827988 0
		outer loop
			vertex 0.07999999821186066 0.09210000187158585 0.011699999682605267
			vertex 0.07999999821186066 0.09210000187158585 0.007799999788403511
			vertex 0.08054351806640625 0.09202844649553299 0.011699999682605267
		endloop
	endfacet
	facet normal -0.13052552828115146 -0.9914449487827988 0
		outer loop
			vertex 0.07999999821186066 0.09210000187158585 0.007799999788403511
			vertex 0.08054351806640625 0.09202844649553299 0.007799999788403511
			vertex 0.08054351806640625 0.09202844649553299 0.011699999682605267
		endloop
	endfacet
	facet normal -0.3826854768486769 -0.9238786856558067 0
		outer loop
			vertex 0.08054351806640625 0.09202844649553299 0.011699999682605267
			vertex 0.08054351806640625 0.09202844649553299 0.007799999788403511
			vertex 0.08105000108480453 0.09181865304708481 0.011699999682605267
		endloop
	endfacet
	facet normal -0.3826854768486769 -0.9238786856558067 0
		outer loop
			vertex 0.08054351806640625 0.09202844649553299 0.007799999788403511
			vertex 0.08105000108480453 0.09181865304708481 0.007799999788403511
			vertex 0.08105000108480453 0.09181865304708481 0.011699999682605267
		endloop
	endfacet
	facet normal -0.6087618943898648 -0.7933529831915067 0
		outer loop
			vertex 0.08105000108480453 0.09181865304708481 0.011699999682605267
			vertex 0.08105000108480453 0.09181865304708481 0.007799999788403511
			vertex 0.08148492127656937 0.0914849266409874 0.011699999682605267
		endloop
	endfacet
	facet normal -0.6087618943898648 -0.7933529831915067 0
		outer loop
			vertex 0.08105000108480453 0.09181865304708481 0.007799999788403511
			vertex 0.08148492127656937 0.0914849266409874 0.007799999788403511
			vertex 0.08148492127656937 0.0914849266409874 0.011699999682605267
		endloop
	endfacet
	facet normal -0.7933514559854744 -0.608763884675929 0
		outer loop
			vertex 0.08148492127656937 0.0914849266409874 0.011699999682605267
			vertex 0.08148492127656937 0.0914849266409874 0.007799999788403511
			vertex 0.08181865513324738 0.09104999899864197 0.011699999682605267
		endloop
	endfacet
	facet normal -0.7933514559854744 -0.608763884675929 0
		outer loop
			vertex 0.08148492127656937 0.0914849266409874 0.007799999788403511
			vertex 0.08181865513324738 0.09104999899864197 0.007799999788403511
			vertex 0.08181865513324738 0.09104999899864197 0.011699999682605267
		endloop
	endfacet
	facet normal -0.923881500396236 -0.38267868143600603 0
		outer loop
			vertex 0.08181865513324738 0.09104999899864197 0.011699999682605267
			vertex 0.08181865513324738 0.09104999899864197 0.007799999788403511
			vertex 0.08202844113111496 0.09054352343082428 0.011699999682605267
		endloop
	endfacet
	facet normal -0.923881500396236 -0.38267868143600603 0
		outer loop
			vertex 0.08181865513324738 0.09104999899864197 0.007799999788403511
			vertex 0.08202844113111496 0.09054352343082428 0.007799999788403511
			vertex 0.08202844113111496 0.09054352343082428 0.011699999682605267
		endloop
	endfacet
	facet normal -0.9914449487827988 -0.13052552828115146 0
		outer loop
			vertex 0.08202844113111496 0.09054352343082428 0.011699999682605267
			vertex 0.08202844113111496 0.09054352343082428 0.007799999788403511
			vertex 0.08209999650716782 0.09000000357627869 0.011699999682605267
		endloop
	endfacet
	facet normal -0.9914449487827988 -0.13052552828115146 0
		outer loop
			vertex 0.08202844113111496 0.09054352343082428 0.007799999788403511
			vertex 0.08209999650716782 0.09000000357627869 0.007799999788403511
			vertex 0.08209999650716782 0.09000000357627869 0.011699999682605267
		endloop
	endfacet
	facet normal -0.9914449487827988 0.13052552828115146 0
		outer loop
			vertex 0.08209999650716782 0.09000000357627869 0.011699999682605267
			vertex 0.08209999650716782 0.09000000357627869 0.007799999788403511
			vertex 0.08202844113111496 0.0894564837217331 0.011699999682605267
		endloop
	endfacet
	facet normal -0.9914449487827988 0.13052552828115146 0
		outer loop
			vertex 0.08209999650716782 0.09000000357627869 0.007799999788403511
			vertex 0.08202844113111496 0.0894564837217331 0.007799999788403511
			vertex 0.08202844113111496 0.0894564837217331 0.011699999682605267
		endloop
	endfacet
	facet normal -0.9238834906490474 0.3826738764354466 0
		outer loop
			vertex 0.08202844113111496 0.0894564837217331 0.011699999682605267
			vertex 0.08202844113111496 0.0894564837217331 0.007799999788403511
			vertex 0.08181865513324738 0.08895000070333481 0.011699999682605267
		endloop
	endfacet
	facet normal -0.9238834906490474 0.3826738764354466 0
		outer loop
			vertex 0.08202844113111496 0.0894564837217331 0.007799999788403511
			vertex 0.08181865513324738 0.08895000070333481 0.007799999788403511
			vertex 0.08181865513324738 0.08895000070333481 0.011699999682605267
		endloop
	endfacet
	facet normal -0.7933514559854744 0.608763884675929 0
		outer loop
			vertex 0.08181865513324738 0.08895000070333481 0.011699999682605267
			vertex 0.08181865513324738 0.08895000070333481 0.007799999788403511
			vertex 0.08148492127656937 0.08851507306098938 0.011699999682605267
		endloop
	endfacet
	facet normal -0.7933514559854744 0.608763884675929 0
		outer loop
			vertex 0.08181865513324738 0.08895000070333481 0.007799999788403511
			vertex 0.08148492127656937 0.08851507306098938 0.007799999788403511
			vertex 0.08148492127656937 0.08851507306098938 0.011699999682605267
		endloop
	endfacet
	facet normal -0.6087618943898648 0.7933529831915067 0
		outer loop
			vertex 0.08148492127656937 0.08851507306098938 0.011699999682605267
			vertex 0.08148492127656937 0.08851507306098938 0.007799999788403511
			vertex 0.08105000108480453 0.08818134665489197 0.011699999682605267
		endloop
	endfacet
	facet normal -0.6087618943898648 0.7933529831915067 0
		outer loop
			vertex 0.08148492127656937 0.08851507306098938 0.007799999788403511
			vertex 0.08105000108480453 0.08818134665489197 0.007799999788403511
			vertex 0.08105000108480453 0.08818134665489197 0.011699999682605267
		endloop
	endfacet
	facet normal -0.3826854768486769 0.9238786856558067 0
		outer loop
			vertex 0.08105000108480453 0.08818134665489197 0.011699999682605267
			vertex 0.08105000108480453 0.08818134665489197 0.007799999788403511
			vertex 0.08054351806640625 0.08797155320644379 0.011699999682605267
		endloop
	endfacet
	facet normal -0.3826854768486769 0.9238786856558067 0
		outer loop
			vertex 0.08105000108480453 0.08818134665489197 0.007799999788403511
			vertex 0.08054351806640625 0.08797155320644379 0.007799999788403511
			vertex 0.08054351806640625 0.08797155320644379 0.011699999682605267
		endloop
	endfacet
	facet normal -0.13052552828115146 0.9914449487827988 0
		outer loop
			vertex 0.08054351806640625 0.08797155320644379 0.011699999682605267
			vertex 0.08054351806640625 0.08797155320644379 0.007799999788403511
			vertex 0.07999999821186066 0.08789999783039093 0.011699999682605267
		endloop
	endfacet
	facet normal -0.13052552828115146 0.9914449487827988 0
		outer loop
			vertex 0.08054351806640625 0.08797155320644379 0.007799999788403511
			vertex 0.07999999821186066 0.08789999783039093 0.007799999788403511
			vertex 0.07999999821186066 0.08789999783039093 0.011699999682605267
		endloop
	endfacet
	facet normal 0.13052552828115146 0.9914449487827988 0
		outer loop
			vertex 0.07999999821186066 0.08789999783039093 0.011699999682605267
			vertex 0.07999999821186066 0.08789999783039093 0.007799999788403511
			vertex 0.07945647835731506 0.08797155320644379 0.011699999682605267
		endloop
	endfacet
	facet normal 0.13052552828115146 0.9914449487827988 0
		outer loop
			vertex 0.07999999821186066 0.08789999783039093 0.007799999788403511
			vertex 0.07945647835731506 0.08797155320644379 0.007799999788403511
			vertex 0.07945647835731506 0.08797155320644379 0.011699999682605267
		endloop
	endfacet
	facet normal 0.3826902819449128 0.9238766952926799 0
		outer loop
			vertex 0.07945647835731506 0.08797155320644379 0.011699999682605267
			vertex 0.07945647835731506 0.08797155320644379 0.007799999788403511
			vertex 0.07895000278949738 0.08818134665489197 0.011699999682605267
		endloop
	endfacet
	facet normal 0.3826902819449128 0.9238766952926799 0
		outer loop
			vertex 0.07945647835731506 0.08797155320644379 0.007799999788403511
			vertex 0.07895000278949738 0.08818134665489197 0.007799999788403511
			vertex 0.07895000278949738 0.08818134665489197 0.011699999682605267
		endloop
	endfacet
	facet normal 0.6087553305553964 0.7933580197618161 0
		outer loop
			vertex 0.07895000278949738 0.08818134665489197 0.011699999682605267
			vertex 0.07895000278949738 0.08818134665489197 0.007799999788403511
			vertex 0.07851507514715195 0.08851507306098938 0.011699999682605267
		endloop
	endfacet
	facet normal 0.6087553305553964 0.7933580197618161 0
		outer loop
			vertex 0.07895000278949738 0.08818134665489197 0.007799999788403511
			vertex 0.07851507514715195 0.08851507306098938 0.007799999788403511
			vertex 0.07851507514715195 0.08851507306098938 0.011699999682605267
		endloop
	endfacet
	facet normal 0.7933580197618161 0.6087553305553964 0
		outer loop
			vertex 0.07851507514715195 0.08851507306098938 0.011699999682605267
			vertex 0.07851507514715195 0.08851507306098938 0.007799999788403511
			vertex 0.07818134874105453 0.08895000070333481 0.011699999682605267
		endloop
	endfacet
	facet normal 0.7933580197618161 0.6087553305553964 0
		outer loop
			vertex 0.07851507514715195 0.08851507306098938 0.007799999788403511
			vertex 0.07818134874105453 0.08895000070333481 0.007799999788403511
			vertex 0.07818134874105453 0.08895000070333481 0.011699999682605267
		endloop
	endfacet
	facet normal 0.9238786856558067 0.3826854768486769 0
		outer loop
			vertex 0.07818134874105453 0.08895000070333481 0.011699999682605267
			vertex 0.07818134874105453 0.08895000070333481 0.007799999788403511
			vertex 0.07797155529260635 0.0894564837217331 0.011699999682605267
		endloop
	endfacet
	facet normal 0.9238786856558067 0.3826854768486769 0
		outer loop
			vertex 0.07818134874105453 0.08895000070333481 0.007799999788403511
			vertex 0.07797155529260635 0.0894564837217331 0.007799999788403511
			vertex 0.07797155529260635 0.0894564837217331 0.011699999682605267
		endloop
	endfacet
	facet normal 0.9914449487827988 0.13052552828115146 0
		outer loop
			vertex 0.07797155529260635 0.0894564837217331 0.011699999682605267
			vertex 0.07797155529260635 0.0894564837217331 0.007799999788403511
			vertex 0.0778999999165535 0.09000000357627869 0.011699999682605267
		endloop
	endfacet
	facet normal 0.9914449487827988 0.13052552828115146 0
		outer loop
			vertex 0.07797155529260635 0.0894564837217331 0.007799999788403511
			vertex 0.0778999999165535 0.09000000357627869 0.007799999788403511
			vertex 0.0778999999165535 0.09000000357627869 0.011699999682605267
		endloop
	endfacet
	facet normal 0.9914449487827988 -0.13052552828115146 0
		outer loop
			vertex -0.08209999650716782 0.09000000357627869 0.011699999682605267
			vertex -0.08209999650716782 0.09000000357627869 0.007799999788403511
			vertex -0.08202844113111496 0.09054352343082428 0.011699999682605267
		endloop
	endfacet
	facet normal 0.9914449487827988 -0.13052552828115146 0
		outer loop
			vertex -0.08209999650716782 0.09000000357627869 0.007799999788403511
			vertex -0.08202844113111496 0.09054352343082428 0.007799999788403511
			vertex -0.08202844113111496 0.09054352343082428 0.011699999682605267
		endloop
	endfacet
	facet normal 0.923881500396236 -0.38267868143600603 0
		outer loop
			vertex -0.08202844113111496 0.09054352343082428 0.011699999682605267
			vertex -0.08202844113111496 0.09054352343082428 0.007799999788403511
			vertex -0.08181865513324738 0.09104999899864197 0.011699999682605267
		endloop
	endfacet
	facet normal 0.923881500396236 -0.38267868143600603 0
		outer loop
			vertex -0.08202844113111496 0.09054352343082428 0.007799999788403511
			vertex -0.08181865513324738 0.09104999899864197 0.007799999788403511
			vertex -0.08181865513324738 0.09104999899864197 0.011699999682605267
		endloop
	endfacet
	facet normal 0.7933514559854744 -0.608763884675929 0
		outer loop
			vertex -0.08181865513324738 0.09104999899864197 0.011699999682605267
			vertex -0.08181865513324738 0.09104999899864197 0.007799999788403511
			vertex -0.08148492127656937 0.0914849266409874 0.011699999682605267
		endloop
	endfacet
	facet normal 0.7933514559854744 -0.608763884675929 0
		outer loop
			vertex -0.08181865513324738 0.09104999899864197 0.007799999788403511
			vertex -0.08148492127656937 0.0914849266409874 0.007799999788403511
			vertex -0.08148492127656937 0.0914849266409874 0.011699999682605267
		endloop
	endfacet
	facet normal 0.6087618943898648 -0.7933529831915067 0
		outer loop
			vertex -0.08148492127656937 0.0914849266409874 0.011699999682605267
			vertex -0.08148492127656937 0.0914849266409874 0.007799999788403511
			vertex -0.08105000108480453 0.09181865304708481 0.011699999682605267
		endloop
	endfacet
	facet normal 0.6087618943898648 -0.7933529831915067 0
		outer loop
			vertex -0.08148492127656937 0.0914849266409874 0.007799999788403511
			vertex -0.08105000108480453 0.09181865304708481 0.007799999788403511
			vertex -0.08105000108480453 0.09181865304708481 0.011699999682605267
		endloop
	endfacet
	facet normal 0.3826854768486769 -0.9238786856558067 0
		outer loop
			vertex -0.08105000108480453 0.09181865304708481 0.011699999682605267
			vertex -0.08105000108480453 0.09181865304708481 0.007799999788403511
			vertex -0.08054351806640625 0.09202844649553299 0.011699999682605267
		endloop
	endfacet
	facet normal 0.3826854768486769 -0.9238786856558067 0
		outer loop
			vertex -0.08105000108480453 0.09181865304708481 0.007799999788403511
			vertex -0.08054351806640625 0.09202844649553299 0.007799999788403511
			vertex -0.08054351806640625 0.09202844649553299 0.011699999682605267
		endloop
	endfacet
	facet normal 0.13052552828115146 -0.9914449487827988 0
		outer loop
			vertex -0.08054351806640625 0.09202844649553299 0.011699999682605267
			vertex -0.08054351806640625 0.09202844649553299 0.007799999788403511
			vertex -0.07999999821186066 0.09210000187158585 0.011699999682605267
		endloop
	endfacet
	facet normal 0.13052552828115146 -0.9914449487827988 0
		outer loop
			vertex -0.08054351806640625 0.09202844649553299 0.007799999788403511
			vertex -0.07999999821186066 0.09210000187158585 0.007799999788403511
			vertex -0.07999999821186066 0.09210000187158585 0.011699999682605267
		endloop
	endfacet
	facet normal -0.13052552828115146 -0.9914449487827988 0
		outer loop
			vertex -0.07999999821186066 0.09210000187158585 0.011699999682605267
			vertex -0.07999999821186066 0.09210000187158585 0.007799999788403511
			vertex -0.07945647835731506 0.09202844649553299 0.011699999682605267
		endloop
	endfacet
	facet normal -0.13052552828115146 -0.9914449487827988 0
		outer loop
			vertex -0.07999999821186066 0.09210000187158585 0.007799999788403511
			vertex -0.07945647835731506 0.09202844649553299 0.007799999788403511
			vertex -0.07945647835731506 0.09202844649553299 0.011699999682605267
		endloop
	endfacet
	facet normal -0.3826902819449128 -0.9238766952926799 0
		outer loop
			vertex -0.07945647835731506 0.09202844649553299 0.011699999682605267
			vertex -0.07945647835731506 0.09202844649553299 0.007799999788403511
			vertex -0.07895000278949738 0.09181865304708481 0.011699999682605267
		endloop
	endfacet
	facet normal -0.3826902819449128 -0.9238766952926799 0
		outer loop
			vertex -0.07945647835731506 0.09202844649553299 0.007799999788403511
			vertex -0.07895000278949738 0.09181865304708481 0.007799999788403511
			vertex -0.07895000278949738 0.09181865304708481 0.011699999682605267
		endloop
	endfacet
	facet normal -0.6087553305553964 -0.7933580197618161 0
		outer loop
			vertex -0.07895000278949738 0.09181865304708481 0.011699999682605267
			vertex -0.07895000278949738 0.09181865304708481 0.007799999788403511
			vertex -0.07851507514715195 0.0914849266409874 0.011699999682605267
		endloop
	endfacet
	facet normal -0.6087553305553964 -0.7933580197618161 0
		outer loop
			vertex -0.07895000278949738 0.09181865304708481 0.007799999788403511
			vertex -0.07851507514715195 0.0914849266409874 0.007799999788403511
			vertex -0.07851507514715195 0.0914849266409874 0.011699999682605267
		endloop
	endfacet
	facet normal -0.7933580197618161 -0.6087553305553964 0
		outer loop
			vertex -0.07851507514715195 0.0914849266409874 0.011699999682605267
			vertex -0.07851507514715195 0.0914849266409874 0.007799999788403511
			vertex -0.07818134874105453 0.09104999899864197 0.011699999682605267
		endloop
	endfacet
	facet normal -0.7933580197618161 -0.6087553305553964 0
		outer loop
			vertex -0.07851507514715195 0.0914849266409874 0.007799999788403511
			vertex -0.07818134874105453 0.09104999899864197 0.007799999788403511
			vertex -0.07818134874105453 0.09104999899864197 0.011699999682605267
		endloop
	endfacet
	facet normal -0.9238766952926799 -0.3826902819449128 0
		outer loop
			vertex -0.07818134874105453 0.09104999899864197 0.011699999682605267
			vertex -0.07818134874105453 0.09104999899864197 0.007799999788403511
			vertex -0.07797155529260635 0.09054352343082428 0.011699999682605267
		endloop
	endfacet
	facet normal -0.9238766952926799 -0.3826902819449128 0
		outer loop
			vertex -0.07818134874105453 0.09104999899864197 0.007799999788403511
			vertex -0.07797155529260635 0.09054352343082428 0.007799999788403511
			vertex -0.07797155529260635 0.09054352343082428 0.011699999682605267
		endloop
	endfacet
	facet normal -0.9914449487827988 -0.13052552828115146 0
		outer loop
			vertex -0.07797155529260635 0.09054352343082428 0.011699999682605267
			vertex -0.07797155529260635 0.09054352343082428 0.007799999788403511
			vertex -0.0778999999165535 0.09000000357627869 0.011699999682605267
		endloop
	endfacet
	facet normal -0.9914449487827988 -0.13052552828115146 0
		outer loop
			vertex -0.07797155529260635 0.09054352343082428 0.007799999788403511
			vertex -0.0778999999165535 0.09000000357627869 0.007799999788403511
			vertex -0.0778999999165535 0.09000000357627869 0.011699999682605267
		endloop
	endfacet
	facet normal -0.9914449487827988 0.13052552828115146 0
		outer loop
			vertex -0.0778999999165535 0.09000000357627869 0.011699999682605267
			vertex -0.0778999999165535 0.09000000357627869 0.007799999788403511
			vertex -0.07797155529260635 0.0894564837217331 0.011699999682605267
		endloop
	endfacet
	facet normal -0.9914449487827988 0.13052552828115146 0
		outer loop
			vertex -0.0778999999165535 0.09000000357627869 0.007799999788403511
			vertex -0.07797155529260635 0.0894564837217331 0.007799999788403511
			vertex -0.07797155529260635 0.0894564837217331 0.011699999682605267
		endloop
	endfacet
	facet normal -0.9238786856558067 0.3826854768486769 0
		outer loop
			vertex -0.07797155529260635 0.0894564837217331 0.011699999682605267
			vertex -0.07797155529260635 0.0894564837217331 0.007799999788403511
			vertex -0.07818134874105453 0.08895000070333481 0.011699999682605267
		endloop
	endfacet
	facet normal -0.9238786856558067 0.3826854768486769 0
		outer loop
			vertex -0.07797155529260635 0.0894564837217331 0.007799999788403511
			vertex -0.07818134874105453 0.08895000070333481 0.007799999788403511
			vertex -0.07818134874105453 0.08895000070333481 0.011699999682605267
		endloop
	endfacet
	facet normal -0.7933580197618161 0.6087553305553964 0
		outer loop
			vertex -0.07818134874105453 0.08895000070333481 0.011699999682605267
			vertex -0.07818134874105453 0.08895000070333481 0.007799999788403511
			vertex -0.07851507514715195 0.08851507306098938 0.011699999682605267
		endloop
	endfacet
	facet normal -0.7933580197618161 0.6087553305553964 0
		outer loop
			vertex -0.07818134874105453 0.08895000070333481 0.007799999788403511
			vertex -0.07851507514715195 0.08851507306098938 0.007799999788403511
			vertex -0.07851507514715195 0.08851507306098938 0.011699999682605267
		endloop
	endfacet
	facet normal -0.6087553305553964 0.7933580197618161 0
		outer loop
			vertex -0.07851507514715195 0.08851507306098938 0.011699999682605267
			vertex -0.07851507514715195 0.08851507306098938 0.007799999788403511
			vertex -0.07895000278949738 0.08818134665489197 0.011699999682605267
		endloop
	endfacet
	facet normal -0.6087553305553964 0.7933580197618161 0
		outer loop
			vertex -0.07851507514715195 0.08851507306098938 0.007799999788403511
			vertex -0.07895000278949738 0.08818134665489197 0.007799999788403511
			vertex -0.07895000278949738 0.08818134665489197 0.011699999682605267
		endloop
	endfacet
	facet normal -0.3826902819449128 0.9238766952926799 0
		outer loop
			vertex -0.07895000278949738 0.08818134665489197 0.011699999682605267
			vertex -0.07895000278949738 0.08818134665489197 0.007799999788403511
			vertex -0.07945647835731506 0.08797155320644379 0.011699999682605267
		endloop
	endfacet
	facet normal -0.3826902819449128 0.9238766952926799 0
		outer loop
			vertex -0.07895000278949738 0.08818134665489197 0.007799999788403511
			vertex -0.07945647835731506 0.08797155320644379 0.007799999788403511
			vertex -0.07945647835731506 0.08797155320644379 0.011699999682605267
		endloop
	endfacet
	facet normal -0.13052552828115146 0.9914449487827988 0
		outer loop
			vertex -0.07945647835731506 0.08797155320644379 0.011699999682605267
			vertex -0.07945647835731506 0.08797155320644379 0.007799999788403511
			vertex -0.07999999821186066 0.08789999783039093 0.011699999682605267
		endloop
	endfacet
	facet normal -0.13052552828115146 0.9914449487827988 0
		outer loop
			vertex -0.07945647835731506 0.08797155320644379 0.007799999788403511
			vertex -0.07999999821186066 0.08789999783039093 0.007799999788403511
			vertex -0.07999999821186066 0.08789999783039093 0.011699999682605267
		endloop
	endfacet
	facet normal 0.13052552828115146 0.9914449487827988 0
		outer loop
			vertex -0.07999999821186066 0.08789999783039093 0.011699999682605267
			vertex -0.07999999821186066 0.08789999783039093 0.007799999788403511
			vertex -0.08054351806640625 0.08797155320644379 0.011699999682605267
		endloop
	endfacet
	facet normal 0.13052552828115146 0.9914449487827988 0
		outer loop
			vertex -0.07999999821186066 0.08789999783039093 0.007799999788403511
			vertex -0.08054351806640625 0.08797155320644379 0.007799999788403511
			vertex -0.08054351806640625 0.08797155320644379 0.011699999682605267
		endloop
	endfacet
	facet normal 0.3826854768486769 0.9238786856558067 0
		outer loop
			vertex -0.08054351806640625 0.08797155320644379 0.011699999682605267
			vertex -0.08054351806640625 0.08797155320644379 0.007799999788403511
			vertex -0.08105000108480453 0.08818134665489197 0.011699999682605267
		endloop
	endfacet
	facet normal 0.3826854768486769 0.9238786856558067 0
		outer loop
			vertex -0.08054351806640625 0.08797155320644379 0.007799999788403511
			vertex -0.08105000108480453 0.08818134665489197 0.007799999788403511
			vertex -0.08105000108480453 0.08818134665489197 0.011699999682605267
		endloop
	endfacet
	facet normal 0.6087618943898648 0.7933529831915067 0
		outer loop
			vertex -0.08105000108480453 0.08818134665489197 0.011699999682605267
			vertex -0.08105000108480453 0.08818134665489197 0.007799999788403511
			vertex -0.08148492127656937 0.08851507306098938 0.011699999682605267
		endloop
	endfacet
	facet normal 0.6087618943898648 0.7933529831915067 0
		outer loop
			vertex -0.08105000108480453 0.08818134665489197 0.007799999788403511
			vertex -0.08148492127656937 0.08851507306098938 0.007799999788403511
			vertex -0.08148492127656937 0.08851507306098938 0.011699999682605267
		endloop
	endfacet
	facet normal 0.7933514559854744 0.608763884675929 0
		outer loop
			vertex -0.08148492127656937 0.08851507306098938 0.011699999682605267
			vertex -0.08148492127656937 0.08851507306098938 0.007799999788403511
			vertex -0.08181865513324738 0.08895000070333481 0.011699999682605267
		endloop
	endfacet
	facet normal 0.7933514559854744 0.608763884675929 0
		outer loop
			vertex -0.08148492127656937 0.08851507306098938 0.007799999788403511
			vertex -0.08181865513324738 0.08895000070333481 0.007799999788403511
			vertex -0.08181865513324738 0.08895000070333481 0.011699999682605267
		endloop
	endfacet
	facet normal 0.9238834906490474 0.3826738764354466 0
		outer loop
			vertex -0.08181865513324738 0.08895000070333481 0.011699999682605267
			vertex -0.08181865513324738 0.08895000070333481 0.007799999788403511
			vertex -0.08202844113111496 0.0894564837217331 0.011699999682605267
		endloop
	endfacet
	facet normal 0.9238834906490474 0.3826738764354466 0
		outer loop
			vertex -0.08181865513324738 0.08895000070333481 0.007799999788403511
			vertex -0.08202844113111496 0.0894564837217331 0.007799999788403511
			vertex -0.08202844113111496 0.0894564837217331 0.011699999682605267
		endloop
	endfacet
	facet normal 0.9914449487827988 0.13052552828115146 0
		outer loop
			vertex -0.08202844113111496 0.0894564837217331 0.011699999682605267
			vertex -0.08202844113111496 0.0894564837217331 0.007799999788403511
			vertex -0.08209999650716782 0.09000000357627869 0.011699999682605267
		endloop
	endfacet
	facet normal 0.9914449487827988 0.13052552828115146 0
		outer loop
			vertex -0.08202844113111496 0.0894564837217331 0.007799999788403511
			vertex -0.08209999650716782 0.09000000357627869 0.007799999788403511
			vertex -0.08209999650716782 0.09000000357627869 0.011699999682605267
		endloop
	endfacet
	facet normal 0.9914449487827988 -0.13052552828115146 0
		outer loop
			vertex 0.0778999999165535 -0.09000000357627869 0.011699999682605267
			vertex 0.0778999999165535 -0.09000000357627869 0.007799999788403511
			vertex 0.07797155529260635 -0.0894564837217331 0.011699999682605267
		endloop
	endfacet
	facet normal 0.9914449487827988 -0.13052552828115146 0
		outer loop
			vertex 0.0778999999165535 -0.09000000357627869 0.007799999788403511
			vertex 0.07797155529260635 -0.0894564837217331 0.007799999788403511
			vertex 0.07797155529260635 -0.0894564837217331 0.011699999682605267
		endloop
	endfacet
	facet normal 0.9238786856558067 -0.3826854768486769 0
		outer loop
			vertex 0.07797155529260635 -0.0894564837217331 0.011699999682605267
			vertex 0.07797155529260635 -0.0894564837217331 0.007799999788403511
			vertex 0.07818134874105453 -0.08895000070333481 0.011699999682605267
		endloop
	endfacet
	facet normal 0.9238786856558067 -0.3826854768486769 0
		outer loop
			vertex 0.07797155529260635 -0.0894564837217331 0.007799999788403511
			vertex 0.07818134874105453 -0.08895000070333481 0.007799999788403511
			vertex 0.07818134874105453 -0.08895000070333481 0.011699999682605267
		endloop
	endfacet
	facet normal 0.7933580197618161 -0.6087553305553964 0
		outer loop
			vertex 0.07818134874105453 -0.08895000070333481 0.011699999682605267
			vertex 0.07818134874105453 -0.08895000070333481 0.007799999788403511
			vertex 0.07851507514715195 -0.08851507306098938 0.011699999682605267
		endloop
	endfacet
	facet normal 0.7933580197618161 -0.6087553305553964 0
		outer loop
			vertex 0.07818134874105453 -0.08895000070333481 0.007799999788403511
			vertex 0.07851507514715195 -0.08851507306098938 0.007799999788403511
			vertex 0.07851507514715195 -0.08851507306098938 0.011699999682605267
		endloop
	endfacet
	facet normal 0.6087553305553964 -0.7933580197618161 0
		outer loop
			vertex 0.07851507514715195 -0.08851507306098938 0.011699999682605267
			vertex 0.07851507514715195 -0.08851507306098938 0.007799999788403511
			vertex 0.07895000278949738 -0.08818134665489197 0.011699999682605267
		endloop
	endfacet
	facet normal 0.6087553305553964 -0.7933580197618161 0
		outer loop
			vertex 0.07851507514715195 -0.08851507306098938 0.007799999788403511
			vertex 0.07895000278949738 -0.08818134665489197 0.007799999788403511
			vertex 0.07895000278949738 -0.08818134665489197 0.011699999682605267
		endloop
	endfacet
	facet normal 0.3826902819449128 -0.9238766952926799 0
		outer loop
			vertex 0.07895000278949738 -0.08818134665489197 0.011699999682605267
			vertex 0.07895000278949738 -0.08818134665489197 0.007799999788403511
			vertex 0.07945647835731506 -0.08797155320644379 0.011699999682605267
		endloop
	endfacet
	facet normal 0.3826902819449128 -0.9238766952926799 0
		outer loop
			vertex 0.07895000278949738 -0.08818134665489197 0.007799999788403511
			vertex 0.07945647835731506 -0.08797155320644379 0.007799999788403511
			vertex 0.07945647835731506 -0.08797155320644379 0.011699999682605267
		endloop
	endfacet
	facet normal 0.13052552828115146 -0.9914449487827988 0
		outer loop
			vertex 0.07945647835731506 -0.08797155320644379 0.011699999682605267
			vertex 0.07945647835731506 -0.08797155320644379 0.007799999788403511
			vertex 0.07999999821186066 -0.08789999783039093 0.011699999682605267
		endloop
	endfacet
	facet normal 0.13052552828115146 -0.9914449487827988 0
		outer loop
			vertex 0.07945647835731506 -0.08797155320644379 0.007799999788403511
			vertex 0.07999999821186066 -0.08789999783039093 0.007799999788403511
			vertex 0.07999999821186066 -0.08789999783039093 0.011699999682605267
		endloop
	endfacet
	facet normal -0.13052552828115146 -0.9914449487827988 0
		outer loop
			vertex 0.07999999821186066 -0.08789999783039093 0.011699999682605267
			vertex 0.07999999821186066 -0.08789999783039093 0.007799999788403511
			vertex 0.08054351806640625 -0.08797155320644379 0.011699999682605267
		endloop
	endfacet
	facet normal -0.13052552828115146 -0.9914449487827988 0
		outer loop
			vertex 0.07999999821186066 -0.08789999783039093 0.007799999788403511
			vertex 0.08054351806640625 -0.08797155320644379 0.007799999788403511
			vertex 0.08054351806640625 -0.08797155320644379 0.011699999682605267
		endloop
	endfacet
	facet normal -0.3826854768486769 -0.9238786856558067 0
		outer loop
			vertex 0.08054351806640625 -0.08797155320644379 0.011699999682605267
			vertex 0.08054351806640625 -0.08797155320644379 0.007799999788403511
			vertex 0.08105000108480453 -0.08818134665489197 0.011699999682605267
		endloop
	endfacet
	facet normal -0.3826854768486769 -0.9238786856558067 0
		outer loop
			vertex 0.08054351806640625 -0.08797155320644379 0.007799999788403511
			vertex 0.08105000108480453 -0.08818134665489197 0.007799999788403511
			vertex 0.08105000108480453 -0.08818134665489197 0.011699999682605267
		endloop
	endfacet
	facet normal -0.6087618943898648 -0.7933529831915067 0
		outer loop
			vertex 0.08105000108480453 -0.08818134665489197 0.011699999682605267
			vertex 0.08105000108480453 -0.08818134665489197 0.007799999788403511
			vertex 0.08148492127656937 -0.08851507306098938 0.011699999682605267
		endloop
	endfacet
	facet normal -0.6087618943898648 -0.7933529831915067 0
		outer loop
			vertex 0.08105000108480453 -0.08818134665489197 0.007799999788403511
			vertex 0.08148492127656937 -0.08851507306098938 0.007799999788403511
			vertex 0.08148492127656937 -0.08851507306098938 0.011699999682605267
		endloop
	endfacet
	facet normal -0.7933514559854744 -0.608763884675929 0
		outer loop
			vertex 0.08148492127656937 -0.08851507306098938 0.011699999682605267
			vertex 0.08148492127656937 -0.08851507306098938 0.007799999788403511
			vertex 0.08181865513324738 -0.08895000070333481 0.011699999682605267
		endloop
	endfacet
	facet normal -0.7933514559854744 -0.608763884675929 0
		outer loop
			vertex 0.08148492127656937 -0.08851507306098938 0.007799999788403511
			vertex 0.08181865513324738 -0.08895000070333481 0.007799999788403511
			vertex 0.08181865513324738 -0.08895000070333481 0.011699999682605267
		endloop
	endfacet
	facet normal -0.9238834906490474 -0.3826738764354466 0
		outer loop
			vertex 0.08181865513324738 -0.08895000070333481 0.011699999682605267
			vertex 0.08181865513324738 -0.08895000070333481 0.007799999788403511
			vertex 0.08202844113111496 -0.0894564837217331 0.011699999682605267
		endloop
	endfacet
	facet normal -0.9238834906490474 -0.3826738764354466 0
		outer loop
			vertex 0.08181865513324738 -0.08895000070333481 0.007799999788403511
			vertex 0.08202844113111496 -0.0894564837217331 0.007799999788403511
			vertex 0.08202844113111496 -0.0894564837217331 0.011699999682605267
		endloop
	endfacet
	facet normal -0.9914449487827988 -0.13052552828115146 0
		outer loop
			vertex 0.08202844113111496 -0.0894564837217331 0.011699999682605267
			vertex 0.08202844113111496 -0.0894564837217331 0.007799999788403511
			vertex 0.08209999650716782 -0.09000000357627869 0.011699999682605267
		endloop
	endfacet
	facet normal -0.9914449487827988 -0.13052552828115146 0
		outer loop
			vertex 0.08202844113111496 -0.0894564837217331 0.007799999788403511
			vertex 0.08209999650716782 -0.09000000357627869 0.007799999788403511
			vertex 0.08209999650716782 -0.09000000357627869 0.011699999682605267
		endloop
	endfacet
	facet normal -0.9914449487827988 0.13052552828115146 0
		outer loop
			vertex 0.08209999650716782 -0.09000000357627869 0.011699999682605267
			vertex 0.08209999650716782 -0.09000000357627869 0.007799999788403511
			vertex 0.08202844113111496 -0.09054352343082428 0.011699999682605267
		endloop
	endfacet
	facet normal -0.9914449487827988 0.13052552828115146 0
		outer loop
			vertex 0.08209999650716782 -0.09000000357627869 0.007799999788403511
			vertex 0.08202844113111496 -0.09054352343082428 0.007799999788403511
			vertex 0.08202844113111496 -0.09054352343082428 0.011699999682605267
		endloop
	endfacet
	facet normal -0.923881500396236 0.38267868143600603 0
		outer loop
			vertex 0.08202844113111496 -0.09054352343082428 0.011699999682605267
			vertex 0.08202844113111496 -0.09054352343082428 0.007799999788403511
			vertex 0.08181865513324738 -0.09104999899864197 0.011699999682605267
		endloop
	endfacet
	facet normal -0.923881500396236 0.38267868143600603 0
		outer loop
			vertex 0.08202844113111496 -0.09054352343082428 0.007799999788403511
			vertex 0.08181865513324738 -0.09104999899864197 0.007799999788403511
			vertex 0.08181865513324738 -0.09104999899864197 0.011699999682605267
		endloop
	endfacet
	facet normal -0.7933514559854744 0.608763884675929 0
		outer loop
			vertex 0.08181865513324738 -0.09104999899864197 0.011699999682605267
			vertex 0.08181865513324738 -0.09104999899864197 0.007799999788403511
			vertex 0.08148492127656937 -0.0914849266409874 0.011699999682605267
		endloop
	endfacet
	facet normal -0.7933514559854744 0.608763884675929 0
		outer loop
			vertex 0.08181865513324738 -0.09104999899864197 0.007799999788403511
			vertex 0.08148492127656937 -0.0914849266409874 0.007799999788403511
			vertex 0.08148492127656937 -0.0914849266409874 0.011699999682605267
		endloop
	endfacet
	facet normal -0.6087618943898648 0.7933529831915067 0
		outer loop
			vertex 0.08148492127656937 -0.0914849266409874 0.011699999682605267
			vertex 0.08148492127656937 -0.0914849266409874 0.007799999788403511
			vertex 0.08105000108480453 -0.09181865304708481 0.011699999682605267
		endloop
	endfacet
	facet normal -0.6087618943898648 0.7933529831915067 0
		outer loop
			vertex 0.08148492127656937 -0.0914849266409874 0.007799999788403511
			vertex 0.08105000108480453 -0.09181865304708481 0.007799999788403511
			vertex 0.08105000108480453 -0.09181865304708481 0.011699999682605267
		endloop
	endfacet
	facet normal -0.3826854768486769 0.9238786856558067 0
		outer loop
			vertex 0.08105000108480453 -0.09181865304708481 0.011699999682605267
			vertex 0.08105000108480453 -0.09181865304708481 0.007799999788403511
			vertex 0.08054351806640625 -0.09202844649553299 0.011699999682605267
		endloop
	endfacet
	facet normal -0.3826854768486769 0.9238786856558067 0
		outer loop
			vertex 0.08105000108480453 -0.09181865304708481 0.007799999788403511
			vertex 0.08054351806640625 -0.09202844649553299 0.007799999788403511
			vertex 0.08054351806640625 -0.09202844649553299 0.011699999682605267
		endloop
	endfacet
	facet normal -0.13052552828115146 0.9914449487827988 0
		outer loop
			vertex 0.08054351806640625 -0.09202844649553299 0.011699999682605267
			vertex 0.08054351806640625 -0.09202844649553299 0.007799999788403511
			vertex 0.07999999821186066 -0.09210000187158585 0.011699999682605267
		endloop
	endfacet
	facet normal -0.13052552828115146 0.9914449487827988 0
		outer loop
			vertex 0.08054351806640625 -0.09202844649553299 0.007799999788403511
			vertex 0.07999999821186066 -0.09210000187158585 0.007799999788403511
			vertex 0.07999999821186066 -0.09210000187158585 0.011699999682605267
		endloop
	endfacet
	facet normal 0.13052552828115146 0.9914449487827988 0
		outer loop
			vertex 0.07999999821186066 -0.09210000187158585 0.011699999682605267
			vertex 0.07999999821186066 -0.09210000187158585 0.007799999788403511
			vertex 0.07945647835731506 -0.09202844649553299 0.011699999682605267
		endloop
	endfacet
	facet normal 0.13052552828115146 0.9914449487827988 0
		outer loop
			vertex 0.07999999821186066 -0.09210000187158585 0.007799999788403511
			vertex 0.07945647835731506 -0.09202844649553299 0.007799999788403511
			vertex 0.07945647835731506 -0.09202844649553299 0.011699999682605267
		endloop
	endfacet
	facet normal 0.3826902819449128 0.9238766952926799 0
		outer loop
			vertex 0.07945647835731506 -0.09202844649553299 0.011699999682605267
			vertex 0.07945647835731506 -0.09202844649553299 0.007799999788403511
			vertex 0.07895000278949738 -0.09181865304708481 0.011699999682605267
		endloop
	endfacet
	facet normal 0.3826902819449128 0.9238766952926799 0
		outer loop
			vertex 0.07945647835731506 -0.09202844649553299 0.007799999788403511
			vertex 0.07895000278949738 -0.09181865304708481 0.007799999788403511
			vertex 0.07895000278949738 -0.09181865304708481 0.011699999682605267
		endloop
	endfacet
	facet normal 0.6087553305553964 0.7933580197618161 0
		outer loop
			vertex 0.07895000278949738 -0.09181865304708481 0.011699999682605267
			vertex 0.07895000278949738 -0.09181865304708481 0.007799999788403511
			vertex 0.07851507514715195 -0.0914849266409874 0.011699999682605267
		endloop
	endfacet
	facet normal 0.6087553305553964 0.7933580197618161 0
		outer loop
			vertex 0.07895000278949738 -0.09181865304708481 0.007799999788403511
			vertex 0.07851507514715195 -0.0914849266409874 0.007799999788403511
			vertex 0.07851507514715195 -0.0914849266409874 0.011699999682605267
		endloop
	endfacet
	facet normal 0.7933580197618161 0.6087553305553964 0
		outer loop
			vertex 0.07851507514715195 -0.0914849266409874 0.011699999682605267
			vertex 0.07851507514715195 -0.0914849266409874 0.007799999788403511
			vertex 0.07818134874105453 -0.09104999899864197 0.011699999682605267
		endloop
	endfacet
	facet normal 0.7933580197618161 0.6087553305553964 0
		outer loop
			vertex 0.07851507514715195 -0.0914849266409874 0.007799999788403511
			vertex 0.07818134874105453 -0.09104999899864197 0.007799999788403511
			vertex 0.07818134874105453 -0.09104999899864197 0.011699999682605267
		endloop
	endfacet
	facet normal 0.9238766952926799 0.3826902819449128 0
		outer loop
			vertex 0.07818134874105453 -0.09104999899864197 0.011699999682605267
			vertex 0.07818134874105453 -0.09104999899864197 0.007799999788403511
			vertex 0.07797155529260635 -0.09054352343082428 0.011699999682605267
		endloop
	endfacet
	facet normal 0.9238766952926799 0.3826902819449128 0
		outer loop
			vertex 0.07818134874105453 -0.09104999899864197 0.007799999788403511
			vertex 0.07797155529260635 -0.09054352343082428 0.007799999788403511
			vertex 0.07797155529260635 -0.09054352343082428 0.011699999682605267
		endloop
	endfacet
	facet normal 0.9914449487827988 0.13052552828115146 0
		outer loop
			vertex 0.07797155529260635 -0.09054352343082428 0.011699999682605267
			vertex 0.07797155529260635 -0.09054352343082428 0.007799999788403511
			vertex 0.0778999999165535 -0.09000000357627869 0.011699999682605267
		endloop
	endfacet
	facet normal 0.9914449487827988 0.13052552828115146 0
		outer loop
			vertex 0.07797155529260635 -0.09054352343082428 0.007799999788403511
			vertex 0.0778999999165535 -0.09000000357627869 0.007799999788403511
			vertex 0.0778999999165535 -0.09000000357627869 0.011699999682605267
		endloop
	endfacet
	facet normal 0.9914449487827988 -0.13052552828115146 0
		outer loop
			vertex -0.08209999650716782 -0.09000000357627869 0.011699999682605267
			vertex -0.08209999650716782 -0.09000000357627869 0.007799999788403511
			vertex -0.08202844113111496 -0.0894564837217331 0.011699999682605267
		endloop
	endfacet
	facet normal 0.9914449487827988 -0.13052552828115146 0
		outer loop
			vertex -0.08209999650716782 -0.09000000357627869 0.007799999788403511
			vertex -0.08202844113111496 -0.0894564837217331 0.007799999788403511
			vertex -0.08202844113111496 -0.0894564837217331 0.011699999682605267
		endloop
	endfacet
	facet normal 0.9238834906490474 -0.3826738764354466 0
		outer loop
			vertex -0.08202844113111496 -0.0894564837217331 0.011699999682605267
			vertex -0.08202844113111496 -0.0894564837217331 0.007799999788403511
			vertex -0.08181865513324738 -0.08895000070333481 0.011699999682605267
		endloop
	endfacet
	facet normal 0.9238834906490474 -0.3826738764354466 0
		outer loop
			vertex -0.08202844113111496 -0.0894564837217331 0.007799999788403511
			vertex -0.08181865513324738 -0.08895000070333481 0.007799999788403511
			vertex -0.08181865513324738 -0.08895000070333481 0.011699999682605267
		endloop
	endfacet
	facet normal 0.7933514559854744 -0.608763884675929 0
		outer loop
			vertex -0.08181865513324738 -0.08895000070333481 0.011699999682605267
			vertex -0.08181865513324738 -0.08895000070333481 0.007799999788403511
			vertex -0.08148492127656937 -0.08851507306098938 0.011699999682605267
		endloop
	endfacet
	facet normal 0.7933514559854744 -0.608763884675929 0
		outer loop
			vertex -0.08181865513324738 -0.08895000070333481 0.007799999788403511
			vertex -0.08148492127656937 -0.08851507306098938 0.007799999788403511
			vertex -0.08148492127656937 -0.08851507306098938 0.011699999682605267
		endloop
	endfacet
	facet normal 0.6087618943898648 -0.7933529831915067 0
		outer loop
			vertex -0.08148492127656937 -0.08851507306098938 0.011699999682605267
			vertex -0.08148492127656937 -0.08851507306098938 0.007799999788403511
			vertex -0.08105000108480453 -0.08818134665489197 0.011699999682605267
		endloop
	endfacet
	facet normal 0.6087618943898648 -0.7933529831915067 0
		outer loop
			vertex -0.08148492127656937 -0.08851507306098938 0.007799999788403511
			vertex -0.08105000108480453 -0.08818134665489197 0.007799999788403511
			vertex -0.08105000108480453 -0.08818134665489197 0.011699999682605267
		endloop
	endfacet
	facet normal 0.3826854768486769 -0.9238786856558067 0
		outer loop
			vertex -0.08105000108480453 -0.08818134665489197 0.011699999682605267
			vertex -0.08105000108480453 -0.08818134665489197 0.007799999788403511
			vertex -0.08054351806640625 -0.08797155320644379 0.011699999682605267
		endloop
	endfacet
	facet normal 0.3826854768486769 -0.9238786856558067 0
		outer loop
			vertex -0.08105000108480453 -0.08818134665489197 0.007799999788403511
			vertex -0.08054351806640625 -0.08797155320644379 0.007799999788403511
			vertex -0.08054351806640625 -0.08797155320644379 0.011699999682605267
		endloop
	endfacet
	facet normal 0.13052552828115146 -0.9914449487827988 0
		outer loop
			vertex -0.08054351806640625 -0.08797155320644379 0.011699999682605267
			vertex -0.08054351806640625 -0.08797155320644379 0.007799999788403511
			vertex -0.07999999821186066 -0.08789999783039093 0.011699999682605267
		endloop
	endfacet
	facet normal 0.13052552828115146 -0.9914449487827988 0
		outer loop
			vertex -0.08054351806640625 -0.08797155320644379 0.007799999788403511
			vertex -0.07999999821186066 -0.08789999783039093 0.007799999788403511
			vertex -0.07999999821186066 -0.08789999783039093 0.011699999682605267
		endloop
	endfacet
	facet normal -0.13052552828115146 -0.9914449487827988 0
		outer loop
			vertex -0.07999999821186066 -0.08789999783039093 0.011699999682605267
			vertex -0.07999999821186066 -0.08789999783039093 0.007799999788403511
			vertex -0.07945647835731506 -0.08797155320644379 0.011699999682605267
		endloop
	endfacet
	facet normal -0.13052552828115146 -0.9914449487827988 0
		outer loop
			vertex -0.07999999821186066 -0.08789999783039093 0.007799999788403511
			vertex -0.07945647835731506 -0.08797155320644379 0.007799999788403511
			vertex -0.07945647835731506 -0.08797155320644379 0.011699999682605267
		endloop
	endfacet
	facet normal -0.3826902819449128 -0.9238766952926799 0
		outer loop
			vertex -0.07945647835731506 -0.08797155320644379 0.011699999682605267
			vertex -0.07945647835731506 -0.08797155320644379 0.007799999788403511
			vertex -0.07895000278949738 -0.08818134665489197 0.011699999682605267
		endloop
	endfacet
	facet normal -0.3826902819449128 -0.9238766952926799 0
		outer loop
			vertex -0.07945647835731506 -0.08797155320644379 0.007799999788403511
			vertex -0.07895000278949738 -0.08818134665489197 0.007799999788403511
			vertex -0.07895000278949738 -0.08818134665489197 0.011699999682605267
		endloop
	endfacet
	facet normal -0.6087553305553964 -0.7933580197618161 0
		outer loop
			vertex -0.07895000278949738 -0.08818134665489197 0.011699999682605267
			vertex -0.07895000278949738 -0.08818134665489197 0.007799999788403511
			vertex -0.07851507514715195 -0.08851507306098938 0.011699999682605267
		endloop
	endfacet
	facet normal -0.6087553305553964 -0.7933580197618161 0
		outer loop
			vertex -0.07895000278949738 -0.08818134665489197 0.007799999788403511
			vertex -0.07851507514715195 -0.08851507306098938 0.007799999788403511
			vertex -0.07851507514715195 -0.08851507306098938 0.011699999682605267
		endloop
	endfacet
	facet normal -0.7933580197618161 -0.6087553305553964 0
		outer loop
			vertex -0.07851507514715195 -0.08851507306098938 0.011699999682605267
			vertex -0.07851507514715195 -0.08851507306098938 0.007799999788403511
			vertex -0.07818134874105453 -0.08895000070333481 0.011699999682605267
		endloop
	endfacet
	facet normal -0.7933580197618161 -0.6087553305553964 0
		outer loop
			vertex -0.07851507514715195 -0.08851507306098938 0.007799999788403511
			vertex -0.07818134874105453 -0.08895000070333481 0.007799999788403511
			vertex -0.07818134874105453 -0.08895000070333481 0.011699999682605267
		endloop
	endfacet
	facet normal -0.9238786856558067 -0.3826854768486769 0
		outer loop
			vertex -0.07818134874105453 -0.08895000070333481 0.011699999682605267
			vertex -0.07818134874105453 -0.08895000070333481 0.007799999788403511
			vertex -0.07797155529260635 -0.0894564837217331 0.011699999682605267
		endloop
	endfacet
	facet normal -0.9238786856558067 -0.3826854768486769 0
		outer loop
			vertex -0.07818134874105453 -0.08895000070333481 0.007799999788403511
			vertex -0.07797155529260635 -0.0894564837217331 0.007799999788403511
			vertex -0.07797155529260635 -0.0894564837217331 0.011699999682605267
		endloop
	endfacet
	facet normal -0.9914449487827988 -0.13052552828115146 0
		outer loop
			vertex -0.07797155529260635 -0.0894564837217331 0.011699999682605267
			vertex -0.07797155529260635 -0.0894564837217331 0.007799999788403511
			vertex -0.0778999999165535 -0.09000000357627869 0.011699999682605267
		endloop
	endfacet
	facet normal -0.9914449487827988 -0.13052552828115146 0
		outer loop
			vertex -0.07797155529260635 -0.0894564837217331 0.007799999788403511
			vertex -0.0778999999165535 -0.09000000357627869 0.007799999788403511
			vertex -0.0778999999165535 -0.09000000357627869 0.011699999682605267
		endloop
	endfacet
	facet normal -0.9914449487827988 0.13052552828115146 0
		outer loop
			vertex -0.0778999999165535 -0.09000000357627869 0.011699999682605267
			vertex -0.0778999999165535 -0.09000000357627869 0.007799999788403511
			vertex -0.07797155529260635 -0.09054352343082428 0.011699999682605267
		endloop
	endfacet
	facet normal -0.9914449487827988 0.13052552828115146 0
		outer loop
			vertex -0.0778999999165535 -0.09000000357627869 0.007799999788403511
			vertex -0.07797155529260635 -0.09054352343082428 0.007799999788403511
			vertex -0.07797155529260635 -0.09054352343082428 0.011699999682605267
		endloop
	endfacet
	facet normal -0.9238766952926799 0.3826902819449128 0
		outer loop
			vertex -0.07797155529260635 -0.09054352343082428 0.011699999682605267
			vertex -0.07797155529260635 -0.09054352343082428 0.007799999788403511
			vertex -0.07818134874105453 -0.09104999899864197 0.011699999682605267
		endloop
	endfacet
	facet normal -0.9238766952926799 0.3826902819449128 0
		outer loop
			vertex -0.07797155529260635 -0.09054352343082428 0.007799999788403511
			vertex -0.07818134874105453 -0.09104999899864197 0.007799999788403511
			vertex -0.07818134874105453 -0.09104999899864197 0.011699999682605267
		endloop
	endfacet
	facet normal -0.7933580197618161 0.6087553305553964 0
		outer loop
			vertex -0.07818134874105453 -0.09104999899864197 0.011699999682605267
			vertex -0.07818134874105453 -0.09104999899864197 0.007799999788403511
			vertex -0.07851507514715195 -0.0914849266409874 0.011699999682605267
		endloop
	endfacet
	facet normal -0.7933580197618161 0.6087553305553964 0
		outer loop
			vertex -0.07818134874105453 -0.09104999899864197 0.007799999788403511
			vertex -0.07851507514715195 -0.0914849266409874 0.007799999788403511
			vertex -0.07851507514715195 -0.0914849266409874 0.011699999682605267
		endloop
	endfacet
	facet normal -0.6087553305553964 0.7933580197618161 0
		outer loop
			vertex -0.07851507514715195 -0.0914849266409874 0.011699999682605267
			vertex -0.07851507514715195 -0.0914849266409874 0.007799999788403511
			vertex -0.07895000278949738 -0.09181865304708481 0.011699999682605267
		endloop
	endfacet
	facet normal -0.6087553305553964 0.7933580197618161 0
		outer loop
			vertex -0.07851507514715195 -0.0914849266409874 0.007799999788403511
			vertex -0.07895000278949738 -0.09181865304708481 0.007799999788403511
			vertex -0.07895000278949738 -0.09181865304708481 0.011699999682605267
		endloop
	endfacet
	facet normal -0.3826902819449128 0.9238766952926799 0
		outer loop
			vertex -0.07895000278949738 -0.09181865304708481 0.011699999682605267
			vertex -0.07895000278949738 -0.09181865304708481 0.007799999788403511
			vertex -0.07945647835731506 -0.09202844649553299 0.011699999682605267
		endloop
	endfacet
	facet normal -0.3826902819449128 0.9238766952926799 0
		outer loop
			vertex -0.07895000278949738 -0.09181865304708481 0.007799999788403511
			vertex -0.07945647835731506 -0.09202844649553299 0.007799999788403511
			vertex -0.07945647835731506 -0.09202844649553299 0.011699999682605267
		endloop
	endfacet
	facet normal -0.13052552828115146 0.9914449487827988 0
		outer loop
			vertex -0.07945647835731506 -0.09202844649553299 0.011699999682605267
			vertex -0.07945647835731506 -0.09202844649553299 0.007799999788403511
			vertex -0.07999999821186066 -0.09210000187158585 0.011699999682605267
		endloop
	endfacet
	facet normal -0.13052552828115146 0.9914449487827988 0
		outer loop
			vertex -0.07945647835731506 -0.09202844649553299 0.007799999788403511
			vertex -0.07999999821186066 -0.09210000187158585 0.007799999788403511
			vertex -0.07999999821186066 -0.09210000187158585 0.011699999682605267
		endloop
	endfacet
	facet normal 0.13052552828115146 0.9914449487827988 0
		outer loop
			vertex -0.07999999821186066 -0.09210000187158585 0.011699999682605267
			vertex -0.07999999821186066 -0.09210000187158585 0.007799999788403511
			vertex -0.08054351806640625 -0.09202844649553299 0.011699999682605267
		endloop
	endfacet
	facet normal 0.13052552828115146 0.9914449487827988 0
		outer loop
			vertex -0.07999999821186066 -0.09210000187158585 0.007799999788403511
			vertex -0.08054351806640625 -0.09202844649553299 0.007799999788403511
			vertex -0.08054351806640625 -0.09202844649553299 0.011699999682605267
		endloop
	endfacet
	facet normal 0.3826854768486769 0.9238786856558067 0
		outer loop
			vertex -0.08054351806640625 -0.09202844649553299 0.011699999682605267
			vertex -0.08054351806640625 -0.09202844649553299 0.007799999788403511
			vertex -0.08105000108480453 -0.09181865304708481 0.011699999682605267
		endloop
	endfacet
	facet normal 0.3826854768486769 0.9238786856558067 0
		outer loop
			vertex -0.08054351806640625 -0.09202844649553299 0.007799999788403511
			vertex -0.08105000108480453 -0.09181865304708481 0.007799999788403511
			vertex -0.08105000108480453 -0.09181865304708481 0.011699999682605267
		endloop
	endfacet
	facet normal 0.6087618943898648 0.7933529831915067 0
		outer loop
			vertex -0.08105000108480453 -0.09181865304708481 0.011699999682605267
			vertex -0.08105000108480453 -0.09181865304708481 0.007799999788403511
			vertex -0.08148492127656937 -0.0914849266409874 0.011699999682605267
		endloop
	endfacet
	facet normal 0.6087618943898648 0.7933529831915067 0
		outer loop
			vertex -0.08105000108480453 -0.09181865304708481 0.007799999788403511
			vertex -0.08148492127656937 -0.0914849266409874 0.007799999788403511
			vertex -0.08148492127656937 -0.0914849266409874 0.011699999682605267
		endloop
	endfacet
	facet normal 0.7933514559854744 0.608763884675929 0
		outer loop
			vertex -0.08148492127656937 -0.0914849266409874 0.011699999682605267
			vertex -0.08148492127656937 -0.0914849266409874 0.007799999788403511
			vertex -0.08181865513324738 -0.09104999899864197 0.011699999682605267
		endloop
	endfacet
	facet normal 0.7933514559854744 0.608763884675929 0
		outer loop
			vertex -0.08148492127656937 -0.0914849266409874 0.007799999788403511
			vertex -0.08181865513324738 -0.09104999899864197 0.007799999788403511
			vertex -0.08181865513324738 -0.09104999899864197 0.011699999682605267
		endloop
	endfacet
	facet normal 0.923881500396236 0.38267868143600603 0
		outer loop
			vertex -0.08181865513324738 -0.09104999899864197 0.011699999682605267
			vertex -0.08181865513324738 -0.09104999899864197 0.007799999788403511
			vertex -0.08202844113111496 -0.09054352343082428 0.011699999682605267
		endloop
	endfacet
	facet normal 0.923881500396236 0.38267868143600603 0
		outer loop
			vertex -0.08181865513324738 -0.09104999899864197 0.007799999788403511
			vertex -0.08202844113111496 -0.09054352343082428 0.007799999788403511
			vertex -0.08202844113111496 -0.09054352343082428 0.011699999682605267
		endloop
	endfacet
	facet normal 0.9914449487827988 0.13052552828115146 0
		outer loop
			vertex -0.08202844113111496 -0.09054352343082428 0.011699999682605267
			vertex -0.08202844113111496 -0.09054352343082428 0.007799999788403511
			vertex -0.08209999650716782 -0.09000000357627869 0.011699999682605267
		endloop
	endfacet
	facet normal 0.9914449487827988 0.13052552828115146 0
		outer loop
			vertex -0.08202844113111496 -0.09054352343082428 0.007799999788403511
			vertex -0.08209999650716782 -0.09000000357627869 0.007799999788403511
			vertex -0.08209999650716782 -0.09000000357627869 0.011699999682605267
		endloop
	endfacet
	facet normal 1 0 0
		outer loop
			vertex 0.10499999672174454 0.11699999868869781 0.0003000000142492354
			vertex 0.10499999672174454 0.11699999868869781 0.011699999682605267
			vertex 0.10499999672174454 -0.11699999868869781 0.0003000000142492354
		endloop
	endfacet
	facet normal 1 0 0
		outer loop
			vertex 0.10499999672174454 0.11699999868869781 0.011699999682605267
			vertex 0.10499999672174454 -0.11699999868869781 0.011699999682605267
			vertex 0.10499999672174454 -0.11699999868869781 0.0003000000142492354
		endloop
	endfacet
	facet normal 0.1305270489676781 0.9914447485804689 0
		outer loop
			vertex 0.09700000286102295 0.125 0.0003000000142492354
			vertex 0.09700000286102295 0.125 0.011699999682605267
			vertex 0.09907054901123047 0.12472740560770035 0.011699999682605267
		endloop
	endfacet
	facet normal 0.1305270489676781 0.9914447485804689 0
		outer loop
			vertex 0.09700000286102295 0.125 0.0003000000142492354
			vertex 0.09907054901123047 0.12472740560770035 0.011699999682605267
			vertex 0.09907054901123047 0.12472740560770035 0.0003000000142492354
		endloop
	endfacet
	facet normal 0.3826814725143697 0.9238803443055998 0
		outer loop
			vertex 0.09907054901123047 0.12472740560770035 0.011699999682605267
			vertex 0.10100000351667404 0.12392820417881012 0.011699999682605267
			vertex 0.09907054901123047 0.12472740560770035 0.0003000000142492354
		endloop
	endfacet
	facet normal 0.3826814725143697 0.9238803443055998 0
		outer loop
			vertex 0.09907054901123047 0.12472740560770035 0.0003000000142492354
			vertex 0.10100000351667404 0.12392820417881012 0.011699999682605267
			vertex 0.10100000351667404 0.12392820417881012 0.0003000000142492354
		endloop
	endfacet
	facet normal 0.608762757737824 0.7933523207197667 0
		outer loop
			vertex 0.10100000351667404 0.12392820417881012 0.011699999682605267
			vertex 0.10265685617923737 0.12265685200691223 0.011699999682605267
			vertex 0.10100000351667404 0.12392820417881012 0.0003000000142492354
		endloop
	endfacet
	facet normal 0.608762757737824 0.7933523207197667 0
		outer loop
			vertex 0.10100000351667404 0.12392820417881012 0.0003000000142492354
			vertex 0.10265685617923737 0.12265685200691223 0.011699999682605267
			vertex 0.10265685617923737 0.12265685200691223 0.0003000000142492354
		endloop
	endfacet
	facet normal 0.7933540437251645 0.6087605122746792 0
		outer loop
			vertex 0.10265685617923737 0.12265685200691223 0.011699999682605267
			vertex 0.10392820090055466 0.12099999934434891 0.011699999682605267
			vertex 0.10265685617923737 0.12265685200691223 0.0003000000142492354
		endloop
	endfacet
	facet normal 0.7933540437251645 0.6087605122746792 0
		outer loop
			vertex 0.10265685617923737 0.12265685200691223 0.0003000000142492354
			vertex 0.10392820090055466 0.12099999934434891 0.011699999682605267
			vertex 0.10392820090055466 0.12099999934434891 0.0003000000142492354
		endloop
	endfacet
	facet normal 0.9238785605227567 0.38268577894455286 0
		outer loop
			vertex 0.10392820090055466 0.12099999934434891 0.011699999682605267
			vertex 0.10472740978002548 0.11907055228948593 0.011699999682605267
			vertex 0.10392820090055466 0.12099999934434891 0.0003000000142492354
		endloop
	endfacet
	facet normal 0.9238785605227567 0.38268577894455286 0
		outer loop
			vertex 0.10392820090055466 0.12099999934434891 0.0003000000142492354
			vertex 0.10472740978002548 0.11907055228948593 0.011699999682605267
			vertex 0.10472740978002548 0.11907055228948593 0.0003000000142492354
		endloop
	endfacet
	facet normal 0.9914452710346907 0.13052308049900216 0
		outer loop
			vertex 0.10472740978002548 0.11907055228948593 0.011699999682605267
			vertex 0.10499999672174454 0.11699999868869781 0.011699999682605267
			vertex 0.10472740978002548 0.11907055228948593 0.0003000000142492354
		endloop
	endfacet
	facet normal 0.9914452710346907 0.13052308049900216 0
		outer loop
			vertex 0.10472740978002548 0.11907055228948593 0.0003000000142492354
			vertex 0.10499999672174454 0.11699999868869781 0.011699999682605267
			vertex 0.10499999672174454 0.11699999868869781 0.0003000000142492354
		endloop
	endfacet
	facet normal 0.9914452147217163 -0.13052350824816986 0
		outer loop
			vertex 0.0820000022649765 0.11249999701976776 0.012000000104308128
			vertex 0.0820000022649765 0.11249999701976776 0.007000000216066837
			vertex 0.08218740671873093 0.11392350494861603 0.012000000104308128
		endloop
	endfacet
	facet normal 0.9914452147217163 -0.13052350824816986 0
		outer loop
			vertex 0.0820000022649765 0.11249999701976776 0.007000000216066837
			vertex 0.08218740671873093 0.11392350494861603 0.007000000216066837
			vertex 0.08218740671873093 0.11392350494861603 0.012000000104308128
		endloop
	endfacet
	facet normal 0.9238798415250628 -0.38268268633898905 0
		outer loop
			vertex 0.08218740671873093 0.11392350494861603 0.012000000104308128
			vertex 0.08218740671873093 0.11392350494861603 0.007000000216066837
			vertex 0.08273685723543167 0.11524999886751175 0.012000000104308128
		endloop
	endfacet
	facet normal 0.9238798415250628 -0.38268268633898905 0
		outer loop
			vertex 0.08218740671873093 0.11392350494861603 0.007000000216066837
			vertex 0.08273685723543167 0.11524999886751175 0.007000000216066837
			vertex 0.08273685723543167 0.11524999886751175 0.012000000104308128
		endloop
	endfacet
	facet normal 0.7933522222436737 -0.6087628860739004 0
		outer loop
			vertex 0.08273685723543167 0.11524999886751175 0.012000000104308128
			vertex 0.08273685723543167 0.11524999886751175 0.007000000216066837
			vertex 0.0836109146475792 0.11638908833265305 0.012000000104308128
		endloop
	endfacet
	facet normal 0.7933522222436737 -0.6087628860739004 0
		outer loop
			vertex 0.08273685723543167 0.11524999886751175 0.007000000216066837
			vertex 0.0836109146475792 0.11638908833265305 0.007000000216066837
			vertex 0.0836109146475792 0.11638908833265305 0.012000000104308128
		endloop
	endfacet
	facet normal 0.6087621261426673 -0.793352805361057 0
		outer loop
			vertex 0.0836109146475792 0.11638908833265305 0.012000000104308128
			vertex 0.0836109146475792 0.11638908833265305 0.007000000216066837
			vertex 0.08474999666213989 0.11726313829421997 0.012000000104308128
		endloop
	endfacet
	facet normal 0.6087621261426673 -0.793352805361057 0
		outer loop
			vertex 0.0836109146475792 0.11638908833265305 0.007000000216066837
			vertex 0.08474999666213989 0.11726313829421997 0.007000000216066837
			vertex 0.08474999666213989 0.11726313829421997 0.012000000104308128
		endloop
	endfacet
	facet normal 0.3826808516910113 -0.9238806014572675 0
		outer loop
			vertex 0.08474999666213989 0.11726313829421997 0.012000000104308128
			vertex 0.08474999666213989 0.11726313829421997 0.007000000216066837
			vertex 0.08607649803161621 0.11781258881092072 0.012000000104308128
		endloop
	endfacet
	facet normal 0.3826808516910113 -0.9238806014572675 0
		outer loop
			vertex 0.08474999666213989 0.11726313829421997 0.007000000216066837
			vertex 0.08607649803161621 0.11781258881092072 0.007000000216066837
			vertex 0.08607649803161621 0.11781258881092072 0.012000000104308128
		endloop
	endfacet
	facet normal 0.13052928056542523 -0.9914444547805351 0
		outer loop
			vertex 0.08607649803161621 0.11781258881092072 0.012000000104308128
			vertex 0.08607649803161621 0.11781258881092072 0.007000000216066837
			vertex 0.08749999850988388 0.11800000071525574 0.012000000104308128
		endloop
	endfacet
	facet normal 0.13052928056542523 -0.9914444547805351 0
		outer loop
			vertex 0.08607649803161621 0.11781258881092072 0.007000000216066837
			vertex 0.08749999850988388 0.11800000071525574 0.007000000216066837
			vertex 0.08749999850988388 0.11800000071525574 0.012000000104308128
		endloop
	endfacet
	facet normal -0.13052860902060268 -0.991444543192985 0
		outer loop
			vertex 0.08749999850988388 0.11800000071525574 0.012000000104308128
			vertex 0.08749999850988388 0.11800000071525574 0.007000000216066837
			vertex 0.08892350643873215 0.11781258881092072 0.012000000104308128
		endloop
	endfacet
	facet normal -0.13052860902060268 -0.991444543192985 0
		outer loop
			vertex 0.08749999850988388 0.11800000071525574 0.007000000216066837
			vertex 0.08892350643873215 0.11781258881092072 0.007000000216066837
			vertex 0.08892350643873215 0.11781258881092072 0.012000000104308128
		endloop
	endfacet
	facet normal -0.38268268633898905 -0.9238798415250628 0
		outer loop
			vertex 0.08892350643873215 0.11781258881092072 0.012000000104308128
			vertex 0.08892350643873215 0.11781258881092072 0.007000000216066837
			vertex 0.09025000035762787 0.11726313829421997 0.012000000104308128
		endloop
	endfacet
	facet normal -0.38268268633898905 -0.9238798415250628 0
		outer loop
			vertex 0.08892350643873215 0.11781258881092072 0.007000000216066837
			vertex 0.09025000035762787 0.11726313829421997 0.007000000216066837
			vertex 0.09025000035762787 0.11726313829421997 0.012000000104308128
		endloop
	endfacet
	facet normal -0.6087596199514161 -0.7933547284264507 0
		outer loop
			vertex 0.09025000035762787 0.11726313829421997 0.012000000104308128
			vertex 0.09025000035762787 0.11726313829421997 0.007000000216066837
			vertex 0.09138908982276917 0.11638908833265305 0.012000000104308128
		endloop
	endfacet
	facet normal -0.6087596199514161 -0.7933547284264507 0
		outer loop
			vertex 0.09025000035762787 0.11726313829421997 0.007000000216066837
			vertex 0.09138908982276917 0.11638908833265305 0.007000000216066837
			vertex 0.09138908982276917 0.11638908833265305 0.012000000104308128
		endloop
	endfacet
	facet normal -0.7933547284264507 -0.6087596199514161 0
		outer loop
			vertex 0.09138908982276917 0.11638908833265305 0.012000000104308128
			vertex 0.09138908982276917 0.11638908833265305 0.007000000216066837
			vertex 0.09226313978433609 0.11524999886751175 0.012000000104308128
		endloop
	endfacet
	facet normal -0.7933547284264507 -0.6087596199514161 0
		outer loop
			vertex 0.09138908982276917 0.11638908833265305 0.007000000216066837
			vertex 0.09226313978433609 0.11524999886751175 0.007000000216066837
			vertex 0.09226313978433609 0.11524999886751175 0.012000000104308128
		endloop
	endfacet
	facet normal -0.9238798415250628 -0.38268268633898905 0
		outer loop
			vertex 0.09226313978433609 0.11524999886751175 0.012000000104308128
			vertex 0.09226313978433609 0.11524999886751175 0.007000000216066837
			vertex 0.09281259030103683 0.11392350494861603 0.012000000104308128
		endloop
	endfacet
	facet normal -0.9238798415250628 -0.38268268633898905 0
		outer loop
			vertex 0.09226313978433609 0.11524999886751175 0.007000000216066837
			vertex 0.09281259030103683 0.11392350494861603 0.007000000216066837
			vertex 0.09281259030103683 0.11392350494861603 0.012000000104308128
		endloop
	endfacet
	facet normal -0.991444543192985 -0.13052860902060268 0
		outer loop
			vertex 0.09281259030103683 0.11392350494861603 0.012000000104308128
			vertex 0.09281259030103683 0.11392350494861603 0.007000000216066837
			vertex 0.09300000220537186 0.11249999701976776 0.012000000104308128
		endloop
	endfacet
	facet normal -0.991444543192985 -0.13052860902060268 0
		outer loop
			vertex 0.09281259030103683 0.11392350494861603 0.007000000216066837
			vertex 0.09300000220537186 0.11249999701976776 0.007000000216066837
			vertex 0.09300000220537186 0.11249999701976776 0.012000000104308128
		endloop
	endfacet
	facet normal -0.9914444547805351 0.13052928056542523 0
		outer loop
			vertex 0.09300000220537186 0.11249999701976776 0.012000000104308128
			vertex 0.09300000220537186 0.11249999701976776 0.007000000216066837
			vertex 0.09281259030103683 0.11107649654150009 0.012000000104308128
		endloop
	endfacet
	facet normal -0.9914444547805351 0.13052928056542523 0
		outer loop
			vertex 0.09300000220537186 0.11249999701976776 0.007000000216066837
			vertex 0.09281259030103683 0.11107649654150009 0.007000000216066837
			vertex 0.09281259030103683 0.11107649654150009 0.012000000104308128
		endloop
	endfacet
	facet normal -0.9238798415250628 0.38268268633898905 0
		outer loop
			vertex 0.09281259030103683 0.11107649654150009 0.012000000104308128
			vertex 0.09281259030103683 0.11107649654150009 0.007000000216066837
			vertex 0.09226313978433609 0.10975000262260437 0.012000000104308128
		endloop
	endfacet
	facet normal -0.9238798415250628 0.38268268633898905 0
		outer loop
			vertex 0.09281259030103683 0.11107649654150009 0.007000000216066837
			vertex 0.09226313978433609 0.10975000262260437 0.007000000216066837
			vertex 0.09226313978433609 0.10975000262260437 0.012000000104308128
		endloop
	endfacet
	facet normal -0.7933547284264507 0.6087596199514161 0
		outer loop
			vertex 0.09226313978433609 0.10975000262260437 0.012000000104308128
			vertex 0.09226313978433609 0.10975000262260437 0.007000000216066837
			vertex 0.09138908982276917 0.10861091315746307 0.012000000104308128
		endloop
	endfacet
	facet normal -0.7933547284264507 0.6087596199514161 0
		outer loop
			vertex 0.09226313978433609 0.10975000262260437 0.007000000216066837
			vertex 0.09138908982276917 0.10861091315746307 0.007000000216066837
			vertex 0.09138908982276917 0.10861091315746307 0.012000000104308128
		endloop
	endfacet
	facet normal -0.6087596199514161 0.7933547284264507 0
		outer loop
			vertex 0.09138908982276917 0.10861091315746307 0.012000000104308128
			vertex 0.09138908982276917 0.10861091315746307 0.007000000216066837
			vertex 0.09025000035762787 0.10773686319589615 0.012000000104308128
		endloop
	endfacet
	facet normal -0.6087596199514161 0.7933547284264507 0
		outer loop
			vertex 0.09138908982276917 0.10861091315746307 0.007000000216066837
			vertex 0.09025000035762787 0.10773686319589615 0.007000000216066837
			vertex 0.09025000035762787 0.10773686319589615 0.012000000104308128
		endloop
	endfacet
	facet normal -0.3826871155873548 0.9238780068620699 0
		outer loop
			vertex 0.09025000035762787 0.10773686319589615 0.012000000104308128
			vertex 0.09025000035762787 0.10773686319589615 0.007000000216066837
			vertex 0.08892350643873215 0.10718740522861481 0.012000000104308128
		endloop
	endfacet
	facet normal -0.3826871155873548 0.9238780068620699 0
		outer loop
			vertex 0.09025000035762787 0.10773686319589615 0.007000000216066837
			vertex 0.08892350643873215 0.10718740522861481 0.007000000216066837
			vertex 0.08892350643873215 0.10718740522861481 0.012000000104308128
		endloop
	endfacet
	facet normal -0.13052350824816986 0.9914452147217163 0
		outer loop
			vertex 0.08892350643873215 0.10718740522861481 0.012000000104308128
			vertex 0.08892350643873215 0.10718740522861481 0.007000000216066837
			vertex 0.08749999850988388 0.10700000077486038 0.012000000104308128
		endloop
	endfacet
	facet normal -0.13052350824816986 0.9914452147217163 0
		outer loop
			vertex 0.08892350643873215 0.10718740522861481 0.007000000216066837
			vertex 0.08749999850988388 0.10700000077486038 0.007000000216066837
			vertex 0.08749999850988388 0.10700000077486038 0.012000000104308128
		endloop
	endfacet
	facet normal 0.1305241797676596 0.9914451263161163 0
		outer loop
			vertex 0.08749999850988388 0.10700000077486038 0.012000000104308128
			vertex 0.08749999850988388 0.10700000077486038 0.007000000216066837
			vertex 0.08607649803161621 0.10718740522861481 0.012000000104308128
		endloop
	endfacet
	facet normal 0.1305241797676596 0.9914451263161163 0
		outer loop
			vertex 0.08749999850988388 0.10700000077486038 0.007000000216066837
			vertex 0.08607649803161621 0.10718740522861481 0.007000000216066837
			vertex 0.08607649803161621 0.10718740522861481 0.012000000104308128
		endloop
	endfacet
	facet normal 0.38268528092542897 0.9238787668103567 0
		outer loop
			vertex 0.08607649803161621 0.10718740522861481 0.012000000104308128
			vertex 0.08607649803161621 0.10718740522861481 0.007000000216066837
			vertex 0.08474999666213989 0.10773686319589615 0.012000000104308128
		endloop
	endfacet
	facet normal 0.38268528092542897 0.9238787668103567 0
		outer loop
			vertex 0.08607649803161621 0.10718740522861481 0.007000000216066837
			vertex 0.08474999666213989 0.10773686319589615 0.007000000216066837
			vertex 0.08474999666213989 0.10773686319589615 0.012000000104308128
		endloop
	endfacet
	facet normal 0.6087621261426673 0.793352805361057 0
		outer loop
			vertex 0.08474999666213989 0.10773686319589615 0.012000000104308128
			vertex 0.08474999666213989 0.10773686319589615 0.007000000216066837
			vertex 0.0836109146475792 0.10861091315746307 0.012000000104308128
		endloop
	endfacet
	facet normal 0.6087621261426673 0.793352805361057 0
		outer loop
			vertex 0.08474999666213989 0.10773686319589615 0.007000000216066837
			vertex 0.0836109146475792 0.10861091315746307 0.007000000216066837
			vertex 0.0836109146475792 0.10861091315746307 0.012000000104308128
		endloop
	endfacet
	facet normal 0.7933522222436737 0.6087628860739004 0
		outer loop
			vertex 0.0836109146475792 0.10861091315746307 0.012000000104308128
			vertex 0.0836109146475792 0.10861091315746307 0.007000000216066837
			vertex 0.08273685723543167 0.10975000262260437 0.012000000104308128
		endloop
	endfacet
	facet normal 0.7933522222436737 0.6087628860739004 0
		outer loop
			vertex 0.0836109146475792 0.10861091315746307 0.007000000216066837
			vertex 0.08273685723543167 0.10975000262260437 0.007000000216066837
			vertex 0.08273685723543167 0.10975000262260437 0.012000000104308128
		endloop
	endfacet
	facet normal 0.9238798415250628 0.38268268633898905 0
		outer loop
			vertex 0.08273685723543167 0.10975000262260437 0.012000000104308128
			vertex 0.08273685723543167 0.10975000262260437 0.007000000216066837
			vertex 0.08218740671873093 0.11107649654150009 0.012000000104308128
		endloop
	endfacet
	facet normal 0.9238798415250628 0.38268268633898905 0
		outer loop
			vertex 0.08273685723543167 0.10975000262260437 0.007000000216066837
			vertex 0.08218740671873093 0.11107649654150009 0.007000000216066837
			vertex 0.08218740671873093 0.11107649654150009 0.012000000104308128
		endloop
	endfacet
	facet normal 0.9914451263161163 0.1305241797676596 0
		outer loop
			vertex 0.08218740671873093 0.11107649654150009 0.012000000104308128
			vertex 0.08218740671873093 0.11107649654150009 0.007000000216066837
			vertex 0.0820000022649765 0.11249999701976776 0.012000000104308128
		endloop
	endfacet
	facet normal 0.9914451263161163 0.1305241797676596 0
		outer loop
			vertex 0.08218740671873093 0.11107649654150009 0.007000000216066837
			vertex 0.0820000022649765 0.11249999701976776 0.007000000216066837
			vertex 0.0820000022649765 0.11249999701976776 0.012000000104308128
		endloop
	endfacet
	facet normal -0.6560796828052716 -0.2717531499712853 0.7040665276029093
		outer loop
			vertex 0.08202844113111496 0.09054352343082428 0.011699999682605267
			vertex 0.08231822401285172 0.09062116593122482 0.012000000104308128
			vertex 0.08181865513324738 0.09104999899864197 0.011699999682605267
		endloop
	endfacet
	facet normal -0.656080563617169 -0.2717553422216566 0.7040648606611242
		outer loop
			vertex 0.08231822401285172 0.09062116593122482 0.012000000104308128
			vertex 0.0820784643292427 0.09120000153779984 0.012000000104308128
			vertex 0.08181865513324738 0.09104999899864197 0.011699999682605267
		endloop
	endfacet
	facet normal -0.5633868351089905 -0.43230469387643694 0.7040652850966844
		outer loop
			vertex 0.08181865513324738 0.09104999899864197 0.011699999682605267
			vertex 0.0820784643292427 0.09120000153779984 0.012000000104308128
			vertex 0.08148492127656937 0.0914849266409874 0.011699999682605267
		endloop
	endfacet
	facet normal -0.5633870816678003 -0.4323067344895829 0.7040638348365813
		outer loop
			vertex 0.0820784643292427 0.09120000153779984 0.012000000104308128
			vertex 0.08169705420732498 0.09169705957174301 0.012000000104308128
			vertex 0.08148492127656937 0.0914849266409874 0.011699999682605267
		endloop
	endfacet
	facet normal -0.4323042849472607 -0.5633892286459947 0.7040636208908316
		outer loop
			vertex 0.08148492127656937 0.0914849266409874 0.011699999682605267
			vertex 0.08169705420732498 0.09169705957174301 0.012000000104308128
			vertex 0.08105000108480453 0.09181865304708481 0.011699999682605267
		endloop
	endfacet
	facet normal -0.43230461891505706 -0.5633868852274854 0.7040652910195045
		outer loop
			vertex 0.08169705420732498 0.09169705957174301 0.012000000104308128
			vertex 0.0812000036239624 0.09207846224308014 0.012000000104308128
			vertex 0.08105000108480453 0.09181865304708481 0.011699999682605267
		endloop
	endfacet
	facet normal -0.2717585198006091 -0.6560789977102638 0.7040650933537878
		outer loop
			vertex 0.08105000108480453 0.09181865304708481 0.011699999682605267
			vertex 0.0812000036239624 0.09207846224308014 0.012000000104308128
			vertex 0.08054351806640625 0.09202844649553299 0.011699999682605267
		endloop
	endfacet
	facet normal -0.27175657817691407 -0.6560835475004491 0.7040616030695048
		outer loop
			vertex 0.0812000036239624 0.09207846224308014 0.012000000104308128
			vertex 0.08062116801738739 0.09231822192668915 0.012000000104308128
			vertex 0.08054351806640625 0.09202844649553299 0.011699999682605267
		endloop
	endfacet
	facet normal -0.09269146525727653 -0.7040652218365601 0.7040599801641154
		outer loop
			vertex 0.08054351806640625 0.09202844649553299 0.011699999682605267
			vertex 0.08062116801738739 0.09231822192668915 0.012000000104308128
			vertex 0.07999999821186066 0.09210000187158585 0.011699999682605267
		endloop
	endfacet
	facet normal -0.09269092125705401 -0.7040659153647146 0.7040593582491218
		outer loop
			vertex 0.08062116801738739 0.09231822192668915 0.012000000104308128
			vertex 0.07999999821186066 0.09239999949932098 0.012000000104308128
			vertex 0.07999999821186066 0.09210000187158585 0.011699999682605267
		endloop
	endfacet
	facet normal 0.09269155110317591 -0.7040658739042777 0.704059316789071
		outer loop
			vertex 0.07999999821186066 0.09210000187158585 0.011699999682605267
			vertex 0.07999999821186066 0.09239999949932098 0.012000000104308128
			vertex 0.07945647835731506 0.09202844649553299 0.011699999682605267
		endloop
	endfacet
	facet normal 0.09269207983034598 -0.7040662707303003 0.704058850350347
		outer loop
			vertex 0.07999999821186066 0.09239999949932098 0.012000000104308128
			vertex 0.07937883585691452 0.09231822192668915 0.012000000104308128
			vertex 0.07945647835731506 0.09202844649553299 0.011699999682605267
		endloop
	endfacet
	facet normal 0.27176472825357245 -0.6560843347262358 0.7040577236307366
		outer loop
			vertex 0.07945647835731506 0.09202844649553299 0.011699999682605267
			vertex 0.07937883585691452 0.09231822192668915 0.012000000104308128
			vertex 0.07895000278949738 0.09181865304708481 0.011699999682605267
		endloop
	endfacet
	facet normal 0.2717553422216566 -0.656080563617169 0.7040648606611242
		outer loop
			vertex 0.07937883585691452 0.09231822192668915 0.012000000104308128
			vertex 0.07880000025033951 0.09207846224308014 0.012000000104308128
			vertex 0.07895000278949738 0.09181865304708481 0.011699999682605267
		endloop
	endfacet
	facet normal 0.43229831511897404 -0.5633910998631476 0.7040657890710846
		outer loop
			vertex 0.07895000278949738 0.09181865304708481 0.011699999682605267
			vertex 0.07880000025033951 0.09207846224308014 0.012000000104308128
			vertex 0.07851507514715195 0.0914849266409874 0.011699999682605267
		endloop
	endfacet
	facet normal 0.43230168539691094 -0.5633915070924482 0.7040633938354487
		outer loop
			vertex 0.07880000025033951 0.09207846224308014 0.012000000104308128
			vertex 0.07830294221639633 0.09169705957174301 0.012000000104308128
			vertex 0.07851507514715195 0.0914849266409874 0.011699999682605267
		endloop
	endfacet
	facet normal 0.5633931095050294 -0.43229985714688274 0.7040632341438082
		outer loop
			vertex 0.07851507514715195 0.0914849266409874 0.011699999682605267
			vertex 0.07830294221639633 0.09169705957174301 0.012000000104308128
			vertex 0.07818134874105453 0.09104999899864197 0.011699999682605267
		endloop
	endfacet
	facet normal 0.5633897486574896 -0.4323003361142422 0.7040656294005297
		outer loop
			vertex 0.07830294221639633 0.09169705957174301 0.012000000104308128
			vertex 0.0779215395450592 0.09120000153779984 0.012000000104308128
			vertex 0.07818134874105453 0.09104999899864197 0.011699999682605267
		endloop
	endfacet
	facet normal 0.6560773615946435 -0.27176183982732605 0.7040653364686251
		outer loop
			vertex 0.07818134874105453 0.09104999899864197 0.011699999682605267
			vertex 0.0779215395450592 0.09120000153779984 0.012000000104308128
			vertex 0.07797155529260635 0.09054352343082428 0.011699999682605267
		endloop
	endfacet
	facet normal 0.6560866650914459 -0.2717578695152881 0.7040581994733793
		outer loop
			vertex 0.0779215395450592 0.09120000153779984 0.012000000104308128
			vertex 0.0776817798614502 0.09062116593122482 0.012000000104308128
			vertex 0.07797155529260635 0.09054352343082428 0.011699999682605267
		endloop
	endfacet
	facet normal 0.7040663629554551 -0.09269161548765169 0.704058819256578
		outer loop
			vertex 0.07797155529260635 0.09054352343082428 0.011699999682605267
			vertex 0.0776817798614502 0.09062116593122482 0.012000000104308128
			vertex 0.0778999999165535 0.09000000357627869 0.011699999682605267
		endloop
	endfacet
	facet normal 0.7040658428083951 -0.09269202349336035 0.7040592856934781
		outer loop
			vertex 0.0776817798614502 0.09062116593122482 0.012000000104308128
			vertex 0.07760000228881836 0.09000000357627869 0.012000000104308128
			vertex 0.0778999999165535 0.09000000357627869 0.011699999682605267
		endloop
	endfacet
	facet normal 0.7040658739042777 0.09269155110317591 0.704059316789071
		outer loop
			vertex 0.0778999999165535 0.09000000357627869 0.011699999682605267
			vertex 0.07760000228881836 0.09000000357627869 0.012000000104308128
			vertex 0.07797155529260635 0.0894564837217331 0.011699999682605267
		endloop
	endfacet
	facet normal 0.7040653448092392 0.09269084614290421 0.7040599386983751
		outer loop
			vertex 0.07760000228881836 0.09000000357627869 0.012000000104308128
			vertex 0.0776817798614502 0.08937883377075195 0.012000000104308128
			vertex 0.07797155529260635 0.0894564837217331 0.011699999682605267
		endloop
	endfacet
	facet normal 0.6560824078359797 0.27175993232977125 0.7040613704133052
		outer loop
			vertex 0.07797155529260635 0.0894564837217331 0.011699999682605267
			vertex 0.0776817798614502 0.08937883377075195 0.012000000104308128
			vertex 0.07818134874105453 0.08895000070333481 0.011699999682605267
		endloop
	endfacet
	facet normal 0.656080563617169 0.2717553422216566 0.7040648606611242
		outer loop
			vertex 0.0776817798614502 0.08937883377075195 0.012000000104308128
			vertex 0.0779215395450592 0.08879999816417694 0.012000000104308128
			vertex 0.07818134874105453 0.08895000070333481 0.011699999682605267
		endloop
	endfacet
	facet normal 0.5633910998631476 0.43229831511897404 0.7040657890710846
		outer loop
			vertex 0.07818134874105453 0.08895000070333481 0.011699999682605267
			vertex 0.0779215395450592 0.08879999816417694 0.012000000104308128
			vertex 0.07851507514715195 0.08851507306098938 0.011699999682605267
		endloop
	endfacet
	facet normal 0.5633915070924482 0.43230168539691094 0.7040633938354487
		outer loop
			vertex 0.0779215395450592 0.08879999816417694 0.012000000104308128
			vertex 0.07830294221639633 0.08830294013023376 0.012000000104308128
			vertex 0.07851507514715195 0.08851507306098938 0.011699999682605267
		endloop
	endfacet
	facet normal 0.43229985714688274 0.5633931095050294 0.7040632341438082
		outer loop
			vertex 0.07851507514715195 0.08851507306098938 0.011699999682605267
			vertex 0.07830294221639633 0.08830294013023376 0.012000000104308128
			vertex 0.07895000278949738 0.08818134665489197 0.011699999682605267
		endloop
	endfacet
	facet normal 0.4323003361142422 0.5633897486574896 0.7040656294005297
		outer loop
			vertex 0.07830294221639633 0.08830294013023376 0.012000000104308128
			vertex 0.07880000025033951 0.08792153745889664 0.012000000104308128
			vertex 0.07895000278949738 0.08818134665489197 0.011699999682605267
		endloop
	endfacet
	facet normal 0.27176183982732605 0.6560773615946435 0.7040653364686251
		outer loop
			vertex 0.07895000278949738 0.08818134665489197 0.011699999682605267
			vertex 0.07880000025033951 0.08792153745889664 0.012000000104308128
			vertex 0.07945647835731506 0.08797155320644379 0.011699999682605267
		endloop
	endfacet
	facet normal 0.2717578695152881 0.6560866650914459 0.7040581994733793
		outer loop
			vertex 0.07880000025033951 0.08792153745889664 0.012000000104308128
			vertex 0.07937883585691452 0.08768177777528763 0.012000000104308128
			vertex 0.07945647835731506 0.08797155320644379 0.011699999682605267
		endloop
	endfacet
	facet normal 0.09269161548765169 0.7040663629554551 0.704058819256578
		outer loop
			vertex 0.07945647835731506 0.08797155320644379 0.011699999682605267
			vertex 0.07937883585691452 0.08768177777528763 0.012000000104308128
			vertex 0.07999999821186066 0.08789999783039093 0.011699999682605267
		endloop
	endfacet
	facet normal 0.09269202349336035 0.7040658428083951 0.7040592856934781
		outer loop
			vertex 0.07937883585691452 0.08768177777528763 0.012000000104308128
			vertex 0.07999999821186066 0.08760000020265579 0.012000000104308128
			vertex 0.07999999821186066 0.08789999783039093 0.011699999682605267
		endloop
	endfacet
	facet normal -0.09269155110317591 0.7040658739042777 0.704059316789071
		outer loop
			vertex 0.07999999821186066 0.08789999783039093 0.011699999682605267
			vertex 0.07999999821186066 0.08760000020265579 0.012000000104308128
			vertex 0.08054351806640625 0.08797155320644379 0.011699999682605267
		endloop
	endfacet
	facet normal -0.09269084614290421 0.7040653448092392 0.7040599386983751
		outer loop
			vertex 0.07999999821186066 0.08760000020265579 0.012000000104308128
			vertex 0.08062116801738739 0.08768177777528763 0.012000000104308128
			vertex 0.08054351806640625 0.08797155320644379 0.011699999682605267
		endloop
	endfacet
	facet normal -0.27175993232977125 0.6560824078359797 0.7040613704133052
		outer loop
			vertex 0.08054351806640625 0.08797155320644379 0.011699999682605267
			vertex 0.08062116801738739 0.08768177777528763 0.012000000104308128
			vertex 0.08105000108480453 0.08818134665489197 0.011699999682605267
		endloop
	endfacet
	facet normal -0.2717553422216566 0.656080563617169 0.7040648606611242
		outer loop
			vertex 0.08062116801738739 0.08768177777528763 0.012000000104308128
			vertex 0.0812000036239624 0.08792153745889664 0.012000000104308128
			vertex 0.08105000108480453 0.08818134665489197 0.011699999682605267
		endloop
	endfacet
	facet normal -0.4323032097285727 0.5633878273954211 0.7040654023604916
		outer loop
			vertex 0.08105000108480453 0.08818134665489197 0.011699999682605267
			vertex 0.0812000036239624 0.08792153745889664 0.012000000104308128
			vertex 0.08148492127656937 0.08851507306098938 0.011699999682605267
		endloop
	endfacet
	facet normal -0.4323055597346247 0.5633881113198808 0.7040637322330633
		outer loop
			vertex 0.0812000036239624 0.08792153745889664 0.012000000104308128
			vertex 0.08169705420732498 0.08830294013023376 0.012000000104308128
			vertex 0.08148492127656937 0.08851507306098938 0.011699999682605267
		endloop
	endfacet
	facet normal -0.5633880518838984 0.432305627546646 0.7040637381558338
		outer loop
			vertex 0.08148492127656937 0.08851507306098938 0.011699999682605267
			vertex 0.08169705420732498 0.08830294013023376 0.012000000104308128
			vertex 0.08181865513324738 0.08895000070333481 0.011699999682605267
		endloop
	endfacet
	facet normal -0.5633860169885757 0.43230591752374564 0.7040651884134742
		outer loop
			vertex 0.08169705420732498 0.08830294013023376 0.012000000104308128
			vertex 0.0820784643292427 0.08879999816417694 0.012000000104308128
			vertex 0.08181865513324738 0.08895000070333481 0.011699999682605267
		endloop
	endfacet
	facet normal -0.6560829475563846 0.27175050463150563 0.7040645063900384
		outer loop
			vertex 0.08181865513324738 0.08895000070333481 0.011699999682605267
			vertex 0.0820784643292427 0.08879999816417694 0.012000000104308128
			vertex 0.08202844113111496 0.0894564837217331 0.011699999682605267
		endloop
	endfacet
	facet normal -0.6560760209711186 0.27175346061076844 0.704069819941727
		outer loop
			vertex 0.0820784643292427 0.08879999816417694 0.012000000104308128
			vertex 0.08231822401285172 0.08937883377075195 0.012000000104308128
			vertex 0.08202844113111496 0.0894564837217331 0.011699999682605267
		endloop
	endfacet
	facet normal -0.7040565541924978 0.09269032414619258 0.7040687979936764
		outer loop
			vertex 0.08202844113111496 0.0894564837217331 0.011699999682605267
			vertex 0.08231822401285172 0.08937883377075195 0.012000000104308128
			vertex 0.08209999650716782 0.09000000357627869 0.011699999682605267
		endloop
	endfacet
	facet normal -0.7040572477112326 0.09268978015255108 0.704068176102681
		outer loop
			vertex 0.08231822401285172 0.08937883377075195 0.012000000104308128
			vertex 0.08240000158548355 0.09000000357627869 0.012000000104308128
			vertex 0.08209999650716782 0.09000000357627869 0.011699999682605267
		endloop
	endfacet
	facet normal -0.7040572062523268 -0.09269040999105341 0.7040681346431317
		outer loop
			vertex 0.08209999650716782 0.09000000357627869 0.011699999682605267
			vertex 0.08240000158548355 0.09000000357627869 0.012000000104308128
			vertex 0.08202844113111496 0.09054352343082428 0.011699999682605267
		endloop
	endfacet
	facet normal -0.7040576030743212 -0.09269093871182725 0.7040676682208622
		outer loop
			vertex 0.08240000158548355 0.09000000357627869 0.012000000104308128
			vertex 0.08231822401285172 0.09062116593122482 0.012000000104308128
			vertex 0.08202844113111496 0.09054352343082428 0.011699999682605267
		endloop
	endfacet
	facet normal 0.991444543192985 -0.13052860902060268 0
		outer loop
			vertex -0.09300000220537186 0.11249999701976776 0.012000000104308128
			vertex -0.09300000220537186 0.11249999701976776 0.007000000216066837
			vertex -0.09281259030103683 0.11392350494861603 0.012000000104308128
		endloop
	endfacet
	facet normal 0.991444543192985 -0.13052860902060268 0
		outer loop
			vertex -0.09300000220537186 0.11249999701976776 0.007000000216066837
			vertex -0.09281259030103683 0.11392350494861603 0.007000000216066837
			vertex -0.09281259030103683 0.11392350494861603 0.012000000104308128
		endloop
	endfacet
	facet normal 0.9238798415250628 -0.38268268633898905 0
		outer loop
			vertex -0.09281259030103683 0.11392350494861603 0.012000000104308128
			vertex -0.09281259030103683 0.11392350494861603 0.007000000216066837
			vertex -0.09226313978433609 0.11524999886751175 0.012000000104308128
		endloop
	endfacet
	facet normal 0.9238798415250628 -0.38268268633898905 0
		outer loop
			vertex -0.09281259030103683 0.11392350494861603 0.007000000216066837
			vertex -0.09226313978433609 0.11524999886751175 0.007000000216066837
			vertex -0.09226313978433609 0.11524999886751175 0.012000000104308128
		endloop
	endfacet
	facet normal 0.7933547284264507 -0.6087596199514161 0
		outer loop
			vertex -0.09226313978433609 0.11524999886751175 0.012000000104308128
			vertex -0.09226313978433609 0.11524999886751175 0.007000000216066837
			vertex -0.09138908982276917 0.11638908833265305 0.012000000104308128
		endloop
	endfacet
	facet normal 0.7933547284264507 -0.6087596199514161 0
		outer loop
			vertex -0.09226313978433609 0.11524999886751175 0.007000000216066837
			vertex -0.09138908982276917 0.11638908833265305 0.007000000216066837
			vertex -0.09138908982276917 0.11638908833265305 0.012000000104308128
		endloop
	endfacet
	facet normal 0.6087596199514161 -0.7933547284264507 0
		outer loop
			vertex -0.09138908982276917 0.11638908833265305 0.012000000104308128
			vertex -0.09138908982276917 0.11638908833265305 0.007000000216066837
			vertex -0.09025000035762787 0.11726313829421997 0.012000000104308128
		endloop
	endfacet
	facet normal 0.6087596199514161 -0.7933547284264507 0
		outer loop
			vertex -0.09138908982276917 0.11638908833265305 0.007000000216066837
			vertex -0.09025000035762787 0.11726313829421997 0.007000000216066837
			vertex -0.09025000035762787 0.11726313829421997 0.012000000104308128
		endloop
	endfacet
	facet normal 0.38268268633898905 -0.9238798415250628 0
		outer loop
			vertex -0.09025000035762787 0.11726313829421997 0.012000000104308128
			vertex -0.09025000035762787 0.11726313829421997 0.007000000216066837
			vertex -0.08892350643873215 0.11781258881092072 0.012000000104308128
		endloop
	endfacet
	facet normal 0.38268268633898905 -0.9238798415250628 0
		outer loop
			vertex -0.09025000035762787 0.11726313829421997 0.007000000216066837
			vertex -0.08892350643873215 0.11781258881092072 0.007000000216066837
			vertex -0.08892350643873215 0.11781258881092072 0.012000000104308128
		endloop
	endfacet
	facet normal 0.13052860902060268 -0.991444543192985 0
		outer loop
			vertex -0.08892350643873215 0.11781258881092072 0.012000000104308128
			vertex -0.08892350643873215 0.11781258881092072 0.007000000216066837
			vertex -0.08749999850988388 0.11800000071525574 0.012000000104308128
		endloop
	endfacet
	facet normal 0.13052860902060268 -0.991444543192985 0
		outer loop
			vertex -0.08892350643873215 0.11781258881092072 0.007000000216066837
			vertex -0.08749999850988388 0.11800000071525574 0.007000000216066837
			vertex -0.08749999850988388 0.11800000071525574 0.012000000104308128
		endloop
	endfacet
	facet normal -0.13052928056542523 -0.9914444547805351 0
		outer loop
			vertex -0.08749999850988388 0.11800000071525574 0.012000000104308128
			vertex -0.08749999850988388 0.11800000071525574 0.007000000216066837
			vertex -0.08607649803161621 0.11781258881092072 0.012000000104308128
		endloop
	endfacet
	facet normal -0.13052928056542523 -0.9914444547805351 0
		outer loop
			vertex -0.08749999850988388 0.11800000071525574 0.007000000216066837
			vertex -0.08607649803161621 0.11781258881092072 0.007000000216066837
			vertex -0.08607649803161621 0.11781258881092072 0.012000000104308128
		endloop
	endfacet
	facet normal -0.3826808516910113 -0.9238806014572675 0
		outer loop
			vertex -0.08607649803161621 0.11781258881092072 0.012000000104308128
			vertex -0.08607649803161621 0.11781258881092072 0.007000000216066837
			vertex -0.08474999666213989 0.11726313829421997 0.012000000104308128
		endloop
	endfacet
	facet normal -0.3826808516910113 -0.9238806014572675 0
		outer loop
			vertex -0.08607649803161621 0.11781258881092072 0.007000000216066837
			vertex -0.08474999666213989 0.11726313829421997 0.007000000216066837
			vertex -0.08474999666213989 0.11726313829421997 0.012000000104308128
		endloop
	endfacet
	facet normal -0.6087621261426673 -0.793352805361057 0
		outer loop
			vertex -0.08474999666213989 0.11726313829421997 0.012000000104308128
			vertex -0.08474999666213989 0.11726313829421997 0.007000000216066837
			vertex -0.0836109146475792 0.11638908833265305 0.012000000104308128
		endloop
	endfacet
	facet normal -0.6087621261426673 -0.793352805361057 0
		outer loop
			vertex -0.08474999666213989 0.11726313829421997 0.007000000216066837
			vertex -0.0836109146475792 0.11638908833265305 0.007000000216066837
			vertex -0.0836109146475792 0.11638908833265305 0.012000000104308128
		endloop
	endfacet
	facet normal -0.7933522222436737 -0.6087628860739004 0
		outer loop
			vertex -0.0836109146475792 0.11638908833265305 0.012000000104308128
			vertex -0.0836109146475792 0.11638908833265305 0.007000000216066837
			vertex -0.08273685723543167 0.11524999886751175 0.012000000104308128
		endloop
	endfacet
	facet normal -0.7933522222436737 -0.6087628860739004 0
		outer loop
			vertex -0.0836109146475792 0.11638908833265305 0.007000000216066837
			vertex -0.08273685723543167 0.11524999886751175 0.007000000216066837
			vertex -0.08273685723543167 0.11524999886751175 0.012000000104308128
		endloop
	endfacet
	facet normal -0.9238798415250628 -0.38268268633898905 0
		outer loop
			vertex -0.08273685723543167 0.11524999886751175 0.012000000104308128
			vertex -0.08273685723543167 0.11524999886751175 0.007000000216066837
			vertex -0.08218740671873093 0.11392350494861603 0.012000000104308128
		endloop
	endfacet
	facet normal -0.9238798415250628 -0.38268268633898905 0
		outer loop
			vertex -0.08273685723543167 0.11524999886751175 0.007000000216066837
			vertex -0.08218740671873093 0.11392350494861603 0.007000000216066837
			vertex -0.08218740671873093 0.11392350494861603 0.012000000104308128
		endloop
	endfacet
	facet normal -0.9914452147217163 -0.13052350824816986 0
		outer loop
			vertex -0.08218740671873093 0.11392350494861603 0.012000000104308128
			vertex -0.08218740671873093 0.11392350494861603 0.007000000216066837
			vertex -0.0820000022649765 0.11249999701976776 0.012000000104308128
		endloop
	endfacet
	facet normal -0.9914452147217163 -0.13052350824816986 0
		outer loop
			vertex -0.08218740671873093 0.11392350494861603 0.007000000216066837
			vertex -0.0820000022649765 0.11249999701976776 0.007000000216066837
			vertex -0.0820000022649765 0.11249999701976776 0.012000000104308128
		endloop
	endfacet
	facet normal -0.9914451263161163 0.1305241797676596 0
		outer loop
			vertex -0.0820000022649765 0.11249999701976776 0.012000000104308128
			vertex -0.0820000022649765 0.11249999701976776 0.007000000216066837
			vertex -0.08218740671873093 0.11107649654150009 0.012000000104308128
		endloop
	endfacet
	facet normal -0.9914451263161163 0.1305241797676596 0
		outer loop
			vertex -0.0820000022649765 0.11249999701976776 0.007000000216066837
			vertex -0.08218740671873093 0.11107649654150009 0.007000000216066837
			vertex -0.08218740671873093 0.11107649654150009 0.012000000104308128
		endloop
	endfacet
	facet normal -0.9238798415250628 0.38268268633898905 0
		outer loop
			vertex -0.08218740671873093 0.11107649654150009 0.012000000104308128
			vertex -0.08218740671873093 0.11107649654150009 0.007000000216066837
			vertex -0.08273685723543167 0.10975000262260437 0.012000000104308128
		endloop
	endfacet
	facet normal -0.9238798415250628 0.38268268633898905 0
		outer loop
			vertex -0.08218740671873093 0.11107649654150009 0.007000000216066837
			vertex -0.08273685723543167 0.10975000262260437 0.007000000216066837
			vertex -0.08273685723543167 0.10975000262260437 0.012000000104308128
		endloop
	endfacet
	facet normal -0.7933522222436737 0.6087628860739004 0
		outer loop
			vertex -0.08273685723543167 0.10975000262260437 0.012000000104308128
			vertex -0.08273685723543167 0.10975000262260437 0.007000000216066837
			vertex -0.0836109146475792 0.10861091315746307 0.012000000104308128
		endloop
	endfacet
	facet normal -0.7933522222436737 0.6087628860739004 0
		outer loop
			vertex -0.08273685723543167 0.10975000262260437 0.007000000216066837
			vertex -0.0836109146475792 0.10861091315746307 0.007000000216066837
			vertex -0.0836109146475792 0.10861091315746307 0.012000000104308128
		endloop
	endfacet
	facet normal -0.6087621261426673 0.793352805361057 0
		outer loop
			vertex -0.0836109146475792 0.10861091315746307 0.012000000104308128
			vertex -0.0836109146475792 0.10861091315746307 0.007000000216066837
			vertex -0.08474999666213989 0.10773686319589615 0.012000000104308128
		endloop
	endfacet
	facet normal -0.6087621261426673 0.793352805361057 0
		outer loop
			vertex -0.0836109146475792 0.10861091315746307 0.007000000216066837
			vertex -0.08474999666213989 0.10773686319589615 0.007000000216066837
			vertex -0.08474999666213989 0.10773686319589615 0.012000000104308128
		endloop
	endfacet
	facet normal -0.38268528092542897 0.9238787668103567 0
		outer loop
			vertex -0.08474999666213989 0.10773686319589615 0.012000000104308128
			vertex -0.08474999666213989 0.10773686319589615 0.007000000216066837
			vertex -0.08607649803161621 0.10718740522861481 0.012000000104308128
		endloop
	endfacet
	facet normal -0.38268528092542897 0.9238787668103567 0
		outer loop
			vertex -0.08474999666213989 0.10773686319589615 0.007000000216066837
			vertex -0.08607649803161621 0.10718740522861481 0.007000000216066837
			vertex -0.08607649803161621 0.10718740522861481 0.012000000104308128
		endloop
	endfacet
	facet normal -0.1305241797676596 0.9914451263161163 0
		outer loop
			vertex -0.08607649803161621 0.10718740522861481 0.012000000104308128
			vertex -0.08607649803161621 0.10718740522861481 0.007000000216066837
			vertex -0.08749999850988388 0.10700000077486038 0.012000000104308128
		endloop
	endfacet
	facet normal -0.1305241797676596 0.9914451263161163 0
		outer loop
			vertex -0.08607649803161621 0.10718740522861481 0.007000000216066837
			vertex -0.08749999850988388 0.10700000077486038 0.007000000216066837
			vertex -0.08749999850988388 0.10700000077486038 0.012000000104308128
		endloop
	endfacet
	facet normal 0.13052350824816986 0.9914452147217163 0
		outer loop
			vertex -0.08749999850988388 0.10700000077486038 0.012000000104308128
			vertex -0.08749999850988388 0.10700000077486038 0.007000000216066837
			vertex -0.08892350643873215 0.10718740522861481 0.012000000104308128
		endloop
	endfacet
	facet normal 0.13052350824816986 0.9914452147217163 0
		outer loop
			vertex -0.08749999850988388 0.10700000077486038 0.007000000216066837
			vertex -0.08892350643873215 0.10718740522861481 0.007000000216066837
			vertex -0.08892350643873215 0.10718740522861481 0.012000000104308128
		endloop
	endfacet
	facet normal 0.3826871155873548 0.9238780068620699 0
		outer loop
			vertex -0.08892350643873215 0.10718740522861481 0.012000000104308128
			vertex -0.08892350643873215 0.10718740522861481 0.007000000216066837
			vertex -0.09025000035762787 0.10773686319589615 0.012000000104308128
		endloop
	endfacet
	facet normal 0.3826871155873548 0.9238780068620699 0
		outer loop
			vertex -0.08892350643873215 0.10718740522861481 0.007000000216066837
			vertex -0.09025000035762787 0.10773686319589615 0.007000000216066837
			vertex -0.09025000035762787 0.10773686319589615 0.012000000104308128
		endloop
	endfacet
	facet normal 0.6087596199514161 0.7933547284264507 0
		outer loop
			vertex -0.09025000035762787 0.10773686319589615 0.012000000104308128
			vertex -0.09025000035762787 0.10773686319589615 0.007000000216066837
			vertex -0.09138908982276917 0.10861091315746307 0.012000000104308128
		endloop
	endfacet
	facet normal 0.6087596199514161 0.7933547284264507 0
		outer loop
			vertex -0.09025000035762787 0.10773686319589615 0.007000000216066837
			vertex -0.09138908982276917 0.10861091315746307 0.007000000216066837
			vertex -0.09138908982276917 0.10861091315746307 0.012000000104308128
		endloop
	endfacet
	facet normal 0.7933547284264507 0.6087596199514161 0
		outer loop
			vertex -0.09138908982276917 0.10861091315746307 0.012000000104308128
			vertex -0.09138908982276917 0.10861091315746307 0.007000000216066837
			vertex -0.09226313978433609 0.10975000262260437 0.012000000104308128
		endloop
	endfacet
	facet normal 0.7933547284264507 0.6087596199514161 0
		outer loop
			vertex -0.09138908982276917 0.10861091315746307 0.007000000216066837
			vertex -0.09226313978433609 0.10975000262260437 0.007000000216066837
			vertex -0.09226313978433609 0.10975000262260437 0.012000000104308128
		endloop
	endfacet
	facet normal 0.9238798415250628 0.38268268633898905 0
		outer loop
			vertex -0.09226313978433609 0.10975000262260437 0.012000000104308128
			vertex -0.09226313978433609 0.10975000262260437 0.007000000216066837
			vertex -0.09281259030103683 0.11107649654150009 0.012000000104308128
		endloop
	endfacet
	facet normal 0.9238798415250628 0.38268268633898905 0
		outer loop
			vertex -0.09226313978433609 0.10975000262260437 0.007000000216066837
			vertex -0.09281259030103683 0.11107649654150009 0.007000000216066837
			vertex -0.09281259030103683 0.11107649654150009 0.012000000104308128
		endloop
	endfacet
	facet normal 0.9914444547805351 0.13052928056542523 0
		outer loop
			vertex -0.09281259030103683 0.11107649654150009 0.012000000104308128
			vertex -0.09281259030103683 0.11107649654150009 0.007000000216066837
			vertex -0.09300000220537186 0.11249999701976776 0.012000000104308128
		endloop
	endfacet
	facet normal 0.9914444547805351 0.13052928056542523 0
		outer loop
			vertex -0.09281259030103683 0.11107649654150009 0.007000000216066837
			vertex -0.09300000220537186 0.11249999701976776 0.007000000216066837
			vertex -0.09300000220537186 0.11249999701976776 0.012000000104308128
		endloop
	endfacet
	facet normal -0.6560843347262358 -0.27176472825357245 0.7040577236307366
		outer loop
			vertex -0.07797155529260635 0.09054352343082428 0.011699999682605267
			vertex -0.0776817798614502 0.09062116593122482 0.012000000104308128
			vertex -0.07818134874105453 0.09104999899864197 0.011699999682605267
		endloop
	endfacet
	facet normal -0.656080563617169 -0.2717553422216566 0.7040648606611242
		outer loop
			vertex -0.0776817798614502 0.09062116593122482 0.012000000104308128
			vertex -0.0779215395450592 0.09120000153779984 0.012000000104308128
			vertex -0.07818134874105453 0.09104999899864197 0.011699999682605267
		endloop
	endfacet
	facet normal -0.5633910998631476 -0.43229831511897404 0.7040657890710846
		outer loop
			vertex -0.07818134874105453 0.09104999899864197 0.011699999682605267
			vertex -0.0779215395450592 0.09120000153779984 0.012000000104308128
			vertex -0.07851507514715195 0.0914849266409874 0.011699999682605267
		endloop
	endfacet
	facet normal -0.5633915070924482 -0.43230168539691094 0.7040633938354487
		outer loop
			vertex -0.0779215395450592 0.09120000153779984 0.012000000104308128
			vertex -0.07830294221639633 0.09169705957174301 0.012000000104308128
			vertex -0.07851507514715195 0.0914849266409874 0.011699999682605267
		endloop
	endfacet
	facet normal -0.43229985714688274 -0.5633931095050294 0.7040632341438082
		outer loop
			vertex -0.07851507514715195 0.0914849266409874 0.011699999682605267
			vertex -0.07830294221639633 0.09169705957174301 0.012000000104308128
			vertex -0.07895000278949738 0.09181865304708481 0.011699999682605267
		endloop
	endfacet
	facet normal -0.4323003361142422 -0.5633897486574896 0.7040656294005297
		outer loop
			vertex -0.07830294221639633 0.09169705957174301 0.012000000104308128
			vertex -0.07880000025033951 0.09207846224308014 0.012000000104308128
			vertex -0.07895000278949738 0.09181865304708481 0.011699999682605267
		endloop
	endfacet
	facet normal -0.27176183982732605 -0.6560773615946435 0.7040653364686251
		outer loop
			vertex -0.07895000278949738 0.09181865304708481 0.011699999682605267
			vertex -0.07880000025033951 0.09207846224308014 0.012000000104308128
			vertex -0.07945647835731506 0.09202844649553299 0.011699999682605267
		endloop
	endfacet
	facet normal -0.2717578695152881 -0.6560866650914459 0.7040581994733793
		outer loop
			vertex -0.07880000025033951 0.09207846224308014 0.012000000104308128
			vertex -0.07937883585691452 0.09231822192668915 0.012000000104308128
			vertex -0.07945647835731506 0.09202844649553299 0.011699999682605267
		endloop
	endfacet
	facet normal -0.09269161548765169 -0.7040663629554551 0.704058819256578
		outer loop
			vertex -0.07945647835731506 0.09202844649553299 0.011699999682605267
			vertex -0.07937883585691452 0.09231822192668915 0.012000000104308128
			vertex -0.07999999821186066 0.09210000187158585 0.011699999682605267
		endloop
	endfacet
	facet normal -0.09269202349336035 -0.7040658428083951 0.7040592856934781
		outer loop
			vertex -0.07937883585691452 0.09231822192668915 0.012000000104308128
			vertex -0.07999999821186066 0.09239999949932098 0.012000000104308128
			vertex -0.07999999821186066 0.09210000187158585 0.011699999682605267
		endloop
	endfacet
	facet normal 0.09269155110317591 -0.7040658739042777 0.704059316789071
		outer loop
			vertex -0.07999999821186066 0.09210000187158585 0.011699999682605267
			vertex -0.07999999821186066 0.09239999949932098 0.012000000104308128
			vertex -0.08054351806640625 0.09202844649553299 0.011699999682605267
		endloop
	endfacet
	facet normal 0.09269084614290421 -0.7040653448092392 0.7040599386983751
		outer loop
			vertex -0.07999999821186066 0.09239999949932098 0.012000000104308128
			vertex -0.08062116801738739 0.09231822192668915 0.012000000104308128
			vertex -0.08054351806640625 0.09202844649553299 0.011699999682605267
		endloop
	endfacet
	facet normal 0.27175993232977125 -0.6560824078359797 0.7040613704133052
		outer loop
			vertex -0.08054351806640625 0.09202844649553299 0.011699999682605267
			vertex -0.08062116801738739 0.09231822192668915 0.012000000104308128
			vertex -0.08105000108480453 0.09181865304708481 0.011699999682605267
		endloop
	endfacet
	facet normal 0.2717553422216566 -0.656080563617169 0.7040648606611242
		outer loop
			vertex -0.08062116801738739 0.09231822192668915 0.012000000104308128
			vertex -0.0812000036239624 0.09207846224308014 0.012000000104308128
			vertex -0.08105000108480453 0.09181865304708481 0.011699999682605267
		endloop
	endfacet
	facet normal 0.4323032097285727 -0.5633878273954211 0.7040654023604916
		outer loop
			vertex -0.08105000108480453 0.09181865304708481 0.011699999682605267
			vertex -0.0812000036239624 0.09207846224308014 0.012000000104308128
			vertex -0.08148492127656937 0.0914849266409874 0.011699999682605267
		endloop
	endfacet
	facet normal 0.4323055597346247 -0.5633881113198808 0.7040637322330633
		outer loop
			vertex -0.0812000036239624 0.09207846224308014 0.012000000104308128
			vertex -0.08169705420732498 0.09169705957174301 0.012000000104308128
			vertex -0.08148492127656937 0.0914849266409874 0.011699999682605267
		endloop
	endfacet
	facet normal 0.5633880518838984 -0.432305627546646 0.7040637381558338
		outer loop
			vertex -0.08148492127656937 0.0914849266409874 0.011699999682605267
			vertex -0.08169705420732498 0.09169705957174301 0.012000000104308128
			vertex -0.08181865513324738 0.09104999899864197 0.011699999682605267
		endloop
	endfacet
	facet normal 0.5633860169885757 -0.43230591752374564 0.7040651884134742
		outer loop
			vertex -0.08169705420732498 0.09169705957174301 0.012000000104308128
			vertex -0.0820784643292427 0.09120000153779984 0.012000000104308128
			vertex -0.08181865513324738 0.09104999899864197 0.011699999682605267
		endloop
	endfacet
	facet normal 0.6560813115009613 -0.27175382458931663 0.7040647495225546
		outer loop
			vertex -0.08181865513324738 0.09104999899864197 0.011699999682605267
			vertex -0.0820784643292427 0.09120000153779984 0.012000000104308128
			vertex -0.08202844113111496 0.09054352343082428 0.011699999682605267
		endloop
	endfacet
	facet normal 0.6560791385269704 -0.271754751934585 0.7040664164627374
		outer loop
			vertex -0.0820784643292427 0.09120000153779984 0.012000000104308128
			vertex -0.08231822401285172 0.09062116593122482 0.012000000104308128
			vertex -0.08202844113111496 0.09054352343082428 0.011699999682605267
		endloop
	endfacet
	facet normal 0.704057695297588 -0.09269047437475031 0.7040676371290137
		outer loop
			vertex -0.08202844113111496 0.09054352343082428 0.011699999682605267
			vertex -0.08231822401285172 0.09062116593122482 0.012000000104308128
			vertex -0.08209999650716782 0.09000000357627869 0.011699999682605267
		endloop
	endfacet
	facet normal 0.7040571751575928 -0.09269088237552313 0.7040681035479152
		outer loop
			vertex -0.08231822401285172 0.09062116593122482 0.012000000104308128
			vertex -0.08240000158548355 0.09000000357627869 0.012000000104308128
			vertex -0.08209999650716782 0.09000000357627869 0.011699999682605267
		endloop
	endfacet
	facet normal 0.7040572062523268 0.09269040999105341 0.7040681346431317
		outer loop
			vertex -0.08209999650716782 0.09000000357627869 0.011699999682605267
			vertex -0.08240000158548355 0.09000000357627869 0.012000000104308128
			vertex -0.08202844113111496 0.0894564837217331 0.011699999682605267
		endloop
	endfacet
	facet normal 0.7040566771626595 0.09268970503930997 0.7040687565304972
		outer loop
			vertex -0.08240000158548355 0.09000000357627869 0.012000000104308128
			vertex -0.08231822401285172 0.08937883377075195 0.012000000104308128
			vertex -0.08202844113111496 0.0894564837217331 0.011699999682605267
		endloop
	endfacet
	facet normal 0.6560777559473983 0.27174835425956384 0.7040701741362468
		outer loop
			vertex -0.08202844113111496 0.0894564837217331 0.011699999682605267
			vertex -0.08231822401285172 0.08937883377075195 0.012000000104308128
			vertex -0.08181865513324738 0.08895000070333481 0.011699999682605267
		endloop
	endfacet
	facet normal 0.656080563617169 0.2717553422216566 0.7040648606611242
		outer loop
			vertex -0.08231822401285172 0.08937883377075195 0.012000000104308128
			vertex -0.0820784643292427 0.08879999816417694 0.012000000104308128
			vertex -0.08181865513324738 0.08895000070333481 0.011699999682605267
		endloop
	endfacet
	facet normal 0.5633868351089905 0.43230469387643694 0.7040652850966844
		outer loop
			vertex -0.08181865513324738 0.08895000070333481 0.011699999682605267
			vertex -0.0820784643292427 0.08879999816417694 0.012000000104308128
			vertex -0.08148492127656937 0.08851507306098938 0.011699999682605267
		endloop
	endfacet
	facet normal 0.5633870816678003 0.4323067344895829 0.7040638348365813
		outer loop
			vertex -0.0820784643292427 0.08879999816417694 0.012000000104308128
			vertex -0.08169705420732498 0.08830294013023376 0.012000000104308128
			vertex -0.08148492127656937 0.08851507306098938 0.011699999682605267
		endloop
	endfacet
	facet normal 0.4323042849472607 0.5633892286459947 0.7040636208908316
		outer loop
			vertex -0.08148492127656937 0.08851507306098938 0.011699999682605267
			vertex -0.08169705420732498 0.08830294013023376 0.012000000104308128
			vertex -0.08105000108480453 0.08818134665489197 0.011699999682605267
		endloop
	endfacet
	facet normal 0.43230461891505706 0.5633868852274854 0.7040652910195045
		outer loop
			vertex -0.08169705420732498 0.08830294013023376 0.012000000104308128
			vertex -0.0812000036239624 0.08792153745889664 0.012000000104308128
			vertex -0.08105000108480453 0.08818134665489197 0.011699999682605267
		endloop
	endfacet
	facet normal 0.2717585198006091 0.6560789977102638 0.7040650933537878
		outer loop
			vertex -0.08105000108480453 0.08818134665489197 0.011699999682605267
			vertex -0.0812000036239624 0.08792153745889664 0.012000000104308128
			vertex -0.08054351806640625 0.08797155320644379 0.011699999682605267
		endloop
	endfacet
	facet normal 0.27175657817691407 0.6560835475004491 0.7040616030695048
		outer loop
			vertex -0.0812000036239624 0.08792153745889664 0.012000000104308128
			vertex -0.08062116801738739 0.08768177777528763 0.012000000104308128
			vertex -0.08054351806640625 0.08797155320644379 0.011699999682605267
		endloop
	endfacet
	facet normal 0.09269146525727653 0.7040652218365601 0.7040599801641154
		outer loop
			vertex -0.08054351806640625 0.08797155320644379 0.011699999682605267
			vertex -0.08062116801738739 0.08768177777528763 0.012000000104308128
			vertex -0.07999999821186066 0.08789999783039093 0.011699999682605267
		endloop
	endfacet
	facet normal 0.09269092125705401 0.7040659153647146 0.7040593582491218
		outer loop
			vertex -0.08062116801738739 0.08768177777528763 0.012000000104308128
			vertex -0.07999999821186066 0.08760000020265579 0.012000000104308128
			vertex -0.07999999821186066 0.08789999783039093 0.011699999682605267
		endloop
	endfacet
	facet normal -0.09269155110317591 0.7040658739042777 0.704059316789071
		outer loop
			vertex -0.07999999821186066 0.08789999783039093 0.011699999682605267
			vertex -0.07999999821186066 0.08760000020265579 0.012000000104308128
			vertex -0.07945647835731506 0.08797155320644379 0.011699999682605267
		endloop
	endfacet
	facet normal -0.09269207983034598 0.7040662707303003 0.704058850350347
		outer loop
			vertex -0.07999999821186066 0.08760000020265579 0.012000000104308128
			vertex -0.07937883585691452 0.08768177777528763 0.012000000104308128
			vertex -0.07945647835731506 0.08797155320644379 0.011699999682605267
		endloop
	endfacet
	facet normal -0.27176472825357245 0.6560843347262358 0.7040577236307366
		outer loop
			vertex -0.07945647835731506 0.08797155320644379 0.011699999682605267
			vertex -0.07937883585691452 0.08768177777528763 0.012000000104308128
			vertex -0.07895000278949738 0.08818134665489197 0.011699999682605267
		endloop
	endfacet
	facet normal -0.2717553422216566 0.656080563617169 0.7040648606611242
		outer loop
			vertex -0.07937883585691452 0.08768177777528763 0.012000000104308128
			vertex -0.07880000025033951 0.08792153745889664 0.012000000104308128
			vertex -0.07895000278949738 0.08818134665489197 0.011699999682605267
		endloop
	endfacet
	facet normal -0.43229831511897404 0.5633910998631476 0.7040657890710846
		outer loop
			vertex -0.07895000278949738 0.08818134665489197 0.011699999682605267
			vertex -0.07880000025033951 0.08792153745889664 0.012000000104308128
			vertex -0.07851507514715195 0.08851507306098938 0.011699999682605267
		endloop
	endfacet
	facet normal -0.43230168539691094 0.5633915070924482 0.7040633938354487
		outer loop
			vertex -0.07880000025033951 0.08792153745889664 0.012000000104308128
			vertex -0.07830294221639633 0.08830294013023376 0.012000000104308128
			vertex -0.07851507514715195 0.08851507306098938 0.011699999682605267
		endloop
	endfacet
	facet normal -0.5633931095050294 0.43229985714688274 0.7040632341438082
		outer loop
			vertex -0.07851507514715195 0.08851507306098938 0.011699999682605267
			vertex -0.07830294221639633 0.08830294013023376 0.012000000104308128
			vertex -0.07818134874105453 0.08895000070333481 0.011699999682605267
		endloop
	endfacet
	facet normal -0.5633897486574896 0.4323003361142422 0.7040656294005297
		outer loop
			vertex -0.07830294221639633 0.08830294013023376 0.012000000104308128
			vertex -0.0779215395450592 0.08879999816417694 0.012000000104308128
			vertex -0.07818134874105453 0.08895000070333481 0.011699999682605267
		endloop
	endfacet
	facet normal -0.6560789977102638 0.2717585198006091 0.7040650933537878
		outer loop
			vertex -0.07818134874105453 0.08895000070333481 0.011699999682605267
			vertex -0.0779215395450592 0.08879999816417694 0.012000000104308128
			vertex -0.07797155529260635 0.0894564837217331 0.011699999682605267
		endloop
	endfacet
	facet normal -0.6560835475004491 0.27175657817691407 0.7040616030695048
		outer loop
			vertex -0.0779215395450592 0.08879999816417694 0.012000000104308128
			vertex -0.0776817798614502 0.08937883377075195 0.012000000104308128
			vertex -0.07797155529260635 0.0894564837217331 0.011699999682605267
		endloop
	endfacet
	facet normal -0.7040652218365601 0.09269146525727653 0.7040599801641154
		outer loop
			vertex -0.07797155529260635 0.0894564837217331 0.011699999682605267
			vertex -0.0776817798614502 0.08937883377075195 0.012000000104308128
			vertex -0.0778999999165535 0.09000000357627869 0.011699999682605267
		endloop
	endfacet
	facet normal -0.7040659153647146 0.09269092125705401 0.7040593582491218
		outer loop
			vertex -0.0776817798614502 0.08937883377075195 0.012000000104308128
			vertex -0.07760000228881836 0.09000000357627869 0.012000000104308128
			vertex -0.0778999999165535 0.09000000357627869 0.011699999682605267
		endloop
	endfacet
	facet normal -0.7040658739042777 -0.09269155110317591 0.704059316789071
		outer loop
			vertex -0.0778999999165535 0.09000000357627869 0.011699999682605267
			vertex -0.07760000228881836 0.09000000357627869 0.012000000104308128
			vertex -0.07797155529260635 0.09054352343082428 0.011699999682605267
		endloop
	endfacet
	facet normal -0.7040662707303003 -0.09269207983034598 0.704058850350347
		outer loop
			vertex -0.07760000228881836 0.09000000357627869 0.012000000104308128
			vertex -0.0776817798614502 0.09062116593122482 0.012000000104308128
			vertex -0.07797155529260635 0.09054352343082428 0.011699999682605267
		endloop
	endfacet
	facet normal -0.6560777559473983 -0.27174835425956384 0.7040701741362468
		outer loop
			vertex 0.08202844113111496 -0.0894564837217331 0.011699999682605267
			vertex 0.08231822401285172 -0.08937883377075195 0.012000000104308128
			vertex 0.08181865513324738 -0.08895000070333481 0.011699999682605267
		endloop
	endfacet
	facet normal -0.656080563617169 -0.2717553422216566 0.7040648606611242
		outer loop
			vertex 0.08231822401285172 -0.08937883377075195 0.012000000104308128
			vertex 0.0820784643292427 -0.08879999816417694 0.012000000104308128
			vertex 0.08181865513324738 -0.08895000070333481 0.011699999682605267
		endloop
	endfacet
	facet normal -0.5633868351089905 -0.43230469387643694 0.7040652850966844
		outer loop
			vertex 0.08181865513324738 -0.08895000070333481 0.011699999682605267
			vertex 0.0820784643292427 -0.08879999816417694 0.012000000104308128
			vertex 0.08148492127656937 -0.08851507306098938 0.011699999682605267
		endloop
	endfacet
	facet normal -0.5633870816678003 -0.4323067344895829 0.7040638348365813
		outer loop
			vertex 0.0820784643292427 -0.08879999816417694 0.012000000104308128
			vertex 0.08169705420732498 -0.08830294013023376 0.012000000104308128
			vertex 0.08148492127656937 -0.08851507306098938 0.011699999682605267
		endloop
	endfacet
	facet normal -0.4323042849472607 -0.5633892286459947 0.7040636208908316
		outer loop
			vertex 0.08148492127656937 -0.08851507306098938 0.011699999682605267
			vertex 0.08169705420732498 -0.08830294013023376 0.012000000104308128
			vertex 0.08105000108480453 -0.08818134665489197 0.011699999682605267
		endloop
	endfacet
	facet normal -0.43230461891505706 -0.5633868852274854 0.7040652910195045
		outer loop
			vertex 0.08169705420732498 -0.08830294013023376 0.012000000104308128
			vertex 0.0812000036239624 -0.08792153745889664 0.012000000104308128
			vertex 0.08105000108480453 -0.08818134665489197 0.011699999682605267
		endloop
	endfacet
	facet normal -0.2717585198006091 -0.6560789977102638 0.7040650933537878
		outer loop
			vertex 0.08105000108480453 -0.08818134665489197 0.011699999682605267
			vertex 0.0812000036239624 -0.08792153745889664 0.012000000104308128
			vertex 0.08054351806640625 -0.08797155320644379 0.011699999682605267
		endloop
	endfacet
	facet normal -0.27175657817691407 -0.6560835475004491 0.7040616030695048
		outer loop
			vertex 0.0812000036239624 -0.08792153745889664 0.012000000104308128
			vertex 0.08062116801738739 -0.08768177777528763 0.012000000104308128
			vertex 0.08054351806640625 -0.08797155320644379 0.011699999682605267
		endloop
	endfacet
	facet normal -0.09269146525727653 -0.7040652218365601 0.7040599801641154
		outer loop
			vertex 0.08054351806640625 -0.08797155320644379 0.011699999682605267
			vertex 0.08062116801738739 -0.08768177777528763 0.012000000104308128
			vertex 0.07999999821186066 -0.08789999783039093 0.011699999682605267
		endloop
	endfacet
	facet normal -0.09269092125705401 -0.7040659153647146 0.7040593582491218
		outer loop
			vertex 0.08062116801738739 -0.08768177777528763 0.012000000104308128
			vertex 0.07999999821186066 -0.08760000020265579 0.012000000104308128
			vertex 0.07999999821186066 -0.08789999783039093 0.011699999682605267
		endloop
	endfacet
	facet normal 0.09269155110317591 -0.7040658739042777 0.704059316789071
		outer loop
			vertex 0.07999999821186066 -0.08789999783039093 0.011699999682605267
			vertex 0.07999999821186066 -0.08760000020265579 0.012000000104308128
			vertex 0.07945647835731506 -0.08797155320644379 0.011699999682605267
		endloop
	endfacet
	facet normal 0.09269207983034598 -0.7040662707303003 0.704058850350347
		outer loop
			vertex 0.07999999821186066 -0.08760000020265579 0.012000000104308128
			vertex 0.07937883585691452 -0.08768177777528763 0.012000000104308128
			vertex 0.07945647835731506 -0.08797155320644379 0.011699999682605267
		endloop
	endfacet
	facet normal 0.27176472825357245 -0.6560843347262358 0.7040577236307366
		outer loop
			vertex 0.07945647835731506 -0.08797155320644379 0.011699999682605267
			vertex 0.07937883585691452 -0.08768177777528763 0.012000000104308128
			vertex 0.07895000278949738 -0.08818134665489197 0.011699999682605267
		endloop
	endfacet
	facet normal 0.2717553422216566 -0.656080563617169 0.7040648606611242
		outer loop
			vertex 0.07937883585691452 -0.08768177777528763 0.012000000104308128
			vertex 0.07880000025033951 -0.08792153745889664 0.012000000104308128
			vertex 0.07895000278949738 -0.08818134665489197 0.011699999682605267
		endloop
	endfacet
	facet normal 0.43229831511897404 -0.5633910998631476 0.7040657890710846
		outer loop
			vertex 0.07895000278949738 -0.08818134665489197 0.011699999682605267
			vertex 0.07880000025033951 -0.08792153745889664 0.012000000104308128
			vertex 0.07851507514715195 -0.08851507306098938 0.011699999682605267
		endloop
	endfacet
	facet normal 0.43230168539691094 -0.5633915070924482 0.7040633938354487
		outer loop
			vertex 0.07880000025033951 -0.08792153745889664 0.012000000104308128
			vertex 0.07830294221639633 -0.08830294013023376 0.012000000104308128
			vertex 0.07851507514715195 -0.08851507306098938 0.011699999682605267
		endloop
	endfacet
	facet normal 0.5633931095050294 -0.43229985714688274 0.7040632341438082
		outer loop
			vertex 0.07851507514715195 -0.08851507306098938 0.011699999682605267
			vertex 0.07830294221639633 -0.08830294013023376 0.012000000104308128
			vertex 0.07818134874105453 -0.08895000070333481 0.011699999682605267
		endloop
	endfacet
	facet normal 0.5633897486574896 -0.4323003361142422 0.7040656294005297
		outer loop
			vertex 0.07830294221639633 -0.08830294013023376 0.012000000104308128
			vertex 0.0779215395450592 -0.08879999816417694 0.012000000104308128
			vertex 0.07818134874105453 -0.08895000070333481 0.011699999682605267
		endloop
	endfacet
	facet normal 0.6560789977102638 -0.2717585198006091 0.7040650933537878
		outer loop
			vertex 0.07818134874105453 -0.08895000070333481 0.011699999682605267
			vertex 0.0779215395450592 -0.08879999816417694 0.012000000104308128
			vertex 0.07797155529260635 -0.0894564837217331 0.011699999682605267
		endloop
	endfacet
	facet normal 0.6560835475004491 -0.27175657817691407 0.7040616030695048
		outer loop
			vertex 0.0779215395450592 -0.08879999816417694 0.012000000104308128
			vertex 0.0776817798614502 -0.08937883377075195 0.012000000104308128
			vertex 0.07797155529260635 -0.0894564837217331 0.011699999682605267
		endloop
	endfacet
	facet normal 0.7040652218365601 -0.09269146525727653 0.7040599801641154
		outer loop
			vertex 0.07797155529260635 -0.0894564837217331 0.011699999682605267
			vertex 0.0776817798614502 -0.08937883377075195 0.012000000104308128
			vertex 0.0778999999165535 -0.09000000357627869 0.011699999682605267
		endloop
	endfacet
	facet normal 0.7040659153647146 -0.09269092125705401 0.7040593582491218
		outer loop
			vertex 0.0776817798614502 -0.08937883377075195 0.012000000104308128
			vertex 0.07760000228881836 -0.09000000357627869 0.012000000104308128
			vertex 0.0778999999165535 -0.09000000357627869 0.011699999682605267
		endloop
	endfacet
	facet normal 0.7040658739042777 0.09269155110317591 0.704059316789071
		outer loop
			vertex 0.0778999999165535 -0.09000000357627869 0.011699999682605267
			vertex 0.07760000228881836 -0.09000000357627869 0.012000000104308128
			vertex 0.07797155529260635 -0.09054352343082428 0.011699999682605267
		endloop
	endfacet
	facet normal 0.7040662707303003 0.09269207983034598 0.704058850350347
		outer loop
			vertex 0.07760000228881836 -0.09000000357627869 0.012000000104308128
			vertex 0.0776817798614502 -0.09062116593122482 0.012000000104308128
			vertex 0.07797155529260635 -0.09054352343082428 0.011699999682605267
		endloop
	endfacet
	facet normal 0.6560843347262358 0.27176472825357245 0.7040577236307366
		outer loop
			vertex 0.07797155529260635 -0.09054352343082428 0.011699999682605267
			vertex 0.0776817798614502 -0.09062116593122482 0.012000000104308128
			vertex 0.07818134874105453 -0.09104999899864197 0.011699999682605267
		endloop
	endfacet
	facet normal 0.656080563617169 0.2717553422216566 0.7040648606611242
		outer loop
			vertex 0.0776817798614502 -0.09062116593122482 0.012000000104308128
			vertex 0.0779215395450592 -0.09120000153779984 0.012000000104308128
			vertex 0.07818134874105453 -0.09104999899864197 0.011699999682605267
		endloop
	endfacet
	facet normal 0.5633910998631476 0.43229831511897404 0.7040657890710846
		outer loop
			vertex 0.07818134874105453 -0.09104999899864197 0.011699999682605267
			vertex 0.0779215395450592 -0.09120000153779984 0.012000000104308128
			vertex 0.07851507514715195 -0.0914849266409874 0.011699999682605267
		endloop
	endfacet
	facet normal 0.5633915070924482 0.43230168539691094 0.7040633938354487
		outer loop
			vertex 0.0779215395450592 -0.09120000153779984 0.012000000104308128
			vertex 0.07830294221639633 -0.09169705957174301 0.012000000104308128
			vertex 0.07851507514715195 -0.0914849266409874 0.011699999682605267
		endloop
	endfacet
	facet normal 0.43229985714688274 0.5633931095050294 0.7040632341438082
		outer loop
			vertex 0.07851507514715195 -0.0914849266409874 0.011699999682605267
			vertex 0.07830294221639633 -0.09169705957174301 0.012000000104308128
			vertex 0.07895000278949738 -0.09181865304708481 0.011699999682605267
		endloop
	endfacet
	facet normal 0.4323003361142422 0.5633897486574896 0.7040656294005297
		outer loop
			vertex 0.07830294221639633 -0.09169705957174301 0.012000000104308128
			vertex 0.07880000025033951 -0.09207846224308014 0.012000000104308128
			vertex 0.07895000278949738 -0.09181865304708481 0.011699999682605267
		endloop
	endfacet
	facet normal 0.27176183982732605 0.6560773615946435 0.7040653364686251
		outer loop
			vertex 0.07895000278949738 -0.09181865304708481 0.011699999682605267
			vertex 0.07880000025033951 -0.09207846224308014 0.012000000104308128
			vertex 0.07945647835731506 -0.09202844649553299 0.011699999682605267
		endloop
	endfacet
	facet normal 0.2717578695152881 0.6560866650914459 0.7040581994733793
		outer loop
			vertex 0.07880000025033951 -0.09207846224308014 0.012000000104308128
			vertex 0.07937883585691452 -0.09231822192668915 0.012000000104308128
			vertex 0.07945647835731506 -0.09202844649553299 0.011699999682605267
		endloop
	endfacet
	facet normal 0.09269161548765169 0.7040663629554551 0.704058819256578
		outer loop
			vertex 0.07945647835731506 -0.09202844649553299 0.011699999682605267
			vertex 0.07937883585691452 -0.09231822192668915 0.012000000104308128
			vertex 0.07999999821186066 -0.09210000187158585 0.011699999682605267
		endloop
	endfacet
	facet normal 0.09269202349336035 0.7040658428083951 0.7040592856934781
		outer loop
			vertex 0.07937883585691452 -0.09231822192668915 0.012000000104308128
			vertex 0.07999999821186066 -0.09239999949932098 0.012000000104308128
			vertex 0.07999999821186066 -0.09210000187158585 0.011699999682605267
		endloop
	endfacet
	facet normal -0.09269155110317591 0.7040658739042777 0.704059316789071
		outer loop
			vertex 0.07999999821186066 -0.09210000187158585 0.011699999682605267
			vertex 0.07999999821186066 -0.09239999949932098 0.012000000104308128
			vertex 0.08054351806640625 -0.09202844649553299 0.011699999682605267
		endloop
	endfacet
	facet normal -0.09269084614290421 0.7040653448092392 0.7040599386983751
		outer loop
			vertex 0.07999999821186066 -0.09239999949932098 0.012000000104308128
			vertex 0.08062116801738739 -0.09231822192668915 0.012000000104308128
			vertex 0.08054351806640625 -0.09202844649553299 0.011699999682605267
		endloop
	endfacet
	facet normal -0.27175993232977125 0.6560824078359797 0.7040613704133052
		outer loop
			vertex 0.08054351806640625 -0.09202844649553299 0.011699999682605267
			vertex 0.08062116801738739 -0.09231822192668915 0.012000000104308128
			vertex 0.08105000108480453 -0.09181865304708481 0.011699999682605267
		endloop
	endfacet
	facet normal -0.2717553422216566 0.656080563617169 0.7040648606611242
		outer loop
			vertex 0.08062116801738739 -0.09231822192668915 0.012000000104308128
			vertex 0.0812000036239624 -0.09207846224308014 0.012000000104308128
			vertex 0.08105000108480453 -0.09181865304708481 0.011699999682605267
		endloop
	endfacet
	facet normal -0.4323032097285727 0.5633878273954211 0.7040654023604916
		outer loop
			vertex 0.08105000108480453 -0.09181865304708481 0.011699999682605267
			vertex 0.0812000036239624 -0.09207846224308014 0.012000000104308128
			vertex 0.08148492127656937 -0.0914849266409874 0.011699999682605267
		endloop
	endfacet
	facet normal -0.4323055597346247 0.5633881113198808 0.7040637322330633
		outer loop
			vertex 0.0812000036239624 -0.09207846224308014 0.012000000104308128
			vertex 0.08169705420732498 -0.09169705957174301 0.012000000104308128
			vertex 0.08148492127656937 -0.0914849266409874 0.011699999682605267
		endloop
	endfacet
	facet normal -0.5633880518838984 0.432305627546646 0.7040637381558338
		outer loop
			vertex 0.08148492127656937 -0.0914849266409874 0.011699999682605267
			vertex 0.08169705420732498 -0.09169705957174301 0.012000000104308128
			vertex 0.08181865513324738 -0.09104999899864197 0.011699999682605267
		endloop
	endfacet
	facet normal -0.5633860169885757 0.43230591752374564 0.7040651884134742
		outer loop
			vertex 0.08169705420732498 -0.09169705957174301 0.012000000104308128
			vertex 0.0820784643292427 -0.09120000153779984 0.012000000104308128
			vertex 0.08181865513324738 -0.09104999899864197 0.011699999682605267
		endloop
	endfacet
	facet normal -0.6560813115009613 0.27175382458931663 0.7040647495225546
		outer loop
			vertex 0.08181865513324738 -0.09104999899864197 0.011699999682605267
			vertex 0.0820784643292427 -0.09120000153779984 0.012000000104308128
			vertex 0.08202844113111496 -0.09054352343082428 0.011699999682605267
		endloop
	endfacet
	facet normal -0.6560791385269704 0.271754751934585 0.7040664164627374
		outer loop
			vertex 0.0820784643292427 -0.09120000153779984 0.012000000104308128
			vertex 0.08231822401285172 -0.09062116593122482 0.012000000104308128
			vertex 0.08202844113111496 -0.09054352343082428 0.011699999682605267
		endloop
	endfacet
	facet normal -0.704057695297588 0.09269047437475031 0.7040676371290137
		outer loop
			vertex 0.08202844113111496 -0.09054352343082428 0.011699999682605267
			vertex 0.08231822401285172 -0.09062116593122482 0.012000000104308128
			vertex 0.08209999650716782 -0.09000000357627869 0.011699999682605267
		endloop
	endfacet
	facet normal -0.7040571751575928 0.09269088237552313 0.7040681035479152
		outer loop
			vertex 0.08231822401285172 -0.09062116593122482 0.012000000104308128
			vertex 0.08240000158548355 -0.09000000357627869 0.012000000104308128
			vertex 0.08209999650716782 -0.09000000357627869 0.011699999682605267
		endloop
	endfacet
	facet normal -0.7040572062523268 -0.09269040999105341 0.7040681346431317
		outer loop
			vertex 0.08209999650716782 -0.09000000357627869 0.011699999682605267
			vertex 0.08240000158548355 -0.09000000357627869 0.012000000104308128
			vertex 0.08202844113111496 -0.0894564837217331 0.011699999682605267
		endloop
	endfacet
	facet normal -0.7040566771626595 -0.09268970503930997 0.7040687565304972
		outer loop
			vertex 0.08240000158548355 -0.09000000357627869 0.012000000104308128
			vertex 0.08231822401285172 -0.08937883377075195 0.012000000104308128
			vertex 0.08202844113111496 -0.0894564837217331 0.011699999682605267
		endloop
	endfacet
	facet normal 0.9914451263161163 -0.1305241797676596 0
		outer loop
			vertex 0.0820000022649765 -0.11249999701976776 0.012000000104308128
			vertex 0.0820000022649765 -0.11249999701976776 0.007000000216066837
			vertex 0.08218740671873093 -0.11107649654150009 0.012000000104308128
		endloop
	endfacet
	facet normal 0.9914451263161163 -0.1305241797676596 0
		outer loop
			vertex 0.0820000022649765 -0.11249999701976776 0.007000000216066837
			vertex 0.08218740671873093 -0.11107649654150009 0.007000000216066837
			vertex 0.08218740671873093 -0.11107649654150009 0.012000000104308128
		endloop
	endfacet
	facet normal 0.9238798415250628 -0.38268268633898905 0
		outer loop
			vertex 0.08218740671873093 -0.11107649654150009 0.012000000104308128
			vertex 0.08218740671873093 -0.11107649654150009 0.007000000216066837
			vertex 0.08273685723543167 -0.10975000262260437 0.012000000104308128
		endloop
	endfacet
	facet normal 0.9238798415250628 -0.38268268633898905 0
		outer loop
			vertex 0.08218740671873093 -0.11107649654150009 0.007000000216066837
			vertex 0.08273685723543167 -0.10975000262260437 0.007000000216066837
			vertex 0.08273685723543167 -0.10975000262260437 0.012000000104308128
		endloop
	endfacet
	facet normal 0.7933522222436737 -0.6087628860739004 0
		outer loop
			vertex 0.08273685723543167 -0.10975000262260437 0.012000000104308128
			vertex 0.08273685723543167 -0.10975000262260437 0.007000000216066837
			vertex 0.0836109146475792 -0.10861091315746307 0.012000000104308128
		endloop
	endfacet
	facet normal 0.7933522222436737 -0.6087628860739004 0
		outer loop
			vertex 0.08273685723543167 -0.10975000262260437 0.007000000216066837
			vertex 0.0836109146475792 -0.10861091315746307 0.007000000216066837
			vertex 0.0836109146475792 -0.10861091315746307 0.012000000104308128
		endloop
	endfacet
	facet normal 0.6087621261426673 -0.793352805361057 0
		outer loop
			vertex 0.0836109146475792 -0.10861091315746307 0.012000000104308128
			vertex 0.0836109146475792 -0.10861091315746307 0.007000000216066837
			vertex 0.08474999666213989 -0.10773686319589615 0.012000000104308128
		endloop
	endfacet
	facet normal 0.6087621261426673 -0.793352805361057 0
		outer loop
			vertex 0.0836109146475792 -0.10861091315746307 0.007000000216066837
			vertex 0.08474999666213989 -0.10773686319589615 0.007000000216066837
			vertex 0.08474999666213989 -0.10773686319589615 0.012000000104308128
		endloop
	endfacet
	facet normal 0.38268528092542897 -0.9238787668103567 0
		outer loop
			vertex 0.08474999666213989 -0.10773686319589615 0.012000000104308128
			vertex 0.08474999666213989 -0.10773686319589615 0.007000000216066837
			vertex 0.08607649803161621 -0.10718740522861481 0.012000000104308128
		endloop
	endfacet
	facet normal 0.38268528092542897 -0.9238787668103567 0
		outer loop
			vertex 0.08474999666213989 -0.10773686319589615 0.007000000216066837
			vertex 0.08607649803161621 -0.10718740522861481 0.007000000216066837
			vertex 0.08607649803161621 -0.10718740522861481 0.012000000104308128
		endloop
	endfacet
	facet normal 0.1305241797676596 -0.9914451263161163 0
		outer loop
			vertex 0.08607649803161621 -0.10718740522861481 0.012000000104308128
			vertex 0.08607649803161621 -0.10718740522861481 0.007000000216066837
			vertex 0.08749999850988388 -0.10700000077486038 0.012000000104308128
		endloop
	endfacet
	facet normal 0.1305241797676596 -0.9914451263161163 0
		outer loop
			vertex 0.08607649803161621 -0.10718740522861481 0.007000000216066837
			vertex 0.08749999850988388 -0.10700000077486038 0.007000000216066837
			vertex 0.08749999850988388 -0.10700000077486038 0.012000000104308128
		endloop
	endfacet
	facet normal -0.13052350824816986 -0.9914452147217163 0
		outer loop
			vertex 0.08749999850988388 -0.10700000077486038 0.012000000104308128
			vertex 0.08749999850988388 -0.10700000077486038 0.007000000216066837
			vertex 0.08892350643873215 -0.10718740522861481 0.012000000104308128
		endloop
	endfacet
	facet normal -0.13052350824816986 -0.9914452147217163 0
		outer loop
			vertex 0.08749999850988388 -0.10700000077486038 0.007000000216066837
			vertex 0.08892350643873215 -0.10718740522861481 0.007000000216066837
			vertex 0.08892350643873215 -0.10718740522861481 0.012000000104308128
		endloop
	endfacet
	facet normal -0.3826871155873548 -0.9238780068620699 0
		outer loop
			vertex 0.08892350643873215 -0.10718740522861481 0.012000000104308128
			vertex 0.08892350643873215 -0.10718740522861481 0.007000000216066837
			vertex 0.09025000035762787 -0.10773686319589615 0.012000000104308128
		endloop
	endfacet
	facet normal -0.3826871155873548 -0.9238780068620699 0
		outer loop
			vertex 0.08892350643873215 -0.10718740522861481 0.007000000216066837
			vertex 0.09025000035762787 -0.10773686319589615 0.007000000216066837
			vertex 0.09025000035762787 -0.10773686319589615 0.012000000104308128
		endloop
	endfacet
	facet normal -0.6087596199514161 -0.7933547284264507 0
		outer loop
			vertex 0.09025000035762787 -0.10773686319589615 0.012000000104308128
			vertex 0.09025000035762787 -0.10773686319589615 0.007000000216066837
			vertex 0.09138908982276917 -0.10861091315746307 0.012000000104308128
		endloop
	endfacet
	facet normal -0.6087596199514161 -0.7933547284264507 0
		outer loop
			vertex 0.09025000035762787 -0.10773686319589615 0.007000000216066837
			vertex 0.09138908982276917 -0.10861091315746307 0.007000000216066837
			vertex 0.09138908982276917 -0.10861091315746307 0.012000000104308128
		endloop
	endfacet
	facet normal -0.7933547284264507 -0.6087596199514161 0
		outer loop
			vertex 0.09138908982276917 -0.10861091315746307 0.012000000104308128
			vertex 0.09138908982276917 -0.10861091315746307 0.007000000216066837
			vertex 0.09226313978433609 -0.10975000262260437 0.012000000104308128
		endloop
	endfacet
	facet normal -0.7933547284264507 -0.6087596199514161 0
		outer loop
			vertex 0.09138908982276917 -0.10861091315746307 0.007000000216066837
			vertex 0.09226313978433609 -0.10975000262260437 0.007000000216066837
			vertex 0.09226313978433609 -0.10975000262260437 0.012000000104308128
		endloop
	endfacet
	facet normal -0.9238798415250628 -0.38268268633898905 0
		outer loop
			vertex 0.09226313978433609 -0.10975000262260437 0.012000000104308128
			vertex 0.09226313978433609 -0.10975000262260437 0.007000000216066837
			vertex 0.09281259030103683 -0.11107649654150009 0.012000000104308128
		endloop
	endfacet
	facet normal -0.9238798415250628 -0.38268268633898905 0
		outer loop
			vertex 0.09226313978433609 -0.10975000262260437 0.007000000216066837
			vertex 0.09281259030103683 -0.11107649654150009 0.007000000216066837
			vertex 0.09281259030103683 -0.11107649654150009 0.012000000104308128
		endloop
	endfacet
	facet normal -0.9914444547805351 -0.13052928056542523 0
		outer loop
			vertex 0.09281259030103683 -0.11107649654150009 0.012000000104308128
			vertex 0.09281259030103683 -0.11107649654150009 0.007000000216066837
			vertex 0.09300000220537186 -0.11249999701976776 0.012000000104308128
		endloop
	endfacet
	facet normal -0.9914444547805351 -0.13052928056542523 0
		outer loop
			vertex 0.09281259030103683 -0.11107649654150009 0.007000000216066837
			vertex 0.09300000220537186 -0.11249999701976776 0.007000000216066837
			vertex 0.09300000220537186 -0.11249999701976776 0.012000000104308128
		endloop
	endfacet
	facet normal -0.991444543192985 0.13052860902060268 0
		outer loop
			vertex 0.09300000220537186 -0.11249999701976776 0.012000000104308128
			vertex 0.09300000220537186 -0.11249999701976776 0.007000000216066837
			vertex 0.09281259030103683 -0.11392350494861603 0.012000000104308128
		endloop
	endfacet
	facet normal -0.991444543192985 0.13052860902060268 0
		outer loop
			vertex 0.09300000220537186 -0.11249999701976776 0.007000000216066837
			vertex 0.09281259030103683 -0.11392350494861603 0.007000000216066837
			vertex 0.09281259030103683 -0.11392350494861603 0.012000000104308128
		endloop
	endfacet
	facet normal -0.9238798415250628 0.38268268633898905 0
		outer loop
			vertex 0.09281259030103683 -0.11392350494861603 0.012000000104308128
			vertex 0.09281259030103683 -0.11392350494861603 0.007000000216066837
			vertex 0.09226313978433609 -0.11524999886751175 0.012000000104308128
		endloop
	endfacet
	facet normal -0.9238798415250628 0.38268268633898905 0
		outer loop
			vertex 0.09281259030103683 -0.11392350494861603 0.007000000216066837
			vertex 0.09226313978433609 -0.11524999886751175 0.007000000216066837
			vertex 0.09226313978433609 -0.11524999886751175 0.012000000104308128
		endloop
	endfacet
	facet normal -0.7933547284264507 0.6087596199514161 0
		outer loop
			vertex 0.09226313978433609 -0.11524999886751175 0.012000000104308128
			vertex 0.09226313978433609 -0.11524999886751175 0.007000000216066837
			vertex 0.09138908982276917 -0.11638908833265305 0.012000000104308128
		endloop
	endfacet
	facet normal -0.7933547284264507 0.6087596199514161 0
		outer loop
			vertex 0.09226313978433609 -0.11524999886751175 0.007000000216066837
			vertex 0.09138908982276917 -0.11638908833265305 0.007000000216066837
			vertex 0.09138908982276917 -0.11638908833265305 0.012000000104308128
		endloop
	endfacet
	facet normal -0.6087596199514161 0.7933547284264507 0
		outer loop
			vertex 0.09138908982276917 -0.11638908833265305 0.012000000104308128
			vertex 0.09138908982276917 -0.11638908833265305 0.007000000216066837
			vertex 0.09025000035762787 -0.11726313829421997 0.012000000104308128
		endloop
	endfacet
	facet normal -0.6087596199514161 0.7933547284264507 0
		outer loop
			vertex 0.09138908982276917 -0.11638908833265305 0.007000000216066837
			vertex 0.09025000035762787 -0.11726313829421997 0.007000000216066837
			vertex 0.09025000035762787 -0.11726313829421997 0.012000000104308128
		endloop
	endfacet
	facet normal -0.38268268633898905 0.9238798415250628 0
		outer loop
			vertex 0.09025000035762787 -0.11726313829421997 0.012000000104308128
			vertex 0.09025000035762787 -0.11726313829421997 0.007000000216066837
			vertex 0.08892350643873215 -0.11781258881092072 0.012000000104308128
		endloop
	endfacet
	facet normal -0.38268268633898905 0.9238798415250628 0
		outer loop
			vertex 0.09025000035762787 -0.11726313829421997 0.007000000216066837
			vertex 0.08892350643873215 -0.11781258881092072 0.007000000216066837
			vertex 0.08892350643873215 -0.11781258881092072 0.012000000104308128
		endloop
	endfacet
	facet normal -0.13052860902060268 0.991444543192985 0
		outer loop
			vertex 0.08892350643873215 -0.11781258881092072 0.012000000104308128
			vertex 0.08892350643873215 -0.11781258881092072 0.007000000216066837
			vertex 0.08749999850988388 -0.11800000071525574 0.012000000104308128
		endloop
	endfacet
	facet normal -0.13052860902060268 0.991444543192985 0
		outer loop
			vertex 0.08892350643873215 -0.11781258881092072 0.007000000216066837
			vertex 0.08749999850988388 -0.11800000071525574 0.007000000216066837
			vertex 0.08749999850988388 -0.11800000071525574 0.012000000104308128
		endloop
	endfacet
	facet normal 0.13052928056542523 0.9914444547805351 0
		outer loop
			vertex 0.08749999850988388 -0.11800000071525574 0.012000000104308128
			vertex 0.08749999850988388 -0.11800000071525574 0.007000000216066837
			vertex 0.08607649803161621 -0.11781258881092072 0.012000000104308128
		endloop
	endfacet
	facet normal 0.13052928056542523 0.9914444547805351 0
		outer loop
			vertex 0.08749999850988388 -0.11800000071525574 0.007000000216066837
			vertex 0.08607649803161621 -0.11781258881092072 0.007000000216066837
			vertex 0.08607649803161621 -0.11781258881092072 0.012000000104308128
		endloop
	endfacet
	facet normal 0.3826808516910113 0.9238806014572675 0
		outer loop
			vertex 0.08607649803161621 -0.11781258881092072 0.012000000104308128
			vertex 0.08607649803161621 -0.11781258881092072 0.007000000216066837
			vertex 0.08474999666213989 -0.11726313829421997 0.012000000104308128
		endloop
	endfacet
	facet normal 0.3826808516910113 0.9238806014572675 0
		outer loop
			vertex 0.08607649803161621 -0.11781258881092072 0.007000000216066837
			vertex 0.08474999666213989 -0.11726313829421997 0.007000000216066837
			vertex 0.08474999666213989 -0.11726313829421997 0.012000000104308128
		endloop
	endfacet
	facet normal 0.6087621261426673 0.793352805361057 0
		outer loop
			vertex 0.08474999666213989 -0.11726313829421997 0.012000000104308128
			vertex 0.08474999666213989 -0.11726313829421997 0.007000000216066837
			vertex 0.0836109146475792 -0.11638908833265305 0.012000000104308128
		endloop
	endfacet
	facet normal 0.6087621261426673 0.793352805361057 0
		outer loop
			vertex 0.08474999666213989 -0.11726313829421997 0.007000000216066837
			vertex 0.0836109146475792 -0.11638908833265305 0.007000000216066837
			vertex 0.0836109146475792 -0.11638908833265305 0.012000000104308128
		endloop
	endfacet
	facet normal 0.7933522222436737 0.6087628860739004 0
		outer loop
			vertex 0.0836109146475792 -0.11638908833265305 0.012000000104308128
			vertex 0.0836109146475792 -0.11638908833265305 0.007000000216066837
			vertex 0.08273685723543167 -0.11524999886751175 0.012000000104308128
		endloop
	endfacet
	facet normal 0.7933522222436737 0.6087628860739004 0
		outer loop
			vertex 0.0836109146475792 -0.11638908833265305 0.007000000216066837
			vertex 0.08273685723543167 -0.11524999886751175 0.007000000216066837
			vertex 0.08273685723543167 -0.11524999886751175 0.012000000104308128
		endloop
	endfacet
	facet normal 0.9238798415250628 0.38268268633898905 0
		outer loop
			vertex 0.08273685723543167 -0.11524999886751175 0.012000000104308128
			vertex 0.08273685723543167 -0.11524999886751175 0.007000000216066837
			vertex 0.08218740671873093 -0.11392350494861603 0.012000000104308128
		endloop
	endfacet
	facet normal 0.9238798415250628 0.38268268633898905 0
		outer loop
			vertex 0.08273685723543167 -0.11524999886751175 0.007000000216066837
			vertex 0.08218740671873093 -0.11392350494861603 0.007000000216066837
			vertex 0.08218740671873093 -0.11392350494861603 0.012000000104308128
		endloop
	endfacet
	facet normal 0.9914452147217163 0.13052350824816986 0
		outer loop
			vertex 0.08218740671873093 -0.11392350494861603 0.012000000104308128
			vertex 0.08218740671873093 -0.11392350494861603 0.007000000216066837
			vertex 0.0820000022649765 -0.11249999701976776 0.012000000104308128
		endloop
	endfacet
	facet normal 0.9914452147217163 0.13052350824816986 0
		outer loop
			vertex 0.08218740671873093 -0.11392350494861603 0.007000000216066837
			vertex 0.0820000022649765 -0.11249999701976776 0.007000000216066837
			vertex 0.0820000022649765 -0.11249999701976776 0.012000000104308128
		endloop
	endfacet
	facet normal -0.6560824078359797 -0.27175993232977125 0.7040613704133052
		outer loop
			vertex -0.07797155529260635 -0.0894564837217331 0.011699999682605267
			vertex -0.0776817798614502 -0.08937883377075195 0.012000000104308128
			vertex -0.07818134874105453 -0.08895000070333481 0.011699999682605267
		endloop
	endfacet
	facet normal -0.656080563617169 -0.2717553422216566 0.7040648606611242
		outer loop
			vertex -0.0776817798614502 -0.08937883377075195 0.012000000104308128
			vertex -0.0779215395450592 -0.08879999816417694 0.012000000104308128
			vertex -0.07818134874105453 -0.08895000070333481 0.011699999682605267
		endloop
	endfacet
	facet normal -0.5633910998631476 -0.43229831511897404 0.7040657890710846
		outer loop
			vertex -0.07818134874105453 -0.08895000070333481 0.011699999682605267
			vertex -0.0779215395450592 -0.08879999816417694 0.012000000104308128
			vertex -0.07851507514715195 -0.08851507306098938 0.011699999682605267
		endloop
	endfacet
	facet normal -0.5633915070924482 -0.43230168539691094 0.7040633938354487
		outer loop
			vertex -0.0779215395450592 -0.08879999816417694 0.012000000104308128
			vertex -0.07830294221639633 -0.08830294013023376 0.012000000104308128
			vertex -0.07851507514715195 -0.08851507306098938 0.011699999682605267
		endloop
	endfacet
	facet normal -0.43229985714688274 -0.5633931095050294 0.7040632341438082
		outer loop
			vertex -0.07851507514715195 -0.08851507306098938 0.011699999682605267
			vertex -0.07830294221639633 -0.08830294013023376 0.012000000104308128
			vertex -0.07895000278949738 -0.08818134665489197 0.011699999682605267
		endloop
	endfacet
	facet normal -0.4323003361142422 -0.5633897486574896 0.7040656294005297
		outer loop
			vertex -0.07830294221639633 -0.08830294013023376 0.012000000104308128
			vertex -0.07880000025033951 -0.08792153745889664 0.012000000104308128
			vertex -0.07895000278949738 -0.08818134665489197 0.011699999682605267
		endloop
	endfacet
	facet normal -0.27176183982732605 -0.6560773615946435 0.7040653364686251
		outer loop
			vertex -0.07895000278949738 -0.08818134665489197 0.011699999682605267
			vertex -0.07880000025033951 -0.08792153745889664 0.012000000104308128
			vertex -0.07945647835731506 -0.08797155320644379 0.011699999682605267
		endloop
	endfacet
	facet normal -0.2717578695152881 -0.6560866650914459 0.7040581994733793
		outer loop
			vertex -0.07880000025033951 -0.08792153745889664 0.012000000104308128
			vertex -0.07937883585691452 -0.08768177777528763 0.012000000104308128
			vertex -0.07945647835731506 -0.08797155320644379 0.011699999682605267
		endloop
	endfacet
	facet normal -0.09269161548765169 -0.7040663629554551 0.704058819256578
		outer loop
			vertex -0.07945647835731506 -0.08797155320644379 0.011699999682605267
			vertex -0.07937883585691452 -0.08768177777528763 0.012000000104308128
			vertex -0.07999999821186066 -0.08789999783039093 0.011699999682605267
		endloop
	endfacet
	facet normal -0.09269202349336035 -0.7040658428083951 0.7040592856934781
		outer loop
			vertex -0.07937883585691452 -0.08768177777528763 0.012000000104308128
			vertex -0.07999999821186066 -0.08760000020265579 0.012000000104308128
			vertex -0.07999999821186066 -0.08789999783039093 0.011699999682605267
		endloop
	endfacet
	facet normal 0.09269155110317591 -0.7040658739042777 0.704059316789071
		outer loop
			vertex -0.07999999821186066 -0.08789999783039093 0.011699999682605267
			vertex -0.07999999821186066 -0.08760000020265579 0.012000000104308128
			vertex -0.08054351806640625 -0.08797155320644379 0.011699999682605267
		endloop
	endfacet
	facet normal 0.09269084614290421 -0.7040653448092392 0.7040599386983751
		outer loop
			vertex -0.07999999821186066 -0.08760000020265579 0.012000000104308128
			vertex -0.08062116801738739 -0.08768177777528763 0.012000000104308128
			vertex -0.08054351806640625 -0.08797155320644379 0.011699999682605267
		endloop
	endfacet
	facet normal 0.27175993232977125 -0.6560824078359797 0.7040613704133052
		outer loop
			vertex -0.08054351806640625 -0.08797155320644379 0.011699999682605267
			vertex -0.08062116801738739 -0.08768177777528763 0.012000000104308128
			vertex -0.08105000108480453 -0.08818134665489197 0.011699999682605267
		endloop
	endfacet
	facet normal 0.2717553422216566 -0.656080563617169 0.7040648606611242
		outer loop
			vertex -0.08062116801738739 -0.08768177777528763 0.012000000104308128
			vertex -0.0812000036239624 -0.08792153745889664 0.012000000104308128
			vertex -0.08105000108480453 -0.08818134665489197 0.011699999682605267
		endloop
	endfacet
	facet normal 0.4323032097285727 -0.5633878273954211 0.7040654023604916
		outer loop
			vertex -0.08105000108480453 -0.08818134665489197 0.011699999682605267
			vertex -0.0812000036239624 -0.08792153745889664 0.012000000104308128
			vertex -0.08148492127656937 -0.08851507306098938 0.011699999682605267
		endloop
	endfacet
	facet normal 0.4323055597346247 -0.5633881113198808 0.7040637322330633
		outer loop
			vertex -0.0812000036239624 -0.08792153745889664 0.012000000104308128
			vertex -0.08169705420732498 -0.08830294013023376 0.012000000104308128
			vertex -0.08148492127656937 -0.08851507306098938 0.011699999682605267
		endloop
	endfacet
	facet normal 0.5633880518838984 -0.432305627546646 0.7040637381558338
		outer loop
			vertex -0.08148492127656937 -0.08851507306098938 0.011699999682605267
			vertex -0.08169705420732498 -0.08830294013023376 0.012000000104308128
			vertex -0.08181865513324738 -0.08895000070333481 0.011699999682605267
		endloop
	endfacet
	facet normal 0.5633860169885757 -0.43230591752374564 0.7040651884134742
		outer loop
			vertex -0.08169705420732498 -0.08830294013023376 0.012000000104308128
			vertex -0.0820784643292427 -0.08879999816417694 0.012000000104308128
			vertex -0.08181865513324738 -0.08895000070333481 0.011699999682605267
		endloop
	endfacet
	facet normal 0.6560829475563846 -0.27175050463150563 0.7040645063900384
		outer loop
			vertex -0.08181865513324738 -0.08895000070333481 0.011699999682605267
			vertex -0.0820784643292427 -0.08879999816417694 0.012000000104308128
			vertex -0.08202844113111496 -0.0894564837217331 0.011699999682605267
		endloop
	endfacet
	facet normal 0.6560760209711186 -0.27175346061076844 0.704069819941727
		outer loop
			vertex -0.0820784643292427 -0.08879999816417694 0.012000000104308128
			vertex -0.08231822401285172 -0.08937883377075195 0.012000000104308128
			vertex -0.08202844113111496 -0.0894564837217331 0.011699999682605267
		endloop
	endfacet
	facet normal 0.7040565541924978 -0.09269032414619258 0.7040687979936764
		outer loop
			vertex -0.08202844113111496 -0.0894564837217331 0.011699999682605267
			vertex -0.08231822401285172 -0.08937883377075195 0.012000000104308128
			vertex -0.08209999650716782 -0.09000000357627869 0.011699999682605267
		endloop
	endfacet
	facet normal 0.7040572477112326 -0.09268978015255108 0.704068176102681
		outer loop
			vertex -0.08231822401285172 -0.08937883377075195 0.012000000104308128
			vertex -0.08240000158548355 -0.09000000357627869 0.012000000104308128
			vertex -0.08209999650716782 -0.09000000357627869 0.011699999682605267
		endloop
	endfacet
	facet normal 0.7040572062523268 0.09269040999105341 0.7040681346431317
		outer loop
			vertex -0.08209999650716782 -0.09000000357627869 0.011699999682605267
			vertex -0.08240000158548355 -0.09000000357627869 0.012000000104308128
			vertex -0.08202844113111496 -0.09054352343082428 0.011699999682605267
		endloop
	endfacet
	facet normal 0.7040576030743212 0.09269093871182725 0.7040676682208622
		outer loop
			vertex -0.08240000158548355 -0.09000000357627869 0.012000000104308128
			vertex -0.08231822401285172 -0.09062116593122482 0.012000000104308128
			vertex -0.08202844113111496 -0.09054352343082428 0.011699999682605267
		endloop
	endfacet
	facet normal 0.6560796828052716 0.2717531499712853 0.7040665276029093
		outer loop
			vertex -0.08202844113111496 -0.09054352343082428 0.011699999682605267
			vertex -0.08231822401285172 -0.09062116593122482 0.012000000104308128
			vertex -0.08181865513324738 -0.09104999899864197 0.011699999682605267
		endloop
	endfacet
	facet normal 0.656080563617169 0.2717553422216566 0.7040648606611242
		outer loop
			vertex -0.08231822401285172 -0.09062116593122482 0.012000000104308128
			vertex -0.0820784643292427 -0.09120000153779984 0.012000000104308128
			vertex -0.08181865513324738 -0.09104999899864197 0.011699999682605267
		endloop
	endfacet
	facet normal 0.5633868351089905 0.43230469387643694 0.7040652850966844
		outer loop
			vertex -0.08181865513324738 -0.09104999899864197 0.011699999682605267
			vertex -0.0820784643292427 -0.09120000153779984 0.012000000104308128
			vertex -0.08148492127656937 -0.0914849266409874 0.011699999682605267
		endloop
	endfacet
	facet normal 0.5633870816678003 0.4323067344895829 0.7040638348365813
		outer loop
			vertex -0.0820784643292427 -0.09120000153779984 0.012000000104308128
			vertex -0.08169705420732498 -0.09169705957174301 0.012000000104308128
			vertex -0.08148492127656937 -0.0914849266409874 0.011699999682605267
		endloop
	endfacet
	facet normal 0.4323042849472607 0.5633892286459947 0.7040636208908316
		outer loop
			vertex -0.08148492127656937 -0.0914849266409874 0.011699999682605267
			vertex -0.08169705420732498 -0.09169705957174301 0.012000000104308128
			vertex -0.08105000108480453 -0.09181865304708481 0.011699999682605267
		endloop
	endfacet
	facet normal 0.43230461891505706 0.5633868852274854 0.7040652910195045
		outer loop
			vertex -0.08169705420732498 -0.09169705957174301 0.012000000104308128
			vertex -0.0812000036239624 -0.09207846224308014 0.012000000104308128
			vertex -0.08105000108480453 -0.09181865304708481 0.011699999682605267
		endloop
	endfacet
	facet normal 0.2717585198006091 0.6560789977102638 0.7040650933537878
		outer loop
			vertex -0.08105000108480453 -0.09181865304708481 0.011699999682605267
			vertex -0.0812000036239624 -0.09207846224308014 0.012000000104308128
			vertex -0.08054351806640625 -0.09202844649553299 0.011699999682605267
		endloop
	endfacet
	facet normal 0.27175657817691407 0.6560835475004491 0.7040616030695048
		outer loop
			vertex -0.0812000036239624 -0.09207846224308014 0.012000000104308128
			vertex -0.08062116801738739 -0.09231822192668915 0.012000000104308128
			vertex -0.08054351806640625 -0.09202844649553299 0.011699999682605267
		endloop
	endfacet
	facet normal 0.09269146525727653 0.7040652218365601 0.7040599801641154
		outer loop
			vertex -0.08054351806640625 -0.09202844649553299 0.011699999682605267
			vertex -0.08062116801738739 -0.09231822192668915 0.012000000104308128
			vertex -0.07999999821186066 -0.09210000187158585 0.011699999682605267
		endloop
	endfacet
	facet normal 0.09269092125705401 0.7040659153647146 0.7040593582491218
		outer loop
			vertex -0.08062116801738739 -0.09231822192668915 0.012000000104308128
			vertex -0.07999999821186066 -0.09239999949932098 0.012000000104308128
			vertex -0.07999999821186066 -0.09210000187158585 0.011699999682605267
		endloop
	endfacet
	facet normal -0.09269155110317591 0.7040658739042777 0.704059316789071
		outer loop
			vertex -0.07999999821186066 -0.09210000187158585 0.011699999682605267
			vertex -0.07999999821186066 -0.09239999949932098 0.012000000104308128
			vertex -0.07945647835731506 -0.09202844649553299 0.011699999682605267
		endloop
	endfacet
	facet normal -0.09269207983034598 0.7040662707303003 0.704058850350347
		outer loop
			vertex -0.07999999821186066 -0.09239999949932098 0.012000000104308128
			vertex -0.07937883585691452 -0.09231822192668915 0.012000000104308128
			vertex -0.07945647835731506 -0.09202844649553299 0.011699999682605267
		endloop
	endfacet
	facet normal -0.27176472825357245 0.6560843347262358 0.7040577236307366
		outer loop
			vertex -0.07945647835731506 -0.09202844649553299 0.011699999682605267
			vertex -0.07937883585691452 -0.09231822192668915 0.012000000104308128
			vertex -0.07895000278949738 -0.09181865304708481 0.011699999682605267
		endloop
	endfacet
	facet normal -0.2717553422216566 0.656080563617169 0.7040648606611242
		outer loop
			vertex -0.07937883585691452 -0.09231822192668915 0.012000000104308128
			vertex -0.07880000025033951 -0.09207846224308014 0.012000000104308128
			vertex -0.07895000278949738 -0.09181865304708481 0.011699999682605267
		endloop
	endfacet
	facet normal -0.43229831511897404 0.5633910998631476 0.7040657890710846
		outer loop
			vertex -0.07895000278949738 -0.09181865304708481 0.011699999682605267
			vertex -0.07880000025033951 -0.09207846224308014 0.012000000104308128
			vertex -0.07851507514715195 -0.0914849266409874 0.011699999682605267
		endloop
	endfacet
	facet normal -0.43230168539691094 0.5633915070924482 0.7040633938354487
		outer loop
			vertex -0.07880000025033951 -0.09207846224308014 0.012000000104308128
			vertex -0.07830294221639633 -0.09169705957174301 0.012000000104308128
			vertex -0.07851507514715195 -0.0914849266409874 0.011699999682605267
		endloop
	endfacet
	facet normal -0.5633931095050294 0.43229985714688274 0.7040632341438082
		outer loop
			vertex -0.07851507514715195 -0.0914849266409874 0.011699999682605267
			vertex -0.07830294221639633 -0.09169705957174301 0.012000000104308128
			vertex -0.07818134874105453 -0.09104999899864197 0.011699999682605267
		endloop
	endfacet
	facet normal -0.5633897486574896 0.4323003361142422 0.7040656294005297
		outer loop
			vertex -0.07830294221639633 -0.09169705957174301 0.012000000104308128
			vertex -0.0779215395450592 -0.09120000153779984 0.012000000104308128
			vertex -0.07818134874105453 -0.09104999899864197 0.011699999682605267
		endloop
	endfacet
	facet normal -0.6560773615946435 0.27176183982732605 0.7040653364686251
		outer loop
			vertex -0.07818134874105453 -0.09104999899864197 0.011699999682605267
			vertex -0.0779215395450592 -0.09120000153779984 0.012000000104308128
			vertex -0.07797155529260635 -0.09054352343082428 0.011699999682605267
		endloop
	endfacet
	facet normal -0.6560866650914459 0.2717578695152881 0.7040581994733793
		outer loop
			vertex -0.0779215395450592 -0.09120000153779984 0.012000000104308128
			vertex -0.0776817798614502 -0.09062116593122482 0.012000000104308128
			vertex -0.07797155529260635 -0.09054352343082428 0.011699999682605267
		endloop
	endfacet
	facet normal -0.7040663629554551 0.09269161548765169 0.704058819256578
		outer loop
			vertex -0.07797155529260635 -0.09054352343082428 0.011699999682605267
			vertex -0.0776817798614502 -0.09062116593122482 0.012000000104308128
			vertex -0.0778999999165535 -0.09000000357627869 0.011699999682605267
		endloop
	endfacet
	facet normal -0.7040658428083951 0.09269202349336035 0.7040592856934781
		outer loop
			vertex -0.0776817798614502 -0.09062116593122482 0.012000000104308128
			vertex -0.07760000228881836 -0.09000000357627869 0.012000000104308128
			vertex -0.0778999999165535 -0.09000000357627869 0.011699999682605267
		endloop
	endfacet
	facet normal -0.7040658739042777 -0.09269155110317591 0.704059316789071
		outer loop
			vertex -0.0778999999165535 -0.09000000357627869 0.011699999682605267
			vertex -0.07760000228881836 -0.09000000357627869 0.012000000104308128
			vertex -0.07797155529260635 -0.0894564837217331 0.011699999682605267
		endloop
	endfacet
	facet normal -0.7040653448092392 -0.09269084614290421 0.7040599386983751
		outer loop
			vertex -0.07760000228881836 -0.09000000357627869 0.012000000104308128
			vertex -0.0776817798614502 -0.08937883377075195 0.012000000104308128
			vertex -0.07797155529260635 -0.0894564837217331 0.011699999682605267
		endloop
	endfacet
	facet normal 0.9914444547805351 -0.13052928056542523 0
		outer loop
			vertex -0.09300000220537186 -0.11249999701976776 0.012000000104308128
			vertex -0.09300000220537186 -0.11249999701976776 0.007000000216066837
			vertex -0.09281259030103683 -0.11107649654150009 0.012000000104308128
		endloop
	endfacet
	facet normal 0.9914444547805351 -0.13052928056542523 0
		outer loop
			vertex -0.09300000220537186 -0.11249999701976776 0.007000000216066837
			vertex -0.09281259030103683 -0.11107649654150009 0.007000000216066837
			vertex -0.09281259030103683 -0.11107649654150009 0.012000000104308128
		endloop
	endfacet
	facet normal 0.9238798415250628 -0.38268268633898905 0
		outer loop
			vertex -0.09281259030103683 -0.11107649654150009 0.012000000104308128
			vertex -0.09281259030103683 -0.11107649654150009 0.007000000216066837
			vertex -0.09226313978433609 -0.10975000262260437 0.012000000104308128
		endloop
	endfacet
	facet normal 0.9238798415250628 -0.38268268633898905 0
		outer loop
			vertex -0.09281259030103683 -0.11107649654150009 0.007000000216066837
			vertex -0.09226313978433609 -0.10975000262260437 0.007000000216066837
			vertex -0.09226313978433609 -0.10975000262260437 0.012000000104308128
		endloop
	endfacet
	facet normal 0.7933547284264507 -0.6087596199514161 0
		outer loop
			vertex -0.09226313978433609 -0.10975000262260437 0.012000000104308128
			vertex -0.09226313978433609 -0.10975000262260437 0.007000000216066837
			vertex -0.09138908982276917 -0.10861091315746307 0.012000000104308128
		endloop
	endfacet
	facet normal 0.7933547284264507 -0.6087596199514161 0
		outer loop
			vertex -0.09226313978433609 -0.10975000262260437 0.007000000216066837
			vertex -0.09138908982276917 -0.10861091315746307 0.007000000216066837
			vertex -0.09138908982276917 -0.10861091315746307 0.012000000104308128
		endloop
	endfacet
	facet normal 0.6087596199514161 -0.7933547284264507 0
		outer loop
			vertex -0.09138908982276917 -0.10861091315746307 0.012000000104308128
			vertex -0.09138908982276917 -0.10861091315746307 0.007000000216066837
			vertex -0.09025000035762787 -0.10773686319589615 0.012000000104308128
		endloop
	endfacet
	facet normal 0.6087596199514161 -0.7933547284264507 0
		outer loop
			vertex -0.09138908982276917 -0.10861091315746307 0.007000000216066837
			vertex -0.09025000035762787 -0.10773686319589615 0.007000000216066837
			vertex -0.09025000035762787 -0.10773686319589615 0.012000000104308128
		endloop
	endfacet
	facet normal 0.3826871155873548 -0.9238780068620699 0
		outer loop
			vertex -0.09025000035762787 -0.10773686319589615 0.012000000104308128
			vertex -0.09025000035762787 -0.10773686319589615 0.007000000216066837
			vertex -0.08892350643873215 -0.10718740522861481 0.012000000104308128
		endloop
	endfacet
	facet normal 0.3826871155873548 -0.9238780068620699 0
		outer loop
			vertex -0.09025000035762787 -0.10773686319589615 0.007000000216066837
			vertex -0.08892350643873215 -0.10718740522861481 0.007000000216066837
			vertex -0.08892350643873215 -0.10718740522861481 0.012000000104308128
		endloop
	endfacet
	facet normal 0.13052350824816986 -0.9914452147217163 0
		outer loop
			vertex -0.08892350643873215 -0.10718740522861481 0.012000000104308128
			vertex -0.08892350643873215 -0.10718740522861481 0.007000000216066837
			vertex -0.08749999850988388 -0.10700000077486038 0.012000000104308128
		endloop
	endfacet
	facet normal 0.13052350824816986 -0.9914452147217163 0
		outer loop
			vertex -0.08892350643873215 -0.10718740522861481 0.007000000216066837
			vertex -0.08749999850988388 -0.10700000077486038 0.007000000216066837
			vertex -0.08749999850988388 -0.10700000077486038 0.012000000104308128
		endloop
	endfacet
	facet normal -0.1305241797676596 -0.9914451263161163 0
		outer loop
			vertex -0.08749999850988388 -0.10700000077486038 0.012000000104308128
			vertex -0.08749999850988388 -0.10700000077486038 0.007000000216066837
			vertex -0.08607649803161621 -0.10718740522861481 0.012000000104308128
		endloop
	endfacet
	facet normal -0.1305241797676596 -0.9914451263161163 0
		outer loop
			vertex -0.08749999850988388 -0.10700000077486038 0.007000000216066837
			vertex -0.08607649803161621 -0.10718740522861481 0.007000000216066837
			vertex -0.08607649803161621 -0.10718740522861481 0.012000000104308128
		endloop
	endfacet
	facet normal -0.38268528092542897 -0.9238787668103567 0
		outer loop
			vertex -0.08607649803161621 -0.10718740522861481 0.012000000104308128
			vertex -0.08607649803161621 -0.10718740522861481 0.007000000216066837
			vertex -0.08474999666213989 -0.10773686319589615 0.012000000104308128
		endloop
	endfacet
	facet normal -0.38268528092542897 -0.9238787668103567 0
		outer loop
			vertex -0.08607649803161621 -0.10718740522861481 0.007000000216066837
			vertex -0.08474999666213989 -0.10773686319589615 0.007000000216066837
			vertex -0.08474999666213989 -0.10773686319589615 0.012000000104308128
		endloop
	endfacet
	facet normal -0.6087621261426673 -0.793352805361057 0
		outer loop
			vertex -0.08474999666213989 -0.10773686319589615 0.012000000104308128
			vertex -0.08474999666213989 -0.10773686319589615 0.007000000216066837
			vertex -0.0836109146475792 -0.10861091315746307 0.012000000104308128
		endloop
	endfacet
	facet normal -0.6087621261426673 -0.793352805361057 0
		outer loop
			vertex -0.08474999666213989 -0.10773686319589615 0.007000000216066837
			vertex -0.0836109146475792 -0.10861091315746307 0.007000000216066837
			vertex -0.0836109146475792 -0.10861091315746307 0.012000000104308128
		endloop
	endfacet
	facet normal -0.7933522222436737 -0.6087628860739004 0
		outer loop
			vertex -0.0836109146475792 -0.10861091315746307 0.012000000104308128
			vertex -0.0836109146475792 -0.10861091315746307 0.007000000216066837
			vertex -0.08273685723543167 -0.10975000262260437 0.012000000104308128
		endloop
	endfacet
	facet normal -0.7933522222436737 -0.6087628860739004 0
		outer loop
			vertex -0.0836109146475792 -0.10861091315746307 0.007000000216066837
			vertex -0.08273685723543167 -0.10975000262260437 0.007000000216066837
			vertex -0.08273685723543167 -0.10975000262260437 0.012000000104308128
		endloop
	endfacet
	facet normal -0.9238798415250628 -0.38268268633898905 0
		outer loop
			vertex -0.08273685723543167 -0.10975000262260437 0.012000000104308128
			vertex -0.08273685723543167 -0.10975000262260437 0.007000000216066837
			vertex -0.08218740671873093 -0.11107649654150009 0.012000000104308128
		endloop
	endfacet
	facet normal -0.9238798415250628 -0.38268268633898905 0
		outer loop
			vertex -0.08273685723543167 -0.10975000262260437 0.007000000216066837
			vertex -0.08218740671873093 -0.11107649654150009 0.007000000216066837
			vertex -0.08218740671873093 -0.11107649654150009 0.012000000104308128
		endloop
	endfacet
	facet normal -0.9914451263161163 -0.1305241797676596 0
		outer loop
			vertex -0.08218740671873093 -0.11107649654150009 0.012000000104308128
			vertex -0.08218740671873093 -0.11107649654150009 0.007000000216066837
			vertex -0.0820000022649765 -0.11249999701976776 0.012000000104308128
		endloop
	endfacet
	facet normal -0.9914451263161163 -0.1305241797676596 0
		outer loop
			vertex -0.08218740671873093 -0.11107649654150009 0.007000000216066837
			vertex -0.0820000022649765 -0.11249999701976776 0.007000000216066837
			vertex -0.0820000022649765 -0.11249999701976776 0.012000000104308128
		endloop
	endfacet
	facet normal -0.9914452147217163 0.13052350824816986 0
		outer loop
			vertex -0.0820000022649765 -0.11249999701976776 0.012000000104308128
			vertex -0.0820000022649765 -0.11249999701976776 0.007000000216066837
			vertex -0.08218740671873093 -0.11392350494861603 0.012000000104308128
		endloop
	endfacet
	facet normal -0.9914452147217163 0.13052350824816986 0
		outer loop
			vertex -0.0820000022649765 -0.11249999701976776 0.007000000216066837
			vertex -0.08218740671873093 -0.11392350494861603 0.007000000216066837
			vertex -0.08218740671873093 -0.11392350494861603 0.012000000104308128
		endloop
	endfacet
	facet normal -0.9238798415250628 0.38268268633898905 0
		outer loop
			vertex -0.08218740671873093 -0.11392350494861603 0.012000000104308128
			vertex -0.08218740671873093 -0.11392350494861603 0.007000000216066837
			vertex -0.08273685723543167 -0.11524999886751175 0.012000000104308128
		endloop
	endfacet
	facet normal -0.9238798415250628 0.38268268633898905 0
		outer loop
			vertex -0.08218740671873093 -0.11392350494861603 0.007000000216066837
			vertex -0.08273685723543167 -0.11524999886751175 0.007000000216066837
			vertex -0.08273685723543167 -0.11524999886751175 0.012000000104308128
		endloop
	endfacet
	facet normal -0.7933522222436737 0.6087628860739004 0
		outer loop
			vertex -0.08273685723543167 -0.11524999886751175 0.012000000104308128
			vertex -0.08273685723543167 -0.11524999886751175 0.007000000216066837
			vertex -0.0836109146475792 -0.11638908833265305 0.012000000104308128
		endloop
	endfacet
	facet normal -0.7933522222436737 0.6087628860739004 0
		outer loop
			vertex -0.08273685723543167 -0.11524999886751175 0.007000000216066837
			vertex -0.0836109146475792 -0.11638908833265305 0.007000000216066837
			vertex -0.0836109146475792 -0.11638908833265305 0.012000000104308128
		endloop
	endfacet
	facet normal -0.6087621261426673 0.793352805361057 0
		outer loop
			vertex -0.0836109146475792 -0.11638908833265305 0.012000000104308128
			vertex -0.0836109146475792 -0.11638908833265305 0.007000000216066837
			vertex -0.08474999666213989 -0.11726313829421997 0.012000000104308128
		endloop
	endfacet
	facet normal -0.6087621261426673 0.793352805361057 0
		outer loop
			vertex -0.0836109146475792 -0.11638908833265305 0.007000000216066837
			vertex -0.08474999666213989 -0.11726313829421997 0.007000000216066837
			vertex -0.08474999666213989 -0.11726313829421997 0.012000000104308128
		endloop
	endfacet
	facet normal -0.3826808516910113 0.9238806014572675 0
		outer loop
			vertex -0.08474999666213989 -0.11726313829421997 0.012000000104308128
			vertex -0.08474999666213989 -0.11726313829421997 0.007000000216066837
			vertex -0.08607649803161621 -0.11781258881092072 0.012000000104308128
		endloop
	endfacet
	facet normal -0.3826808516910113 0.9238806014572675 0
		outer loop
			vertex -0.08474999666213989 -0.11726313829421997 0.007000000216066837
			vertex -0.08607649803161621 -0.11781258881092072 0.007000000216066837
			vertex -0.08607649803161621 -0.11781258881092072 0.012000000104308128
		endloop
	endfacet
	facet normal -0.13052928056542523 0.9914444547805351 0
		outer loop
			vertex -0.08607649803161621 -0.11781258881092072 0.012000000104308128
			vertex -0.08607649803161621 -0.11781258881092072 0.007000000216066837
			vertex -0.08749999850988388 -0.11800000071525574 0.012000000104308128
		endloop
	endfacet
	facet normal -0.13052928056542523 0.9914444547805351 0
		outer loop
			vertex -0.08607649803161621 -0.11781258881092072 0.007000000216066837
			vertex -0.08749999850988388 -0.11800000071525574 0.007000000216066837
			vertex -0.08749999850988388 -0.11800000071525574 0.012000000104308128
		endloop
	endfacet
	facet normal 0.13052860902060268 0.991444543192985 0
		outer loop
			vertex -0.08749999850988388 -0.11800000071525574 0.012000000104308128
			vertex -0.08749999850988388 -0.11800000071525574 0.007000000216066837
			vertex -0.08892350643873215 -0.11781258881092072 0.012000000104308128
		endloop
	endfacet
	facet normal 0.13052860902060268 0.991444543192985 0
		outer loop
			vertex -0.08749999850988388 -0.11800000071525574 0.007000000216066837
			vertex -0.08892350643873215 -0.11781258881092072 0.007000000216066837
			vertex -0.08892350643873215 -0.11781258881092072 0.012000000104308128
		endloop
	endfacet
	facet normal 0.38268268633898905 0.9238798415250628 0
		outer loop
			vertex -0.08892350643873215 -0.11781258881092072 0.012000000104308128
			vertex -0.08892350643873215 -0.11781258881092072 0.007000000216066837
			vertex -0.09025000035762787 -0.11726313829421997 0.012000000104308128
		endloop
	endfacet
	facet normal 0.38268268633898905 0.9238798415250628 0
		outer loop
			vertex -0.08892350643873215 -0.11781258881092072 0.007000000216066837
			vertex -0.09025000035762787 -0.11726313829421997 0.007000000216066837
			vertex -0.09025000035762787 -0.11726313829421997 0.012000000104308128
		endloop
	endfacet
	facet normal 0.6087596199514161 0.7933547284264507 0
		outer loop
			vertex -0.09025000035762787 -0.11726313829421997 0.012000000104308128
			vertex -0.09025000035762787 -0.11726313829421997 0.007000000216066837
			vertex -0.09138908982276917 -0.11638908833265305 0.012000000104308128
		endloop
	endfacet
	facet normal 0.6087596199514161 0.7933547284264507 0
		outer loop
			vertex -0.09025000035762787 -0.11726313829421997 0.007000000216066837
			vertex -0.09138908982276917 -0.11638908833265305 0.007000000216066837
			vertex -0.09138908982276917 -0.11638908833265305 0.012000000104308128
		endloop
	endfacet
	facet normal 0.7933547284264507 0.6087596199514161 0
		outer loop
			vertex -0.09138908982276917 -0.11638908833265305 0.012000000104308128
			vertex -0.09138908982276917 -0.11638908833265305 0.007000000216066837
			vertex -0.09226313978433609 -0.11524999886751175 0.012000000104308128
		endloop
	endfacet
	facet normal 0.7933547284264507 0.6087596199514161 0
		outer loop
			vertex -0.09138908982276917 -0.11638908833265305 0.007000000216066837
			vertex -0.09226313978433609 -0.11524999886751175 0.007000000216066837
			vertex -0.09226313978433609 -0.11524999886751175 0.012000000104308128
		endloop
	endfacet
	facet normal 0.9238798415250628 0.38268268633898905 0
		outer loop
			vertex -0.09226313978433609 -0.11524999886751175 0.012000000104308128
			vertex -0.09226313978433609 -0.11524999886751175 0.007000000216066837
			vertex -0.09281259030103683 -0.11392350494861603 0.012000000104308128
		endloop
	endfacet
	facet normal 0.9238798415250628 0.38268268633898905 0
		outer loop
			vertex -0.09226313978433609 -0.11524999886751175 0.007000000216066837
			vertex -0.09281259030103683 -0.11392350494861603 0.007000000216066837
			vertex -0.09281259030103683 -0.11392350494861603 0.012000000104308128
		endloop
	endfacet
	facet normal 0.991444543192985 0.13052860902060268 0
		outer loop
			vertex -0.09281259030103683 -0.11392350494861603 0.012000000104308128
			vertex -0.09281259030103683 -0.11392350494861603 0.007000000216066837
			vertex -0.09300000220537186 -0.11249999701976776 0.012000000104308128
		endloop
	endfacet
	facet normal 0.991444543192985 0.13052860902060268 0
		outer loop
			vertex -0.09281259030103683 -0.11392350494861603 0.007000000216066837
			vertex -0.09300000220537186 -0.11249999701976776 0.007000000216066837
			vertex -0.09300000220537186 -0.11249999701976776 0.012000000104308128
		endloop
	endfacet
	facet normal 0.7071100739121254 0 0.7071034884456368
		outer loop
			vertex 0.1046999990940094 0.11699999868869781 0.012000000104308128
			vertex 0.1046999990940094 0.09969999641180038 0.012000000104308128
			vertex 0.10499999672174454 0.11699999868869781 0.011699999682605267
		endloop
	endfacet
	facet normal 0.7071100739121254 0 0.7071034884456368
		outer loop
			vertex 0.1046999990940094 0.09969999641180038 0.012000000104308128
			vertex 0.1046999990940094 7.366429076212928e-22 0.012000000104308128
			vertex 0.10499999672174454 0.11699999868869781 0.011699999682605267
		endloop
	endfacet
	facet normal 0.7071100739121254 0 0.7071034884456368
		outer loop
			vertex 0.10499999672174454 0.11699999868869781 0.011699999682605267
			vertex 0.1046999990940094 7.366429076212928e-22 0.012000000104308128
			vertex 0.10499999672174454 -0.11699999868869781 0.011699999682605267
		endloop
	endfacet
	facet normal 0.7071100739121254 0 0.7071034884456368
		outer loop
			vertex 0.1046999990940094 7.366429076212928e-22 0.012000000104308128
			vertex 0.1046999990940094 -0.09969999641180038 0.012000000104308128
			vertex 0.10499999672174454 -0.11699999868869781 0.011699999682605267
		endloop
	endfacet
	facet normal 0.7071100739121254 0 0.7071034884456368
		outer loop
			vertex 0.10499999672174454 -0.11699999868869781 0.011699999682605267
			vertex 0.1046999990940094 -0.09969999641180038 0.012000000104308128
			vertex 0.1046999990940094 -0.11699999868869781 0.012000000104308128
		endloop
	endfacet
	facet normal 0.7040659893105572 0.09268979789826036 0.7040594321942758
		outer loop
			vertex 0.1046999990940094 0.11699999868869781 0.012000000104308128
			vertex 0.10499999672174454 0.11699999868869781 0.011699999682605267
			vertex 0.10472740978002548 0.11907055228948593 0.011699999682605267
		endloop
	endfacet
	facet normal 0.7040575701924862 0.09269110426914658 0.7040676793064844
		outer loop
			vertex 0.1046999990940094 0.11699999868869781 0.012000000104308128
			vertex 0.10472740978002548 0.11907055228948593 0.011699999682605267
			vertex 0.10443762689828873 0.11899290978908539 0.012000000104308128
		endloop
	endfacet
	facet normal 0.656077924064176 0.2717583264154987 0.7040661684667775
		outer loop
			vertex 0.10472740978002548 0.11907055228948593 0.011699999682605267
			vertex 0.10392820090055466 0.12099999934434891 0.011699999682605267
			vertex 0.10443762689828873 0.11899290978908539 0.012000000104308128
		endloop
	endfacet
	facet normal 0.6560876376053648 0.2717593782122987 0.7040567108799379
		outer loop
			vertex 0.10443762689828873 0.11899290978908539 0.012000000104308128
			vertex 0.10392820090055466 0.12099999934434891 0.011699999682605267
			vertex 0.10366839915513992 0.12084999680519104 0.012000000104308128
		endloop
	endfacet
	facet normal 0.5633940665487899 0.4323064378097116 0.7040584276932532
		outer loop
			vertex 0.10392820090055466 0.12099999934434891 0.011699999682605267
			vertex 0.10265685617923737 0.12265685200691223 0.011699999682605267
			vertex 0.10366839915513992 0.12084999680519104 0.012000000104308128
		endloop
	endfacet
	facet normal 0.5633890465558729 0.4323044926989815 0.7040636390363735
		outer loop
			vertex 0.10366839915513992 0.12084999680519104 0.012000000104308128
			vertex 0.10265685617923737 0.12265685200691223 0.011699999682605267
			vertex 0.10244472324848175 0.12244471907615662 0.012000000104308128
		endloop
	endfacet
	facet normal 0.43230486734105533 0.5633887181895975 0.7040636717583966
		outer loop
			vertex 0.10265685617923737 0.12265685200691223 0.011699999682605267
			vertex 0.10100000351667404 0.12392820417881012 0.011699999682605267
			vertex 0.10244472324848175 0.12244471907615662 0.012000000104308128
		endloop
	endfacet
	facet normal 0.4323034393832098 0.5633876738508042 0.7040653842154346
		outer loop
			vertex 0.10244472324848175 0.12244471907615662 0.012000000104308128
			vertex 0.10100000351667404 0.12392820417881012 0.011699999682605267
			vertex 0.10085000097751617 0.12366839498281479 0.012000000104308128
		endloop
	endfacet
	facet normal 0.27175575305214583 0.6560803611609819 0.7040648907465397
		outer loop
			vertex 0.10100000351667404 0.12392820417881012 0.011699999682605267
			vertex 0.09907054901123047 0.12472740560770035 0.011699999682605267
			vertex 0.10085000097751617 0.12366839498281479 0.012000000104308128
		endloop
	endfacet
	facet normal 0.2717601906288118 0.6560858764606953 0.7040580384444121
		outer loop
			vertex 0.10085000097751617 0.12366839498281479 0.012000000104308128
			vertex 0.09907054901123047 0.12472740560770035 0.011699999682605267
			vertex 0.09899290651082993 0.12443763017654419 0.012000000104308128
		endloop
	endfacet
	facet normal 0.09269268611291487 0.7040661503135949 0.7040588909485962
		outer loop
			vertex 0.09907054901123047 0.12472740560770035 0.011699999682605267
			vertex 0.09700000286102295 0.125 0.011699999682605267
			vertex 0.09899290651082993 0.12443763017654419 0.012000000104308128
		endloop
	endfacet
	facet normal 0.09269253547949932 0.7040658091058616 0.7040592519912584
		outer loop
			vertex 0.09899290651082993 0.12443763017654419 0.012000000104308128
			vertex 0.09700000286102295 0.125 0.011699999682605267
			vertex 0.09700000286102295 0.12470000237226486 0.012000000104308128
		endloop
	endfacet
	facet normal 0.09269264028349324 -0.7040658022069015 0.7040592450923625
		outer loop
			vertex 0.09700000286102295 -0.12470000237226486 0.012000000104308128
			vertex 0.09700000286102295 -0.125 0.011699999682605267
			vertex 0.09907054901123047 -0.12472740560770035 0.011699999682605267
		endloop
	endfacet
	facet normal 0.09269258309435918 -0.7040661707746266 0.7040588840502261
		outer loop
			vertex 0.09700000286102295 -0.12470000237226486 0.012000000104308128
			vertex 0.09907054901123047 -0.12472740560770035 0.011699999682605267
			vertex 0.09899290651082993 -0.12443763017654419 0.012000000104308128
		endloop
	endfacet
	facet normal 0.27175830317890015 -0.6560865177485176 0.7040581693879769
		outer loop
			vertex 0.09907054901123047 -0.12472740560770035 0.011699999682605267
			vertex 0.10100000351667404 -0.12392820417881012 0.011699999682605267
			vertex 0.09899290651082993 -0.12443763017654419 0.012000000104308128
		endloop
	endfacet
	facet normal 0.2717575411237872 -0.6560794800020299 0.7040650216866474
		outer loop
			vertex 0.09899290651082993 -0.12443763017654419 0.012000000104308128
			vertex 0.10100000351667404 -0.12392820417881012 0.011699999682605267
			vertex 0.10085000097751617 -0.12366839498281479 0.012000000104308128
		endloop
	endfacet
	facet normal 0.4323038535232381 -0.5633873969610764 0.7040653514940082
		outer loop
			vertex 0.10100000351667404 -0.12392820417881012 0.011699999682605267
			vertex 0.10265685617923737 -0.12265685200691223 0.011699999682605267
			vertex 0.10085000097751617 -0.12366839498281479 0.012000000104308128
		endloop
	endfacet
	facet normal 0.4323044926989815 -0.5633890465558729 0.7040636390363735
		outer loop
			vertex 0.10085000097751617 -0.12366839498281479 0.012000000104308128
			vertex 0.10265685617923737 -0.12265685200691223 0.011699999682605267
			vertex 0.10244472324848175 -0.12244471907615662 0.012000000104308128
		endloop
	endfacet
	facet normal 0.5633900458232234 -0.43230335260585473 0.7040635394572313
		outer loop
			vertex 0.10265685617923737 -0.12265685200691223 0.011699999682605267
			vertex 0.10392820090055466 -0.12099999934434891 0.011699999682605267
			vertex 0.10244472324848175 -0.12244471907615662 0.012000000104308128
		endloop
	endfacet
	facet normal 0.5633932239152805 -0.43230769810606307 0.7040583281267142
		outer loop
			vertex 0.10244472324848175 -0.12244471907615662 0.012000000104308128
			vertex 0.10392820090055466 -0.12099999934434891 0.011699999682605267
			vertex 0.10366839915513992 -0.12084999680519104 0.012000000104308128
		endloop
	endfacet
	facet normal 0.6560864213930936 -0.2717618461496658 0.7040568916223529
		outer loop
			vertex 0.10392820090055466 -0.12099999934434891 0.011699999682605267
			vertex 0.10472740978002548 -0.11907055228948593 0.011699999682605267
			vertex 0.10366839915513992 -0.12084999680519104 0.012000000104308128
		endloop
	endfacet
	facet normal 0.6560788091559585 -0.27175572136253695 0.7040663492052626
		outer loop
			vertex 0.10366839915513992 -0.12084999680519104 0.012000000104308128
			vertex 0.10472740978002548 -0.11907055228948593 0.011699999682605267
			vertex 0.10443762689828873 -0.11899290978908539 0.012000000104308128
		endloop
	endfacet
	facet normal 0.7040580375690513 -0.09268875105702061 0.7040675217348874
		outer loop
			vertex 0.10472740978002548 -0.11907055228948593 0.011699999682605267
			vertex 0.10499999672174454 -0.11699999868869781 0.011699999682605267
			vertex 0.10443762689828873 -0.11899290978908539 0.012000000104308128
		endloop
	endfacet
	facet normal 0.7040658317212566 -0.09269219192199926 0.7040592746064428
		outer loop
			vertex 0.10443762689828873 -0.11899290978908539 0.012000000104308128
			vertex 0.10499999672174454 -0.11699999868869781 0.011699999682605267
			vertex 0.1046999990940094 -0.11699999868869781 0.012000000104308128
		endloop
	endfacet
	facet normal 0 0.7071100739121254 0.7071034884456368
		outer loop
			vertex 0.0877000018954277 0.12470000237226486 0.012000000104308128
			vertex 0.09700000286102295 0.12470000237226486 0.012000000104308128
			vertex 0.09700000286102295 0.125 0.011699999682605267
		endloop
	endfacet
	facet normal 0 0.7071100739121254 0.7071034884456368
		outer loop
			vertex -0.09700000286102295 0.12470000237226486 0.012000000104308128
			vertex -0.0877000018954277 0.12470000237226486 0.012000000104308128
			vertex -0.09700000286102295 0.125 0.011699999682605267
		endloop
	endfacet
	facet normal 0 0.7071100739121254 0.7071034884456368
		outer loop
			vertex -0.0877000018954277 0.12470000237226486 0.012000000104308128
			vertex -7.366429076212928e-22 0.12470000237226486 0.012000000104308128
			vertex -0.09700000286102295 0.125 0.011699999682605267
		endloop
	endfacet
	facet normal 0 0.7071100739121254 0.7071034884456368
		outer loop
			vertex -0.09700000286102295 0.125 0.011699999682605267
			vertex -7.366429076212928e-22 0.12470000237226486 0.012000000104308128
			vertex 0.09700000286102295 0.125 0.011699999682605267
		endloop
	endfacet
	facet normal 0 0.7071100739121254 0.7071034884456368
		outer loop
			vertex -7.366429076212928e-22 0.12470000237226486 0.012000000104308128
			vertex 0.07980000227689743 0.12470000237226486 0.012000000104308128
			vertex 0.09700000286102295 0.125 0.011699999682605267
		endloop
	endfacet
	facet normal 0 0.7071100739121254 0.7071034884456368
		outer loop
			vertex 0.09700000286102295 0.125 0.011699999682605267
			vertex 0.07980000227689743 0.12470000237226486 0.012000000104308128
			vertex 0.0877000018954277 0.12470000237226486 0.012000000104308128
		endloop
	endfacet
	facet normal 0.9914448435343904 0.13052632772382797 0
		outer loop
			vertex 0.08420000225305557 0.11249999701976776 0.005499999970197678
			vertex 0.08420000225305557 0.11249999701976776 0.007000000216066837
			vertex 0.08431244641542435 0.1116458997130394 0.007000000216066837
		endloop
	endfacet
	facet normal 0.9914449908816205 -0.13052520850679905 0
		outer loop
			vertex 0.08420000225305557 0.11249999701976776 0.007000000216066837
			vertex 0.08420000225305557 0.11249999701976776 0.005499999970197678
			vertex 0.08431244641542435 0.11335410177707672 0.007000000216066837
		endloop
	endfacet
	facet normal 0.9238793783608769 -0.3826838045168884 0
		outer loop
			vertex 0.08431244641542435 0.11335410177707672 0.00279999990016222
			vertex 0.08464211970567703 0.11415000259876251 0.00279999990016222
			vertex 0.08464211970567703 0.11415000259876251 0.007000000216066837
		endloop
	endfacet
	facet normal 0.7933519699616793 -0.6087632148528053 0
		outer loop
			vertex 0.08464211970567703 0.11415000259876251 0.007000000216066837
			vertex 0.08464211970567703 0.11415000259876251 0.00279999990016222
			vertex 0.0851665511727333 0.11483345180749893 0.007000000216066837
		endloop
	endfacet
	facet normal 0.7933519699616793 -0.6087632148528053 0
		outer loop
			vertex 0.08464211970567703 0.11415000259876251 0.00279999990016222
			vertex 0.0851665511727333 0.11483345180749893 0.00279999990016222
			vertex 0.0851665511727333 0.11483345180749893 0.007000000216066837
		endloop
	endfacet
	facet normal 0.6087632148528053 -0.7933519699616793 0
		outer loop
			vertex 0.0851665511727333 0.11483345180749893 0.007000000216066837
			vertex 0.0851665511727333 0.11483345180749893 0.00279999990016222
			vertex 0.08585000038146973 0.1153578832745552 0.007000000216066837
		endloop
	endfacet
	facet normal 0.6087632148528053 -0.7933519699616793 0
		outer loop
			vertex 0.0851665511727333 0.11483345180749893 0.00279999990016222
			vertex 0.08585000038146973 0.1153578832745552 0.00279999990016222
			vertex 0.08585000038146973 0.1153578832745552 0.007000000216066837
		endloop
	endfacet
	facet normal 0.38268686228795046 -0.923878111783261 0
		outer loop
			vertex 0.08585000038146973 0.1153578832745552 0.007000000216066837
			vertex 0.08585000038146973 0.1153578832745552 0.00279999990016222
			vertex 0.08664589375257492 0.11568755656480789 0.007000000216066837
		endloop
	endfacet
	facet normal 0.38268686228795046 -0.923878111783261 0
		outer loop
			vertex 0.08585000038146973 0.1153578832745552 0.00279999990016222
			vertex 0.08664589375257492 0.11568755656480789 0.00279999990016222
			vertex 0.08664589375257492 0.11568755656480789 0.007000000216066837
		endloop
	endfacet
	facet normal 0.13052520850679908 -0.9914449908816206 0
		outer loop
			vertex 0.08664589375257492 0.11568755656480789 0.007000000216066837
			vertex 0.08664589375257492 0.11568755656480789 0.00279999990016222
			vertex 0.08749999850988388 0.11580000072717667 0.007000000216066837
		endloop
	endfacet
	facet normal 0.13052520850679908 -0.9914449908816206 0
		outer loop
			vertex 0.08664589375257492 0.11568755656480789 0.00279999990016222
			vertex 0.08749999850988388 0.11580000072717667 0.00279999990016222
			vertex 0.08749999850988388 0.11580000072717667 0.007000000216066837
		endloop
	endfacet
	facet normal -0.13052520850679908 -0.9914449908816206 0
		outer loop
			vertex 0.08749999850988388 0.11580000072717667 0.007000000216066837
			vertex 0.08749999850988388 0.11580000072717667 0.00279999990016222
			vertex 0.08835410326719284 0.11568755656480789 0.007000000216066837
		endloop
	endfacet
	facet normal -0.13052520850679908 -0.9914449908816206 0
		outer loop
			vertex 0.08749999850988388 0.11580000072717667 0.00279999990016222
			vertex 0.08835410326719284 0.11568755656480789 0.00279999990016222
			vertex 0.08835410326719284 0.11568755656480789 0.007000000216066837
		endloop
	endfacet
	facet normal -0.38268686228795046 -0.923878111783261 0
		outer loop
			vertex 0.08835410326719284 0.11568755656480789 0.007000000216066837
			vertex 0.08835410326719284 0.11568755656480789 0.00279999990016222
			vertex 0.08914999663829803 0.1153578832745552 0.007000000216066837
		endloop
	endfacet
	facet normal -0.38268686228795046 -0.923878111783261 0
		outer loop
			vertex 0.08835410326719284 0.11568755656480789 0.00279999990016222
			vertex 0.08914999663829803 0.1153578832745552 0.00279999990016222
			vertex 0.08914999663829803 0.1153578832745552 0.007000000216066837
		endloop
	endfacet
	facet normal -0.6087590378768024 -0.793355175065563 0
		outer loop
			vertex 0.08914999663829803 0.1153578832745552 0.007000000216066837
			vertex 0.08914999663829803 0.1153578832745552 0.00279999990016222
			vertex 0.08983345329761505 0.11483345180749893 0.007000000216066837
		endloop
	endfacet
	facet normal -0.6087590378768024 -0.793355175065563 0
		outer loop
			vertex 0.08914999663829803 0.1153578832745552 0.00279999990016222
			vertex 0.08983345329761505 0.11483345180749893 0.00279999990016222
			vertex 0.08983345329761505 0.11483345180749893 0.007000000216066837
		endloop
	endfacet
	facet normal -0.7933519699616793 -0.6087632148528053 0
		outer loop
			vertex 0.08983345329761505 0.11483345180749893 0.007000000216066837
			vertex 0.08983345329761505 0.11483345180749893 0.00279999990016222
			vertex 0.09035788476467133 0.11415000259876251 0.007000000216066837
		endloop
	endfacet
	facet normal -0.7933519699616793 -0.6087632148528053 0
		outer loop
			vertex 0.08983345329761505 0.11483345180749893 0.00279999990016222
			vertex 0.09035788476467133 0.11415000259876251 0.00279999990016222
			vertex 0.09035788476467133 0.11415000259876251 0.007000000216066837
		endloop
	endfacet
	facet normal -0.9238793783608769 -0.3826838045168884 0
		outer loop
			vertex 0.09035788476467133 0.11415000259876251 0.007000000216066837
			vertex 0.09035788476467133 0.11415000259876251 0.00279999990016222
			vertex 0.09068755805492401 0.11335410177707672 0.007000000216066837
		endloop
	endfacet
	facet normal -0.9238793783608769 -0.3826838045168884 0
		outer loop
			vertex 0.09035788476467133 0.11415000259876251 0.00279999990016222
			vertex 0.09068755805492401 0.11335410177707672 0.00279999990016222
			vertex 0.09068755805492401 0.11335410177707672 0.007000000216066837
		endloop
	endfacet
	facet normal -0.9914449908816206 -0.13052520850679908 0
		outer loop
			vertex 0.09068755805492401 0.11335410177707672 0.007000000216066837
			vertex 0.09068755805492401 0.11335410177707672 0.00279999990016222
			vertex 0.09080000221729279 0.11249999701976776 0.007000000216066837
		endloop
	endfacet
	facet normal -0.9914449908816206 -0.13052520850679908 0
		outer loop
			vertex 0.09068755805492401 0.11335410177707672 0.00279999990016222
			vertex 0.09080000221729279 0.11249999701976776 0.00279999990016222
			vertex 0.09080000221729279 0.11249999701976776 0.007000000216066837
		endloop
	endfacet
	facet normal -0.9914448435343906 0.130526327723828 0
		outer loop
			vertex 0.09080000221729279 0.11249999701976776 0.007000000216066837
			vertex 0.09080000221729279 0.11249999701976776 0.00279999990016222
			vertex 0.09068755805492401 0.1116458997130394 0.007000000216066837
		endloop
	endfacet
	facet normal -0.9914448435343906 0.130526327723828 0
		outer loop
			vertex 0.09080000221729279 0.11249999701976776 0.00279999990016222
			vertex 0.09068755805492401 0.1116458997130394 0.00279999990016222
			vertex 0.09068755805492401 0.1116458997130394 0.007000000216066837
		endloop
	endfacet
	facet normal -0.9238793783608769 0.3826838045168884 0
		outer loop
			vertex 0.09068755805492401 0.1116458997130394 0.007000000216066837
			vertex 0.09068755805492401 0.1116458997130394 0.00279999990016222
			vertex 0.09035788476467133 0.11084999889135361 0.007000000216066837
		endloop
	endfacet
	facet normal -0.9238793783608769 0.3826838045168884 0
		outer loop
			vertex 0.09068755805492401 0.1116458997130394 0.00279999990016222
			vertex 0.09035788476467133 0.11084999889135361 0.00279999990016222
			vertex 0.09035788476467133 0.11084999889135361 0.007000000216066837
		endloop
	endfacet
	facet normal -0.7933519699616793 0.6087632148528053 0
		outer loop
			vertex 0.09035788476467133 0.11084999889135361 0.007000000216066837
			vertex 0.09035788476467133 0.11084999889135361 0.00279999990016222
			vertex 0.08983345329761505 0.11016654968261719 0.007000000216066837
		endloop
	endfacet
	facet normal -0.7933519699616793 0.6087632148528053 0
		outer loop
			vertex 0.09035788476467133 0.11084999889135361 0.00279999990016222
			vertex 0.08983345329761505 0.11016654968261719 0.00279999990016222
			vertex 0.08983345329761505 0.11016654968261719 0.007000000216066837
		endloop
	endfacet
	facet normal -0.6087590378768024 0.793355175065563 0
		outer loop
			vertex 0.08983345329761505 0.11016654968261719 0.007000000216066837
			vertex 0.08983345329761505 0.11016654968261719 0.00279999990016222
			vertex 0.08914999663829803 0.10964211821556091 0.007000000216066837
		endloop
	endfacet
	facet normal -0.6087590378768024 0.793355175065563 0
		outer loop
			vertex 0.08983345329761505 0.11016654968261719 0.00279999990016222
			vertex 0.08914999663829803 0.10964211821556091 0.00279999990016222
			vertex 0.08914999663829803 0.10964211821556091 0.007000000216066837
		endloop
	endfacet
	facet normal -0.38268686228795046 0.923878111783261 0
		outer loop
			vertex 0.08914999663829803 0.10964211821556091 0.007000000216066837
			vertex 0.08914999663829803 0.10964211821556091 0.00279999990016222
			vertex 0.08835410326719284 0.10931244492530823 0.007000000216066837
		endloop
	endfacet
	facet normal -0.38268686228795046 0.923878111783261 0
		outer loop
			vertex 0.08914999663829803 0.10964211821556091 0.00279999990016222
			vertex 0.08835410326719284 0.10931244492530823 0.00279999990016222
			vertex 0.08835410326719284 0.10931244492530823 0.007000000216066837
		endloop
	endfacet
	facet normal -0.13052520850679908 0.9914449908816206 0
		outer loop
			vertex 0.08835410326719284 0.10931244492530823 0.007000000216066837
			vertex 0.08835410326719284 0.10931244492530823 0.00279999990016222
			vertex 0.08749999850988388 0.10920000076293945 0.007000000216066837
		endloop
	endfacet
	facet normal -0.13052520850679908 0.9914449908816206 0
		outer loop
			vertex 0.08835410326719284 0.10931244492530823 0.00279999990016222
			vertex 0.08749999850988388 0.10920000076293945 0.00279999990016222
			vertex 0.08749999850988388 0.10920000076293945 0.007000000216066837
		endloop
	endfacet
	facet normal 0.13052520850679908 0.9914449908816206 0
		outer loop
			vertex 0.08749999850988388 0.10920000076293945 0.007000000216066837
			vertex 0.08749999850988388 0.10920000076293945 0.00279999990016222
			vertex 0.08664589375257492 0.10931244492530823 0.007000000216066837
		endloop
	endfacet
	facet normal 0.13052520850679908 0.9914449908816206 0
		outer loop
			vertex 0.08749999850988388 0.10920000076293945 0.00279999990016222
			vertex 0.08664589375257492 0.10931244492530823 0.00279999990016222
			vertex 0.08664589375257492 0.10931244492530823 0.007000000216066837
		endloop
	endfacet
	facet normal 0.38268686228795046 0.923878111783261 0
		outer loop
			vertex 0.08664589375257492 0.10931244492530823 0.007000000216066837
			vertex 0.08664589375257492 0.10931244492530823 0.00279999990016222
			vertex 0.08585000038146973 0.10964211821556091 0.007000000216066837
		endloop
	endfacet
	facet normal 0.38268686228795046 0.923878111783261 0
		outer loop
			vertex 0.08664589375257492 0.10931244492530823 0.00279999990016222
			vertex 0.08585000038146973 0.10964211821556091 0.00279999990016222
			vertex 0.08585000038146973 0.10964211821556091 0.007000000216066837
		endloop
	endfacet
	facet normal 0.6087632148528053 0.7933519699616793 0
		outer loop
			vertex 0.08585000038146973 0.10964211821556091 0.007000000216066837
			vertex 0.08585000038146973 0.10964211821556091 0.00279999990016222
			vertex 0.0851665511727333 0.11016654968261719 0.007000000216066837
		endloop
	endfacet
	facet normal 0.6087632148528053 0.7933519699616793 0
		outer loop
			vertex 0.08585000038146973 0.10964211821556091 0.00279999990016222
			vertex 0.0851665511727333 0.11016654968261719 0.00279999990016222
			vertex 0.0851665511727333 0.11016654968261719 0.007000000216066837
		endloop
	endfacet
	facet normal 0.7933519699616793 0.6087632148528053 0
		outer loop
			vertex 0.0851665511727333 0.11016654968261719 0.007000000216066837
			vertex 0.0851665511727333 0.11016654968261719 0.00279999990016222
			vertex 0.08464211970567703 0.11084999889135361 0.007000000216066837
		endloop
	endfacet
	facet normal 0.7933519699616793 0.6087632148528053 0
		outer loop
			vertex 0.0851665511727333 0.11016654968261719 0.00279999990016222
			vertex 0.08464211970567703 0.11084999889135361 0.00279999990016222
			vertex 0.08464211970567703 0.11084999889135361 0.007000000216066837
		endloop
	endfacet
	facet normal 0.9238793783608769 0.3826838045168884 0
		outer loop
			vertex 0.08464211970567703 0.11084999889135361 0.007000000216066837
			vertex 0.08464211970567703 0.11084999889135361 0.00279999990016222
			vertex 0.08431244641542435 0.1116458997130394 0.007000000216066837
		endloop
	endfacet
	facet normal 0.9238793783608769 -0.3826838045168884 0
		outer loop
			vertex 0.08464211970567703 0.11415000259876251 0.007000000216066837
			vertex 0.08431244641542435 0.11335410177707672 0.007000000216066837
			vertex 0.08431244641542435 0.11335410177707672 0.00279999990016222
		endloop
	endfacet
	facet normal 0.9914449908816206 -0.13052520850679908 0
		outer loop
			vertex 0.08431244641542435 0.11335410177707672 0.007000000216066837
			vertex 0.08420000225305557 0.11249999701976776 0.005499999970197678
			vertex 0.08431244641542435 0.11335410177707672 0.00279999990016222
		endloop
	endfacet
	facet normal 0.9914449908816205 -0.13052520850679905 0
		outer loop
			vertex 0.08431244641542435 0.11335410177707672 0.00279999990016222
			vertex 0.08420000225305557 0.11249999701976776 0.005499999970197678
			vertex 0.08420000225305557 0.11249999701976776 0.00279999990016222
		endloop
	endfacet
	facet normal 0.9914448435343904 0.13052632772382797 0
		outer loop
			vertex 0.08420000225305557 0.11249999701976776 0.005499999970197678
			vertex 0.08431244641542435 0.1116458997130394 0.007000000216066837
			vertex 0.08420000225305557 0.11249999701976776 0.00279999990016222
		endloop
	endfacet
	facet normal 0.9914448435343906 0.130526327723828 0
		outer loop
			vertex 0.08420000225305557 0.11249999701976776 0.00279999990016222
			vertex 0.08431244641542435 0.1116458997130394 0.007000000216066837
			vertex 0.08431244641542435 0.1116458997130394 0.00279999990016222
		endloop
	endfacet
	facet normal 0.9238793783608769 0.3826838045168884 0
		outer loop
			vertex 0.08431244641542435 0.1116458997130394 0.007000000216066837
			vertex 0.08464211970567703 0.11084999889135361 0.00279999990016222
			vertex 0.08431244641542435 0.1116458997130394 0.00279999990016222
		endloop
	endfacet
	facet normal 0.9914448435343904 0.13052632772382797 0
		outer loop
			vertex -0.09080000221729279 0.11249999701976776 0.005499999970197678
			vertex -0.09080000221729279 0.11249999701976776 0.007000000216066837
			vertex -0.09068755805492401 0.1116458997130394 0.007000000216066837
		endloop
	endfacet
	facet normal 0.9914449908816205 -0.13052520850679905 0
		outer loop
			vertex -0.09080000221729279 0.11249999701976776 0.007000000216066837
			vertex -0.09080000221729279 0.11249999701976776 0.005499999970197678
			vertex -0.09068755805492401 0.11335410177707672 0.007000000216066837
		endloop
	endfacet
	facet normal 0.9238793783608769 -0.3826838045168884 0
		outer loop
			vertex -0.09068755805492401 0.11335410177707672 0.00279999990016222
			vertex -0.09035788476467133 0.11415000259876251 0.00279999990016222
			vertex -0.09035788476467133 0.11415000259876251 0.007000000216066837
		endloop
	endfacet
	facet normal 0.7933519699616793 -0.6087632148528053 0
		outer loop
			vertex -0.09035788476467133 0.11415000259876251 0.007000000216066837
			vertex -0.09035788476467133 0.11415000259876251 0.00279999990016222
			vertex -0.08983345329761505 0.11483345180749893 0.007000000216066837
		endloop
	endfacet
	facet normal 0.7933519699616793 -0.6087632148528053 0
		outer loop
			vertex -0.09035788476467133 0.11415000259876251 0.00279999990016222
			vertex -0.08983345329761505 0.11483345180749893 0.00279999990016222
			vertex -0.08983345329761505 0.11483345180749893 0.007000000216066837
		endloop
	endfacet
	facet normal 0.6087590378768024 -0.793355175065563 0
		outer loop
			vertex -0.08983345329761505 0.11483345180749893 0.007000000216066837
			vertex -0.08983345329761505 0.11483345180749893 0.00279999990016222
			vertex -0.08914999663829803 0.1153578832745552 0.007000000216066837
		endloop
	endfacet
	facet normal 0.6087590378768024 -0.793355175065563 0
		outer loop
			vertex -0.08983345329761505 0.11483345180749893 0.00279999990016222
			vertex -0.08914999663829803 0.1153578832745552 0.00279999990016222
			vertex -0.08914999663829803 0.1153578832745552 0.007000000216066837
		endloop
	endfacet
	facet normal 0.38268686228795046 -0.923878111783261 0
		outer loop
			vertex -0.08914999663829803 0.1153578832745552 0.007000000216066837
			vertex -0.08914999663829803 0.1153578832745552 0.00279999990016222
			vertex -0.08835410326719284 0.11568755656480789 0.007000000216066837
		endloop
	endfacet
	facet normal 0.38268686228795046 -0.923878111783261 0
		outer loop
			vertex -0.08914999663829803 0.1153578832745552 0.00279999990016222
			vertex -0.08835410326719284 0.11568755656480789 0.00279999990016222
			vertex -0.08835410326719284 0.11568755656480789 0.007000000216066837
		endloop
	endfacet
	facet normal 0.13052520850679908 -0.9914449908816206 0
		outer loop
			vertex -0.08835410326719284 0.11568755656480789 0.007000000216066837
			vertex -0.08835410326719284 0.11568755656480789 0.00279999990016222
			vertex -0.08749999850988388 0.11580000072717667 0.007000000216066837
		endloop
	endfacet
	facet normal 0.13052520850679908 -0.9914449908816206 0
		outer loop
			vertex -0.08835410326719284 0.11568755656480789 0.00279999990016222
			vertex -0.08749999850988388 0.11580000072717667 0.00279999990016222
			vertex -0.08749999850988388 0.11580000072717667 0.007000000216066837
		endloop
	endfacet
	facet normal -0.13052520850679908 -0.9914449908816206 0
		outer loop
			vertex -0.08749999850988388 0.11580000072717667 0.007000000216066837
			vertex -0.08749999850988388 0.11580000072717667 0.00279999990016222
			vertex -0.08664589375257492 0.11568755656480789 0.007000000216066837
		endloop
	endfacet
	facet normal -0.13052520850679908 -0.9914449908816206 0
		outer loop
			vertex -0.08749999850988388 0.11580000072717667 0.00279999990016222
			vertex -0.08664589375257492 0.11568755656480789 0.00279999990016222
			vertex -0.08664589375257492 0.11568755656480789 0.007000000216066837
		endloop
	endfacet
	facet normal -0.38268686228795046 -0.923878111783261 0
		outer loop
			vertex -0.08664589375257492 0.11568755656480789 0.007000000216066837
			vertex -0.08664589375257492 0.11568755656480789 0.00279999990016222
			vertex -0.08585000038146973 0.1153578832745552 0.007000000216066837
		endloop
	endfacet
	facet normal -0.38268686228795046 -0.923878111783261 0
		outer loop
			vertex -0.08664589375257492 0.11568755656480789 0.00279999990016222
			vertex -0.08585000038146973 0.1153578832745552 0.00279999990016222
			vertex -0.08585000038146973 0.1153578832745552 0.007000000216066837
		endloop
	endfacet
	facet normal -0.6087632148528053 -0.7933519699616793 0
		outer loop
			vertex -0.08585000038146973 0.1153578832745552 0.007000000216066837
			vertex -0.08585000038146973 0.1153578832745552 0.00279999990016222
			vertex -0.0851665511727333 0.11483345180749893 0.007000000216066837
		endloop
	endfacet
	facet normal -0.6087632148528053 -0.7933519699616793 0
		outer loop
			vertex -0.08585000038146973 0.1153578832745552 0.00279999990016222
			vertex -0.0851665511727333 0.11483345180749893 0.00279999990016222
			vertex -0.0851665511727333 0.11483345180749893 0.007000000216066837
		endloop
	endfacet
	facet normal -0.7933519699616793 -0.6087632148528053 0
		outer loop
			vertex -0.0851665511727333 0.11483345180749893 0.007000000216066837
			vertex -0.0851665511727333 0.11483345180749893 0.00279999990016222
			vertex -0.08464211970567703 0.11415000259876251 0.007000000216066837
		endloop
	endfacet
	facet normal -0.7933519699616793 -0.6087632148528053 0
		outer loop
			vertex -0.0851665511727333 0.11483345180749893 0.00279999990016222
			vertex -0.08464211970567703 0.11415000259876251 0.00279999990016222
			vertex -0.08464211970567703 0.11415000259876251 0.007000000216066837
		endloop
	endfacet
	facet normal -0.9238793783608769 -0.3826838045168884 0
		outer loop
			vertex -0.08464211970567703 0.11415000259876251 0.007000000216066837
			vertex -0.08464211970567703 0.11415000259876251 0.00279999990016222
			vertex -0.08431244641542435 0.11335410177707672 0.007000000216066837
		endloop
	endfacet
	facet normal -0.9238793783608769 -0.3826838045168884 0
		outer loop
			vertex -0.08464211970567703 0.11415000259876251 0.00279999990016222
			vertex -0.08431244641542435 0.11335410177707672 0.00279999990016222
			vertex -0.08431244641542435 0.11335410177707672 0.007000000216066837
		endloop
	endfacet
	facet normal -0.9914449908816206 -0.13052520850679908 0
		outer loop
			vertex -0.08431244641542435 0.11335410177707672 0.007000000216066837
			vertex -0.08431244641542435 0.11335410177707672 0.00279999990016222
			vertex -0.08420000225305557 0.11249999701976776 0.007000000216066837
		endloop
	endfacet
	facet normal -0.9914449908816206 -0.13052520850679908 0
		outer loop
			vertex -0.08431244641542435 0.11335410177707672 0.00279999990016222
			vertex -0.08420000225305557 0.11249999701976776 0.00279999990016222
			vertex -0.08420000225305557 0.11249999701976776 0.007000000216066837
		endloop
	endfacet
	facet normal -0.9914448435343906 0.130526327723828 0
		outer loop
			vertex -0.08420000225305557 0.11249999701976776 0.007000000216066837
			vertex -0.08420000225305557 0.11249999701976776 0.00279999990016222
			vertex -0.08431244641542435 0.1116458997130394 0.007000000216066837
		endloop
	endfacet
	facet normal -0.9914448435343906 0.130526327723828 0
		outer loop
			vertex -0.08420000225305557 0.11249999701976776 0.00279999990016222
			vertex -0.08431244641542435 0.1116458997130394 0.00279999990016222
			vertex -0.08431244641542435 0.1116458997130394 0.007000000216066837
		endloop
	endfacet
	facet normal -0.9238793783608769 0.3826838045168884 0
		outer loop
			vertex -0.08431244641542435 0.1116458997130394 0.007000000216066837
			vertex -0.08431244641542435 0.1116458997130394 0.00279999990016222
			vertex -0.08464211970567703 0.11084999889135361 0.007000000216066837
		endloop
	endfacet
	facet normal -0.9238793783608769 0.3826838045168884 0
		outer loop
			vertex -0.08431244641542435 0.1116458997130394 0.00279999990016222
			vertex -0.08464211970567703 0.11084999889135361 0.00279999990016222
			vertex -0.08464211970567703 0.11084999889135361 0.007000000216066837
		endloop
	endfacet
	facet normal -0.7933519699616793 0.6087632148528053 0
		outer loop
			vertex -0.08464211970567703 0.11084999889135361 0.007000000216066837
			vertex -0.08464211970567703 0.11084999889135361 0.00279999990016222
			vertex -0.0851665511727333 0.11016654968261719 0.007000000216066837
		endloop
	endfacet
	facet normal -0.7933519699616793 0.6087632148528053 0
		outer loop
			vertex -0.08464211970567703 0.11084999889135361 0.00279999990016222
			vertex -0.0851665511727333 0.11016654968261719 0.00279999990016222
			vertex -0.0851665511727333 0.11016654968261719 0.007000000216066837
		endloop
	endfacet
	facet normal -0.6087632148528053 0.7933519699616793 0
		outer loop
			vertex -0.0851665511727333 0.11016654968261719 0.007000000216066837
			vertex -0.0851665511727333 0.11016654968261719 0.00279999990016222
			vertex -0.08585000038146973 0.10964211821556091 0.007000000216066837
		endloop
	endfacet
	facet normal -0.6087632148528053 0.7933519699616793 0
		outer loop
			vertex -0.0851665511727333 0.11016654968261719 0.00279999990016222
			vertex -0.08585000038146973 0.10964211821556091 0.00279999990016222
			vertex -0.08585000038146973 0.10964211821556091 0.007000000216066837
		endloop
	endfacet
	facet normal -0.38268686228795046 0.923878111783261 0
		outer loop
			vertex -0.08585000038146973 0.10964211821556091 0.007000000216066837
			vertex -0.08585000038146973 0.10964211821556091 0.00279999990016222
			vertex -0.08664589375257492 0.10931244492530823 0.007000000216066837
		endloop
	endfacet
	facet normal -0.38268686228795046 0.923878111783261 0
		outer loop
			vertex -0.08585000038146973 0.10964211821556091 0.00279999990016222
			vertex -0.08664589375257492 0.10931244492530823 0.00279999990016222
			vertex -0.08664589375257492 0.10931244492530823 0.007000000216066837
		endloop
	endfacet
	facet normal -0.13052520850679908 0.9914449908816206 0
		outer loop
			vertex -0.08664589375257492 0.10931244492530823 0.007000000216066837
			vertex -0.08664589375257492 0.10931244492530823 0.00279999990016222
			vertex -0.08749999850988388 0.10920000076293945 0.007000000216066837
		endloop
	endfacet
	facet normal -0.13052520850679908 0.9914449908816206 0
		outer loop
			vertex -0.08664589375257492 0.10931244492530823 0.00279999990016222
			vertex -0.08749999850988388 0.10920000076293945 0.00279999990016222
			vertex -0.08749999850988388 0.10920000076293945 0.007000000216066837
		endloop
	endfacet
	facet normal 0.13052520850679908 0.9914449908816206 0
		outer loop
			vertex -0.08749999850988388 0.10920000076293945 0.007000000216066837
			vertex -0.08749999850988388 0.10920000076293945 0.00279999990016222
			vertex -0.08835410326719284 0.10931244492530823 0.007000000216066837
		endloop
	endfacet
	facet normal 0.13052520850679908 0.9914449908816206 0
		outer loop
			vertex -0.08749999850988388 0.10920000076293945 0.00279999990016222
			vertex -0.08835410326719284 0.10931244492530823 0.00279999990016222
			vertex -0.08835410326719284 0.10931244492530823 0.007000000216066837
		endloop
	endfacet
	facet normal 0.38268686228795046 0.923878111783261 0
		outer loop
			vertex -0.08835410326719284 0.10931244492530823 0.007000000216066837
			vertex -0.08835410326719284 0.10931244492530823 0.00279999990016222
			vertex -0.08914999663829803 0.10964211821556091 0.007000000216066837
		endloop
	endfacet
	facet normal 0.38268686228795046 0.923878111783261 0
		outer loop
			vertex -0.08835410326719284 0.10931244492530823 0.00279999990016222
			vertex -0.08914999663829803 0.10964211821556091 0.00279999990016222
			vertex -0.08914999663829803 0.10964211821556091 0.007000000216066837
		endloop
	endfacet
	facet normal 0.6087590378768024 0.793355175065563 0
		outer loop
			vertex -0.08914999663829803 0.10964211821556091 0.007000000216066837
			vertex -0.08914999663829803 0.10964211821556091 0.00279999990016222
			vertex -0.08983345329761505 0.11016654968261719 0.007000000216066837
		endloop
	endfacet
	facet normal 0.6087590378768024 0.793355175065563 0
		outer loop
			vertex -0.08914999663829803 0.10964211821556091 0.00279999990016222
			vertex -0.08983345329761505 0.11016654968261719 0.00279999990016222
			vertex -0.08983345329761505 0.11016654968261719 0.007000000216066837
		endloop
	endfacet
	facet normal 0.7933519699616793 0.6087632148528053 0
		outer loop
			vertex -0.08983345329761505 0.11016654968261719 0.007000000216066837
			vertex -0.08983345329761505 0.11016654968261719 0.00279999990016222
			vertex -0.09035788476467133 0.11084999889135361 0.007000000216066837
		endloop
	endfacet
	facet normal 0.7933519699616793 0.6087632148528053 0
		outer loop
			vertex -0.08983345329761505 0.11016654968261719 0.00279999990016222
			vertex -0.09035788476467133 0.11084999889135361 0.00279999990016222
			vertex -0.09035788476467133 0.11084999889135361 0.007000000216066837
		endloop
	endfacet
	facet normal 0.9238793783608769 0.3826838045168884 0
		outer loop
			vertex -0.09035788476467133 0.11084999889135361 0.007000000216066837
			vertex -0.09035788476467133 0.11084999889135361 0.00279999990016222
			vertex -0.09068755805492401 0.1116458997130394 0.007000000216066837
		endloop
	endfacet
	facet normal 0.9238793783608769 -0.3826838045168884 0
		outer loop
			vertex -0.09035788476467133 0.11415000259876251 0.007000000216066837
			vertex -0.09068755805492401 0.11335410177707672 0.007000000216066837
			vertex -0.09068755805492401 0.11335410177707672 0.00279999990016222
		endloop
	endfacet
	facet normal 0.9914449908816206 -0.13052520850679908 0
		outer loop
			vertex -0.09068755805492401 0.11335410177707672 0.007000000216066837
			vertex -0.09080000221729279 0.11249999701976776 0.005499999970197678
			vertex -0.09068755805492401 0.11335410177707672 0.00279999990016222
		endloop
	endfacet
	facet normal 0.9914449908816205 -0.13052520850679905 0
		outer loop
			vertex -0.09068755805492401 0.11335410177707672 0.00279999990016222
			vertex -0.09080000221729279 0.11249999701976776 0.005499999970197678
			vertex -0.09080000221729279 0.11249999701976776 0.00279999990016222
		endloop
	endfacet
	facet normal 0.9914448435343904 0.13052632772382797 0
		outer loop
			vertex -0.09080000221729279 0.11249999701976776 0.005499999970197678
			vertex -0.09068755805492401 0.1116458997130394 0.007000000216066837
			vertex -0.09080000221729279 0.11249999701976776 0.00279999990016222
		endloop
	endfacet
	facet normal 0.9914448435343906 0.130526327723828 0
		outer loop
			vertex -0.09080000221729279 0.11249999701976776 0.00279999990016222
			vertex -0.09068755805492401 0.1116458997130394 0.007000000216066837
			vertex -0.09068755805492401 0.1116458997130394 0.00279999990016222
		endloop
	endfacet
	facet normal 0.9238793783608769 0.3826838045168884 0
		outer loop
			vertex -0.09068755805492401 0.1116458997130394 0.007000000216066837
			vertex -0.09035788476467133 0.11084999889135361 0.00279999990016222
			vertex -0.09068755805492401 0.1116458997130394 0.00279999990016222
		endloop
	endfacet
	facet normal 0.9914449908816205 0.13052520850679905 0
		outer loop
			vertex 0.08420000225305557 -0.11249999701976776 0.005499999970197678
			vertex 0.08420000225305557 -0.11249999701976776 0.007000000216066837
			vertex 0.08431244641542435 -0.11335410177707672 0.007000000216066837
		endloop
	endfacet
	facet normal 0.9914448435343904 -0.13052632772382797 0
		outer loop
			vertex 0.08420000225305557 -0.11249999701976776 0.007000000216066837
			vertex 0.08420000225305557 -0.11249999701976776 0.005499999970197678
			vertex 0.08431244641542435 -0.1116458997130394 0.007000000216066837
		endloop
	endfacet
	facet normal 0.9238793783608769 -0.3826838045168884 0
		outer loop
			vertex 0.08431244641542435 -0.1116458997130394 0.00279999990016222
			vertex 0.08464211970567703 -0.11084999889135361 0.00279999990016222
			vertex 0.08464211970567703 -0.11084999889135361 0.007000000216066837
		endloop
	endfacet
	facet normal 0.7933519699616793 -0.6087632148528053 0
		outer loop
			vertex 0.08464211970567703 -0.11084999889135361 0.007000000216066837
			vertex 0.08464211970567703 -0.11084999889135361 0.00279999990016222
			vertex 0.0851665511727333 -0.11016654968261719 0.007000000216066837
		endloop
	endfacet
	facet normal 0.7933519699616793 -0.6087632148528053 0
		outer loop
			vertex 0.08464211970567703 -0.11084999889135361 0.00279999990016222
			vertex 0.0851665511727333 -0.11016654968261719 0.00279999990016222
			vertex 0.0851665511727333 -0.11016654968261719 0.007000000216066837
		endloop
	endfacet
	facet normal 0.6087632148528053 -0.7933519699616793 0
		outer loop
			vertex 0.0851665511727333 -0.11016654968261719 0.007000000216066837
			vertex 0.0851665511727333 -0.11016654968261719 0.00279999990016222
			vertex 0.08585000038146973 -0.10964211821556091 0.007000000216066837
		endloop
	endfacet
	facet normal 0.6087632148528053 -0.7933519699616793 0
		outer loop
			vertex 0.0851665511727333 -0.11016654968261719 0.00279999990016222
			vertex 0.08585000038146973 -0.10964211821556091 0.00279999990016222
			vertex 0.08585000038146973 -0.10964211821556091 0.007000000216066837
		endloop
	endfacet
	facet normal 0.38268686228795046 -0.923878111783261 0
		outer loop
			vertex 0.08585000038146973 -0.10964211821556091 0.007000000216066837
			vertex 0.08585000038146973 -0.10964211821556091 0.00279999990016222
			vertex 0.08664589375257492 -0.10931244492530823 0.007000000216066837
		endloop
	endfacet
	facet normal 0.38268686228795046 -0.923878111783261 0
		outer loop
			vertex 0.08585000038146973 -0.10964211821556091 0.00279999990016222
			vertex 0.08664589375257492 -0.10931244492530823 0.00279999990016222
			vertex 0.08664589375257492 -0.10931244492530823 0.007000000216066837
		endloop
	endfacet
	facet normal 0.13052520850679908 -0.9914449908816206 0
		outer loop
			vertex 0.08664589375257492 -0.10931244492530823 0.007000000216066837
			vertex 0.08664589375257492 -0.10931244492530823 0.00279999990016222
			vertex 0.08749999850988388 -0.10920000076293945 0.007000000216066837
		endloop
	endfacet
	facet normal 0.13052520850679908 -0.9914449908816206 0
		outer loop
			vertex 0.08664589375257492 -0.10931244492530823 0.00279999990016222
			vertex 0.08749999850988388 -0.10920000076293945 0.00279999990016222
			vertex 0.08749999850988388 -0.10920000076293945 0.007000000216066837
		endloop
	endfacet
	facet normal -0.13052520850679908 -0.9914449908816206 0
		outer loop
			vertex 0.08749999850988388 -0.10920000076293945 0.007000000216066837
			vertex 0.08749999850988388 -0.10920000076293945 0.00279999990016222
			vertex 0.08835410326719284 -0.10931244492530823 0.007000000216066837
		endloop
	endfacet
	facet normal -0.13052520850679908 -0.9914449908816206 0
		outer loop
			vertex 0.08749999850988388 -0.10920000076293945 0.00279999990016222
			vertex 0.08835410326719284 -0.10931244492530823 0.00279999990016222
			vertex 0.08835410326719284 -0.10931244492530823 0.007000000216066837
		endloop
	endfacet
	facet normal -0.38268686228795046 -0.923878111783261 0
		outer loop
			vertex 0.08835410326719284 -0.10931244492530823 0.007000000216066837
			vertex 0.08835410326719284 -0.10931244492530823 0.00279999990016222
			vertex 0.08914999663829803 -0.10964211821556091 0.007000000216066837
		endloop
	endfacet
	facet normal -0.38268686228795046 -0.923878111783261 0
		outer loop
			vertex 0.08835410326719284 -0.10931244492530823 0.00279999990016222
			vertex 0.08914999663829803 -0.10964211821556091 0.00279999990016222
			vertex 0.08914999663829803 -0.10964211821556091 0.007000000216066837
		endloop
	endfacet
	facet normal -0.6087590378768024 -0.793355175065563 0
		outer loop
			vertex 0.08914999663829803 -0.10964211821556091 0.007000000216066837
			vertex 0.08914999663829803 -0.10964211821556091 0.00279999990016222
			vertex 0.08983345329761505 -0.11016654968261719 0.007000000216066837
		endloop
	endfacet
	facet normal -0.6087590378768024 -0.793355175065563 0
		outer loop
			vertex 0.08914999663829803 -0.10964211821556091 0.00279999990016222
			vertex 0.08983345329761505 -0.11016654968261719 0.00279999990016222
			vertex 0.08983345329761505 -0.11016654968261719 0.007000000216066837
		endloop
	endfacet
	facet normal -0.7933519699616793 -0.6087632148528053 0
		outer loop
			vertex 0.08983345329761505 -0.11016654968261719 0.007000000216066837
			vertex 0.08983345329761505 -0.11016654968261719 0.00279999990016222
			vertex 0.09035788476467133 -0.11084999889135361 0.007000000216066837
		endloop
	endfacet
	facet normal -0.7933519699616793 -0.6087632148528053 0
		outer loop
			vertex 0.08983345329761505 -0.11016654968261719 0.00279999990016222
			vertex 0.09035788476467133 -0.11084999889135361 0.00279999990016222
			vertex 0.09035788476467133 -0.11084999889135361 0.007000000216066837
		endloop
	endfacet
	facet normal -0.9238793783608769 -0.3826838045168884 0
		outer loop
			vertex 0.09035788476467133 -0.11084999889135361 0.007000000216066837
			vertex 0.09035788476467133 -0.11084999889135361 0.00279999990016222
			vertex 0.09068755805492401 -0.1116458997130394 0.007000000216066837
		endloop
	endfacet
	facet normal -0.9238793783608769 -0.3826838045168884 0
		outer loop
			vertex 0.09035788476467133 -0.11084999889135361 0.00279999990016222
			vertex 0.09068755805492401 -0.1116458997130394 0.00279999990016222
			vertex 0.09068755805492401 -0.1116458997130394 0.007000000216066837
		endloop
	endfacet
	facet normal -0.9914448435343906 -0.130526327723828 0
		outer loop
			vertex 0.09068755805492401 -0.1116458997130394 0.007000000216066837
			vertex 0.09068755805492401 -0.1116458997130394 0.00279999990016222
			vertex 0.09080000221729279 -0.11249999701976776 0.007000000216066837
		endloop
	endfacet
	facet normal -0.9914448435343906 -0.130526327723828 0
		outer loop
			vertex 0.09068755805492401 -0.1116458997130394 0.00279999990016222
			vertex 0.09080000221729279 -0.11249999701976776 0.00279999990016222
			vertex 0.09080000221729279 -0.11249999701976776 0.007000000216066837
		endloop
	endfacet
	facet normal -0.9914449908816206 0.13052520850679908 0
		outer loop
			vertex 0.09080000221729279 -0.11249999701976776 0.007000000216066837
			vertex 0.09080000221729279 -0.11249999701976776 0.00279999990016222
			vertex 0.09068755805492401 -0.11335410177707672 0.007000000216066837
		endloop
	endfacet
	facet normal -0.9914449908816206 0.13052520850679908 0
		outer loop
			vertex 0.09080000221729279 -0.11249999701976776 0.00279999990016222
			vertex 0.09068755805492401 -0.11335410177707672 0.00279999990016222
			vertex 0.09068755805492401 -0.11335410177707672 0.007000000216066837
		endloop
	endfacet
	facet normal -0.9238793783608769 0.3826838045168884 0
		outer loop
			vertex 0.09068755805492401 -0.11335410177707672 0.007000000216066837
			vertex 0.09068755805492401 -0.11335410177707672 0.00279999990016222
			vertex 0.09035788476467133 -0.11415000259876251 0.007000000216066837
		endloop
	endfacet
	facet normal -0.9238793783608769 0.3826838045168884 0
		outer loop
			vertex 0.09068755805492401 -0.11335410177707672 0.00279999990016222
			vertex 0.09035788476467133 -0.11415000259876251 0.00279999990016222
			vertex 0.09035788476467133 -0.11415000259876251 0.007000000216066837
		endloop
	endfacet
	facet normal -0.7933519699616793 0.6087632148528053 0
		outer loop
			vertex 0.09035788476467133 -0.11415000259876251 0.007000000216066837
			vertex 0.09035788476467133 -0.11415000259876251 0.00279999990016222
			vertex 0.08983345329761505 -0.11483345180749893 0.007000000216066837
		endloop
	endfacet
	facet normal -0.7933519699616793 0.6087632148528053 0
		outer loop
			vertex 0.09035788476467133 -0.11415000259876251 0.00279999990016222
			vertex 0.08983345329761505 -0.11483345180749893 0.00279999990016222
			vertex 0.08983345329761505 -0.11483345180749893 0.007000000216066837
		endloop
	endfacet
	facet normal -0.6087590378768024 0.793355175065563 0
		outer loop
			vertex 0.08983345329761505 -0.11483345180749893 0.007000000216066837
			vertex 0.08983345329761505 -0.11483345180749893 0.00279999990016222
			vertex 0.08914999663829803 -0.1153578832745552 0.007000000216066837
		endloop
	endfacet
	facet normal -0.6087590378768024 0.793355175065563 0
		outer loop
			vertex 0.08983345329761505 -0.11483345180749893 0.00279999990016222
			vertex 0.08914999663829803 -0.1153578832745552 0.00279999990016222
			vertex 0.08914999663829803 -0.1153578832745552 0.007000000216066837
		endloop
	endfacet
	facet normal -0.38268686228795046 0.923878111783261 0
		outer loop
			vertex 0.08914999663829803 -0.1153578832745552 0.007000000216066837
			vertex 0.08914999663829803 -0.1153578832745552 0.00279999990016222
			vertex 0.08835410326719284 -0.11568755656480789 0.007000000216066837
		endloop
	endfacet
	facet normal -0.38268686228795046 0.923878111783261 0
		outer loop
			vertex 0.08914999663829803 -0.1153578832745552 0.00279999990016222
			vertex 0.08835410326719284 -0.11568755656480789 0.00279999990016222
			vertex 0.08835410326719284 -0.11568755656480789 0.007000000216066837
		endloop
	endfacet
	facet normal -0.13052520850679908 0.9914449908816206 0
		outer loop
			vertex 0.08835410326719284 -0.11568755656480789 0.007000000216066837
			vertex 0.08835410326719284 -0.11568755656480789 0.00279999990016222
			vertex 0.08749999850988388 -0.11580000072717667 0.007000000216066837
		endloop
	endfacet
	facet normal -0.13052520850679908 0.9914449908816206 0
		outer loop
			vertex 0.08835410326719284 -0.11568755656480789 0.00279999990016222
			vertex 0.08749999850988388 -0.11580000072717667 0.00279999990016222
			vertex 0.08749999850988388 -0.11580000072717667 0.007000000216066837
		endloop
	endfacet
	facet normal 0.13052520850679908 0.9914449908816206 0
		outer loop
			vertex 0.08749999850988388 -0.11580000072717667 0.007000000216066837
			vertex 0.08749999850988388 -0.11580000072717667 0.00279999990016222
			vertex 0.08664589375257492 -0.11568755656480789 0.007000000216066837
		endloop
	endfacet
	facet normal 0.13052520850679908 0.9914449908816206 0
		outer loop
			vertex 0.08749999850988388 -0.11580000072717667 0.00279999990016222
			vertex 0.08664589375257492 -0.11568755656480789 0.00279999990016222
			vertex 0.08664589375257492 -0.11568755656480789 0.007000000216066837
		endloop
	endfacet
	facet normal 0.38268686228795046 0.923878111783261 0
		outer loop
			vertex 0.08664589375257492 -0.11568755656480789 0.007000000216066837
			vertex 0.08664589375257492 -0.11568755656480789 0.00279999990016222
			vertex 0.08585000038146973 -0.1153578832745552 0.007000000216066837
		endloop
	endfacet
	facet normal 0.38268686228795046 0.923878111783261 0
		outer loop
			vertex 0.08664589375257492 -0.11568755656480789 0.00279999990016222
			vertex 0.08585000038146973 -0.1153578832745552 0.00279999990016222
			vertex 0.08585000038146973 -0.1153578832745552 0.007000000216066837
		endloop
	endfacet
	facet normal 0.6087632148528053 0.7933519699616793 0
		outer loop
			vertex 0.08585000038146973 -0.1153578832745552 0.007000000216066837
			vertex 0.08585000038146973 -0.1153578832745552 0.00279999990016222
			vertex 0.0851665511727333 -0.11483345180749893 0.007000000216066837
		endloop
	endfacet
	facet normal 0.6087632148528053 0.7933519699616793 0
		outer loop
			vertex 0.08585000038146973 -0.1153578832745552 0.00279999990016222
			vertex 0.0851665511727333 -0.11483345180749893 0.00279999990016222
			vertex 0.0851665511727333 -0.11483345180749893 0.007000000216066837
		endloop
	endfacet
	facet normal 0.7933519699616793 0.6087632148528053 0
		outer loop
			vertex 0.0851665511727333 -0.11483345180749893 0.007000000216066837
			vertex 0.0851665511727333 -0.11483345180749893 0.00279999990016222
			vertex 0.08464211970567703 -0.11415000259876251 0.007000000216066837
		endloop
	endfacet
	facet normal 0.7933519699616793 0.6087632148528053 0
		outer loop
			vertex 0.0851665511727333 -0.11483345180749893 0.00279999990016222
			vertex 0.08464211970567703 -0.11415000259876251 0.00279999990016222
			vertex 0.08464211970567703 -0.11415000259876251 0.007000000216066837
		endloop
	endfacet
	facet normal 0.9238793783608769 0.3826838045168884 0
		outer loop
			vertex 0.08464211970567703 -0.11415000259876251 0.007000000216066837
			vertex 0.08464211970567703 -0.11415000259876251 0.00279999990016222
			vertex 0.08431244641542435 -0.11335410177707672 0.007000000216066837
		endloop
	endfacet
	facet normal 0.9238793783608769 -0.3826838045168884 0
		outer loop
			vertex 0.08464211970567703 -0.11084999889135361 0.007000000216066837
			vertex 0.08431244641542435 -0.1116458997130394 0.007000000216066837
			vertex 0.08431244641542435 -0.1116458997130394 0.00279999990016222
		endloop
	endfacet
	facet normal 0.9914448435343906 -0.130526327723828 0
		outer loop
			vertex 0.08431244641542435 -0.1116458997130394 0.007000000216066837
			vertex 0.08420000225305557 -0.11249999701976776 0.005499999970197678
			vertex 0.08431244641542435 -0.1116458997130394 0.00279999990016222
		endloop
	endfacet
	facet normal 0.9914448435343904 -0.13052632772382797 0
		outer loop
			vertex 0.08431244641542435 -0.1116458997130394 0.00279999990016222
			vertex 0.08420000225305557 -0.11249999701976776 0.005499999970197678
			vertex 0.08420000225305557 -0.11249999701976776 0.00279999990016222
		endloop
	endfacet
	facet normal 0.9914449908816205 0.13052520850679905 0
		outer loop
			vertex 0.08420000225305557 -0.11249999701976776 0.005499999970197678
			vertex 0.08431244641542435 -0.11335410177707672 0.007000000216066837
			vertex 0.08420000225305557 -0.11249999701976776 0.00279999990016222
		endloop
	endfacet
	facet normal 0.9914449908816206 0.13052520850679908 0
		outer loop
			vertex 0.08420000225305557 -0.11249999701976776 0.00279999990016222
			vertex 0.08431244641542435 -0.11335410177707672 0.007000000216066837
			vertex 0.08431244641542435 -0.11335410177707672 0.00279999990016222
		endloop
	endfacet
	facet normal 0.9238793783608769 0.3826838045168884 0
		outer loop
			vertex 0.08431244641542435 -0.11335410177707672 0.007000000216066837
			vertex 0.08464211970567703 -0.11415000259876251 0.00279999990016222
			vertex 0.08431244641542435 -0.11335410177707672 0.00279999990016222
		endloop
	endfacet
	facet normal 0.9914449908816205 0.13052520850679905 0
		outer loop
			vertex -0.09080000221729279 -0.11249999701976776 0.005499999970197678
			vertex -0.09080000221729279 -0.11249999701976776 0.007000000216066837
			vertex -0.09068755805492401 -0.11335410177707672 0.007000000216066837
		endloop
	endfacet
	facet normal 0.9914448435343904 -0.13052632772382797 0
		outer loop
			vertex -0.09080000221729279 -0.11249999701976776 0.007000000216066837
			vertex -0.09080000221729279 -0.11249999701976776 0.005499999970197678
			vertex -0.09068755805492401 -0.1116458997130394 0.007000000216066837
		endloop
	endfacet
	facet normal 0.9238793783608769 -0.3826838045168884 0
		outer loop
			vertex -0.09068755805492401 -0.1116458997130394 0.00279999990016222
			vertex -0.09035788476467133 -0.11084999889135361 0.00279999990016222
			vertex -0.09035788476467133 -0.11084999889135361 0.007000000216066837
		endloop
	endfacet
	facet normal 0.7933519699616793 -0.6087632148528053 0
		outer loop
			vertex -0.09035788476467133 -0.11084999889135361 0.007000000216066837
			vertex -0.09035788476467133 -0.11084999889135361 0.00279999990016222
			vertex -0.08983345329761505 -0.11016654968261719 0.007000000216066837
		endloop
	endfacet
	facet normal 0.7933519699616793 -0.6087632148528053 0
		outer loop
			vertex -0.09035788476467133 -0.11084999889135361 0.00279999990016222
			vertex -0.08983345329761505 -0.11016654968261719 0.00279999990016222
			vertex -0.08983345329761505 -0.11016654968261719 0.007000000216066837
		endloop
	endfacet
	facet normal 0.6087590378768024 -0.793355175065563 0
		outer loop
			vertex -0.08983345329761505 -0.11016654968261719 0.007000000216066837
			vertex -0.08983345329761505 -0.11016654968261719 0.00279999990016222
			vertex -0.08914999663829803 -0.10964211821556091 0.007000000216066837
		endloop
	endfacet
	facet normal 0.6087590378768024 -0.793355175065563 0
		outer loop
			vertex -0.08983345329761505 -0.11016654968261719 0.00279999990016222
			vertex -0.08914999663829803 -0.10964211821556091 0.00279999990016222
			vertex -0.08914999663829803 -0.10964211821556091 0.007000000216066837
		endloop
	endfacet
	facet normal 0.38268686228795046 -0.923878111783261 0
		outer loop
			vertex -0.08914999663829803 -0.10964211821556091 0.007000000216066837
			vertex -0.08914999663829803 -0.10964211821556091 0.00279999990016222
			vertex -0.08835410326719284 -0.10931244492530823 0.007000000216066837
		endloop
	endfacet
	facet normal 0.38268686228795046 -0.923878111783261 0
		outer loop
			vertex -0.08914999663829803 -0.10964211821556091 0.00279999990016222
			vertex -0.08835410326719284 -0.10931244492530823 0.00279999990016222
			vertex -0.08835410326719284 -0.10931244492530823 0.007000000216066837
		endloop
	endfacet
	facet normal 0.13052520850679908 -0.9914449908816206 0
		outer loop
			vertex -0.08835410326719284 -0.10931244492530823 0.007000000216066837
			vertex -0.08835410326719284 -0.10931244492530823 0.00279999990016222
			vertex -0.08749999850988388 -0.10920000076293945 0.007000000216066837
		endloop
	endfacet
	facet normal 0.13052520850679908 -0.9914449908816206 0
		outer loop
			vertex -0.08835410326719284 -0.10931244492530823 0.00279999990016222
			vertex -0.08749999850988388 -0.10920000076293945 0.00279999990016222
			vertex -0.08749999850988388 -0.10920000076293945 0.007000000216066837
		endloop
	endfacet
	facet normal -0.13052520850679908 -0.9914449908816206 0
		outer loop
			vertex -0.08749999850988388 -0.10920000076293945 0.007000000216066837
			vertex -0.08749999850988388 -0.10920000076293945 0.00279999990016222
			vertex -0.08664589375257492 -0.10931244492530823 0.007000000216066837
		endloop
	endfacet
	facet normal -0.13052520850679908 -0.9914449908816206 0
		outer loop
			vertex -0.08749999850988388 -0.10920000076293945 0.00279999990016222
			vertex -0.08664589375257492 -0.10931244492530823 0.00279999990016222
			vertex -0.08664589375257492 -0.10931244492530823 0.007000000216066837
		endloop
	endfacet
	facet normal -0.38268686228795046 -0.923878111783261 0
		outer loop
			vertex -0.08664589375257492 -0.10931244492530823 0.007000000216066837
			vertex -0.08664589375257492 -0.10931244492530823 0.00279999990016222
			vertex -0.08585000038146973 -0.10964211821556091 0.007000000216066837
		endloop
	endfacet
	facet normal -0.38268686228795046 -0.923878111783261 0
		outer loop
			vertex -0.08664589375257492 -0.10931244492530823 0.00279999990016222
			vertex -0.08585000038146973 -0.10964211821556091 0.00279999990016222
			vertex -0.08585000038146973 -0.10964211821556091 0.007000000216066837
		endloop
	endfacet
	facet normal -0.6087632148528053 -0.7933519699616793 0
		outer loop
			vertex -0.08585000038146973 -0.10964211821556091 0.007000000216066837
			vertex -0.08585000038146973 -0.10964211821556091 0.00279999990016222
			vertex -0.0851665511727333 -0.11016654968261719 0.007000000216066837
		endloop
	endfacet
	facet normal -0.6087632148528053 -0.7933519699616793 0
		outer loop
			vertex -0.08585000038146973 -0.10964211821556091 0.00279999990016222
			vertex -0.0851665511727333 -0.11016654968261719 0.00279999990016222
			vertex -0.0851665511727333 -0.11016654968261719 0.007000000216066837
		endloop
	endfacet
	facet normal -0.7933519699616793 -0.6087632148528053 0
		outer loop
			vertex -0.0851665511727333 -0.11016654968261719 0.007000000216066837
			vertex -0.0851665511727333 -0.11016654968261719 0.00279999990016222
			vertex -0.08464211970567703 -0.11084999889135361 0.007000000216066837
		endloop
	endfacet
	facet normal -0.7933519699616793 -0.6087632148528053 0
		outer loop
			vertex -0.0851665511727333 -0.11016654968261719 0.00279999990016222
			vertex -0.08464211970567703 -0.11084999889135361 0.00279999990016222
			vertex -0.08464211970567703 -0.11084999889135361 0.007000000216066837
		endloop
	endfacet
	facet normal -0.9238793783608769 -0.3826838045168884 0
		outer loop
			vertex -0.08464211970567703 -0.11084999889135361 0.007000000216066837
			vertex -0.08464211970567703 -0.11084999889135361 0.00279999990016222
			vertex -0.08431244641542435 -0.1116458997130394 0.007000000216066837
		endloop
	endfacet
	facet normal -0.9238793783608769 -0.3826838045168884 0
		outer loop
			vertex -0.08464211970567703 -0.11084999889135361 0.00279999990016222
			vertex -0.08431244641542435 -0.1116458997130394 0.00279999990016222
			vertex -0.08431244641542435 -0.1116458997130394 0.007000000216066837
		endloop
	endfacet
	facet normal -0.9914448435343906 -0.130526327723828 0
		outer loop
			vertex -0.08431244641542435 -0.1116458997130394 0.007000000216066837
			vertex -0.08431244641542435 -0.1116458997130394 0.00279999990016222
			vertex -0.08420000225305557 -0.11249999701976776 0.007000000216066837
		endloop
	endfacet
	facet normal -0.9914448435343906 -0.130526327723828 0
		outer loop
			vertex -0.08431244641542435 -0.1116458997130394 0.00279999990016222
			vertex -0.08420000225305557 -0.11249999701976776 0.00279999990016222
			vertex -0.08420000225305557 -0.11249999701976776 0.007000000216066837
		endloop
	endfacet
	facet normal -0.9914449908816206 0.13052520850679908 0
		outer loop
			vertex -0.08420000225305557 -0.11249999701976776 0.007000000216066837
			vertex -0.08420000225305557 -0.11249999701976776 0.00279999990016222
			vertex -0.08431244641542435 -0.11335410177707672 0.007000000216066837
		endloop
	endfacet
	facet normal -0.9914449908816206 0.13052520850679908 0
		outer loop
			vertex -0.08420000225305557 -0.11249999701976776 0.00279999990016222
			vertex -0.08431244641542435 -0.11335410177707672 0.00279999990016222
			vertex -0.08431244641542435 -0.11335410177707672 0.007000000216066837
		endloop
	endfacet
	facet normal -0.9238793783608769 0.3826838045168884 0
		outer loop
			vertex -0.08431244641542435 -0.11335410177707672 0.007000000216066837
			vertex -0.08431244641542435 -0.11335410177707672 0.00279999990016222
			vertex -0.08464211970567703 -0.11415000259876251 0.007000000216066837
		endloop
	endfacet
	facet normal -0.9238793783608769 0.3826838045168884 0
		outer loop
			vertex -0.08431244641542435 -0.11335410177707672 0.00279999990016222
			vertex -0.08464211970567703 -0.11415000259876251 0.00279999990016222
			vertex -0.08464211970567703 -0.11415000259876251 0.007000000216066837
		endloop
	endfacet
	facet normal -0.7933519699616793 0.6087632148528053 0
		outer loop
			vertex -0.08464211970567703 -0.11415000259876251 0.007000000216066837
			vertex -0.08464211970567703 -0.11415000259876251 0.00279999990016222
			vertex -0.0851665511727333 -0.11483345180749893 0.007000000216066837
		endloop
	endfacet
	facet normal -0.7933519699616793 0.6087632148528053 0
		outer loop
			vertex -0.08464211970567703 -0.11415000259876251 0.00279999990016222
			vertex -0.0851665511727333 -0.11483345180749893 0.00279999990016222
			vertex -0.0851665511727333 -0.11483345180749893 0.007000000216066837
		endloop
	endfacet
	facet normal -0.6087632148528053 0.7933519699616793 0
		outer loop
			vertex -0.0851665511727333 -0.11483345180749893 0.007000000216066837
			vertex -0.0851665511727333 -0.11483345180749893 0.00279999990016222
			vertex -0.08585000038146973 -0.1153578832745552 0.007000000216066837
		endloop
	endfacet
	facet normal -0.6087632148528053 0.7933519699616793 0
		outer loop
			vertex -0.0851665511727333 -0.11483345180749893 0.00279999990016222
			vertex -0.08585000038146973 -0.1153578832745552 0.00279999990016222
			vertex -0.08585000038146973 -0.1153578832745552 0.007000000216066837
		endloop
	endfacet
	facet normal -0.38268686228795046 0.923878111783261 0
		outer loop
			vertex -0.08585000038146973 -0.1153578832745552 0.007000000216066837
			vertex -0.08585000038146973 -0.1153578832745552 0.00279999990016222
			vertex -0.08664589375257492 -0.11568755656480789 0.007000000216066837
		endloop
	endfacet
	facet normal -0.38268686228795046 0.923878111783261 0
		outer loop
			vertex -0.08585000038146973 -0.1153578832745552 0.00279999990016222
			vertex -0.08664589375257492 -0.11568755656480789 0.00279999990016222
			vertex -0.08664589375257492 -0.11568755656480789 0.007000000216066837
		endloop
	endfacet
	facet normal -0.13052520850679908 0.9914449908816206 0
		outer loop
			vertex -0.08664589375257492 -0.11568755656480789 0.007000000216066837
			vertex -0.08664589375257492 -0.11568755656480789 0.00279999990016222
			vertex -0.08749999850988388 -0.11580000072717667 0.007000000216066837
		endloop
	endfacet
	facet normal -0.13052520850679908 0.9914449908816206 0
		outer loop
			vertex -0.08664589375257492 -0.11568755656480789 0.00279999990016222
			vertex -0.08749999850988388 -0.11580000072717667 0.00279999990016222
			vertex -0.08749999850988388 -0.11580000072717667 0.007000000216066837
		endloop
	endfacet
	facet normal 0.13052520850679908 0.9914449908816206 0
		outer loop
			vertex -0.08749999850988388 -0.11580000072717667 0.007000000216066837
			vertex -0.08749999850988388 -0.11580000072717667 0.00279999990016222
			vertex -0.08835410326719284 -0.11568755656480789 0.007000000216066837
		endloop
	endfacet
	facet normal 0.13052520850679908 0.9914449908816206 0
		outer loop
			vertex -0.08749999850988388 -0.11580000072717667 0.00279999990016222
			vertex -0.08835410326719284 -0.11568755656480789 0.00279999990016222
			vertex -0.08835410326719284 -0.11568755656480789 0.007000000216066837
		endloop
	endfacet
	facet normal 0.38268686228795046 0.923878111783261 0
		outer loop
			vertex -0.08835410326719284 -0.11568755656480789 0.007000000216066837
			vertex -0.08835410326719284 -0.11568755656480789 0.00279999990016222
			vertex -0.08914999663829803 -0.1153578832745552 0.007000000216066837
		endloop
	endfacet
	facet normal 0.38268686228795046 0.923878111783261 0
		outer loop
			vertex -0.08835410326719284 -0.11568755656480789 0.00279999990016222
			vertex -0.08914999663829803 -0.1153578832745552 0.00279999990016222
			vertex -0.08914999663829803 -0.1153578832745552 0.007000000216066837
		endloop
	endfacet
	facet normal 0.6087590378768024 0.793355175065563 0
		outer loop
			vertex -0.08914999663829803 -0.1153578832745552 0.007000000216066837
			vertex -0.08914999663829803 -0.1153578832745552 0.00279999990016222
			vertex -0.08983345329761505 -0.11483345180749893 0.007000000216066837
		endloop
	endfacet
	facet normal 0.6087590378768024 0.793355175065563 0
		outer loop
			vertex -0.08914999663829803 -0.1153578832745552 0.00279999990016222
			vertex -0.08983345329761505 -0.11483345180749893 0.00279999990016222
			vertex -0.08983345329761505 -0.11483345180749893 0.007000000216066837
		endloop
	endfacet
	facet normal 0.7933519699616793 0.6087632148528053 0
		outer loop
			vertex -0.08983345329761505 -0.11483345180749893 0.007000000216066837
			vertex -0.08983345329761505 -0.11483345180749893 0.00279999990016222
			vertex -0.09035788476467133 -0.11415000259876251 0.007000000216066837
		endloop
	endfacet
	facet normal 0.7933519699616793 0.6087632148528053 0
		outer loop
			vertex -0.08983345329761505 -0.11483345180749893 0.00279999990016222
			vertex -0.09035788476467133 -0.11415000259876251 0.00279999990016222
			vertex -0.09035788476467133 -0.11415000259876251 0.007000000216066837
		endloop
	endfacet
	facet normal 0.9238793783608769 0.3826838045168884 0
		outer loop
			vertex -0.09035788476467133 -0.11415000259876251 0.007000000216066837
			vertex -0.09035788476467133 -0.11415000259876251 0.00279999990016222
			vertex -0.09068755805492401 -0.11335410177707672 0.007000000216066837
		endloop
	endfacet
	facet normal 0.9238793783608769 -0.3826838045168884 0
		outer loop
			vertex -0.09035788476467133 -0.11084999889135361 0.007000000216066837
			vertex -0.09068755805492401 -0.1116458997130394 0.007000000216066837
			vertex -0.09068755805492401 -0.1116458997130394 0.00279999990016222
		endloop
	endfacet
	facet normal 0.9914448435343906 -0.130526327723828 0
		outer loop
			vertex -0.09068755805492401 -0.1116458997130394 0.007000000216066837
			vertex -0.09080000221729279 -0.11249999701976776 0.005499999970197678
			vertex -0.09068755805492401 -0.1116458997130394 0.00279999990016222
		endloop
	endfacet
	facet normal 0.9914448435343904 -0.13052632772382797 0
		outer loop
			vertex -0.09068755805492401 -0.1116458997130394 0.00279999990016222
			vertex -0.09080000221729279 -0.11249999701976776 0.005499999970197678
			vertex -0.09080000221729279 -0.11249999701976776 0.00279999990016222
		endloop
	endfacet
	facet normal 0.9914449908816205 0.13052520850679905 0
		outer loop
			vertex -0.09080000221729279 -0.11249999701976776 0.005499999970197678
			vertex -0.09068755805492401 -0.11335410177707672 0.007000000216066837
			vertex -0.09080000221729279 -0.11249999701976776 0.00279999990016222
		endloop
	endfacet
	facet normal 0.9914449908816206 0.13052520850679908 0
		outer loop
			vertex -0.09080000221729279 -0.11249999701976776 0.00279999990016222
			vertex -0.09068755805492401 -0.11335410177707672 0.007000000216066837
			vertex -0.09068755805492401 -0.11335410177707672 0.00279999990016222
		endloop
	endfacet
	facet normal 0.9238793783608769 0.3826838045168884 0
		outer loop
			vertex -0.09068755805492401 -0.11335410177707672 0.007000000216066837
			vertex -0.09035788476467133 -0.11415000259876251 0.00279999990016222
			vertex -0.09068755805492401 -0.11335410177707672 0.00279999990016222
		endloop
	endfacet
	facet normal 0.7071095937258416 0 -0.7071039686360665
		outer loop
			vertex 0.10499999672174454 -0.11699999868869781 0.0003000000142492354
			vertex 0.1046999990940094 -0.11699999868869781 1.6805133673525319e-18
			vertex 0.10499999672174454 0.11699999868869781 0.0003000000142492354
		endloop
	endfacet
	facet normal 0.7071095937258423 -1.801940244266521e-18 -0.7071039686360658
		outer loop
			vertex 0.1046999990940094 -0.11699999868869781 1.6805133673525319e-18
			vertex 0.1046999990940094 0.11699999868869781 1.0842021724855044e-18
			vertex 0.10499999672174454 0.11699999868869781 0.0003000000142492354
		endloop
	endfacet
	facet normal 0.09269257787834269 0.7040653281958876 -0.7040597273233888
		outer loop
			vertex 0.09700000286102295 0.12470000237226486 2.5478751053409354e-18
			vertex 0.09700000286102295 0.125 0.0003000000142492354
			vertex 0.09907054901123047 0.12472740560770035 0.0003000000142492354
		endloop
	endfacet
	facet normal 0.09269252068931112 0.7040656967638509 -0.7040593662814912
		outer loop
			vertex 0.09700000286102295 0.12470000237226486 2.5478751053409354e-18
			vertex 0.09907054901123047 0.12472740560770035 0.0003000000142492354
			vertex 0.09899290651082993 0.12443763017654419 2.5478751053409354e-18
		endloop
	endfacet
	facet normal 0.27175812021867857 0.656086076040819 -0.7040586516197148
		outer loop
			vertex 0.09907054901123047 0.12472740560770035 0.0003000000142492354
			vertex 0.10100000351667404 0.12392820417881012 0.0003000000142492354
			vertex 0.09899290651082993 0.12443763017654419 2.5478751053409354e-18
		endloop
	endfacet
	facet normal 0.2717573581605173 0.6560790382904717 -0.7040655039138519
		outer loop
			vertex 0.09899290651082993 0.12443763017654419 2.5478751053409354e-18
			vertex 0.10100000351667404 0.12392820417881012 0.0003000000142492354
			vertex 0.10085000097751617 0.12366839498281479 2.5478751053409354e-18
		endloop
	endfacet
	facet normal 0.4323035624704107 0.5633870176549622 -0.7040658337209945
		outer loop
			vertex 0.10100000351667404 0.12392820417881012 0.0003000000142492354
			vertex 0.10265685617923737 0.12265685200691223 0.0003000000142492354
			vertex 0.10085000097751617 0.12366839498281479 2.5478751053409354e-18
		endloop
	endfacet
	facet normal 0.4323042016471397 0.5633886672504933 -0.7040641212644928
		outer loop
			vertex 0.10085000097751617 0.12366839498281479 2.5478751053409354e-18
			vertex 0.10265685617923737 0.12265685200691223 0.0003000000142492354
			vertex 0.10244472324848175 0.12244471907615662 2.5478751053409354e-18
		endloop
	endfacet
	facet normal 0.5633896665172783 0.43230306155486276 -0.7040640216854165
		outer loop
			vertex 0.10265685617923737 0.12265685200691223 0.0003000000142492354
			vertex 0.10392820090055466 0.12099999934434891 0.0003000000142492354
			vertex 0.10244472324848175 0.12244471907615662 2.5478751053409354e-18
		endloop
	endfacet
	facet normal 0.5633928446128106 0.43230740705645404 -0.704058810358347
		outer loop
			vertex 0.10244472324848175 0.12244471907615662 2.5478751053409354e-18
			vertex 0.10392820090055466 0.12099999934434891 0.0003000000142492354
			vertex 0.10366839915513992 0.12084999680519104 2.5478751053409354e-18
		endloop
	endfacet
	facet normal 0.6560859796870632 0.2717616631877231 -0.704057373854936
		outer loop
			vertex 0.10392820090055466 0.12099999934434891 0.0003000000142492354
			vertex 0.10472740978002548 0.11907055228948593 0.0003000000142492354
			vertex 0.10366839915513992 0.12084999680519104 2.5478751053409354e-18
		endloop
	endfacet
	facet normal 0.6560783674431862 0.27175553839980227 -0.7040668314315888
		outer loop
			vertex 0.10366839915513992 0.12084999680519104 2.5478751053409354e-18
			vertex 0.10472740978002548 0.11907055228948593 0.0003000000142492354
			vertex 0.10443762689828873 0.11899290978908539 2.5478751053409354e-18
		endloop
	endfacet
	facet normal 0.7040575635521205 0.0926886886530213 -0.7040680039604379
		outer loop
			vertex 0.10472740978002548 0.11907055228948593 0.0003000000142492354
			vertex 0.10499999672174454 0.11699999868869781 0.0003000000142492354
			vertex 0.10443762689828873 0.11899290978908539 2.5478751053409354e-18
		endloop
	endfacet
	facet normal 0.7040653577101832 0.09269212951714534 -0.7040597568374496
		outer loop
			vertex 0.10443762689828873 0.11899290978908539 2.5478751053409354e-18
			vertex 0.10499999672174454 0.11699999868869781 0.0003000000142492354
			vertex 0.1046999990940094 0.11699999868869781 2.5478751053409354e-18
		endloop
	endfacet
	facet normal 0.7040655152991654 -0.09268973549499024 -0.7040599144251783
		outer loop
			vertex 0.1046999990940094 -0.11699999868869781 2.656295322589486e-18
			vertex 0.10499999672174454 -0.11699999868869781 0.0003000000142492354
			vertex 0.10472740978002548 -0.11907055228948593 0.0003000000142492354
		endloop
	endfacet
	facet normal 0.7040570961756578 -0.09269104186353498 -0.7040681615319307
		outer loop
			vertex 0.1046999990940094 -0.11699999868869781 2.656295322589486e-18
			vertex 0.10472740978002548 -0.11907055228948593 0.0003000000142492354
			vertex 0.10443762689828873 -0.11899290978908539 2.656295322589486e-18
		endloop
	endfacet
	facet normal 0.6560774823522263 -0.271758143451104 -0.7040666506932235
		outer loop
			vertex 0.10472740978002548 -0.11907055228948593 0.0003000000142492354
			vertex 0.10392820090055466 -0.12099999934434891 0.0003000000142492354
			vertex 0.10443762689828873 -0.11899290978908539 2.656295322589486e-18
		endloop
	endfacet
	facet normal 0.6560871958987422 -0.27175919525211123 -0.7040571931126407
		outer loop
			vertex 0.10443762689828873 -0.11899290978908539 2.656295322589486e-18
			vertex 0.10392820090055466 -0.12099999934434891 0.0003000000142492354
			vertex 0.10366839915513992 -0.12084999680519104 2.656295322589486e-18
		endloop
	endfacet
	facet normal 0.5633936872456454 -0.4323061467608686 -0.7040589099248203
		outer loop
			vertex 0.10392820090055466 -0.12099999934434891 0.0003000000142492354
			vertex 0.10265685617923737 -0.12265685200691223 0.0003000000142492354
			vertex 0.10366839915513992 -0.12084999680519104 2.656295322589486e-18
		endloop
	endfacet
	facet normal 0.5633886672504932 -0.43230420164713956 -0.7040641212644929
		outer loop
			vertex 0.10366839915513992 -0.12084999680519104 2.656295322589486e-18
			vertex 0.10265685617923737 -0.12265685200691223 0.0003000000142492354
			vertex 0.10244472324848175 -0.12244471907615662 2.656295322589486e-18
		endloop
	endfacet
	facet normal 0.43230457628893393 -0.5633883388844034 -0.7040641539864942
		outer loop
			vertex 0.10265685617923737 -0.12265685200691223 0.0003000000142492354
			vertex 0.10100000351667404 -0.12392820417881012 0.0003000000142492354
			vertex 0.10244472324848175 -0.12244471907615662 2.656295322589486e-18
		endloop
	endfacet
	facet normal 0.43230314833063405 -0.5633872945444682 -0.7040658664423993
		outer loop
			vertex 0.10244472324848175 -0.12244471907615662 2.656295322589486e-18
			vertex 0.10100000351667404 -0.12392820417881012 0.0003000000142492354
			vertex 0.10085000097751617 -0.12366839498281479 2.656295322589486e-18
		endloop
	endfacet
	facet normal 0.2717555700901477 -0.6560799194489946 -0.7040653729738309
		outer loop
			vertex 0.10100000351667404 -0.12392820417881012 0.0003000000142492354
			vertex 0.09907054901123047 -0.12472740560770035 0.0003000000142492354
			vertex 0.10085000097751617 -0.12366839498281479 2.656295322589486e-18
		endloop
	endfacet
	facet normal 0.2717600076673875 -0.6560854347535926 -0.7040585206762368
		outer loop
			vertex 0.10085000097751617 -0.12366839498281479 2.656295322589486e-18
			vertex 0.09907054901123047 -0.12472740560770035 0.0003000000142492354
			vertex 0.09899290651082993 -0.12443763017654419 2.656295322589486e-18
		endloop
	endfacet
	facet normal 0.09269262370779621 -0.7040656763028235 -0.7040593731798569
		outer loop
			vertex 0.09907054901123047 -0.12472740560770035 0.0003000000142492354
			vertex 0.09700000286102295 -0.125 0.0003000000142492354
			vertex 0.09899290651082993 -0.12443763017654419 2.656295322589486e-18
		endloop
	endfacet
	facet normal 0.09269247307441808 -0.7040653350948337 -0.7040597342222802
		outer loop
			vertex 0.09899290651082993 -0.12443763017654419 2.656295322589486e-18
			vertex 0.09700000286102295 -0.125 0.0003000000142492354
			vertex 0.09700000286102295 -0.12470000237226486 2.656295322589486e-18
		endloop
	endfacet
	facet normal 0 0.7071095937258417 -0.7071039686360665
		outer loop
			vertex 0.09700000286102295 0.125 0.0003000000142492354
			vertex 0.09700000286102295 0.12470000237226486 1.599198204416119e-18
			vertex -0.09700000286102295 0.125 0.0003000000142492354
		endloop
	endfacet
	facet normal 1.8770913776760858e-18 0.7071095937258423 -0.7071039686360657
		outer loop
			vertex 0.09700000286102295 0.12470000237226486 1.599198204416119e-18
			vertex -0.09700000286102295 0.12470000237226486 1.0842021724855044e-18
			vertex -0.09700000286102295 0.125 0.0003000000142492354
		endloop
	endfacet
	facet normal 0.9914452710346907 -0.13052308049900216 0
		outer loop
			vertex 0.10499999672174454 -0.11699999868869781 0.0003000000142492354
			vertex 0.10499999672174454 -0.11699999868869781 0.011699999682605267
			vertex 0.10472740978002548 -0.11907055228948593 0.011699999682605267
		endloop
	endfacet
	facet normal 0.9914452710346907 -0.13052308049900216 0
		outer loop
			vertex 0.10499999672174454 -0.11699999868869781 0.0003000000142492354
			vertex 0.10472740978002548 -0.11907055228948593 0.011699999682605267
			vertex 0.10472740978002548 -0.11907055228948593 0.0003000000142492354
		endloop
	endfacet
	facet normal 0.9238785605227567 -0.38268577894455286 0
		outer loop
			vertex 0.10472740978002548 -0.11907055228948593 0.011699999682605267
			vertex 0.10392820090055466 -0.12099999934434891 0.011699999682605267
			vertex 0.10472740978002548 -0.11907055228948593 0.0003000000142492354
		endloop
	endfacet
	facet normal 0.9238785605227567 -0.38268577894455286 0
		outer loop
			vertex 0.10472740978002548 -0.11907055228948593 0.0003000000142492354
			vertex 0.10392820090055466 -0.12099999934434891 0.011699999682605267
			vertex 0.10392820090055466 -0.12099999934434891 0.0003000000142492354
		endloop
	endfacet
	facet normal 0.7933540437251645 -0.6087605122746792 0
		outer loop
			vertex 0.10392820090055466 -0.12099999934434891 0.011699999682605267
			vertex 0.10265685617923737 -0.12265685200691223 0.011699999682605267
			vertex 0.10392820090055466 -0.12099999934434891 0.0003000000142492354
		endloop
	endfacet
	facet normal 0.7933540437251645 -0.6087605122746792 0
		outer loop
			vertex 0.10392820090055466 -0.12099999934434891 0.0003000000142492354
			vertex 0.10265685617923737 -0.12265685200691223 0.011699999682605267
			vertex 0.10265685617923737 -0.12265685200691223 0.0003000000142492354
		endloop
	endfacet
	facet normal 0.608762757737824 -0.7933523207197667 0
		outer loop
			vertex 0.10265685617923737 -0.12265685200691223 0.011699999682605267
			vertex 0.10100000351667404 -0.12392820417881012 0.011699999682605267
			vertex 0.10265685617923737 -0.12265685200691223 0.0003000000142492354
		endloop
	endfacet
	facet normal 0.608762757737824 -0.7933523207197667 0
		outer loop
			vertex 0.10265685617923737 -0.12265685200691223 0.0003000000142492354
			vertex 0.10100000351667404 -0.12392820417881012 0.011699999682605267
			vertex 0.10100000351667404 -0.12392820417881012 0.0003000000142492354
		endloop
	endfacet
	facet normal 0.3826814725143697 -0.9238803443055998 0
		outer loop
			vertex 0.10100000351667404 -0.12392820417881012 0.011699999682605267
			vertex 0.09907054901123047 -0.12472740560770035 0.011699999682605267
			vertex 0.10100000351667404 -0.12392820417881012 0.0003000000142492354
		endloop
	endfacet
	facet normal 0.3826814725143697 -0.9238803443055998 0
		outer loop
			vertex 0.10100000351667404 -0.12392820417881012 0.0003000000142492354
			vertex 0.09907054901123047 -0.12472740560770035 0.011699999682605267
			vertex 0.09907054901123047 -0.12472740560770035 0.0003000000142492354
		endloop
	endfacet
	facet normal 0.1305270489676781 -0.9914447485804689 0
		outer loop
			vertex 0.09907054901123047 -0.12472740560770035 0.011699999682605267
			vertex 0.09700000286102295 -0.125 0.011699999682605267
			vertex 0.09907054901123047 -0.12472740560770035 0.0003000000142492354
		endloop
	endfacet
	facet normal 0.1305270489676781 -0.9914447485804689 0
		outer loop
			vertex 0.09907054901123047 -0.12472740560770035 0.0003000000142492354
			vertex 0.09700000286102295 -0.125 0.011699999682605267
			vertex 0.09700000286102295 -0.125 0.0003000000142492354
		endloop
	endfacet
	facet normal 0 -0.7071100739121254 0.7071034884456368
		outer loop
			vertex 0.09700000286102295 -0.125 0.011699999682605267
			vertex 0.09700000286102295 -0.12470000237226486 0.012000000104308128
			vertex 0.0877000018954277 -0.12470000237226486 0.012000000104308128
		endloop
	endfacet
	facet normal 0 -0.7071100739121254 0.7071034884456368
		outer loop
			vertex 0.0877000018954277 -0.12470000237226486 0.012000000104308128
			vertex 0.07980000227689743 -0.12470000237226486 0.012000000104308128
			vertex 0.09700000286102295 -0.125 0.011699999682605267
		endloop
	endfacet
	facet normal 0 -0.7071100739121254 0.7071034884456368
		outer loop
			vertex 0.07980000227689743 -0.12470000237226486 0.012000000104308128
			vertex -7.366429076212928e-22 -0.12470000237226486 0.012000000104308128
			vertex 0.09700000286102295 -0.125 0.011699999682605267
		endloop
	endfacet
	facet normal 0 -0.7071100739121254 0.7071034884456368
		outer loop
			vertex 0.09700000286102295 -0.125 0.011699999682605267
			vertex -7.366429076212928e-22 -0.12470000237226486 0.012000000104308128
			vertex -0.09700000286102295 -0.125 0.011699999682605267
		endloop
	endfacet
	facet normal 0 -0.7071100739121254 0.7071034884456368
		outer loop
			vertex -7.366429076212928e-22 -0.12470000237226486 0.012000000104308128
			vertex -0.0877000018954277 -0.12470000237226486 0.012000000104308128
			vertex -0.09700000286102295 -0.125 0.011699999682605267
		endloop
	endfacet
	facet normal 0 -0.7071100739121254 0.7071034884456368
		outer loop
			vertex -0.09700000286102295 -0.125 0.011699999682605267
			vertex -0.0877000018954277 -0.12470000237226486 0.012000000104308128
			vertex -0.09700000286102295 -0.12470000237226486 0.012000000104308128
		endloop
	endfacet
	facet normal 0 -0.7071095937258429 -0.7071039686360652
		outer loop
			vertex -0.09700000286102295 -0.125 0.0003000000142492354
			vertex -0.09700000286102295 -0.12470000237226486 6.078397661605438e-19
			vertex 0.09700000286102295 -0.125 0.0003000000142492354
		endloop
	endfacet
	facet normal 1.7362770004450984e-18 -0.7071095937258423 -0.7071039686360657
		outer loop
			vertex -0.09700000286102295 -0.12470000237226486 6.078397661605438e-19
			vertex 0.09700000286102295 -0.12470000237226486 1.0842021724855044e-18
			vertex 0.09700000286102295 -0.125 0.0003000000142492354
		endloop
	endfacet
	facet normal 0 1 0
		outer loop
			vertex 0.09700000286102295 0.125 0.011699999682605267
			vertex 0.09700000286102295 0.125 0.0003000000142492354
			vertex -0.09700000286102295 0.125 0.011699999682605267
		endloop
	endfacet
	facet normal 0 1 0
		outer loop
			vertex 0.09700000286102295 0.125 0.0003000000142492354
			vertex -0.09700000286102295 0.125 0.0003000000142492354
			vertex -0.09700000286102295 0.125 0.011699999682605267
		endloop
	endfacet
	facet normal -0.09269264028349324 0.7040658022069015 0.7040592450923625
		outer loop
			vertex -0.09700000286102295 0.12470000237226486 0.012000000104308128
			vertex -0.09700000286102295 0.125 0.011699999682605267
			vertex -0.09907054901123047 0.12472740560770035 0.011699999682605267
		endloop
	endfacet
	facet normal -0.09269258309435918 0.7040661707746266 0.7040588840502261
		outer loop
			vertex -0.09700000286102295 0.12470000237226486 0.012000000104308128
			vertex -0.09907054901123047 0.12472740560770035 0.011699999682605267
			vertex -0.09899290651082993 0.12443763017654419 0.012000000104308128
		endloop
	endfacet
	facet normal -0.27175830317890015 0.6560865177485176 0.7040581693879769
		outer loop
			vertex -0.09907054901123047 0.12472740560770035 0.011699999682605267
			vertex -0.10100000351667404 0.12392820417881012 0.011699999682605267
			vertex -0.09899290651082993 0.12443763017654419 0.012000000104308128
		endloop
	endfacet
	facet normal -0.2717575411237872 0.6560794800020299 0.7040650216866474
		outer loop
			vertex -0.09899290651082993 0.12443763017654419 0.012000000104308128
			vertex -0.10100000351667404 0.12392820417881012 0.011699999682605267
			vertex -0.10085000097751617 0.12366839498281479 0.012000000104308128
		endloop
	endfacet
	facet normal -0.4323038535232381 0.5633873969610764 0.7040653514940082
		outer loop
			vertex -0.10100000351667404 0.12392820417881012 0.011699999682605267
			vertex -0.10265685617923737 0.12265685200691223 0.011699999682605267
			vertex -0.10085000097751617 0.12366839498281479 0.012000000104308128
		endloop
	endfacet
	facet normal -0.4323044926989815 0.5633890465558729 0.7040636390363735
		outer loop
			vertex -0.10085000097751617 0.12366839498281479 0.012000000104308128
			vertex -0.10265685617923737 0.12265685200691223 0.011699999682605267
			vertex -0.10244472324848175 0.12244471907615662 0.012000000104308128
		endloop
	endfacet
	facet normal -0.5633900458232234 0.43230335260585473 0.7040635394572313
		outer loop
			vertex -0.10265685617923737 0.12265685200691223 0.011699999682605267
			vertex -0.10392820090055466 0.12099999934434891 0.011699999682605267
			vertex -0.10244472324848175 0.12244471907615662 0.012000000104308128
		endloop
	endfacet
	facet normal -0.5633932239152805 0.43230769810606307 0.7040583281267142
		outer loop
			vertex -0.10244472324848175 0.12244471907615662 0.012000000104308128
			vertex -0.10392820090055466 0.12099999934434891 0.011699999682605267
			vertex -0.10366839915513992 0.12084999680519104 0.012000000104308128
		endloop
	endfacet
	facet normal -0.6560864213930936 0.2717618461496658 0.7040568916223529
		outer loop
			vertex -0.10392820090055466 0.12099999934434891 0.011699999682605267
			vertex -0.10472740978002548 0.11907055228948593 0.011699999682605267
			vertex -0.10366839915513992 0.12084999680519104 0.012000000104308128
		endloop
	endfacet
	facet normal -0.6560788091559585 0.27175572136253695 0.7040663492052626
		outer loop
			vertex -0.10366839915513992 0.12084999680519104 0.012000000104308128
			vertex -0.10472740978002548 0.11907055228948593 0.011699999682605267
			vertex -0.10443762689828873 0.11899290978908539 0.012000000104308128
		endloop
	endfacet
	facet normal -0.7040580375690513 0.09268875105702061 0.7040675217348874
		outer loop
			vertex -0.10472740978002548 0.11907055228948593 0.011699999682605267
			vertex -0.10499999672174454 0.11699999868869781 0.011699999682605267
			vertex -0.10443762689828873 0.11899290978908539 0.012000000104308128
		endloop
	endfacet
	facet normal -0.7040658317212566 0.09269219192199926 0.7040592746064428
		outer loop
			vertex -0.10443762689828873 0.11899290978908539 0.012000000104308128
			vertex -0.10499999672174454 0.11699999868869781 0.011699999682605267
			vertex -0.1046999990940094 0.11699999868869781 0.012000000104308128
		endloop
	endfacet
	facet normal 0 0 1
		outer loop
			vertex 0.07937883585691452 0.09231822192668915 0.012000000104308128
			vertex 0.07999999821186066 0.09239999949932098 0.012000000104308128
			vertex 0.07980000227689743 0.09969999641180038 0.012000000104308128
		endloop
	endfacet
	facet normal 0 0 1
		outer loop
			vertex -0.08607649803161621 0.10718740522861481 0.012000000104308128
			vertex -0.08749999850988388 0.10700000077486038 0.012000000104308128
			vertex -0.0877000018954277 0.09969999641180038 0.012000000104308128
		endloop
	endfacet
	facet normal 0 0 1
		outer loop
			vertex -0.08892350643873215 -0.10718740522861481 0.012000000104308128
			vertex -0.08749999850988388 -0.10700000077486038 0.012000000104308128
			vertex -0.0877000018954277 -0.09969999641180038 0.012000000104308128
		endloop
	endfacet
	facet normal 0 0 1
		outer loop
			vertex -0.08892350643873215 0.11781258881092072 0.012000000104308128
			vertex -0.08749999850988388 0.11800000071525574 0.012000000104308128
			vertex -0.0877000018954277 0.12470000237226486 0.012000000104308128
		endloop
	endfacet
	facet normal 0 0 1
		outer loop
			vertex -0.08892350643873215 0.10718740522861481 0.012000000104308128
			vertex -0.09025000035762787 0.10773686319589615 0.012000000104308128
			vertex -0.1046999990940094 0.09969999641180038 0.012000000104308128
		endloop
	endfacet
	facet normal 0 0 1
		outer loop
			vertex -0.09025000035762787 0.10773686319589615 0.012000000104308128
			vertex -0.09138908982276917 0.10861091315746307 0.012000000104308128
			vertex -0.1046999990940094 0.09969999641180038 0.012000000104308128
		endloop
	endfacet
	facet normal 0 0 1
		outer loop
			vertex -0.09138908982276917 0.10861091315746307 0.012000000104308128
			vertex -0.09226313978433609 0.10975000262260437 0.012000000104308128
			vertex -0.1046999990940094 0.09969999641180038 0.012000000104308128
		endloop
	endfacet
	facet normal 0 0 1
		outer loop
			vertex -0.09226313978433609 0.10975000262260437 0.012000000104308128
			vertex -0.09281259030103683 0.11107649654150009 0.012000000104308128
			vertex -0.1046999990940094 0.09969999641180038 0.012000000104308128
		endloop
	endfacet
	facet normal 0 0 1
		outer loop
			vertex -0.1046999990940094 0.09969999641180038 0.012000000104308128
			vertex -0.09281259030103683 0.11107649654150009 0.012000000104308128
			vertex -0.1046999990940094 0.11699999868869781 0.012000000104308128
		endloop
	endfacet
	facet normal 0 0 1
		outer loop
			vertex -0.08892350643873215 0.11781258881092072 0.012000000104308128
			vertex -0.0877000018954277 0.12470000237226486 0.012000000104308128
			vertex -0.09025000035762787 0.11726313829421997 0.012000000104308128
		endloop
	endfacet
	facet normal 0 0 1
		outer loop
			vertex -0.0877000018954277 0.12470000237226486 0.012000000104308128
			vertex -0.09700000286102295 0.12470000237226486 0.012000000104308128
			vertex -0.09025000035762787 0.11726313829421997 0.012000000104308128
		endloop
	endfacet
	facet normal 0 0 1
		outer loop
			vertex -0.09025000035762787 0.11726313829421997 0.012000000104308128
			vertex -0.09700000286102295 0.12470000237226486 0.012000000104308128
			vertex -0.09138908982276917 0.11638908833265305 0.012000000104308128
		endloop
	endfacet
	facet normal 0 0 1
		outer loop
			vertex -0.09281259030103683 0.11107649654150009 0.012000000104308128
			vertex -0.09300000220537186 0.11249999701976776 0.012000000104308128
			vertex -0.1046999990940094 0.11699999868869781 0.012000000104308128
		endloop
	endfacet
	facet normal 0 0 1
		outer loop
			vertex -0.09300000220537186 0.11249999701976776 0.012000000104308128
			vertex -0.09281259030103683 0.11392350494861603 0.012000000104308128
			vertex -0.1046999990940094 0.11699999868869781 0.012000000104308128
		endloop
	endfacet
	facet normal 0 0 1
		outer loop
			vertex -0.1046999990940094 0.11699999868869781 0.012000000104308128
			vertex -0.09281259030103683 0.11392350494861603 0.012000000104308128
			vertex -0.10443762689828873 0.11899290978908539 0.012000000104308128
		endloop
	endfacet
	facet normal 0 0 1
		outer loop
			vertex -0.09281259030103683 0.11392350494861603 0.012000000104308128
			vertex -0.09226313978433609 0.11524999886751175 0.012000000104308128
			vertex -0.10443762689828873 0.11899290978908539 0.012000000104308128
		endloop
	endfacet
	facet normal 0 0 1
		outer loop
			vertex -0.10443762689828873 0.11899290978908539 0.012000000104308128
			vertex -0.09226313978433609 0.11524999886751175 0.012000000104308128
			vertex -0.10366839915513992 0.12084999680519104 0.012000000104308128
		endloop
	endfacet
	facet normal 0 0 1
		outer loop
			vertex -0.09700000286102295 0.12470000237226486 0.012000000104308128
			vertex -0.09899290651082993 0.12443763017654419 0.012000000104308128
			vertex -0.09138908982276917 0.11638908833265305 0.012000000104308128
		endloop
	endfacet
	facet normal 0 0 1
		outer loop
			vertex -0.09899290651082993 0.12443763017654419 0.012000000104308128
			vertex -0.10085000097751617 0.12366839498281479 0.012000000104308128
			vertex -0.09138908982276917 0.11638908833265305 0.012000000104308128
		endloop
	endfacet
	facet normal 0 0 1
		outer loop
			vertex -0.09138908982276917 0.11638908833265305 0.012000000104308128
			vertex -0.10085000097751617 0.12366839498281479 0.012000000104308128
			vertex -0.09226313978433609 0.11524999886751175 0.012000000104308128
		endloop
	endfacet
	facet normal 0 0 1
		outer loop
			vertex -0.10085000097751617 0.12366839498281479 0.012000000104308128
			vertex -0.10244472324848175 0.12244471907615662 0.012000000104308128
			vertex -0.09226313978433609 0.11524999886751175 0.012000000104308128
		endloop
	endfacet
	facet normal 0 0 1
		outer loop
			vertex -0.09226313978433609 0.11524999886751175 0.012000000104308128
			vertex -0.10244472324848175 0.12244471907615662 0.012000000104308128
			vertex -0.10366839915513992 0.12084999680519104 0.012000000104308128
		endloop
	endfacet
	facet normal 0 0 1
		outer loop
			vertex 0.09025000035762787 0.10773686319589615 0.012000000104308128
			vertex 0.08892350643873215 0.10718740522861481 0.012000000104308128
			vertex 0.0877000018954277 0.09969999641180038 0.012000000104308128
		endloop
	endfacet
	facet normal 0 0 1
		outer loop
			vertex 0.09226313978433609 0.10975000262260437 0.012000000104308128
			vertex 0.09138908982276917 0.10861091315746307 0.012000000104308128
			vertex 0.1046999990940094 0.09969999641180038 0.012000000104308128
		endloop
	endfacet
	facet normal 0 0 1
		outer loop
			vertex 0.10366839915513992 0.12084999680519104 0.012000000104308128
			vertex 0.09226313978433609 0.11524999886751175 0.012000000104308128
			vertex 0.10443762689828873 0.11899290978908539 0.012000000104308128
		endloop
	endfacet
	facet normal 0 0 1
		outer loop
			vertex 0.09226313978433609 0.11524999886751175 0.012000000104308128
			vertex 0.09281259030103683 0.11392350494861603 0.012000000104308128
			vertex 0.10443762689828873 0.11899290978908539 0.012000000104308128
		endloop
	endfacet
	facet normal 0 0 1
		outer loop
			vertex 0.10443762689828873 0.11899290978908539 0.012000000104308128
			vertex 0.09281259030103683 0.11392350494861603 0.012000000104308128
			vertex 0.1046999990940094 0.11699999868869781 0.012000000104308128
		endloop
	endfacet
	facet normal 0 0 1
		outer loop
			vertex 0.09281259030103683 0.11392350494861603 0.012000000104308128
			vertex 0.09300000220537186 0.11249999701976776 0.012000000104308128
			vertex 0.1046999990940094 0.11699999868869781 0.012000000104308128
		endloop
	endfacet
	facet normal 0 0 1
		outer loop
			vertex 0.1046999990940094 0.11699999868869781 0.012000000104308128
			vertex 0.09300000220537186 0.11249999701976776 0.012000000104308128
			vertex 0.1046999990940094 0.09969999641180038 0.012000000104308128
		endloop
	endfacet
	facet normal 0 0 1
		outer loop
			vertex 0.09300000220537186 0.11249999701976776 0.012000000104308128
			vertex 0.09281259030103683 0.11107649654150009 0.012000000104308128
			vertex 0.1046999990940094 0.09969999641180038 0.012000000104308128
		endloop
	endfacet
	facet normal 0 0 1
		outer loop
			vertex 0.1046999990940094 0.09969999641180038 0.012000000104308128
			vertex 0.09281259030103683 0.11107649654150009 0.012000000104308128
			vertex 0.09226313978433609 0.10975000262260437 0.012000000104308128
		endloop
	endfacet
	facet normal 0 0 1
		outer loop
			vertex 0.0877000018954277 0.12470000237226486 0.012000000104308128
			vertex 0.08892350643873215 0.11781258881092072 0.012000000104308128
			vertex 0.09700000286102295 0.12470000237226486 0.012000000104308128
		endloop
	endfacet
	facet normal 0 0 1
		outer loop
			vertex 0.08892350643873215 0.11781258881092072 0.012000000104308128
			vertex 0.09025000035762787 0.11726313829421997 0.012000000104308128
			vertex 0.09700000286102295 0.12470000237226486 0.012000000104308128
		endloop
	endfacet
	facet normal 0 0 1
		outer loop
			vertex 0.09700000286102295 0.12470000237226486 0.012000000104308128
			vertex 0.09025000035762787 0.11726313829421997 0.012000000104308128
			vertex 0.09899290651082993 0.12443763017654419 0.012000000104308128
		endloop
	endfacet
	facet normal 0 0 1
		outer loop
			vertex 0.09025000035762787 0.11726313829421997 0.012000000104308128
			vertex 0.09138908982276917 0.11638908833265305 0.012000000104308128
			vertex 0.09899290651082993 0.12443763017654419 0.012000000104308128
		endloop
	endfacet
	facet normal 0 0 1
		outer loop
			vertex 0.09899290651082993 0.12443763017654419 0.012000000104308128
			vertex 0.09138908982276917 0.11638908833265305 0.012000000104308128
			vertex 0.10085000097751617 0.12366839498281479 0.012000000104308128
		endloop
	endfacet
	facet normal 0 0 1
		outer loop
			vertex 0.09138908982276917 0.11638908833265305 0.012000000104308128
			vertex 0.09226313978433609 0.11524999886751175 0.012000000104308128
			vertex 0.10085000097751617 0.12366839498281479 0.012000000104308128
		endloop
	endfacet
	facet normal 0 0 1
		outer loop
			vertex 0.10085000097751617 0.12366839498281479 0.012000000104308128
			vertex 0.09226313978433609 0.11524999886751175 0.012000000104308128
			vertex 0.10244472324848175 0.12244471907615662 0.012000000104308128
		endloop
	endfacet
	facet normal 0 0 1
		outer loop
			vertex 0.09226313978433609 0.11524999886751175 0.012000000104308128
			vertex 0.10366839915513992 0.12084999680519104 0.012000000104308128
			vertex 0.10244472324848175 0.12244471907615662 0.012000000104308128
		endloop
	endfacet
	facet normal 0 0 1
		outer loop
			vertex 0.09025000035762787 -0.11726313829421997 0.012000000104308128
			vertex 0.08892350643873215 -0.11781258881092072 0.012000000104308128
			vertex 0.0877000018954277 -0.12134999781847 0.012000000104308128
		endloop
	endfacet
	facet normal 0 0 1
		outer loop
			vertex 0.09025000035762787 -0.10773686319589615 0.012000000104308128
			vertex 0.09138908982276917 -0.10861091315746307 0.012000000104308128
			vertex 0.1046999990940094 -0.09969999641180038 0.012000000104308128
		endloop
	endfacet
	facet normal 0 0 1
		outer loop
			vertex 0.09025000035762787 -0.10773686319589615 0.012000000104308128
			vertex 0.1046999990940094 -0.09969999641180038 0.012000000104308128
			vertex 0.08892350643873215 -0.10718740522861481 0.012000000104308128
		endloop
	endfacet
	facet normal 0 0 1
		outer loop
			vertex 0.09138908982276917 -0.10861091315746307 0.012000000104308128
			vertex 0.09226313978433609 -0.10975000262260437 0.012000000104308128
			vertex 0.1046999990940094 -0.09969999641180038 0.012000000104308128
		endloop
	endfacet
	facet normal 0 0 1
		outer loop
			vertex 0.09226313978433609 -0.10975000262260437 0.012000000104308128
			vertex 0.09281259030103683 -0.11107649654150009 0.012000000104308128
			vertex 0.1046999990940094 -0.09969999641180038 0.012000000104308128
		endloop
	endfacet
	facet normal 0 0 1
		outer loop
			vertex 0.1046999990940094 -0.09969999641180038 0.012000000104308128
			vertex 0.09281259030103683 -0.11107649654150009 0.012000000104308128
			vertex 0.1046999990940094 -0.11699999868869781 0.012000000104308128
		endloop
	endfacet
	facet normal 0 0 1
		outer loop
			vertex 0.09281259030103683 -0.11107649654150009 0.012000000104308128
			vertex 0.09300000220537186 -0.11249999701976776 0.012000000104308128
			vertex 0.1046999990940094 -0.11699999868869781 0.012000000104308128
		endloop
	endfacet
	facet normal 0 0 1
		outer loop
			vertex 0.09300000220537186 -0.11249999701976776 0.012000000104308128
			vertex 0.09281259030103683 -0.11392350494861603 0.012000000104308128
			vertex 0.1046999990940094 -0.11699999868869781 0.012000000104308128
		endloop
	endfacet
	facet normal 0 0 1
		outer loop
			vertex 0.1046999990940094 -0.11699999868869781 0.012000000104308128
			vertex 0.09281259030103683 -0.11392350494861603 0.012000000104308128
			vertex 0.10443762689828873 -0.11899290978908539 0.012000000104308128
		endloop
	endfacet
	facet normal 0 0 1
		outer loop
			vertex 0.09281259030103683 -0.11392350494861603 0.012000000104308128
			vertex 0.09226313978433609 -0.11524999886751175 0.012000000104308128
			vertex 0.10443762689828873 -0.11899290978908539 0.012000000104308128
		endloop
	endfacet
	facet normal 0 0 1
		outer loop
			vertex 0.10443762689828873 -0.11899290978908539 0.012000000104308128
			vertex 0.09226313978433609 -0.11524999886751175 0.012000000104308128
			vertex 0.10366839915513992 -0.12084999680519104 0.012000000104308128
		endloop
	endfacet
	facet normal 0 0 1
		outer loop
			vertex 0.09226313978433609 -0.11524999886751175 0.012000000104308128
			vertex 0.09138908982276917 -0.11638908833265305 0.012000000104308128
			vertex 0.10366839915513992 -0.12084999680519104 0.012000000104308128
		endloop
	endfacet
	facet normal 0 0 1
		outer loop
			vertex 0.0877000018954277 -0.12470000237226486 0.012000000104308128
			vertex 0.09700000286102295 -0.12470000237226486 0.012000000104308128
			vertex 0.10366839915513992 -0.12084999680519104 0.012000000104308128
		endloop
	endfacet
	facet normal 0 0 1
		outer loop
			vertex 0.10366839915513992 -0.12084999680519104 0.012000000104308128
			vertex 0.09700000286102295 -0.12470000237226486 0.012000000104308128
			vertex 0.10244472324848175 -0.12244471907615662 0.012000000104308128
		endloop
	endfacet
	facet normal 0 0 1
		outer loop
			vertex 0.09700000286102295 -0.12470000237226486 0.012000000104308128
			vertex 0.09899290651082993 -0.12443763017654419 0.012000000104308128
			vertex 0.10244472324848175 -0.12244471907615662 0.012000000104308128
		endloop
	endfacet
	facet normal 0 0 1
		outer loop
			vertex 0.10244472324848175 -0.12244471907615662 0.012000000104308128
			vertex 0.09899290651082993 -0.12443763017654419 0.012000000104308128
			vertex 0.10085000097751617 -0.12366839498281479 0.012000000104308128
		endloop
	endfacet
	facet normal 0 0 1
		outer loop
			vertex -0.10085000097751617 -0.12366839498281479 0.012000000104308128
			vertex -0.09899290651082993 -0.12443763017654419 0.012000000104308128
			vertex -0.09700000286102295 -0.12470000237226486 0.012000000104308128
		endloop
	endfacet
	facet normal 0 0 1
		outer loop
			vertex -0.08892350643873215 -0.11781258881092072 0.012000000104308128
			vertex -0.09025000035762787 -0.11726313829421997 0.012000000104308128
			vertex -0.10366839915513992 -0.12084999680519104 0.012000000104308128
		endloop
	endfacet
	facet normal 0 0 1
		outer loop
			vertex -0.08749999850988388 -0.11800000071525574 0.012000000104308128
			vertex -0.08892350643873215 -0.11781258881092072 0.012000000104308128
			vertex -0.0877000018954277 -0.12134999781847 0.012000000104308128
		endloop
	endfacet
	facet normal 0 0 1
		outer loop
			vertex -0.08892350643873215 -0.11781258881092072 0.012000000104308128
			vertex -0.10366839915513992 -0.12084999680519104 0.012000000104308128
			vertex -0.0877000018954277 -0.12134999781847 0.012000000104308128
		endloop
	endfacet
	facet normal 0 0 1
		outer loop
			vertex -0.0877000018954277 -0.12134999781847 0.012000000104308128
			vertex -0.10366839915513992 -0.12084999680519104 0.012000000104308128
			vertex -0.09700000286102295 -0.12470000237226486 0.012000000104308128
		endloop
	endfacet
	facet normal 0 0 1
		outer loop
			vertex -0.10366839915513992 -0.12084999680519104 0.012000000104308128
			vertex -0.10244472324848175 -0.12244471907615662 0.012000000104308128
			vertex -0.09700000286102295 -0.12470000237226486 0.012000000104308128
		endloop
	endfacet
	facet normal 0 0 1
		outer loop
			vertex -0.09700000286102295 -0.12470000237226486 0.012000000104308128
			vertex -0.10244472324848175 -0.12244471907615662 0.012000000104308128
			vertex -0.10085000097751617 -0.12366839498281479 0.012000000104308128
		endloop
	endfacet
	facet normal 0 0 1
		outer loop
			vertex -0.08892350643873215 -0.10718740522861481 0.012000000104308128
			vertex -0.0877000018954277 -0.09969999641180038 0.012000000104308128
			vertex -0.09025000035762787 -0.10773686319589615 0.012000000104308128
		endloop
	endfacet
	facet normal 0 0 1
		outer loop
			vertex -0.09226313978433609 -0.10975000262260437 0.012000000104308128
			vertex -0.09138908982276917 -0.10861091315746307 0.012000000104308128
			vertex -0.1046999990940094 -0.09969999641180038 0.012000000104308128
		endloop
	endfacet
	facet normal 0 0 1
		outer loop
			vertex -0.09025000035762787 -0.11726313829421997 0.012000000104308128
			vertex -0.09138908982276917 -0.11638908833265305 0.012000000104308128
			vertex -0.10366839915513992 -0.12084999680519104 0.012000000104308128
		endloop
	endfacet
	facet normal 0 0 1
		outer loop
			vertex -0.09138908982276917 -0.11638908833265305 0.012000000104308128
			vertex -0.09226313978433609 -0.11524999886751175 0.012000000104308128
			vertex -0.10366839915513992 -0.12084999680519104 0.012000000104308128
		endloop
	endfacet
	facet normal 0 0 1
		outer loop
			vertex -0.10366839915513992 -0.12084999680519104 0.012000000104308128
			vertex -0.09226313978433609 -0.11524999886751175 0.012000000104308128
			vertex -0.10443762689828873 -0.11899290978908539 0.012000000104308128
		endloop
	endfacet
	facet normal 0 0 1
		outer loop
			vertex -0.09226313978433609 -0.11524999886751175 0.012000000104308128
			vertex -0.09281259030103683 -0.11392350494861603 0.012000000104308128
			vertex -0.10443762689828873 -0.11899290978908539 0.012000000104308128
		endloop
	endfacet
	facet normal 0 0 1
		outer loop
			vertex -0.10443762689828873 -0.11899290978908539 0.012000000104308128
			vertex -0.09281259030103683 -0.11392350494861603 0.012000000104308128
			vertex -0.1046999990940094 -0.11699999868869781 0.012000000104308128
		endloop
	endfacet
	facet normal 0 0 1
		outer loop
			vertex -0.09281259030103683 -0.11392350494861603 0.012000000104308128
			vertex -0.09300000220537186 -0.11249999701976776 0.012000000104308128
			vertex -0.1046999990940094 -0.11699999868869781 0.012000000104308128
		endloop
	endfacet
	facet normal 0 0 1
		outer loop
			vertex -0.1046999990940094 -0.11699999868869781 0.012000000104308128
			vertex -0.09300000220537186 -0.11249999701976776 0.012000000104308128
			vertex -0.1046999990940094 -0.09969999641180038 0.012000000104308128
		endloop
	endfacet
	facet normal 0 0 1
		outer loop
			vertex -0.09300000220537186 -0.11249999701976776 0.012000000104308128
			vertex -0.09281259030103683 -0.11107649654150009 0.012000000104308128
			vertex -0.1046999990940094 -0.09969999641180038 0.012000000104308128
		endloop
	endfacet
	facet normal 0 0 1
		outer loop
			vertex -0.1046999990940094 -0.09969999641180038 0.012000000104308128
			vertex -0.09281259030103683 -0.11107649654150009 0.012000000104308128
			vertex -0.09226313978433609 -0.10975000262260437 0.012000000104308128
		endloop
	endfacet
	facet normal 0 0 1
		outer loop
			vertex -0.08273685723543167 -0.10975000262260437 0.012000000104308128
			vertex -0.08218740671873093 -0.11107649654150009 0.012000000104308128
			vertex 0 -0.09969999641180038 0.012000000104308128
		endloop
	endfacet
	facet normal 0 0 1
		outer loop
			vertex -0.08749999850988388 -0.10700000077486038 0.012000000104308128
			vertex -0.08607649803161621 -0.10718740522861481 0.012000000104308128
			vertex -0.0877000018954277 -0.09969999641180038 0.012000000104308128
		endloop
	endfacet
	facet normal 0 0 1
		outer loop
			vertex -0.08607649803161621 -0.10718740522861481 0.012000000104308128
			vertex -0.08474999666213989 -0.10773686319589615 0.012000000104308128
			vertex -0.0877000018954277 -0.09969999641180038 0.012000000104308128
		endloop
	endfacet
	facet normal 0 0 1
		outer loop
			vertex -0.0877000018954277 -0.09969999641180038 0.012000000104308128
			vertex -0.08474999666213989 -0.10773686319589615 0.012000000104308128
			vertex 0 -0.09969999641180038 0.012000000104308128
		endloop
	endfacet
	facet normal 0 0 1
		outer loop
			vertex -0.08474999666213989 -0.10773686319589615 0.012000000104308128
			vertex -0.0836109146475792 -0.10861091315746307 0.012000000104308128
			vertex 0 -0.09969999641180038 0.012000000104308128
		endloop
	endfacet
	facet normal 0 0 1
		outer loop
			vertex 0 -0.09969999641180038 0.012000000104308128
			vertex -0.0836109146475792 -0.10861091315746307 0.012000000104308128
			vertex -0.08273685723543167 -0.10975000262260437 0.012000000104308128
		endloop
	endfacet
	facet normal 0 0 1
		outer loop
			vertex -0.08218740671873093 -0.11107649654150009 0.012000000104308128
			vertex -0.0820000022649765 -0.11249999701976776 0.012000000104308128
			vertex 0 -0.12134999781847 0.012000000104308128
		endloop
	endfacet
	facet normal 0 0 1
		outer loop
			vertex -0.0820000022649765 -0.11249999701976776 0.012000000104308128
			vertex -0.08218740671873093 -0.11392350494861603 0.012000000104308128
			vertex 0 -0.12134999781847 0.012000000104308128
		endloop
	endfacet
	facet normal 0 0 1
		outer loop
			vertex 0 -0.12134999781847 0.012000000104308128
			vertex -0.08218740671873093 -0.11392350494861603 0.012000000104308128
			vertex -0.08273685723543167 -0.11524999886751175 0.012000000104308128
		endloop
	endfacet
	facet normal 0 0 1
		outer loop
			vertex -0.08273685723543167 -0.11524999886751175 0.012000000104308128
			vertex -0.0836109146475792 -0.11638908833265305 0.012000000104308128
			vertex 0 -0.12134999781847 0.012000000104308128
		endloop
	endfacet
	facet normal 0 0 1
		outer loop
			vertex -0.0836109146475792 -0.11638908833265305 0.012000000104308128
			vertex -0.08474999666213989 -0.11726313829421997 0.012000000104308128
			vertex 0 -0.12134999781847 0.012000000104308128
		endloop
	endfacet
	facet normal 0 0 1
		outer loop
			vertex 0 -0.12134999781847 0.012000000104308128
			vertex -0.08474999666213989 -0.11726313829421997 0.012000000104308128
			vertex -0.0877000018954277 -0.12134999781847 0.012000000104308128
		endloop
	endfacet
	facet normal 0 0 1
		outer loop
			vertex -0.08474999666213989 -0.11726313829421997 0.012000000104308128
			vertex -0.08607649803161621 -0.11781258881092072 0.012000000104308128
			vertex -0.0877000018954277 -0.12134999781847 0.012000000104308128
		endloop
	endfacet
	facet normal 0 0 1
		outer loop
			vertex -0.0877000018954277 -0.12134999781847 0.012000000104308128
			vertex -0.08607649803161621 -0.11781258881092072 0.012000000104308128
			vertex -0.08749999850988388 -0.11800000071525574 0.012000000104308128
		endloop
	endfacet
	facet normal 0 0 1
		outer loop
			vertex 0.08892350643873215 -0.11781258881092072 0.012000000104308128
			vertex 0.08749999850988388 -0.11800000071525574 0.012000000104308128
			vertex 0.0877000018954277 -0.12134999781847 0.012000000104308128
		endloop
	endfacet
	facet normal 0 0 1
		outer loop
			vertex 0.08749999850988388 -0.11800000071525574 0.012000000104308128
			vertex 0.08607649803161621 -0.11781258881092072 0.012000000104308128
			vertex 0.0877000018954277 -0.12134999781847 0.012000000104308128
		endloop
	endfacet
	facet normal 0 0 1
		outer loop
			vertex 0.0877000018954277 -0.12134999781847 0.012000000104308128
			vertex 0.08607649803161621 -0.11781258881092072 0.012000000104308128
			vertex 0.07980000227689743 -0.12134999781847 0.012000000104308128
		endloop
	endfacet
	facet normal 0 0 1
		outer loop
			vertex 0.08607649803161621 -0.11781258881092072 0.012000000104308128
			vertex 0.08474999666213989 -0.11726313829421997 0.012000000104308128
			vertex 0.07980000227689743 -0.12134999781847 0.012000000104308128
		endloop
	endfacet
	facet normal 0 0 1
		outer loop
			vertex 0.07980000227689743 -0.12134999781847 0.012000000104308128
			vertex 0.08474999666213989 -0.11726313829421997 0.012000000104308128
			vertex 0.0836109146475792 -0.11638908833265305 0.012000000104308128
		endloop
	endfacet
	facet normal 0 0 1
		outer loop
			vertex 0.0836109146475792 -0.11638908833265305 0.012000000104308128
			vertex 0.08273685723543167 -0.11524999886751175 0.012000000104308128
			vertex 0.07980000227689743 -0.12134999781847 0.012000000104308128
		endloop
	endfacet
	facet normal 0 0 1
		outer loop
			vertex 0.08273685723543167 -0.11524999886751175 0.012000000104308128
			vertex 0.08218740671873093 -0.11392350494861603 0.012000000104308128
			vertex 0.07980000227689743 -0.12134999781847 0.012000000104308128
		endloop
	endfacet
	facet normal 0 0 1
		outer loop
			vertex 0.07980000227689743 -0.12134999781847 0.012000000104308128
			vertex 0.08218740671873093 -0.11392350494861603 0.012000000104308128
			vertex 0.0820000022649765 -0.11249999701976776 0.012000000104308128
		endloop
	endfacet
	facet normal 0 0 1
		outer loop
			vertex 0.0836109146475792 -0.10861091315746307 0.012000000104308128
			vertex 0.07980000227689743 -0.09969999641180038 0.012000000104308128
			vertex 0.08273685723543167 -0.10975000262260437 0.012000000104308128
		endloop
	endfacet
	facet normal 0 0 1
		outer loop
			vertex 0.07980000227689743 -0.09969999641180038 0.012000000104308128
			vertex 0.08218740671873093 -0.11107649654150009 0.012000000104308128
			vertex 0.08273685723543167 -0.10975000262260437 0.012000000104308128
		endloop
	endfacet
	facet normal 0 0 1
		outer loop
			vertex 0.08749999850988388 -0.10700000077486038 0.012000000104308128
			vertex 0.0877000018954277 -0.09969999641180038 0.012000000104308128
			vertex 0.08607649803161621 -0.10718740522861481 0.012000000104308128
		endloop
	endfacet
	facet normal 0 0 1
		outer loop
			vertex 0.0877000018954277 -0.09969999641180038 0.012000000104308128
			vertex 0.07980000227689743 -0.09969999641180038 0.012000000104308128
			vertex 0.08607649803161621 -0.10718740522861481 0.012000000104308128
		endloop
	endfacet
	facet normal 0 0 1
		outer loop
			vertex 0.08607649803161621 -0.10718740522861481 0.012000000104308128
			vertex 0.07980000227689743 -0.09969999641180038 0.012000000104308128
			vertex 0.08474999666213989 -0.10773686319589615 0.012000000104308128
		endloop
	endfacet
	facet normal 0 0 1
		outer loop
			vertex 0.07980000227689743 -0.09969999641180038 0.012000000104308128
			vertex 0.0836109146475792 -0.10861091315746307 0.012000000104308128
			vertex 0.08474999666213989 -0.10773686319589615 0.012000000104308128
		endloop
	endfacet
	facet normal 0 0 1
		outer loop
			vertex 0.08231822401285172 -0.09062116593122482 0.012000000104308128
			vertex 0.0820784643292427 -0.09120000153779984 0.012000000104308128
			vertex 0.0877000018954277 -0.09969999641180038 0.012000000104308128
		endloop
	endfacet
	facet normal 0 0 1
		outer loop
			vertex 0.0820784643292427 -0.09120000153779984 0.012000000104308128
			vertex 0.08169705420732498 -0.09169705957174301 0.012000000104308128
			vertex 0.0877000018954277 -0.09969999641180038 0.012000000104308128
		endloop
	endfacet
	facet normal 0 0 1
		outer loop
			vertex 0.08169705420732498 -0.09169705957174301 0.012000000104308128
			vertex 0.0812000036239624 -0.09207846224308014 0.012000000104308128
			vertex 0.0877000018954277 -0.09969999641180038 0.012000000104308128
		endloop
	endfacet
	facet normal 0 0 1
		outer loop
			vertex 0.0877000018954277 -0.09969999641180038 0.012000000104308128
			vertex 0.0812000036239624 -0.09207846224308014 0.012000000104308128
			vertex 0.07980000227689743 -0.09969999641180038 0.012000000104308128
		endloop
	endfacet
	facet normal 0 0 1
		outer loop
			vertex 0.0812000036239624 -0.09207846224308014 0.012000000104308128
			vertex 0.08062116801738739 -0.09231822192668915 0.012000000104308128
			vertex 0.07980000227689743 -0.09969999641180038 0.012000000104308128
		endloop
	endfacet
	facet normal 0 0 1
		outer loop
			vertex 0.07980000227689743 -0.09969999641180038 0.012000000104308128
			vertex 0.08062116801738739 -0.09231822192668915 0.012000000104308128
			vertex 0.07999999821186066 -0.09239999949932098 0.012000000104308128
		endloop
	endfacet
	facet normal 0 0 1
		outer loop
			vertex 0.07999999821186066 -0.08760000020265579 0.012000000104308128
			vertex 0.08062116801738739 -0.08768177777528763 0.012000000104308128
			vertex 0.0877000018954277 0 0.012000000104308128
		endloop
	endfacet
	facet normal 0 0 1
		outer loop
			vertex 0.08062116801738739 -0.08768177777528763 0.012000000104308128
			vertex 0.0812000036239624 -0.08792153745889664 0.012000000104308128
			vertex 0.0877000018954277 0 0.012000000104308128
		endloop
	endfacet
	facet normal 0 0 1
		outer loop
			vertex 0.0877000018954277 0 0.012000000104308128
			vertex 0.0812000036239624 -0.08792153745889664 0.012000000104308128
			vertex 0.08169705420732498 -0.08830294013023376 0.012000000104308128
		endloop
	endfacet
	facet normal 0 0 1
		outer loop
			vertex 0.08169705420732498 -0.08830294013023376 0.012000000104308128
			vertex 0.0820784643292427 -0.08879999816417694 0.012000000104308128
			vertex 0.0877000018954277 0 0.012000000104308128
		endloop
	endfacet
	facet normal 0 0 1
		outer loop
			vertex 0.0820784643292427 -0.08879999816417694 0.012000000104308128
			vertex 0.08231822401285172 -0.08937883377075195 0.012000000104308128
			vertex 0.0877000018954277 0 0.012000000104308128
		endloop
	endfacet
	facet normal 0 0 1
		outer loop
			vertex 0.0877000018954277 0 0.012000000104308128
			vertex 0.08231822401285172 -0.08937883377075195 0.012000000104308128
			vertex 0.0877000018954277 -0.09969999641180038 0.012000000104308128
		endloop
	endfacet
	facet normal 0 0 1
		outer loop
			vertex 0.08231822401285172 -0.08937883377075195 0.012000000104308128
			vertex 0.08240000158548355 -0.09000000357627869 0.012000000104308128
			vertex 0.0877000018954277 -0.09969999641180038 0.012000000104308128
		endloop
	endfacet
	facet normal 0 0 1
		outer loop
			vertex 0.0877000018954277 -0.09969999641180038 0.012000000104308128
			vertex 0.08240000158548355 -0.09000000357627869 0.012000000104308128
			vertex 0.08231822401285172 -0.09062116593122482 0.012000000104308128
		endloop
	endfacet
	facet normal 0 0 1
		outer loop
			vertex 0 -0.09969999641180038 0.012000000104308128
			vertex 0.0779215395450592 -0.09120000153779984 0.012000000104308128
			vertex 0.0776817798614502 -0.09062116593122482 0.012000000104308128
		endloop
	endfacet
	facet normal 0 0 1
		outer loop
			vertex 0.07999999821186066 -0.09239999949932098 0.012000000104308128
			vertex 0.07937883585691452 -0.09231822192668915 0.012000000104308128
			vertex 0.07980000227689743 -0.09969999641180038 0.012000000104308128
		endloop
	endfacet
	facet normal 0 0 1
		outer loop
			vertex 0.07937883585691452 -0.09231822192668915 0.012000000104308128
			vertex 0.07880000025033951 -0.09207846224308014 0.012000000104308128
			vertex 0.07980000227689743 -0.09969999641180038 0.012000000104308128
		endloop
	endfacet
	facet normal 0 0 1
		outer loop
			vertex 0.07980000227689743 -0.09969999641180038 0.012000000104308128
			vertex 0.07880000025033951 -0.09207846224308014 0.012000000104308128
			vertex 0 -0.09969999641180038 0.012000000104308128
		endloop
	endfacet
	facet normal 0 0 1
		outer loop
			vertex 0.07880000025033951 -0.09207846224308014 0.012000000104308128
			vertex 0.07830294221639633 -0.09169705957174301 0.012000000104308128
			vertex 0 -0.09969999641180038 0.012000000104308128
		endloop
	endfacet
	facet normal 0 0 1
		outer loop
			vertex 0 -0.09969999641180038 0.012000000104308128
			vertex 0.07830294221639633 -0.09169705957174301 0.012000000104308128
			vertex 0.0779215395450592 -0.09120000153779984 0.012000000104308128
		endloop
	endfacet
	facet normal 0 0 1
		outer loop
			vertex 0.0779215395450592 -0.08879999816417694 0.012000000104308128
			vertex 0 0 0.012000000104308128
			vertex 0.0776817798614502 -0.08937883377075195 0.012000000104308128
		endloop
	endfacet
	facet normal 0 0 1
		outer loop
			vertex 0 0 0.012000000104308128
			vertex 0 -0.09969999641180038 0.012000000104308128
			vertex 0.0776817798614502 -0.08937883377075195 0.012000000104308128
		endloop
	endfacet
	facet normal 0 0 1
		outer loop
			vertex 0.0776817798614502 -0.08937883377075195 0.012000000104308128
			vertex 0 -0.09969999641180038 0.012000000104308128
			vertex 0.07760000228881836 -0.09000000357627869 0.012000000104308128
		endloop
	endfacet
	facet normal 0 0 1
		outer loop
			vertex 0 -0.09969999641180038 0.012000000104308128
			vertex 0.0776817798614502 -0.09062116593122482 0.012000000104308128
			vertex 0.07760000228881836 -0.09000000357627869 0.012000000104308128
		endloop
	endfacet
	facet normal 0 0 1
		outer loop
			vertex 0.07937883585691452 -0.08768177777528763 0.012000000104308128
			vertex 0.07980000227689743 0 0.012000000104308128
			vertex 0.07880000025033951 -0.08792153745889664 0.012000000104308128
		endloop
	endfacet
	facet normal 0 0 1
		outer loop
			vertex 0.07980000227689743 0 0.012000000104308128
			vertex 0 0 0.012000000104308128
			vertex 0.07880000025033951 -0.08792153745889664 0.012000000104308128
		endloop
	endfacet
	facet normal 0 0 1
		outer loop
			vertex 0.07880000025033951 -0.08792153745889664 0.012000000104308128
			vertex 0 0 0.012000000104308128
			vertex 0.07830294221639633 -0.08830294013023376 0.012000000104308128
		endloop
	endfacet
	facet normal 0 0 1
		outer loop
			vertex 0 0 0.012000000104308128
			vertex 0.0779215395450592 -0.08879999816417694 0.012000000104308128
			vertex 0.07830294221639633 -0.08830294013023376 0.012000000104308128
		endloop
	endfacet
	facet normal 0 0 1
		outer loop
			vertex -0.0820000022649765 0.11249999701976776 0.012000000104308128
			vertex -0.08218740671873093 0.11107649654150009 0.012000000104308128
			vertex 0 0.09969999641180038 0.012000000104308128
		endloop
	endfacet
	facet normal 0 0 1
		outer loop
			vertex -0.08218740671873093 0.11392350494861603 0.012000000104308128
			vertex -0.0820000022649765 0.11249999701976776 0.012000000104308128
			vertex 0 0.12470000237226486 0.012000000104308128
		endloop
	endfacet
	facet normal 0 0 1
		outer loop
			vertex -0.08218740671873093 0.11392350494861603 0.012000000104308128
			vertex 0 0.12470000237226486 0.012000000104308128
			vertex -0.08273685723543167 0.11524999886751175 0.012000000104308128
		endloop
	endfacet
	facet normal 0 0 1
		outer loop
			vertex -0.08218740671873093 0.11107649654150009 0.012000000104308128
			vertex -0.08273685723543167 0.10975000262260437 0.012000000104308128
			vertex 0 0.09969999641180038 0.012000000104308128
		endloop
	endfacet
	facet normal 0 0 1
		outer loop
			vertex -0.08273685723543167 0.10975000262260437 0.012000000104308128
			vertex -0.0836109146475792 0.10861091315746307 0.012000000104308128
			vertex 0 0.09969999641180038 0.012000000104308128
		endloop
	endfacet
	facet normal 0 0 1
		outer loop
			vertex 0 0.09969999641180038 0.012000000104308128
			vertex -0.0836109146475792 0.10861091315746307 0.012000000104308128
			vertex -0.0877000018954277 0.09969999641180038 0.012000000104308128
		endloop
	endfacet
	facet normal 0 0 1
		outer loop
			vertex -0.0836109146475792 0.10861091315746307 0.012000000104308128
			vertex -0.08474999666213989 0.10773686319589615 0.012000000104308128
			vertex -0.0877000018954277 0.09969999641180038 0.012000000104308128
		endloop
	endfacet
	facet normal 0 0 1
		outer loop
			vertex -0.0877000018954277 0.09969999641180038 0.012000000104308128
			vertex -0.08474999666213989 0.10773686319589615 0.012000000104308128
			vertex -0.08607649803161621 0.10718740522861481 0.012000000104308128
		endloop
	endfacet
	facet normal 0 0 1
		outer loop
			vertex -0.08749999850988388 0.11800000071525574 0.012000000104308128
			vertex -0.08607649803161621 0.11781258881092072 0.012000000104308128
			vertex -0.0877000018954277 0.12470000237226486 0.012000000104308128
		endloop
	endfacet
	facet normal 0 0 1
		outer loop
			vertex -0.08607649803161621 0.11781258881092072 0.012000000104308128
			vertex -0.08474999666213989 0.11726313829421997 0.012000000104308128
			vertex -0.0877000018954277 0.12470000237226486 0.012000000104308128
		endloop
	endfacet
	facet normal 0 0 1
		outer loop
			vertex -0.0877000018954277 0.12470000237226486 0.012000000104308128
			vertex -0.08474999666213989 0.11726313829421997 0.012000000104308128
			vertex 0 0.12470000237226486 0.012000000104308128
		endloop
	endfacet
	facet normal 0 0 1
		outer loop
			vertex -0.08474999666213989 0.11726313829421997 0.012000000104308128
			vertex -0.0836109146475792 0.11638908833265305 0.012000000104308128
			vertex 0 0.12470000237226486 0.012000000104308128
		endloop
	endfacet
	facet normal 0 0 1
		outer loop
			vertex 0 0.12470000237226486 0.012000000104308128
			vertex -0.0836109146475792 0.11638908833265305 0.012000000104308128
			vertex -0.08273685723543167 0.11524999886751175 0.012000000104308128
		endloop
	endfacet
	facet normal 0 0 1
		outer loop
			vertex 0.08169705420732498 0.08830294013023376 0.012000000104308128
			vertex 0.0812000036239624 0.08792153745889664 0.012000000104308128
			vertex 0.0877000018954277 0 0.012000000104308128
		endloop
	endfacet
	facet normal 0 0 1
		outer loop
			vertex 0.0812000036239624 0.08792153745889664 0.012000000104308128
			vertex 0.08062116801738739 0.08768177777528763 0.012000000104308128
			vertex 0.0877000018954277 0 0.012000000104308128
		endloop
	endfacet
	facet normal 0 0 1
		outer loop
			vertex 0.08062116801738739 0.08768177777528763 0.012000000104308128
			vertex 0.07980000227689743 0 0.012000000104308128
			vertex 0.0877000018954277 0 0.012000000104308128
		endloop
	endfacet
	facet normal 0 0 1
		outer loop
			vertex 0.0877000018954277 0 0.012000000104308128
			vertex 0.07980000227689743 0 0.012000000104308128
			vertex 0.07999999821186066 -0.08760000020265579 0.012000000104308128
		endloop
	endfacet
	facet normal 0 0 1
		outer loop
			vertex 0.07980000227689743 0 0.012000000104308128
			vertex 0.07937883585691452 -0.08768177777528763 0.012000000104308128
			vertex 0.07999999821186066 -0.08760000020265579 0.012000000104308128
		endloop
	endfacet
	facet normal 0 0 1
		outer loop
			vertex 0.0877000018954277 0.09969999641180038 0.012000000104308128
			vertex 0.0820784643292427 0.09120000153779984 0.012000000104308128
			vertex 0.08231822401285172 0.09062116593122482 0.012000000104308128
		endloop
	endfacet
	facet normal 0 0 1
		outer loop
			vertex 0.08231822401285172 0.09062116593122482 0.012000000104308128
			vertex 0.08240000158548355 0.09000000357627869 0.012000000104308128
			vertex 0.0877000018954277 0.09969999641180038 0.012000000104308128
		endloop
	endfacet
	facet normal 0 0 1
		outer loop
			vertex 0.08240000158548355 0.09000000357627869 0.012000000104308128
			vertex 0.08231822401285172 0.08937883377075195 0.012000000104308128
			vertex 0.0877000018954277 0.09969999641180038 0.012000000104308128
		endloop
	endfacet
	facet normal 0 0 1
		outer loop
			vertex 0.0877000018954277 0.09969999641180038 0.012000000104308128
			vertex 0.08231822401285172 0.08937883377075195 0.012000000104308128
			vertex 0.0877000018954277 0 0.012000000104308128
		endloop
	endfacet
	facet normal 0 0 1
		outer loop
			vertex 0.08231822401285172 0.08937883377075195 0.012000000104308128
			vertex 0.0820784643292427 0.08879999816417694 0.012000000104308128
			vertex 0.0877000018954277 0 0.012000000104308128
		endloop
	endfacet
	facet normal 0 0 1
		outer loop
			vertex 0.0877000018954277 0 0.012000000104308128
			vertex 0.0820784643292427 0.08879999816417694 0.012000000104308128
			vertex 0.08169705420732498 0.08830294013023376 0.012000000104308128
		endloop
	endfacet
	facet normal 0 0 1
		outer loop
			vertex 0.08062116801738739 0.09231822192668915 0.012000000104308128
			vertex 0.0812000036239624 0.09207846224308014 0.012000000104308128
			vertex 0.0877000018954277 0.09969999641180038 0.012000000104308128
		endloop
	endfacet
	facet normal 0 0 1
		outer loop
			vertex 0.0812000036239624 0.09207846224308014 0.012000000104308128
			vertex 0.08169705420732498 0.09169705957174301 0.012000000104308128
			vertex 0.0877000018954277 0.09969999641180038 0.012000000104308128
		endloop
	endfacet
	facet normal 0 0 1
		outer loop
			vertex 0.0877000018954277 0.09969999641180038 0.012000000104308128
			vertex 0.08169705420732498 0.09169705957174301 0.012000000104308128
			vertex 0.0820784643292427 0.09120000153779984 0.012000000104308128
		endloop
	endfacet
	facet normal 0 0 1
		outer loop
			vertex 0.07830294221639633 0.08830294013023376 0.012000000104308128
			vertex 0.0779215395450592 0.08879999816417694 0.012000000104308128
			vertex 0 0 0.012000000104308128
		endloop
	endfacet
	facet normal 0 0 1
		outer loop
			vertex 0.08062116801738739 0.08768177777528763 0.012000000104308128
			vertex 0.07999999821186066 0.08760000020265579 0.012000000104308128
			vertex 0.07980000227689743 0 0.012000000104308128
		endloop
	endfacet
	facet normal 0 0 1
		outer loop
			vertex 0.07999999821186066 0.08760000020265579 0.012000000104308128
			vertex 0.07937883585691452 0.08768177777528763 0.012000000104308128
			vertex 0.07980000227689743 0 0.012000000104308128
		endloop
	endfacet
	facet normal 0 0 1
		outer loop
			vertex 0.07980000227689743 0 0.012000000104308128
			vertex 0.07937883585691452 0.08768177777528763 0.012000000104308128
			vertex 0 0 0.012000000104308128
		endloop
	endfacet
	facet normal 0 0 1
		outer loop
			vertex 0.07937883585691452 0.08768177777528763 0.012000000104308128
			vertex 0.07880000025033951 0.08792153745889664 0.012000000104308128
			vertex 0 0 0.012000000104308128
		endloop
	endfacet
	facet normal 0 0 1
		outer loop
			vertex 0 0 0.012000000104308128
			vertex 0.07880000025033951 0.08792153745889664 0.012000000104308128
			vertex 0.07830294221639633 0.08830294013023376 0.012000000104308128
		endloop
	endfacet
	facet normal 0 0 1
		outer loop
			vertex 0.0779215395450592 0.08879999816417694 0.012000000104308128
			vertex 0.0776817798614502 0.08937883377075195 0.012000000104308128
			vertex 0 0.09969999641180038 0.012000000104308128
		endloop
	endfacet
	facet normal 0 0 1
		outer loop
			vertex 0.0776817798614502 0.08937883377075195 0.012000000104308128
			vertex 0.07760000228881836 0.09000000357627869 0.012000000104308128
			vertex 0 0.09969999641180038 0.012000000104308128
		endloop
	endfacet
	facet normal 0 0 1
		outer loop
			vertex 0 0.09969999641180038 0.012000000104308128
			vertex 0.07760000228881836 0.09000000357627869 0.012000000104308128
			vertex 0.0776817798614502 0.09062116593122482 0.012000000104308128
		endloop
	endfacet
	facet normal 0 0 1
		outer loop
			vertex 0.0776817798614502 0.09062116593122482 0.012000000104308128
			vertex 0.0779215395450592 0.09120000153779984 0.012000000104308128
			vertex 0 0.09969999641180038 0.012000000104308128
		endloop
	endfacet
	facet normal 0 0 1
		outer loop
			vertex 0.0779215395450592 0.09120000153779984 0.012000000104308128
			vertex 0.07830294221639633 0.09169705957174301 0.012000000104308128
			vertex 0 0.09969999641180038 0.012000000104308128
		endloop
	endfacet
	facet normal 0 0 1
		outer loop
			vertex 0 0.09969999641180038 0.012000000104308128
			vertex 0.07830294221639633 0.09169705957174301 0.012000000104308128
			vertex 0.07980000227689743 0.09969999641180038 0.012000000104308128
		endloop
	endfacet
	facet normal 0 0 1
		outer loop
			vertex 0.07830294221639633 0.09169705957174301 0.012000000104308128
			vertex 0.07880000025033951 0.09207846224308014 0.012000000104308128
			vertex 0.07980000227689743 0.09969999641180038 0.012000000104308128
		endloop
	endfacet
	facet normal 0 0 1
		outer loop
			vertex 0.07980000227689743 0.09969999641180038 0.012000000104308128
			vertex 0.07880000025033951 0.09207846224308014 0.012000000104308128
			vertex 0.07937883585691452 0.09231822192668915 0.012000000104308128
		endloop
	endfacet
	facet normal 0 0 1
		outer loop
			vertex 0.08892350643873215 0.10718740522861481 0.012000000104308128
			vertex 0.08749999850988388 0.10700000077486038 0.012000000104308128
			vertex 0.0877000018954277 0.09969999641180038 0.012000000104308128
		endloop
	endfacet
	facet normal 0 0 1
		outer loop
			vertex 0.08749999850988388 0.10700000077486038 0.012000000104308128
			vertex 0.07980000227689743 0.09969999641180038 0.012000000104308128
			vertex 0.0877000018954277 0.09969999641180038 0.012000000104308128
		endloop
	endfacet
	facet normal 0 0 1
		outer loop
			vertex 0.0877000018954277 0.09969999641180038 0.012000000104308128
			vertex 0.07980000227689743 0.09969999641180038 0.012000000104308128
			vertex 0.08062116801738739 0.09231822192668915 0.012000000104308128
		endloop
	endfacet
	facet normal 0 0 1
		outer loop
			vertex 0.07980000227689743 0.09969999641180038 0.012000000104308128
			vertex 0.07999999821186066 0.09239999949932098 0.012000000104308128
			vertex 0.08062116801738739 0.09231822192668915 0.012000000104308128
		endloop
	endfacet
	facet normal 0 0 1
		outer loop
			vertex 0.08749999850988388 0.10700000077486038 0.012000000104308128
			vertex 0.08607649803161621 0.10718740522861481 0.012000000104308128
			vertex 0.07980000227689743 0.09969999641180038 0.012000000104308128
		endloop
	endfacet
	facet normal 0 0 1
		outer loop
			vertex 0.08607649803161621 0.10718740522861481 0.012000000104308128
			vertex 0.08474999666213989 0.10773686319589615 0.012000000104308128
			vertex 0.07980000227689743 0.09969999641180038 0.012000000104308128
		endloop
	endfacet
	facet normal 0 0 1
		outer loop
			vertex 0.07980000227689743 0.09969999641180038 0.012000000104308128
			vertex 0.08474999666213989 0.10773686319589615 0.012000000104308128
			vertex 0.0836109146475792 0.10861091315746307 0.012000000104308128
		endloop
	endfacet
	facet normal 0 0 1
		outer loop
			vertex 0.08218740671873093 0.11392350494861603 0.012000000104308128
			vertex 0.08273685723543167 0.11524999886751175 0.012000000104308128
			vertex 0.07980000227689743 0.12470000237226486 0.012000000104308128
		endloop
	endfacet
	facet normal 0 0 1
		outer loop
			vertex 0.08273685723543167 0.11524999886751175 0.012000000104308128
			vertex 0.0836109146475792 0.11638908833265305 0.012000000104308128
			vertex 0.07980000227689743 0.12470000237226486 0.012000000104308128
		endloop
	endfacet
	facet normal 0 0 1
		outer loop
			vertex 0.0836109146475792 0.10861091315746307 0.012000000104308128
			vertex 0.08273685723543167 0.10975000262260437 0.012000000104308128
			vertex 0.07980000227689743 0.09969999641180038 0.012000000104308128
		endloop
	endfacet
	facet normal 0 0 1
		outer loop
			vertex 0.08273685723543167 0.10975000262260437 0.012000000104308128
			vertex 0.08218740671873093 0.11107649654150009 0.012000000104308128
			vertex 0.07980000227689743 0.09969999641180038 0.012000000104308128
		endloop
	endfacet
	facet normal 0 0 1
		outer loop
			vertex 0.07980000227689743 0.09969999641180038 0.012000000104308128
			vertex 0.08218740671873093 0.11107649654150009 0.012000000104308128
			vertex 0.0820000022649765 0.11249999701976776 0.012000000104308128
		endloop
	endfacet
	facet normal 0 0 1
		outer loop
			vertex 0.0836109146475792 0.11638908833265305 0.012000000104308128
			vertex 0.08474999666213989 0.11726313829421997 0.012000000104308128
			vertex 0.07980000227689743 0.12470000237226486 0.012000000104308128
		endloop
	endfacet
	facet normal 0 0 1
		outer loop
			vertex 0.08474999666213989 0.11726313829421997 0.012000000104308128
			vertex 0.08607649803161621 0.11781258881092072 0.012000000104308128
			vertex 0.07980000227689743 0.12470000237226486 0.012000000104308128
		endloop
	endfacet
	facet normal 0 0 1
		outer loop
			vertex 0.07980000227689743 0.12470000237226486 0.012000000104308128
			vertex 0.08607649803161621 0.11781258881092072 0.012000000104308128
			vertex 0.0877000018954277 0.12470000237226486 0.012000000104308128
		endloop
	endfacet
	facet normal 0 0 1
		outer loop
			vertex 0.08607649803161621 0.11781258881092072 0.012000000104308128
			vertex 0.08749999850988388 0.11800000071525574 0.012000000104308128
			vertex 0.0877000018954277 0.12470000237226486 0.012000000104308128
		endloop
	endfacet
	facet normal 0 0 1
		outer loop
			vertex 0.0877000018954277 0.12470000237226486 0.012000000104308128
			vertex 0.08749999850988388 0.11800000071525574 0.012000000104308128
			vertex 0.08892350643873215 0.11781258881092072 0.012000000104308128
		endloop
	endfacet
	facet normal 0 0 1
		outer loop
			vertex -0.0820000022649765 0.11249999701976776 0.012000000104308128
			vertex 0 0.09969999641180038 0.012000000104308128
			vertex 0 0.12470000237226486 0.012000000104308128
		endloop
	endfacet
	facet normal 0 0 1
		outer loop
			vertex 0 0.09969999641180038 0.012000000104308128
			vertex 0.07980000227689743 0.09969999641180038 0.012000000104308128
			vertex 0 0.12470000237226486 0.012000000104308128
		endloop
	endfacet
	facet normal 0 0 1
		outer loop
			vertex 0 0.12470000237226486 0.012000000104308128
			vertex 0.07980000227689743 0.09969999641180038 0.012000000104308128
			vertex 0.07980000227689743 0.12470000237226486 0.012000000104308128
		endloop
	endfacet
	facet normal 0 0 1
		outer loop
			vertex 0.07980000227689743 0.09969999641180038 0.012000000104308128
			vertex 0.0820000022649765 0.11249999701976776 0.012000000104308128
			vertex 0.07980000227689743 0.12470000237226486 0.012000000104308128
		endloop
	endfacet
	facet normal 0 0 1
		outer loop
			vertex 0.07980000227689743 0.12470000237226486 0.012000000104308128
			vertex 0.0820000022649765 0.11249999701976776 0.012000000104308128
			vertex 0.08218740671873093 0.11392350494861603 0.012000000104308128
		endloop
	endfacet
	facet normal 0 0 1
		outer loop
			vertex 0 0.09969999641180038 0.012000000104308128
			vertex -0.07760000228881836 0.09000000357627869 0.012000000104308128
			vertex -0.0776817798614502 0.08937883377075195 0.012000000104308128
		endloop
	endfacet
	facet normal 0 0 1
		outer loop
			vertex 0.0779215395450592 0.08879999816417694 0.012000000104308128
			vertex 0 0.09969999641180038 0.012000000104308128
			vertex 0 0 0.012000000104308128
		endloop
	endfacet
	facet normal 0 0 1
		outer loop
			vertex 0 0.09969999641180038 0.012000000104308128
			vertex -0.0776817798614502 0.08937883377075195 0.012000000104308128
			vertex 0 0 0.012000000104308128
		endloop
	endfacet
	facet normal 0 0 1
		outer loop
			vertex 0 0 0.012000000104308128
			vertex -0.0776817798614502 0.08937883377075195 0.012000000104308128
			vertex -0.0779215395450592 0.08879999816417694 0.012000000104308128
		endloop
	endfacet
	facet normal 0 0 1
		outer loop
			vertex -0.0779215395450592 0.08879999816417694 0.012000000104308128
			vertex -0.07830294221639633 0.08830294013023376 0.012000000104308128
			vertex 0 0 0.012000000104308128
		endloop
	endfacet
	facet normal 0 0 1
		outer loop
			vertex -0.07830294221639633 0.08830294013023376 0.012000000104308128
			vertex -0.07880000025033951 0.08792153745889664 0.012000000104308128
			vertex 0 0 0.012000000104308128
		endloop
	endfacet
	facet normal 0 0 1
		outer loop
			vertex 0 0 0.012000000104308128
			vertex -0.07880000025033951 0.08792153745889664 0.012000000104308128
			vertex -0.0877000018954277 0 0.012000000104308128
		endloop
	endfacet
	facet normal 0 0 1
		outer loop
			vertex -0.07880000025033951 0.08792153745889664 0.012000000104308128
			vertex -0.07937883585691452 0.08768177777528763 0.012000000104308128
			vertex -0.0877000018954277 0 0.012000000104308128
		endloop
	endfacet
	facet normal 0 0 1
		outer loop
			vertex -0.0877000018954277 0 0.012000000104308128
			vertex -0.07937883585691452 0.08768177777528763 0.012000000104308128
			vertex -0.07999999821186066 0.08760000020265579 0.012000000104308128
		endloop
	endfacet
	facet normal 0 0 1
		outer loop
			vertex -0.07999999821186066 0.08760000020265579 0.012000000104308128
			vertex -0.08062116801738739 0.08768177777528763 0.012000000104308128
			vertex -0.0877000018954277 0 0.012000000104308128
		endloop
	endfacet
	facet normal 0 0 1
		outer loop
			vertex -0.08062116801738739 0.08768177777528763 0.012000000104308128
			vertex -0.0812000036239624 0.08792153745889664 0.012000000104308128
			vertex -0.0877000018954277 0 0.012000000104308128
		endloop
	endfacet
	facet normal 0 0 1
		outer loop
			vertex -0.0877000018954277 0 0.012000000104308128
			vertex -0.0812000036239624 0.08792153745889664 0.012000000104308128
			vertex -0.08169705420732498 0.08830294013023376 0.012000000104308128
		endloop
	endfacet
	facet normal 0 0 1
		outer loop
			vertex -0.08169705420732498 0.08830294013023376 0.012000000104308128
			vertex -0.0820784643292427 0.08879999816417694 0.012000000104308128
			vertex -0.0877000018954277 0 0.012000000104308128
		endloop
	endfacet
	facet normal 0 0 1
		outer loop
			vertex -0.0820784643292427 0.08879999816417694 0.012000000104308128
			vertex -0.08231822401285172 0.08937883377075195 0.012000000104308128
			vertex -0.0877000018954277 0 0.012000000104308128
		endloop
	endfacet
	facet normal 0 0 1
		outer loop
			vertex -0.0877000018954277 0 0.012000000104308128
			vertex -0.08231822401285172 0.08937883377075195 0.012000000104308128
			vertex -0.0877000018954277 0.09969999641180038 0.012000000104308128
		endloop
	endfacet
	facet normal 0 0 1
		outer loop
			vertex -0.08231822401285172 0.08937883377075195 0.012000000104308128
			vertex -0.08240000158548355 0.09000000357627869 0.012000000104308128
			vertex -0.0877000018954277 0.09969999641180038 0.012000000104308128
		endloop
	endfacet
	facet normal 0 0 1
		outer loop
			vertex -0.08240000158548355 0.09000000357627869 0.012000000104308128
			vertex -0.08231822401285172 0.09062116593122482 0.012000000104308128
			vertex -0.0877000018954277 0.09969999641180038 0.012000000104308128
		endloop
	endfacet
	facet normal 0 0 1
		outer loop
			vertex -0.0877000018954277 0.09969999641180038 0.012000000104308128
			vertex -0.08231822401285172 0.09062116593122482 0.012000000104308128
			vertex -0.0820784643292427 0.09120000153779984 0.012000000104308128
		endloop
	endfacet
	facet normal 0 0 1
		outer loop
			vertex -0.0820784643292427 0.09120000153779984 0.012000000104308128
			vertex -0.08169705420732498 0.09169705957174301 0.012000000104308128
			vertex -0.0877000018954277 0.09969999641180038 0.012000000104308128
		endloop
	endfacet
	facet normal 0 0 1
		outer loop
			vertex -0.08169705420732498 0.09169705957174301 0.012000000104308128
			vertex -0.0812000036239624 0.09207846224308014 0.012000000104308128
			vertex -0.0877000018954277 0.09969999641180038 0.012000000104308128
		endloop
	endfacet
	facet normal 0 0 1
		outer loop
			vertex -0.0877000018954277 0.09969999641180038 0.012000000104308128
			vertex -0.0812000036239624 0.09207846224308014 0.012000000104308128
			vertex -0.08062116801738739 0.09231822192668915 0.012000000104308128
		endloop
	endfacet
	facet normal 0 0 1
		outer loop
			vertex -0.07830294221639633 0.09169705957174301 0.012000000104308128
			vertex -0.0779215395450592 0.09120000153779984 0.012000000104308128
			vertex 0 0.09969999641180038 0.012000000104308128
		endloop
	endfacet
	facet normal 0 0 1
		outer loop
			vertex -0.0779215395450592 0.09120000153779984 0.012000000104308128
			vertex -0.0776817798614502 0.09062116593122482 0.012000000104308128
			vertex 0 0.09969999641180038 0.012000000104308128
		endloop
	endfacet
	facet normal 0 0 1
		outer loop
			vertex 0 0.09969999641180038 0.012000000104308128
			vertex -0.0776817798614502 0.09062116593122482 0.012000000104308128
			vertex -0.07760000228881836 0.09000000357627869 0.012000000104308128
		endloop
	endfacet
	facet normal 0 0 1
		outer loop
			vertex -0.08062116801738739 0.09231822192668915 0.012000000104308128
			vertex -0.07999999821186066 0.09239999949932098 0.012000000104308128
			vertex -0.0877000018954277 0.09969999641180038 0.012000000104308128
		endloop
	endfacet
	facet normal 0 0 1
		outer loop
			vertex -0.07999999821186066 0.09239999949932098 0.012000000104308128
			vertex -0.07937883585691452 0.09231822192668915 0.012000000104308128
			vertex -0.0877000018954277 0.09969999641180038 0.012000000104308128
		endloop
	endfacet
	facet normal 0 0 1
		outer loop
			vertex -0.0877000018954277 0.09969999641180038 0.012000000104308128
			vertex -0.07937883585691452 0.09231822192668915 0.012000000104308128
			vertex 0 0.09969999641180038 0.012000000104308128
		endloop
	endfacet
	facet normal 0 0 1
		outer loop
			vertex -0.07937883585691452 0.09231822192668915 0.012000000104308128
			vertex -0.07880000025033951 0.09207846224308014 0.012000000104308128
			vertex 0 0.09969999641180038 0.012000000104308128
		endloop
	endfacet
	facet normal 0 0 1
		outer loop
			vertex 0 0.09969999641180038 0.012000000104308128
			vertex -0.07880000025033951 0.09207846224308014 0.012000000104308128
			vertex -0.07830294221639633 0.09169705957174301 0.012000000104308128
		endloop
	endfacet
	facet normal 0 0 1
		outer loop
			vertex 0.09138908982276917 0.10861091315746307 0.012000000104308128
			vertex 0.09025000035762787 0.10773686319589615 0.012000000104308128
			vertex 0.1046999990940094 0.09969999641180038 0.012000000104308128
		endloop
	endfacet
	facet normal 0 0 1
		outer loop
			vertex 0.09025000035762787 0.10773686319589615 0.012000000104308128
			vertex 0.0877000018954277 0.09969999641180038 0.012000000104308128
			vertex 0.1046999990940094 0.09969999641180038 0.012000000104308128
		endloop
	endfacet
	facet normal 0 0 1
		outer loop
			vertex 0.1046999990940094 0.09969999641180038 0.012000000104308128
			vertex 0.0877000018954277 0.09969999641180038 0.012000000104308128
			vertex 0.1046999990940094 0 0.012000000104308128
		endloop
	endfacet
	facet normal 0 0 1
		outer loop
			vertex 0.0877000018954277 0.09969999641180038 0.012000000104308128
			vertex 0.0877000018954277 0 0.012000000104308128
			vertex 0.1046999990940094 0 0.012000000104308128
		endloop
	endfacet
	facet normal 0 0 1
		outer loop
			vertex 0.1046999990940094 0 0.012000000104308128
			vertex 0.0877000018954277 0 0.012000000104308128
			vertex 0.1046999990940094 -0.09969999641180038 0.012000000104308128
		endloop
	endfacet
	facet normal 0 0 1
		outer loop
			vertex 0.0877000018954277 0 0.012000000104308128
			vertex 0.0877000018954277 -0.09969999641180038 0.012000000104308128
			vertex 0.1046999990940094 -0.09969999641180038 0.012000000104308128
		endloop
	endfacet
	facet normal 0 0 1
		outer loop
			vertex 0.1046999990940094 -0.09969999641180038 0.012000000104308128
			vertex 0.0877000018954277 -0.09969999641180038 0.012000000104308128
			vertex 0.08892350643873215 -0.10718740522861481 0.012000000104308128
		endloop
	endfacet
	facet normal 0 0 1
		outer loop
			vertex 0.0877000018954277 -0.09969999641180038 0.012000000104308128
			vertex 0.08749999850988388 -0.10700000077486038 0.012000000104308128
			vertex 0.08892350643873215 -0.10718740522861481 0.012000000104308128
		endloop
	endfacet
	facet normal 0 0 1
		outer loop
			vertex -0.07760000228881836 -0.09000000357627869 0.012000000104308128
			vertex -0.0776817798614502 -0.09062116593122482 0.012000000104308128
			vertex 0 -0.09969999641180038 0.012000000104308128
		endloop
	endfacet
	facet normal 0 0 1
		outer loop
			vertex -0.0776817798614502 -0.09062116593122482 0.012000000104308128
			vertex -0.0779215395450592 -0.09120000153779984 0.012000000104308128
			vertex 0 -0.09969999641180038 0.012000000104308128
		endloop
	endfacet
	facet normal 0 0 1
		outer loop
			vertex -0.07937883585691452 -0.09231822192668915 0.012000000104308128
			vertex -0.0877000018954277 -0.09969999641180038 0.012000000104308128
			vertex -0.07880000025033951 -0.09207846224308014 0.012000000104308128
		endloop
	endfacet
	facet normal 0 0 1
		outer loop
			vertex -0.0877000018954277 -0.09969999641180038 0.012000000104308128
			vertex 0 -0.09969999641180038 0.012000000104308128
			vertex -0.07880000025033951 -0.09207846224308014 0.012000000104308128
		endloop
	endfacet
	facet normal 0 0 1
		outer loop
			vertex -0.07880000025033951 -0.09207846224308014 0.012000000104308128
			vertex 0 -0.09969999641180038 0.012000000104308128
			vertex -0.07830294221639633 -0.09169705957174301 0.012000000104308128
		endloop
	endfacet
	facet normal 0 0 1
		outer loop
			vertex 0 -0.09969999641180038 0.012000000104308128
			vertex -0.0779215395450592 -0.09120000153779984 0.012000000104308128
			vertex -0.07830294221639633 -0.09169705957174301 0.012000000104308128
		endloop
	endfacet
	facet normal 0 0 1
		outer loop
			vertex -0.07937883585691452 -0.09231822192668915 0.012000000104308128
			vertex -0.07999999821186066 -0.09239999949932098 0.012000000104308128
			vertex -0.0877000018954277 -0.09969999641180038 0.012000000104308128
		endloop
	endfacet
	facet normal 0 0 1
		outer loop
			vertex -0.07999999821186066 -0.09239999949932098 0.012000000104308128
			vertex -0.08062116801738739 -0.09231822192668915 0.012000000104308128
			vertex -0.0877000018954277 -0.09969999641180038 0.012000000104308128
		endloop
	endfacet
	facet normal 0 0 1
		outer loop
			vertex -0.0877000018954277 -0.09969999641180038 0.012000000104308128
			vertex -0.08062116801738739 -0.09231822192668915 0.012000000104308128
			vertex -0.0812000036239624 -0.09207846224308014 0.012000000104308128
		endloop
	endfacet
	facet normal 0 0 1
		outer loop
			vertex -0.0812000036239624 -0.09207846224308014 0.012000000104308128
			vertex -0.08169705420732498 -0.09169705957174301 0.012000000104308128
			vertex -0.0877000018954277 -0.09969999641180038 0.012000000104308128
		endloop
	endfacet
	facet normal 0 0 1
		outer loop
			vertex -0.08169705420732498 -0.09169705957174301 0.012000000104308128
			vertex -0.0820784643292427 -0.09120000153779984 0.012000000104308128
			vertex -0.0877000018954277 -0.09969999641180038 0.012000000104308128
		endloop
	endfacet
	facet normal 0 0 1
		outer loop
			vertex -0.0877000018954277 -0.09969999641180038 0.012000000104308128
			vertex -0.0820784643292427 -0.09120000153779984 0.012000000104308128
			vertex -0.08231822401285172 -0.09062116593122482 0.012000000104308128
		endloop
	endfacet
	facet normal 0 0 1
		outer loop
			vertex -0.08231822401285172 -0.09062116593122482 0.012000000104308128
			vertex -0.08240000158548355 -0.09000000357627869 0.012000000104308128
			vertex -0.0877000018954277 -0.09969999641180038 0.012000000104308128
		endloop
	endfacet
	facet normal 0 0 1
		outer loop
			vertex -0.08240000158548355 -0.09000000357627869 0.012000000104308128
			vertex -0.08231822401285172 -0.08937883377075195 0.012000000104308128
			vertex -0.0877000018954277 -0.09969999641180038 0.012000000104308128
		endloop
	endfacet
	facet normal 0 0 1
		outer loop
			vertex -0.0877000018954277 -0.09969999641180038 0.012000000104308128
			vertex -0.08231822401285172 -0.08937883377075195 0.012000000104308128
			vertex -0.0877000018954277 0 0.012000000104308128
		endloop
	endfacet
	facet normal 0 0 1
		outer loop
			vertex -0.08231822401285172 -0.08937883377075195 0.012000000104308128
			vertex -0.0820784643292427 -0.08879999816417694 0.012000000104308128
			vertex -0.0877000018954277 0 0.012000000104308128
		endloop
	endfacet
	facet normal 0 0 1
		outer loop
			vertex -0.0820784643292427 -0.08879999816417694 0.012000000104308128
			vertex -0.08169705420732498 -0.08830294013023376 0.012000000104308128
			vertex -0.0877000018954277 0 0.012000000104308128
		endloop
	endfacet
	facet normal 0 0 1
		outer loop
			vertex -0.08169705420732498 -0.08830294013023376 0.012000000104308128
			vertex -0.0812000036239624 -0.08792153745889664 0.012000000104308128
			vertex -0.0877000018954277 0 0.012000000104308128
		endloop
	endfacet
	facet normal 0 0 1
		outer loop
			vertex -0.0877000018954277 0 0.012000000104308128
			vertex -0.0812000036239624 -0.08792153745889664 0.012000000104308128
			vertex -0.08062116801738739 -0.08768177777528763 0.012000000104308128
		endloop
	endfacet
	facet normal 0 0 1
		outer loop
			vertex -0.08062116801738739 -0.08768177777528763 0.012000000104308128
			vertex -0.07999999821186066 -0.08760000020265579 0.012000000104308128
			vertex -0.0877000018954277 0 0.012000000104308128
		endloop
	endfacet
	facet normal 0 0 1
		outer loop
			vertex -0.07999999821186066 -0.08760000020265579 0.012000000104308128
			vertex -0.07937883585691452 -0.08768177777528763 0.012000000104308128
			vertex -0.0877000018954277 0 0.012000000104308128
		endloop
	endfacet
	facet normal 0 0 1
		outer loop
			vertex -0.0877000018954277 0 0.012000000104308128
			vertex -0.07937883585691452 -0.08768177777528763 0.012000000104308128
			vertex 0 0 0.012000000104308128
		endloop
	endfacet
	facet normal 0 0 1
		outer loop
			vertex -0.07937883585691452 -0.08768177777528763 0.012000000104308128
			vertex -0.07880000025033951 -0.08792153745889664 0.012000000104308128
			vertex 0 0 0.012000000104308128
		endloop
	endfacet
	facet normal 0 0 1
		outer loop
			vertex -0.07880000025033951 -0.08792153745889664 0.012000000104308128
			vertex -0.07830294221639633 -0.08830294013023376 0.012000000104308128
			vertex 0 0 0.012000000104308128
		endloop
	endfacet
	facet normal 0 0 1
		outer loop
			vertex -0.07830294221639633 -0.08830294013023376 0.012000000104308128
			vertex -0.0779215395450592 -0.08879999816417694 0.012000000104308128
			vertex 0 0 0.012000000104308128
		endloop
	endfacet
	facet normal 0 0 1
		outer loop
			vertex 0 0 0.012000000104308128
			vertex -0.0779215395450592 -0.08879999816417694 0.012000000104308128
			vertex 0 -0.09969999641180038 0.012000000104308128
		endloop
	endfacet
	facet normal 0 0 1
		outer loop
			vertex -0.0779215395450592 -0.08879999816417694 0.012000000104308128
			vertex -0.0776817798614502 -0.08937883377075195 0.012000000104308128
			vertex 0 -0.09969999641180038 0.012000000104308128
		endloop
	endfacet
	facet normal 0 0 1
		outer loop
			vertex 0 -0.09969999641180038 0.012000000104308128
			vertex -0.0776817798614502 -0.08937883377075195 0.012000000104308128
			vertex -0.07760000228881836 -0.09000000357627869 0.012000000104308128
		endloop
	endfacet
	facet normal 0 0 1
		outer loop
			vertex -0.08749999850988388 0.10700000077486038 0.012000000104308128
			vertex -0.08892350643873215 0.10718740522861481 0.012000000104308128
			vertex -0.0877000018954277 0.09969999641180038 0.012000000104308128
		endloop
	endfacet
	facet normal 0 0 1
		outer loop
			vertex -0.08892350643873215 0.10718740522861481 0.012000000104308128
			vertex -0.1046999990940094 0.09969999641180038 0.012000000104308128
			vertex -0.0877000018954277 0.09969999641180038 0.012000000104308128
		endloop
	endfacet
	facet normal 0 0 1
		outer loop
			vertex -0.0877000018954277 0.09969999641180038 0.012000000104308128
			vertex -0.1046999990940094 0.09969999641180038 0.012000000104308128
			vertex -0.0877000018954277 0 0.012000000104308128
		endloop
	endfacet
	facet normal 0 0 1
		outer loop
			vertex -0.1046999990940094 0.09969999641180038 0.012000000104308128
			vertex -0.1046999990940094 0 0.012000000104308128
			vertex -0.0877000018954277 0 0.012000000104308128
		endloop
	endfacet
	facet normal 0 0 1
		outer loop
			vertex -0.0877000018954277 0 0.012000000104308128
			vertex -0.1046999990940094 0 0.012000000104308128
			vertex -0.0877000018954277 -0.09969999641180038 0.012000000104308128
		endloop
	endfacet
	facet normal 0 0 1
		outer loop
			vertex -0.1046999990940094 0 0.012000000104308128
			vertex -0.1046999990940094 -0.09969999641180038 0.012000000104308128
			vertex -0.0877000018954277 -0.09969999641180038 0.012000000104308128
		endloop
	endfacet
	facet normal 0 0 1
		outer loop
			vertex -0.0877000018954277 -0.09969999641180038 0.012000000104308128
			vertex -0.1046999990940094 -0.09969999641180038 0.012000000104308128
			vertex -0.09025000035762787 -0.10773686319589615 0.012000000104308128
		endloop
	endfacet
	facet normal 0 0 1
		outer loop
			vertex -0.1046999990940094 -0.09969999641180038 0.012000000104308128
			vertex -0.09138908982276917 -0.10861091315746307 0.012000000104308128
			vertex -0.09025000035762787 -0.10773686319589615 0.012000000104308128
		endloop
	endfacet
	facet normal 0 0 1
		outer loop
			vertex -0.08218740671873093 -0.11107649654150009 0.012000000104308128
			vertex 0 -0.12134999781847 0.012000000104308128
			vertex 0 -0.09969999641180038 0.012000000104308128
		endloop
	endfacet
	facet normal 0 0 1
		outer loop
			vertex 0 -0.12134999781847 0.012000000104308128
			vertex 0.07980000227689743 -0.12134999781847 0.012000000104308128
			vertex 0 -0.09969999641180038 0.012000000104308128
		endloop
	endfacet
	facet normal 0 0 1
		outer loop
			vertex 0 -0.09969999641180038 0.012000000104308128
			vertex 0.07980000227689743 -0.12134999781847 0.012000000104308128
			vertex 0.07980000227689743 -0.09969999641180038 0.012000000104308128
		endloop
	endfacet
	facet normal 0 0 1
		outer loop
			vertex 0.07980000227689743 -0.12134999781847 0.012000000104308128
			vertex 0.0820000022649765 -0.11249999701976776 0.012000000104308128
			vertex 0.07980000227689743 -0.09969999641180038 0.012000000104308128
		endloop
	endfacet
	facet normal 0 0 1
		outer loop
			vertex 0.07980000227689743 -0.09969999641180038 0.012000000104308128
			vertex 0.0820000022649765 -0.11249999701976776 0.012000000104308128
			vertex 0.08218740671873093 -0.11107649654150009 0.012000000104308128
		endloop
	endfacet
	facet normal 0 0 1
		outer loop
			vertex -0.09700000286102295 -0.12470000237226486 0.012000000104308128
			vertex -0.0877000018954277 -0.12470000237226486 0.012000000104308128
			vertex -0.0877000018954277 -0.12134999781847 0.012000000104308128
		endloop
	endfacet
	facet normal 0 0 1
		outer loop
			vertex -0.0877000018954277 -0.12470000237226486 0.012000000104308128
			vertex 0 -0.12470000237226486 0.012000000104308128
			vertex -0.0877000018954277 -0.12134999781847 0.012000000104308128
		endloop
	endfacet
	facet normal 0 0 1
		outer loop
			vertex -0.0877000018954277 -0.12134999781847 0.012000000104308128
			vertex 0 -0.12470000237226486 0.012000000104308128
			vertex 0 -0.12134999781847 0.012000000104308128
		endloop
	endfacet
	facet normal 0 0 1
		outer loop
			vertex 0 -0.12470000237226486 0.012000000104308128
			vertex 0.07980000227689743 -0.12470000237226486 0.012000000104308128
			vertex 0 -0.12134999781847 0.012000000104308128
		endloop
	endfacet
	facet normal 0 0 1
		outer loop
			vertex 0 -0.12134999781847 0.012000000104308128
			vertex 0.07980000227689743 -0.12470000237226486 0.012000000104308128
			vertex 0.07980000227689743 -0.12134999781847 0.012000000104308128
		endloop
	endfacet
	facet normal 0 0 1
		outer loop
			vertex 0.07980000227689743 -0.12470000237226486 0.012000000104308128
			vertex 0.0877000018954277 -0.12470000237226486 0.012000000104308128
			vertex 0.07980000227689743 -0.12134999781847 0.012000000104308128
		endloop
	endfacet
	facet normal 0 0 1
		outer loop
			vertex 0.07980000227689743 -0.12134999781847 0.012000000104308128
			vertex 0.0877000018954277 -0.12470000237226486 0.012000000104308128
			vertex 0.0877000018954277 -0.12134999781847 0.012000000104308128
		endloop
	endfacet
	facet normal 0 0 1
		outer loop
			vertex 0.0877000018954277 -0.12470000237226486 0.012000000104308128
			vertex 0.10366839915513992 -0.12084999680519104 0.012000000104308128
			vertex 0.0877000018954277 -0.12134999781847 0.012000000104308128
		endloop
	endfacet
	facet normal 0 0 1
		outer loop
			vertex 0.0877000018954277 -0.12134999781847 0.012000000104308128
			vertex 0.10366839915513992 -0.12084999680519104 0.012000000104308128
			vertex 0.09025000035762787 -0.11726313829421997 0.012000000104308128
		endloop
	endfacet
	facet normal 0 0 1
		outer loop
			vertex 0.10366839915513992 -0.12084999680519104 0.012000000104308128
			vertex 0.09138908982276917 -0.11638908833265305 0.012000000104308128
			vertex 0.09025000035762787 -0.11726313829421997 0.012000000104308128
		endloop
	endfacet
	facet normal -0.7040655152991667 0.09268973549499043 -0.704059914425177
		outer loop
			vertex -0.1046999990940094 0.11699999868869781 1.5178830414797062e-18
			vertex -0.10499999672174454 0.11699999868869781 0.0003000000142492354
			vertex -0.10472740978002548 0.11907055228948593 0.0003000000142492354
		endloop
	endfacet
	facet normal -0.7040570961756591 0.09269104186353516 -0.7040681615319295
		outer loop
			vertex -0.1046999990940094 0.11699999868869781 1.5178830414797062e-18
			vertex -0.10472740978002548 0.11907055228948593 0.0003000000142492354
			vertex -0.10443762689828873 0.11899290978908539 1.5178830414797062e-18
		endloop
	endfacet
	facet normal -0.6560774823522274 0.27175814345110455 -0.7040666506932222
		outer loop
			vertex -0.10472740978002548 0.11907055228948593 0.0003000000142492354
			vertex -0.10392820090055466 0.12099999934434891 0.0003000000142492354
			vertex -0.10443762689828873 0.11899290978908539 1.5178830414797062e-18
		endloop
	endfacet
	facet normal -0.6560871958987434 0.2717591952521118 -0.7040571931126395
		outer loop
			vertex -0.10443762689828873 0.11899290978908539 1.5178830414797062e-18
			vertex -0.10392820090055466 0.12099999934434891 0.0003000000142492354
			vertex -0.10366839915513992 0.12084999680519104 1.5178830414797062e-18
		endloop
	endfacet
	facet normal -0.5633936872456465 0.43230614676086954 -0.704058909924819
		outer loop
			vertex -0.10392820090055466 0.12099999934434891 0.0003000000142492354
			vertex -0.10265685617923737 0.12265685200691223 0.0003000000142492354
			vertex -0.10366839915513992 0.12084999680519104 1.5178830414797062e-18
		endloop
	endfacet
	facet normal -0.5633886672504942 0.4323042016471404 -0.7040641212644916
		outer loop
			vertex -0.10366839915513992 0.12084999680519104 1.5178830414797062e-18
			vertex -0.10265685617923737 0.12265685200691223 0.0003000000142492354
			vertex -0.10244472324848175 0.12244471907615662 1.5178830414797062e-18
		endloop
	endfacet
	facet normal -0.4323045762889348 0.5633883388844045 -0.704064153986493
		outer loop
			vertex -0.10265685617923737 0.12265685200691223 0.0003000000142492354
			vertex -0.10100000351667404 0.12392820417881012 0.0003000000142492354
			vertex -0.10244472324848175 0.12244471907615662 1.5178830414797062e-18
		endloop
	endfacet
	facet normal -0.4323031483306348 0.5633872945444693 -0.7040658664423981
		outer loop
			vertex -0.10244472324848175 0.12244471907615662 1.5178830414797062e-18
			vertex -0.10100000351667404 0.12392820417881012 0.0003000000142492354
			vertex -0.10085000097751617 0.12366839498281479 1.5178830414797062e-18
		endloop
	endfacet
	facet normal -0.2717555700901483 0.6560799194489957 -0.7040653729738297
		outer loop
			vertex -0.10100000351667404 0.12392820417881012 0.0003000000142492354
			vertex -0.09907054901123047 0.12472740560770035 0.0003000000142492354
			vertex -0.10085000097751617 0.12366839498281479 1.5178830414797062e-18
		endloop
	endfacet
	facet normal -0.27176000766738806 0.6560854347535939 -0.7040585206762354
		outer loop
			vertex -0.10085000097751617 0.12366839498281479 1.5178830414797062e-18
			vertex -0.09907054901123047 0.12472740560770035 0.0003000000142492354
			vertex -0.09899290651082993 0.12443763017654419 1.5178830414797062e-18
		endloop
	endfacet
	facet normal -0.0926926237077964 0.7040656763028248 -0.7040593731798556
		outer loop
			vertex -0.09907054901123047 0.12472740560770035 0.0003000000142492354
			vertex -0.09700000286102295 0.125 0.0003000000142492354
			vertex -0.09899290651082993 0.12443763017654419 1.5178830414797062e-18
		endloop
	endfacet
	facet normal -0.09269247307441826 0.7040653350948352 -0.704059734222279
		outer loop
			vertex -0.09899290651082993 0.12443763017654419 1.5178830414797062e-18
			vertex -0.09700000286102295 0.125 0.0003000000142492354
			vertex -0.09700000286102295 0.12470000237226486 1.5178830414797062e-18
		endloop
	endfacet
	facet normal 0 -1 0
		outer loop
			vertex 0.09700000286102295 -0.125 0.011699999682605267
			vertex -0.09700000286102295 -0.125 0.011699999682605267
			vertex 0.09700000286102295 -0.125 0.0003000000142492354
		endloop
	endfacet
	facet normal 0 -1 0
		outer loop
			vertex -0.09700000286102295 -0.125 0.011699999682605267
			vertex -0.09700000286102295 -0.125 0.0003000000142492354
			vertex 0.09700000286102295 -0.125 0.0003000000142492354
		endloop
	endfacet
	facet normal -0.7040659893105572 -0.09268979789826036 0.7040594321942758
		outer loop
			vertex -0.1046999990940094 -0.11699999868869781 0.012000000104308128
			vertex -0.10499999672174454 -0.11699999868869781 0.011699999682605267
			vertex -0.10472740978002548 -0.11907055228948593 0.011699999682605267
		endloop
	endfacet
	facet normal -0.7040575701924862 -0.09269110426914658 0.7040676793064844
		outer loop
			vertex -0.1046999990940094 -0.11699999868869781 0.012000000104308128
			vertex -0.10472740978002548 -0.11907055228948593 0.011699999682605267
			vertex -0.10443762689828873 -0.11899290978908539 0.012000000104308128
		endloop
	endfacet
	facet normal -0.656077924064176 -0.2717583264154987 0.7040661684667775
		outer loop
			vertex -0.10472740978002548 -0.11907055228948593 0.011699999682605267
			vertex -0.10392820090055466 -0.12099999934434891 0.011699999682605267
			vertex -0.10443762689828873 -0.11899290978908539 0.012000000104308128
		endloop
	endfacet
	facet normal -0.6560876376053648 -0.2717593782122987 0.7040567108799379
		outer loop
			vertex -0.10443762689828873 -0.11899290978908539 0.012000000104308128
			vertex -0.10392820090055466 -0.12099999934434891 0.011699999682605267
			vertex -0.10366839915513992 -0.12084999680519104 0.012000000104308128
		endloop
	endfacet
	facet normal -0.5633940665487899 -0.4323064378097116 0.7040584276932532
		outer loop
			vertex -0.10392820090055466 -0.12099999934434891 0.011699999682605267
			vertex -0.10265685617923737 -0.12265685200691223 0.011699999682605267
			vertex -0.10366839915513992 -0.12084999680519104 0.012000000104308128
		endloop
	endfacet
	facet normal -0.5633890465558729 -0.4323044926989815 0.7040636390363735
		outer loop
			vertex -0.10366839915513992 -0.12084999680519104 0.012000000104308128
			vertex -0.10265685617923737 -0.12265685200691223 0.011699999682605267
			vertex -0.10244472324848175 -0.12244471907615662 0.012000000104308128
		endloop
	endfacet
	facet normal -0.43230486734105533 -0.5633887181895975 0.7040636717583966
		outer loop
			vertex -0.10265685617923737 -0.12265685200691223 0.011699999682605267
			vertex -0.10100000351667404 -0.12392820417881012 0.011699999682605267
			vertex -0.10244472324848175 -0.12244471907615662 0.012000000104308128
		endloop
	endfacet
	facet normal -0.4323034393832098 -0.5633876738508042 0.7040653842154346
		outer loop
			vertex -0.10244472324848175 -0.12244471907615662 0.012000000104308128
			vertex -0.10100000351667404 -0.12392820417881012 0.011699999682605267
			vertex -0.10085000097751617 -0.12366839498281479 0.012000000104308128
		endloop
	endfacet
	facet normal -0.27175575305214583 -0.6560803611609819 0.7040648907465397
		outer loop
			vertex -0.10100000351667404 -0.12392820417881012 0.011699999682605267
			vertex -0.09907054901123047 -0.12472740560770035 0.011699999682605267
			vertex -0.10085000097751617 -0.12366839498281479 0.012000000104308128
		endloop
	endfacet
	facet normal -0.2717601906288118 -0.6560858764606953 0.7040580384444121
		outer loop
			vertex -0.10085000097751617 -0.12366839498281479 0.012000000104308128
			vertex -0.09907054901123047 -0.12472740560770035 0.011699999682605267
			vertex -0.09899290651082993 -0.12443763017654419 0.012000000104308128
		endloop
	endfacet
	facet normal -0.09269268611291487 -0.7040661503135949 0.7040588909485962
		outer loop
			vertex -0.09907054901123047 -0.12472740560770035 0.011699999682605267
			vertex -0.09700000286102295 -0.125 0.011699999682605267
			vertex -0.09899290651082993 -0.12443763017654419 0.012000000104308128
		endloop
	endfacet
	facet normal -0.09269253547949932 -0.7040658091058616 0.7040592519912584
		outer loop
			vertex -0.09899290651082993 -0.12443763017654419 0.012000000104308128
			vertex -0.09700000286102295 -0.125 0.011699999682605267
			vertex -0.09700000286102295 -0.12470000237226486 0.012000000104308128
		endloop
	endfacet
	facet normal -0.09269257787834281 -0.7040653281958886 -0.7040597273233876
		outer loop
			vertex -0.09700000286102295 -0.12470000237226486 1.6263032587282567e-18
			vertex -0.09700000286102295 -0.125 0.0003000000142492354
			vertex -0.09907054901123047 -0.12472740560770035 0.0003000000142492354
		endloop
	endfacet
	facet normal -0.09269252068931126 -0.7040656967638519 -0.7040593662814901
		outer loop
			vertex -0.09700000286102295 -0.12470000237226486 1.6263032587282567e-18
			vertex -0.09907054901123047 -0.12472740560770035 0.0003000000142492354
			vertex -0.09899290651082993 -0.12443763017654419 1.6263032587282567e-18
		endloop
	endfacet
	facet normal -0.27175812021867896 -0.65608607604082 -0.7040586516197138
		outer loop
			vertex -0.09907054901123047 -0.12472740560770035 0.0003000000142492354
			vertex -0.10100000351667404 -0.12392820417881012 0.0003000000142492354
			vertex -0.09899290651082993 -0.12443763017654419 1.6263032587282567e-18
		endloop
	endfacet
	facet normal -0.27175735816051777 -0.6560790382904726 -0.7040655039138509
		outer loop
			vertex -0.09899290651082993 -0.12443763017654419 1.6263032587282567e-18
			vertex -0.10100000351667404 -0.12392820417881012 0.0003000000142492354
			vertex -0.10085000097751617 -0.12366839498281479 1.6263032587282567e-18
		endloop
	endfacet
	facet normal -0.4323035624704113 -0.5633870176549631 -0.7040658337209934
		outer loop
			vertex -0.10100000351667404 -0.12392820417881012 0.0003000000142492354
			vertex -0.10265685617923737 -0.12265685200691223 0.0003000000142492354
			vertex -0.10085000097751617 -0.12366839498281479 1.6263032587282567e-18
		endloop
	endfacet
	facet normal -0.4323042016471403 -0.5633886672504941 -0.7040641212644917
		outer loop
			vertex -0.10085000097751617 -0.12366839498281479 1.6263032587282567e-18
			vertex -0.10265685617923737 -0.12265685200691223 0.0003000000142492354
			vertex -0.10244472324848175 -0.12244471907615662 1.6263032587282567e-18
		endloop
	endfacet
	facet normal -0.5633896665172792 -0.43230306155486337 -0.7040640216854154
		outer loop
			vertex -0.10265685617923737 -0.12265685200691223 0.0003000000142492354
			vertex -0.10392820090055466 -0.12099999934434891 0.0003000000142492354
			vertex -0.10244472324848175 -0.12244471907615662 1.6263032587282567e-18
		endloop
	endfacet
	facet normal -0.5633928446128116 -0.4323074070564546 -0.7040588103583459
		outer loop
			vertex -0.10244472324848175 -0.12244471907615662 1.6263032587282567e-18
			vertex -0.10392820090055466 -0.12099999934434891 0.0003000000142492354
			vertex -0.10366839915513992 -0.12084999680519104 1.6263032587282567e-18
		endloop
	endfacet
	facet normal -0.6560859796870641 -0.27176166318772343 -0.7040573738549349
		outer loop
			vertex -0.10392820090055466 -0.12099999934434891 0.0003000000142492354
			vertex -0.10472740978002548 -0.11907055228948593 0.0003000000142492354
			vertex -0.10366839915513992 -0.12084999680519104 1.6263032587282567e-18
		endloop
	endfacet
	facet normal -0.6560783674431873 -0.27175553839980265 -0.7040668314315877
		outer loop
			vertex -0.10366839915513992 -0.12084999680519104 1.6263032587282567e-18
			vertex -0.10472740978002548 -0.11907055228948593 0.0003000000142492354
			vertex -0.10443762689828873 -0.11899290978908539 1.6263032587282567e-18
		endloop
	endfacet
	facet normal -0.7040575635521216 -0.09268868865302145 -0.7040680039604369
		outer loop
			vertex -0.10472740978002548 -0.11907055228948593 0.0003000000142492354
			vertex -0.10499999672174454 -0.11699999868869781 0.0003000000142492354
			vertex -0.10443762689828873 -0.11899290978908539 1.6263032587282567e-18
		endloop
	endfacet
	facet normal -0.7040653577101843 -0.09269212951714546 -0.7040597568374485
		outer loop
			vertex -0.10443762689828873 -0.11899290978908539 1.6263032587282567e-18
			vertex -0.10499999672174454 -0.11699999868869781 0.0003000000142492354
			vertex -0.1046999990940094 -0.11699999868869781 1.6263032587282567e-18
		endloop
	endfacet
	facet normal -0.9914452710346907 0.13052308049900216 0
		outer loop
			vertex -0.10499999672174454 0.11699999868869781 0.0003000000142492354
			vertex -0.10499999672174454 0.11699999868869781 0.011699999682605267
			vertex -0.10472740978002548 0.11907055228948593 0.011699999682605267
		endloop
	endfacet
	facet normal -0.9914452710346907 0.13052308049900216 0
		outer loop
			vertex -0.10499999672174454 0.11699999868869781 0.0003000000142492354
			vertex -0.10472740978002548 0.11907055228948593 0.011699999682605267
			vertex -0.10472740978002548 0.11907055228948593 0.0003000000142492354
		endloop
	endfacet
	facet normal -0.9238785605227567 0.38268577894455286 0
		outer loop
			vertex -0.10472740978002548 0.11907055228948593 0.011699999682605267
			vertex -0.10392820090055466 0.12099999934434891 0.011699999682605267
			vertex -0.10472740978002548 0.11907055228948593 0.0003000000142492354
		endloop
	endfacet
	facet normal -0.9238785605227567 0.38268577894455286 0
		outer loop
			vertex -0.10472740978002548 0.11907055228948593 0.0003000000142492354
			vertex -0.10392820090055466 0.12099999934434891 0.011699999682605267
			vertex -0.10392820090055466 0.12099999934434891 0.0003000000142492354
		endloop
	endfacet
	facet normal -0.7933540437251645 0.6087605122746792 0
		outer loop
			vertex -0.10392820090055466 0.12099999934434891 0.011699999682605267
			vertex -0.10265685617923737 0.12265685200691223 0.011699999682605267
			vertex -0.10392820090055466 0.12099999934434891 0.0003000000142492354
		endloop
	endfacet
	facet normal -0.7933540437251645 0.6087605122746792 0
		outer loop
			vertex -0.10392820090055466 0.12099999934434891 0.0003000000142492354
			vertex -0.10265685617923737 0.12265685200691223 0.011699999682605267
			vertex -0.10265685617923737 0.12265685200691223 0.0003000000142492354
		endloop
	endfacet
	facet normal -0.608762757737824 0.7933523207197667 0
		outer loop
			vertex -0.10265685617923737 0.12265685200691223 0.011699999682605267
			vertex -0.10100000351667404 0.12392820417881012 0.011699999682605267
			vertex -0.10265685617923737 0.12265685200691223 0.0003000000142492354
		endloop
	endfacet
	facet normal -0.608762757737824 0.7933523207197667 0
		outer loop
			vertex -0.10265685617923737 0.12265685200691223 0.0003000000142492354
			vertex -0.10100000351667404 0.12392820417881012 0.011699999682605267
			vertex -0.10100000351667404 0.12392820417881012 0.0003000000142492354
		endloop
	endfacet
	facet normal -0.3826814725143697 0.9238803443055998 0
		outer loop
			vertex -0.10100000351667404 0.12392820417881012 0.011699999682605267
			vertex -0.09907054901123047 0.12472740560770035 0.011699999682605267
			vertex -0.10100000351667404 0.12392820417881012 0.0003000000142492354
		endloop
	endfacet
	facet normal -0.3826814725143697 0.9238803443055998 0
		outer loop
			vertex -0.10100000351667404 0.12392820417881012 0.0003000000142492354
			vertex -0.09907054901123047 0.12472740560770035 0.011699999682605267
			vertex -0.09907054901123047 0.12472740560770035 0.0003000000142492354
		endloop
	endfacet
	facet normal -0.1305270489676781 0.9914447485804689 0
		outer loop
			vertex -0.09907054901123047 0.12472740560770035 0.011699999682605267
			vertex -0.09700000286102295 0.125 0.011699999682605267
			vertex -0.09907054901123047 0.12472740560770035 0.0003000000142492354
		endloop
	endfacet
	facet normal -0.1305270489676781 0.9914447485804689 0
		outer loop
			vertex -0.09907054901123047 0.12472740560770035 0.0003000000142492354
			vertex -0.09700000286102295 0.125 0.011699999682605267
			vertex -0.09700000286102295 0.125 0.0003000000142492354
		endloop
	endfacet
	facet normal -0.7071100739121254 0 0.7071034884456368
		outer loop
			vertex -0.1046999990940094 -0.11699999868869781 0.012000000104308128
			vertex -0.1046999990940094 -0.09969999641180038 0.012000000104308128
			vertex -0.10499999672174454 -0.11699999868869781 0.011699999682605267
		endloop
	endfacet
	facet normal -0.7071100739121254 0 0.7071034884456368
		outer loop
			vertex -0.1046999990940094 -0.09969999641180038 0.012000000104308128
			vertex -0.1046999990940094 7.366429076212928e-22 0.012000000104308128
			vertex -0.10499999672174454 -0.11699999868869781 0.011699999682605267
		endloop
	endfacet
	facet normal -0.7071100739121254 0 0.7071034884456368
		outer loop
			vertex -0.10499999672174454 -0.11699999868869781 0.011699999682605267
			vertex -0.1046999990940094 7.366429076212928e-22 0.012000000104308128
			vertex -0.10499999672174454 0.11699999868869781 0.011699999682605267
		endloop
	endfacet
	facet normal -0.7071100739121254 0 0.7071034884456368
		outer loop
			vertex -0.1046999990940094 7.366429076212928e-22 0.012000000104308128
			vertex -0.1046999990940094 0.09969999641180038 0.012000000104308128
			vertex -0.10499999672174454 0.11699999868869781 0.011699999682605267
		endloop
	endfacet
	facet normal -0.7071100739121254 0 0.7071034884456368
		outer loop
			vertex -0.10499999672174454 0.11699999868869781 0.011699999682605267
			vertex -0.1046999990940094 0.09969999641180038 0.012000000104308128
			vertex -0.1046999990940094 0.11699999868869781 0.012000000104308128
		endloop
	endfacet
	facet normal -0.707109593725843 0 -0.7071039686360651
		outer loop
			vertex -0.10499999672174454 0.11699999868869781 0.0003000000142492354
			vertex -0.1046999990940094 0.11699999868869781 5.096207021175153e-19
			vertex -0.10499999672174454 -0.11699999868869781 0.0003000000142492354
		endloop
	endfacet
	facet normal -0.707109593725841 -4.93062571977423e-18 -0.7071039686360671
		outer loop
			vertex -0.1046999990940094 0.11699999868869781 5.096207021175153e-19
			vertex -0.1046999990940094 -0.11699999868869781 2.1412992906588713e-18
			vertex -0.10499999672174454 -0.11699999868869781 0.0003000000142492354
		endloop
	endfacet
	facet normal -0.1305270489676781 -0.9914447485804689 0
		outer loop
			vertex -0.09700000286102295 -0.125 0.0003000000142492354
			vertex -0.09700000286102295 -0.125 0.011699999682605267
			vertex -0.09907054901123047 -0.12472740560770035 0.011699999682605267
		endloop
	endfacet
	facet normal -0.1305270489676781 -0.9914447485804689 0
		outer loop
			vertex -0.09700000286102295 -0.125 0.0003000000142492354
			vertex -0.09907054901123047 -0.12472740560770035 0.011699999682605267
			vertex -0.09907054901123047 -0.12472740560770035 0.0003000000142492354
		endloop
	endfacet
	facet normal -0.3826814725143697 -0.9238803443055998 0
		outer loop
			vertex -0.09907054901123047 -0.12472740560770035 0.011699999682605267
			vertex -0.10100000351667404 -0.12392820417881012 0.011699999682605267
			vertex -0.09907054901123047 -0.12472740560770035 0.0003000000142492354
		endloop
	endfacet
	facet normal -0.3826814725143697 -0.9238803443055998 0
		outer loop
			vertex -0.09907054901123047 -0.12472740560770035 0.0003000000142492354
			vertex -0.10100000351667404 -0.12392820417881012 0.011699999682605267
			vertex -0.10100000351667404 -0.12392820417881012 0.0003000000142492354
		endloop
	endfacet
	facet normal -0.608762757737824 -0.7933523207197667 0
		outer loop
			vertex -0.10100000351667404 -0.12392820417881012 0.011699999682605267
			vertex -0.10265685617923737 -0.12265685200691223 0.011699999682605267
			vertex -0.10100000351667404 -0.12392820417881012 0.0003000000142492354
		endloop
	endfacet
	facet normal -0.608762757737824 -0.7933523207197667 0
		outer loop
			vertex -0.10100000351667404 -0.12392820417881012 0.0003000000142492354
			vertex -0.10265685617923737 -0.12265685200691223 0.011699999682605267
			vertex -0.10265685617923737 -0.12265685200691223 0.0003000000142492354
		endloop
	endfacet
	facet normal -0.7933540437251645 -0.6087605122746792 0
		outer loop
			vertex -0.10265685617923737 -0.12265685200691223 0.011699999682605267
			vertex -0.10392820090055466 -0.12099999934434891 0.011699999682605267
			vertex -0.10265685617923737 -0.12265685200691223 0.0003000000142492354
		endloop
	endfacet
	facet normal -0.7933540437251645 -0.6087605122746792 0
		outer loop
			vertex -0.10265685617923737 -0.12265685200691223 0.0003000000142492354
			vertex -0.10392820090055466 -0.12099999934434891 0.011699999682605267
			vertex -0.10392820090055466 -0.12099999934434891 0.0003000000142492354
		endloop
	endfacet
	facet normal -0.9238785605227567 -0.38268577894455286 0
		outer loop
			vertex -0.10392820090055466 -0.12099999934434891 0.011699999682605267
			vertex -0.10472740978002548 -0.11907055228948593 0.011699999682605267
			vertex -0.10392820090055466 -0.12099999934434891 0.0003000000142492354
		endloop
	endfacet
	facet normal -0.9238785605227567 -0.38268577894455286 0
		outer loop
			vertex -0.10392820090055466 -0.12099999934434891 0.0003000000142492354
			vertex -0.10472740978002548 -0.11907055228948593 0.011699999682605267
			vertex -0.10472740978002548 -0.11907055228948593 0.0003000000142492354
		endloop
	endfacet
	facet normal -0.9914452710346907 -0.13052308049900216 0
		outer loop
			vertex -0.10472740978002548 -0.11907055228948593 0.011699999682605267
			vertex -0.10499999672174454 -0.11699999868869781 0.011699999682605267
			vertex -0.10472740978002548 -0.11907055228948593 0.0003000000142492354
		endloop
	endfacet
	facet normal -0.9914452710346907 -0.13052308049900216 0
		outer loop
			vertex -0.10472740978002548 -0.11907055228948593 0.0003000000142492354
			vertex -0.10499999672174454 -0.11699999868869781 0.011699999682605267
			vertex -0.10499999672174454 -0.11699999868869781 0.0003000000142492354
		endloop
	endfacet
	facet normal -1 0 0
		outer loop
			vertex -0.10499999672174454 0.11699999868869781 0.0003000000142492354
			vertex -0.10499999672174454 -0.11699999868869781 0.0003000000142492354
			vertex -0.10499999672174454 0.11699999868869781 0.011699999682605267
		endloop
	endfacet
	facet normal -1 0 0
		outer loop
			vertex -0.10499999672174454 -0.11699999868869781 0.0003000000142492354
			vertex -0.10499999672174454 -0.11699999868869781 0.011699999682605267
			vertex -0.10499999672174454 0.11699999868869781 0.011699999682605267
		endloop
	endfacet
	facet normal 0 0 -1
		outer loop
			vertex -0.08202844113111496 0.09054352343082428 0.007799999788403511
			vertex -0.08209999650716782 0.09000000357627869 0.007799999788403511
			vertex -0.08484974503517151 0.09000000357627869 0.007799999788403511
		endloop
	endfacet
	facet normal 0 0 -1
		outer loop
			vertex -0.08242487162351608 0.08579999953508377 0.007799999788403511
			vertex -0.08105000108480453 0.08818134665489197 0.007799999788403511
			vertex -0.08054351806640625 0.08797155320644379 0.007799999788403511
		endloop
	endfacet
	facet normal 0 0 -1
		outer loop
			vertex -0.07945647835731506 0.08797155320644379 0.007799999788403511
			vertex -0.07895000278949738 0.08818134665489197 0.007799999788403511
			vertex -0.07757513225078583 0.08579999953508377 0.007799999788403511
		endloop
	endfacet
	facet normal 0 0 -1
		outer loop
			vertex -0.08242487162351608 0.08579999953508377 0.007799999788403511
			vertex -0.08054351806640625 0.08797155320644379 0.007799999788403511
			vertex -0.07757513225078583 0.08579999953508377 0.007799999788403511
		endloop
	endfacet
	facet normal 0 0 -1
		outer loop
			vertex -0.08054351806640625 0.08797155320644379 0.007799999788403511
			vertex -0.07999999821186066 0.08789999783039093 0.007799999788403511
			vertex -0.07757513225078583 0.08579999953508377 0.007799999788403511
		endloop
	endfacet
	facet normal 0 0 -1
		outer loop
			vertex -0.07757513225078583 0.08579999953508377 0.007799999788403511
			vertex -0.07999999821186066 0.08789999783039093 0.007799999788403511
			vertex -0.07945647835731506 0.08797155320644379 0.007799999788403511
		endloop
	endfacet
	facet normal 0 0 -1
		outer loop
			vertex -0.08209999650716782 0.09000000357627869 0.007799999788403511
			vertex -0.08202844113111496 0.0894564837217331 0.007799999788403511
			vertex -0.08484974503517151 0.09000000357627869 0.007799999788403511
		endloop
	endfacet
	facet normal 0 0 -1
		outer loop
			vertex -0.08202844113111496 0.0894564837217331 0.007799999788403511
			vertex -0.08181865513324738 0.08895000070333481 0.007799999788403511
			vertex -0.08484974503517151 0.09000000357627869 0.007799999788403511
		endloop
	endfacet
	facet normal 0 0 -1
		outer loop
			vertex -0.08484974503517151 0.09000000357627869 0.007799999788403511
			vertex -0.08181865513324738 0.08895000070333481 0.007799999788403511
			vertex -0.08242487162351608 0.08579999953508377 0.007799999788403511
		endloop
	endfacet
	facet normal 0 0 -1
		outer loop
			vertex -0.08181865513324738 0.08895000070333481 0.007799999788403511
			vertex -0.08148492127656937 0.08851507306098938 0.007799999788403511
			vertex -0.08242487162351608 0.08579999953508377 0.007799999788403511
		endloop
	endfacet
	facet normal 0 0 -1
		outer loop
			vertex -0.08242487162351608 0.08579999953508377 0.007799999788403511
			vertex -0.08148492127656937 0.08851507306098938 0.007799999788403511
			vertex -0.08105000108480453 0.08818134665489197 0.007799999788403511
		endloop
	endfacet
	facet normal 0 0 -1
		outer loop
			vertex -0.07895000278949738 0.08818134665489197 0.007799999788403511
			vertex -0.07851507514715195 0.08851507306098938 0.007799999788403511
			vertex -0.07757513225078583 0.08579999953508377 0.007799999788403511
		endloop
	endfacet
	facet normal 0 0 -1
		outer loop
			vertex -0.07851507514715195 0.08851507306098938 0.007799999788403511
			vertex -0.07818134874105453 0.08895000070333481 0.007799999788403511
			vertex -0.07757513225078583 0.08579999953508377 0.007799999788403511
		endloop
	endfacet
	facet normal 0 0 -1
		outer loop
			vertex -0.07757513225078583 0.08579999953508377 0.007799999788403511
			vertex -0.07818134874105453 0.08895000070333481 0.007799999788403511
			vertex -0.0751502588391304 0.09000000357627869 0.007799999788403511
		endloop
	endfacet
	facet normal 0 0 -1
		outer loop
			vertex -0.07818134874105453 0.08895000070333481 0.007799999788403511
			vertex -0.07797155529260635 0.0894564837217331 0.007799999788403511
			vertex -0.0751502588391304 0.09000000357627869 0.007799999788403511
		endloop
	endfacet
	facet normal 0 0 -1
		outer loop
			vertex -0.0751502588391304 0.09000000357627869 0.007799999788403511
			vertex -0.07797155529260635 0.0894564837217331 0.007799999788403511
			vertex -0.0778999999165535 0.09000000357627869 0.007799999788403511
		endloop
	endfacet
	facet normal 0 0 -1
		outer loop
			vertex -0.0778999999165535 0.09000000357627869 0.007799999788403511
			vertex -0.07797155529260635 0.09054352343082428 0.007799999788403511
			vertex -0.0751502588391304 0.09000000357627869 0.007799999788403511
		endloop
	endfacet
	facet normal 0 0 -1
		outer loop
			vertex -0.07797155529260635 0.09054352343082428 0.007799999788403511
			vertex -0.07818134874105453 0.09104999899864197 0.007799999788403511
			vertex -0.0751502588391304 0.09000000357627869 0.007799999788403511
		endloop
	endfacet
	facet normal 0 0 -1
		outer loop
			vertex -0.0751502588391304 0.09000000357627869 0.007799999788403511
			vertex -0.07818134874105453 0.09104999899864197 0.007799999788403511
			vertex -0.07757513225078583 0.094200000166893 0.007799999788403511
		endloop
	endfacet
	facet normal 0 0 -1
		outer loop
			vertex -0.07818134874105453 0.09104999899864197 0.007799999788403511
			vertex -0.07851507514715195 0.0914849266409874 0.007799999788403511
			vertex -0.07757513225078583 0.094200000166893 0.007799999788403511
		endloop
	endfacet
	facet normal 0 0 -1
		outer loop
			vertex -0.07851507514715195 0.0914849266409874 0.007799999788403511
			vertex -0.07895000278949738 0.09181865304708481 0.007799999788403511
			vertex -0.07757513225078583 0.094200000166893 0.007799999788403511
		endloop
	endfacet
	facet normal 0 0 -1
		outer loop
			vertex -0.07895000278949738 0.09181865304708481 0.007799999788403511
			vertex -0.07945647835731506 0.09202844649553299 0.007799999788403511
			vertex -0.07757513225078583 0.094200000166893 0.007799999788403511
		endloop
	endfacet
	facet normal 0 0 -1
		outer loop
			vertex -0.07757513225078583 0.094200000166893 0.007799999788403511
			vertex -0.07945647835731506 0.09202844649553299 0.007799999788403511
			vertex -0.08242487162351608 0.094200000166893 0.007799999788403511
		endloop
	endfacet
	facet normal 0 0 -1
		outer loop
			vertex -0.07945647835731506 0.09202844649553299 0.007799999788403511
			vertex -0.07999999821186066 0.09210000187158585 0.007799999788403511
			vertex -0.08242487162351608 0.094200000166893 0.007799999788403511
		endloop
	endfacet
	facet normal 0 0 -1
		outer loop
			vertex -0.08242487162351608 0.094200000166893 0.007799999788403511
			vertex -0.07999999821186066 0.09210000187158585 0.007799999788403511
			vertex -0.08054351806640625 0.09202844649553299 0.007799999788403511
		endloop
	endfacet
	facet normal 0 0 -1
		outer loop
			vertex -0.08054351806640625 0.09202844649553299 0.007799999788403511
			vertex -0.08105000108480453 0.09181865304708481 0.007799999788403511
			vertex -0.08242487162351608 0.094200000166893 0.007799999788403511
		endloop
	endfacet
	facet normal 0 0 -1
		outer loop
			vertex -0.08105000108480453 0.09181865304708481 0.007799999788403511
			vertex -0.08148492127656937 0.0914849266409874 0.007799999788403511
			vertex -0.08242487162351608 0.094200000166893 0.007799999788403511
		endloop
	endfacet
	facet normal 0 0 -1
		outer loop
			vertex -0.08242487162351608 0.094200000166893 0.007799999788403511
			vertex -0.08148492127656937 0.0914849266409874 0.007799999788403511
			vertex -0.08484974503517151 0.09000000357627869 0.007799999788403511
		endloop
	endfacet
	facet normal 0 0 -1
		outer loop
			vertex -0.08148492127656937 0.0914849266409874 0.007799999788403511
			vertex -0.08181865513324738 0.09104999899864197 0.007799999788403511
			vertex -0.08484974503517151 0.09000000357627869 0.007799999788403511
		endloop
	endfacet
	facet normal 0 0 -1
		outer loop
			vertex -0.08484974503517151 0.09000000357627869 0.007799999788403511
			vertex -0.08181865513324738 0.09104999899864197 0.007799999788403511
			vertex -0.08202844113111496 0.09054352343082428 0.007799999788403511
		endloop
	endfacet
	facet normal -0.8660254084385391 0.49999999193886163 0
		outer loop
			vertex -0.07757513225078583 0.08579999953508377 0.007799999788403511
			vertex -0.0751502588391304 0.09000000357627869 0.007799999788403511
			vertex -0.07757513225078583 0.08579999953508377 0.00279999990016222
		endloop
	endfacet
	facet normal -0.8660254084385391 0.49999999193886163 0
		outer loop
			vertex -0.0751502588391304 0.09000000357627869 0.007799999788403511
			vertex -0.0751502588391304 0.09000000357627869 0.00279999990016222
			vertex -0.07757513225078583 0.08579999953508377 0.00279999990016222
		endloop
	endfacet
	facet normal -0.8660250243671959 -0.5000006571693659 0
		outer loop
			vertex -0.0751502588391304 0.09000000357627869 0.007799999788403511
			vertex -0.07757513225078583 0.094200000166893 0.007799999788403511
			vertex -0.0751502588391304 0.09000000357627869 0.00279999990016222
		endloop
	endfacet
	facet normal -0.8660250243671959 -0.5000006571693659 0
		outer loop
			vertex -0.07757513225078583 0.094200000166893 0.007799999788403511
			vertex -0.07757513225078583 0.094200000166893 0.00279999990016222
			vertex -0.0751502588391304 0.09000000357627869 0.00279999990016222
		endloop
	endfacet
	facet normal 0 -1 0
		outer loop
			vertex -0.07757513225078583 0.094200000166893 0.007799999788403511
			vertex -0.08242487162351608 0.094200000166893 0.007799999788403511
			vertex -0.07757513225078583 0.094200000166893 0.00279999990016222
		endloop
	endfacet
	facet normal 0 -1 0
		outer loop
			vertex -0.08242487162351608 0.094200000166893 0.007799999788403511
			vertex -0.08242487162351608 0.094200000166893 0.00279999990016222
			vertex -0.07757513225078583 0.094200000166893 0.00279999990016222
		endloop
	endfacet
	facet normal 0.8660250243671959 -0.5000006571693659 0
		outer loop
			vertex -0.08242487162351608 0.094200000166893 0.007799999788403511
			vertex -0.08484974503517151 0.09000000357627869 0.007799999788403511
			vertex -0.08242487162351608 0.094200000166893 0.00279999990016222
		endloop
	endfacet
	facet normal 0.8660250243671959 -0.5000006571693659 0
		outer loop
			vertex -0.08484974503517151 0.09000000357627869 0.007799999788403511
			vertex -0.08484974503517151 0.09000000357627869 0.00279999990016222
			vertex -0.08242487162351608 0.094200000166893 0.00279999990016222
		endloop
	endfacet
	facet normal 0.8660254084385391 0.49999999193886163 0
		outer loop
			vertex -0.08484974503517151 0.09000000357627869 0.007799999788403511
			vertex -0.08242487162351608 0.08579999953508377 0.007799999788403511
			vertex -0.08484974503517151 0.09000000357627869 0.00279999990016222
		endloop
	endfacet
	facet normal 0.8660254084385391 0.49999999193886163 0
		outer loop
			vertex -0.08242487162351608 0.08579999953508377 0.007799999788403511
			vertex -0.08242487162351608 0.08579999953508377 0.00279999990016222
			vertex -0.08484974503517151 0.09000000357627869 0.00279999990016222
		endloop
	endfacet
	facet normal 0 1 0
		outer loop
			vertex -0.08242487162351608 0.08579999953508377 0.007799999788403511
			vertex -0.07757513225078583 0.08579999953508377 0.007799999788403511
			vertex -0.08242487162351608 0.08579999953508377 0.00279999990016222
		endloop
	endfacet
	facet normal 0 1 0
		outer loop
			vertex -0.07757513225078583 0.08579999953508377 0.007799999788403511
			vertex -0.07757513225078583 0.08579999953508377 0.00279999990016222
			vertex -0.08242487162351608 0.08579999953508377 0.00279999990016222
		endloop
	endfacet
	facet normal 0 0 -1
		outer loop
			vertex 0.07797155529260635 0.09054352343082428 0.007799999788403511
			vertex 0.0778999999165535 0.09000000357627869 0.007799999788403511
			vertex 0.0751502588391304 0.09000000357627869 0.007799999788403511
		endloop
	endfacet
	facet normal 0 0 -1
		outer loop
			vertex 0.08202844113111496 0.0894564837217331 0.007799999788403511
			vertex 0.08209999650716782 0.09000000357627869 0.007799999788403511
			vertex 0.08484974503517151 0.09000000357627869 0.007799999788403511
		endloop
	endfacet
	facet normal 0 0 -1
		outer loop
			vertex 0.07757513225078583 0.08579999953508377 0.007799999788403511
			vertex 0.07895000278949738 0.08818134665489197 0.007799999788403511
			vertex 0.07945647835731506 0.08797155320644379 0.007799999788403511
		endloop
	endfacet
	facet normal 0 0 -1
		outer loop
			vertex 0.07757513225078583 0.08579999953508377 0.007799999788403511
			vertex 0.07945647835731506 0.08797155320644379 0.007799999788403511
			vertex 0.08242487162351608 0.08579999953508377 0.007799999788403511
		endloop
	endfacet
	facet normal 0 0 -1
		outer loop
			vertex 0.07945647835731506 0.08797155320644379 0.007799999788403511
			vertex 0.07999999821186066 0.08789999783039093 0.007799999788403511
			vertex 0.08242487162351608 0.08579999953508377 0.007799999788403511
		endloop
	endfacet
	facet normal 0 0 -1
		outer loop
			vertex 0.08242487162351608 0.08579999953508377 0.007799999788403511
			vertex 0.07999999821186066 0.08789999783039093 0.007799999788403511
			vertex 0.08054351806640625 0.08797155320644379 0.007799999788403511
		endloop
	endfacet
	facet normal 0 0 -1
		outer loop
			vertex 0.0778999999165535 0.09000000357627869 0.007799999788403511
			vertex 0.07797155529260635 0.0894564837217331 0.007799999788403511
			vertex 0.0751502588391304 0.09000000357627869 0.007799999788403511
		endloop
	endfacet
	facet normal 0 0 -1
		outer loop
			vertex 0.07797155529260635 0.0894564837217331 0.007799999788403511
			vertex 0.07818134874105453 0.08895000070333481 0.007799999788403511
			vertex 0.0751502588391304 0.09000000357627869 0.007799999788403511
		endloop
	endfacet
	facet normal 0 0 -1
		outer loop
			vertex 0.0751502588391304 0.09000000357627869 0.007799999788403511
			vertex 0.07818134874105453 0.08895000070333481 0.007799999788403511
			vertex 0.07757513225078583 0.08579999953508377 0.007799999788403511
		endloop
	endfacet
	facet normal 0 0 -1
		outer loop
			vertex 0.07818134874105453 0.08895000070333481 0.007799999788403511
			vertex 0.07851507514715195 0.08851507306098938 0.007799999788403511
			vertex 0.07757513225078583 0.08579999953508377 0.007799999788403511
		endloop
	endfacet
	facet normal 0 0 -1
		outer loop
			vertex 0.07757513225078583 0.08579999953508377 0.007799999788403511
			vertex 0.07851507514715195 0.08851507306098938 0.007799999788403511
			vertex 0.07895000278949738 0.08818134665489197 0.007799999788403511
		endloop
	endfacet
	facet normal 0 0 -1
		outer loop
			vertex 0.08054351806640625 0.08797155320644379 0.007799999788403511
			vertex 0.08105000108480453 0.08818134665489197 0.007799999788403511
			vertex 0.08242487162351608 0.08579999953508377 0.007799999788403511
		endloop
	endfacet
	facet normal 0 0 -1
		outer loop
			vertex 0.08105000108480453 0.08818134665489197 0.007799999788403511
			vertex 0.08148492127656937 0.08851507306098938 0.007799999788403511
			vertex 0.08242487162351608 0.08579999953508377 0.007799999788403511
		endloop
	endfacet
	facet normal 0 0 -1
		outer loop
			vertex 0.08242487162351608 0.08579999953508377 0.007799999788403511
			vertex 0.08148492127656937 0.08851507306098938 0.007799999788403511
			vertex 0.08484974503517151 0.09000000357627869 0.007799999788403511
		endloop
	endfacet
	facet normal 0 0 -1
		outer loop
			vertex 0.08148492127656937 0.08851507306098938 0.007799999788403511
			vertex 0.08181865513324738 0.08895000070333481 0.007799999788403511
			vertex 0.08484974503517151 0.09000000357627869 0.007799999788403511
		endloop
	endfacet
	facet normal 0 0 -1
		outer loop
			vertex 0.08484974503517151 0.09000000357627869 0.007799999788403511
			vertex 0.08181865513324738 0.08895000070333481 0.007799999788403511
			vertex 0.08202844113111496 0.0894564837217331 0.007799999788403511
		endloop
	endfacet
	facet normal 0 0 -1
		outer loop
			vertex 0.08105000108480453 0.09181865304708481 0.007799999788403511
			vertex 0.08054351806640625 0.09202844649553299 0.007799999788403511
			vertex 0.08242487162351608 0.094200000166893 0.007799999788403511
		endloop
	endfacet
	facet normal 0 0 -1
		outer loop
			vertex 0.08054351806640625 0.09202844649553299 0.007799999788403511
			vertex 0.07999999821186066 0.09210000187158585 0.007799999788403511
			vertex 0.08242487162351608 0.094200000166893 0.007799999788403511
		endloop
	endfacet
	facet normal 0 0 -1
		outer loop
			vertex 0.08242487162351608 0.094200000166893 0.007799999788403511
			vertex 0.07999999821186066 0.09210000187158585 0.007799999788403511
			vertex 0.07757513225078583 0.094200000166893 0.007799999788403511
		endloop
	endfacet
	facet normal 0 0 -1
		outer loop
			vertex 0.07999999821186066 0.09210000187158585 0.007799999788403511
			vertex 0.07945647835731506 0.09202844649553299 0.007799999788403511
			vertex 0.07757513225078583 0.094200000166893 0.007799999788403511
		endloop
	endfacet
	facet normal 0 0 -1
		outer loop
			vertex 0.08209999650716782 0.09000000357627869 0.007799999788403511
			vertex 0.08202844113111496 0.09054352343082428 0.007799999788403511
			vertex 0.08484974503517151 0.09000000357627869 0.007799999788403511
		endloop
	endfacet
	facet normal 0 0 -1
		outer loop
			vertex 0.08202844113111496 0.09054352343082428 0.007799999788403511
			vertex 0.08181865513324738 0.09104999899864197 0.007799999788403511
			vertex 0.08484974503517151 0.09000000357627869 0.007799999788403511
		endloop
	endfacet
	facet normal 0 0 -1
		outer loop
			vertex 0.08484974503517151 0.09000000357627869 0.007799999788403511
			vertex 0.08181865513324738 0.09104999899864197 0.007799999788403511
			vertex 0.08242487162351608 0.094200000166893 0.007799999788403511
		endloop
	endfacet
	facet normal 0 0 -1
		outer loop
			vertex 0.08181865513324738 0.09104999899864197 0.007799999788403511
			vertex 0.08148492127656937 0.0914849266409874 0.007799999788403511
			vertex 0.08242487162351608 0.094200000166893 0.007799999788403511
		endloop
	endfacet
	facet normal 0 0 -1
		outer loop
			vertex 0.08242487162351608 0.094200000166893 0.007799999788403511
			vertex 0.08148492127656937 0.0914849266409874 0.007799999788403511
			vertex 0.08105000108480453 0.09181865304708481 0.007799999788403511
		endloop
	endfacet
	facet normal 0 0 -1
		outer loop
			vertex 0.07945647835731506 0.09202844649553299 0.007799999788403511
			vertex 0.07895000278949738 0.09181865304708481 0.007799999788403511
			vertex 0.07757513225078583 0.094200000166893 0.007799999788403511
		endloop
	endfacet
	facet normal 0 0 -1
		outer loop
			vertex 0.07895000278949738 0.09181865304708481 0.007799999788403511
			vertex 0.07851507514715195 0.0914849266409874 0.007799999788403511
			vertex 0.07757513225078583 0.094200000166893 0.007799999788403511
		endloop
	endfacet
	facet normal 0 0 -1
		outer loop
			vertex 0.07757513225078583 0.094200000166893 0.007799999788403511
			vertex 0.07851507514715195 0.0914849266409874 0.007799999788403511
			vertex 0.0751502588391304 0.09000000357627869 0.007799999788403511
		endloop
	endfacet
	facet normal 0 0 -1
		outer loop
			vertex 0.07851507514715195 0.0914849266409874 0.007799999788403511
			vertex 0.07818134874105453 0.09104999899864197 0.007799999788403511
			vertex 0.0751502588391304 0.09000000357627869 0.007799999788403511
		endloop
	endfacet
	facet normal 0 0 -1
		outer loop
			vertex 0.0751502588391304 0.09000000357627869 0.007799999788403511
			vertex 0.07818134874105453 0.09104999899864197 0.007799999788403511
			vertex 0.07797155529260635 0.09054352343082428 0.007799999788403511
		endloop
	endfacet
	facet normal -0.8660254084385391 0.49999999193886163 0
		outer loop
			vertex 0.08242487162351608 0.08579999953508377 0.007799999788403511
			vertex 0.08484974503517151 0.09000000357627869 0.007799999788403511
			vertex 0.08242487162351608 0.08579999953508377 0.00279999990016222
		endloop
	endfacet
	facet normal -0.8660254084385391 0.49999999193886163 0
		outer loop
			vertex 0.08484974503517151 0.09000000357627869 0.007799999788403511
			vertex 0.08484974503517151 0.09000000357627869 0.00279999990016222
			vertex 0.08242487162351608 0.08579999953508377 0.00279999990016222
		endloop
	endfacet
	facet normal -0.8660250243671959 -0.5000006571693659 0
		outer loop
			vertex 0.08484974503517151 0.09000000357627869 0.007799999788403511
			vertex 0.08242487162351608 0.094200000166893 0.007799999788403511
			vertex 0.08484974503517151 0.09000000357627869 0.00279999990016222
		endloop
	endfacet
	facet normal -0.8660250243671959 -0.5000006571693659 0
		outer loop
			vertex 0.08242487162351608 0.094200000166893 0.007799999788403511
			vertex 0.08242487162351608 0.094200000166893 0.00279999990016222
			vertex 0.08484974503517151 0.09000000357627869 0.00279999990016222
		endloop
	endfacet
	facet normal 0 -1 0
		outer loop
			vertex 0.08242487162351608 0.094200000166893 0.00279999990016222
			vertex 0.08242487162351608 0.094200000166893 0.007799999788403511
			vertex 0.07967513054609299 0.094200000166893 0.00279999990016222
		endloop
	endfacet
	facet normal 0 -1 0
		outer loop
			vertex 0.08242487162351608 0.094200000166893 0.007799999788403511
			vertex 0.07757513225078583 0.094200000166893 0.007799999788403511
			vertex 0.07967513054609299 0.094200000166893 0.00279999990016222
		endloop
	endfacet
	facet normal 0 -1 0
		outer loop
			vertex 0.07967513054609299 0.094200000166893 0.00279999990016222
			vertex 0.07757513225078583 0.094200000166893 0.007799999788403511
			vertex 0.07757513225078583 0.094200000166893 0.00279999990016222
		endloop
	endfacet
	facet normal 0.8660250243671959 -0.5000006571693659 0
		outer loop
			vertex 0.07757513225078583 0.094200000166893 0.007799999788403511
			vertex 0.0751502588391304 0.09000000357627869 0.007799999788403511
			vertex 0.07757513225078583 0.094200000166893 0.00279999990016222
		endloop
	endfacet
	facet normal 0.8660250243671959 -0.5000006571693659 0
		outer loop
			vertex 0.0751502588391304 0.09000000357627869 0.007799999788403511
			vertex 0.0751502588391304 0.09000000357627869 0.00279999990016222
			vertex 0.07757513225078583 0.094200000166893 0.00279999990016222
		endloop
	endfacet
	facet normal 0.8660254084385391 0.49999999193886163 0
		outer loop
			vertex 0.0751502588391304 0.09000000357627869 0.007799999788403511
			vertex 0.07757513225078583 0.08579999953508377 0.007799999788403511
			vertex 0.0751502588391304 0.09000000357627869 0.00279999990016222
		endloop
	endfacet
	facet normal 0.8660254084385391 0.49999999193886163 0
		outer loop
			vertex 0.07757513225078583 0.08579999953508377 0.007799999788403511
			vertex 0.07757513225078583 0.08579999953508377 0.00279999990016222
			vertex 0.0751502588391304 0.09000000357627869 0.00279999990016222
		endloop
	endfacet
	facet normal 0 1 0
		outer loop
			vertex 0.07757513225078583 0.08579999953508377 0.00279999990016222
			vertex 0.07757513225078583 0.08579999953508377 0.007799999788403511
			vertex 0.07967513054609299 0.08579999953508377 0.00279999990016222
		endloop
	endfacet
	facet normal 0 1 0
		outer loop
			vertex 0.07757513225078583 0.08579999953508377 0.007799999788403511
			vertex 0.08242487162351608 0.08579999953508377 0.007799999788403511
			vertex 0.07967513054609299 0.08579999953508377 0.00279999990016222
		endloop
	endfacet
	facet normal 0 1 0
		outer loop
			vertex 0.07967513054609299 0.08579999953508377 0.00279999990016222
			vertex 0.08242487162351608 0.08579999953508377 0.007799999788403511
			vertex 0.08242487162351608 0.08579999953508377 0.00279999990016222
		endloop
	endfacet
	facet normal 0 0 -1
		outer loop
			vertex 0.07797155529260635 -0.0894564837217331 0.007799999788403511
			vertex 0.0778999999165535 -0.09000000357627869 0.007799999788403511
			vertex 0.0751502588391304 -0.09000000357627869 0.007799999788403511
		endloop
	endfacet
	facet normal 0 0 -1
		outer loop
			vertex 0.08202844113111496 -0.09054352343082428 0.007799999788403511
			vertex 0.08209999650716782 -0.09000000357627869 0.007799999788403511
			vertex 0.08484974503517151 -0.09000000357627869 0.007799999788403511
		endloop
	endfacet
	facet normal 0 0 -1
		outer loop
			vertex 0.0778999999165535 -0.09000000357627869 0.007799999788403511
			vertex 0.07797155529260635 -0.09054352343082428 0.007799999788403511
			vertex 0.0751502588391304 -0.09000000357627869 0.007799999788403511
		endloop
	endfacet
	facet normal 0 0 -1
		outer loop
			vertex 0.07797155529260635 -0.09054352343082428 0.007799999788403511
			vertex 0.07818134874105453 -0.09104999899864197 0.007799999788403511
			vertex 0.0751502588391304 -0.09000000357627869 0.007799999788403511
		endloop
	endfacet
	facet normal 0 0 -1
		outer loop
			vertex 0.0751502588391304 -0.09000000357627869 0.007799999788403511
			vertex 0.07818134874105453 -0.09104999899864197 0.007799999788403511
			vertex 0.07757513225078583 -0.094200000166893 0.007799999788403511
		endloop
	endfacet
	facet normal 0 0 -1
		outer loop
			vertex 0.07818134874105453 -0.09104999899864197 0.007799999788403511
			vertex 0.07851507514715195 -0.0914849266409874 0.007799999788403511
			vertex 0.07757513225078583 -0.094200000166893 0.007799999788403511
		endloop
	endfacet
	facet normal 0 0 -1
		outer loop
			vertex 0.07757513225078583 -0.094200000166893 0.007799999788403511
			vertex 0.07851507514715195 -0.0914849266409874 0.007799999788403511
			vertex 0.07895000278949738 -0.09181865304708481 0.007799999788403511
		endloop
	endfacet
	facet normal 0 0 -1
		outer loop
			vertex 0.07895000278949738 -0.09181865304708481 0.007799999788403511
			vertex 0.07945647835731506 -0.09202844649553299 0.007799999788403511
			vertex 0.07757513225078583 -0.094200000166893 0.007799999788403511
		endloop
	endfacet
	facet normal 0 0 -1
		outer loop
			vertex 0.07945647835731506 -0.09202844649553299 0.007799999788403511
			vertex 0.07999999821186066 -0.09210000187158585 0.007799999788403511
			vertex 0.07757513225078583 -0.094200000166893 0.007799999788403511
		endloop
	endfacet
	facet normal 0 0 -1
		outer loop
			vertex 0.07757513225078583 -0.094200000166893 0.007799999788403511
			vertex 0.07999999821186066 -0.09210000187158585 0.007799999788403511
			vertex 0.08242487162351608 -0.094200000166893 0.007799999788403511
		endloop
	endfacet
	facet normal 0 0 -1
		outer loop
			vertex 0.07999999821186066 -0.09210000187158585 0.007799999788403511
			vertex 0.08054351806640625 -0.09202844649553299 0.007799999788403511
			vertex 0.08242487162351608 -0.094200000166893 0.007799999788403511
		endloop
	endfacet
	facet normal 0 0 -1
		outer loop
			vertex 0.08054351806640625 -0.09202844649553299 0.007799999788403511
			vertex 0.08105000108480453 -0.09181865304708481 0.007799999788403511
			vertex 0.08242487162351608 -0.094200000166893 0.007799999788403511
		endloop
	endfacet
	facet normal 0 0 -1
		outer loop
			vertex 0.08105000108480453 -0.09181865304708481 0.007799999788403511
			vertex 0.08148492127656937 -0.0914849266409874 0.007799999788403511
			vertex 0.08242487162351608 -0.094200000166893 0.007799999788403511
		endloop
	endfacet
	facet normal 0 0 -1
		outer loop
			vertex 0.08242487162351608 -0.094200000166893 0.007799999788403511
			vertex 0.08148492127656937 -0.0914849266409874 0.007799999788403511
			vertex 0.08484974503517151 -0.09000000357627869 0.007799999788403511
		endloop
	endfacet
	facet normal 0 0 -1
		outer loop
			vertex 0.08148492127656937 -0.0914849266409874 0.007799999788403511
			vertex 0.08181865513324738 -0.09104999899864197 0.007799999788403511
			vertex 0.08484974503517151 -0.09000000357627869 0.007799999788403511
		endloop
	endfacet
	facet normal 0 0 -1
		outer loop
			vertex 0.08484974503517151 -0.09000000357627869 0.007799999788403511
			vertex 0.08181865513324738 -0.09104999899864197 0.007799999788403511
			vertex 0.08202844113111496 -0.09054352343082428 0.007799999788403511
		endloop
	endfacet
	facet normal 0 0 -1
		outer loop
			vertex 0.08209999650716782 -0.09000000357627869 0.007799999788403511
			vertex 0.08202844113111496 -0.0894564837217331 0.007799999788403511
			vertex 0.08484974503517151 -0.09000000357627869 0.007799999788403511
		endloop
	endfacet
	facet normal 0 0 -1
		outer loop
			vertex 0.08202844113111496 -0.0894564837217331 0.007799999788403511
			vertex 0.08181865513324738 -0.08895000070333481 0.007799999788403511
			vertex 0.08484974503517151 -0.09000000357627869 0.007799999788403511
		endloop
	endfacet
	facet normal 0 0 -1
		outer loop
			vertex 0.08484974503517151 -0.09000000357627869 0.007799999788403511
			vertex 0.08181865513324738 -0.08895000070333481 0.007799999788403511
			vertex 0.08242487162351608 -0.08579999953508377 0.007799999788403511
		endloop
	endfacet
	facet normal 0 0 -1
		outer loop
			vertex 0.08181865513324738 -0.08895000070333481 0.007799999788403511
			vertex 0.08148492127656937 -0.08851507306098938 0.007799999788403511
			vertex 0.08242487162351608 -0.08579999953508377 0.007799999788403511
		endloop
	endfacet
	facet normal 0 0 -1
		outer loop
			vertex 0.08148492127656937 -0.08851507306098938 0.007799999788403511
			vertex 0.08105000108480453 -0.08818134665489197 0.007799999788403511
			vertex 0.08242487162351608 -0.08579999953508377 0.007799999788403511
		endloop
	endfacet
	facet normal 0 0 -1
		outer loop
			vertex 0.08105000108480453 -0.08818134665489197 0.007799999788403511
			vertex 0.08054351806640625 -0.08797155320644379 0.007799999788403511
			vertex 0.08242487162351608 -0.08579999953508377 0.007799999788403511
		endloop
	endfacet
	facet normal 0 0 -1
		outer loop
			vertex 0.08242487162351608 -0.08579999953508377 0.007799999788403511
			vertex 0.08054351806640625 -0.08797155320644379 0.007799999788403511
			vertex 0.07757513225078583 -0.08579999953508377 0.007799999788403511
		endloop
	endfacet
	facet normal 0 0 -1
		outer loop
			vertex 0.08054351806640625 -0.08797155320644379 0.007799999788403511
			vertex 0.07999999821186066 -0.08789999783039093 0.007799999788403511
			vertex 0.07757513225078583 -0.08579999953508377 0.007799999788403511
		endloop
	endfacet
	facet normal 0 0 -1
		outer loop
			vertex 0.07757513225078583 -0.08579999953508377 0.007799999788403511
			vertex 0.07999999821186066 -0.08789999783039093 0.007799999788403511
			vertex 0.07945647835731506 -0.08797155320644379 0.007799999788403511
		endloop
	endfacet
	facet normal 0 0 -1
		outer loop
			vertex 0.07945647835731506 -0.08797155320644379 0.007799999788403511
			vertex 0.07895000278949738 -0.08818134665489197 0.007799999788403511
			vertex 0.07757513225078583 -0.08579999953508377 0.007799999788403511
		endloop
	endfacet
	facet normal 0 0 -1
		outer loop
			vertex 0.07895000278949738 -0.08818134665489197 0.007799999788403511
			vertex 0.07851507514715195 -0.08851507306098938 0.007799999788403511
			vertex 0.07757513225078583 -0.08579999953508377 0.007799999788403511
		endloop
	endfacet
	facet normal 0 0 -1
		outer loop
			vertex 0.07757513225078583 -0.08579999953508377 0.007799999788403511
			vertex 0.07851507514715195 -0.08851507306098938 0.007799999788403511
			vertex 0.0751502588391304 -0.09000000357627869 0.007799999788403511
		endloop
	endfacet
	facet normal 0 0 -1
		outer loop
			vertex 0.07851507514715195 -0.08851507306098938 0.007799999788403511
			vertex 0.07818134874105453 -0.08895000070333481 0.007799999788403511
			vertex 0.0751502588391304 -0.09000000357627869 0.007799999788403511
		endloop
	endfacet
	facet normal 0 0 -1
		outer loop
			vertex 0.0751502588391304 -0.09000000357627869 0.007799999788403511
			vertex 0.07818134874105453 -0.08895000070333481 0.007799999788403511
			vertex 0.07797155529260635 -0.0894564837217331 0.007799999788403511
		endloop
	endfacet
	facet normal -0.8660250243671959 0.5000006571693659 0
		outer loop
			vertex 0.08242487162351608 -0.094200000166893 0.007799999788403511
			vertex 0.08484974503517151 -0.09000000357627869 0.007799999788403511
			vertex 0.08242487162351608 -0.094200000166893 0.00279999990016222
		endloop
	endfacet
	facet normal -0.8660250243671959 0.5000006571693659 0
		outer loop
			vertex 0.08484974503517151 -0.09000000357627869 0.007799999788403511
			vertex 0.08484974503517151 -0.09000000357627869 0.00279999990016222
			vertex 0.08242487162351608 -0.094200000166893 0.00279999990016222
		endloop
	endfacet
	facet normal -0.8660254084385391 -0.49999999193886163 0
		outer loop
			vertex 0.08484974503517151 -0.09000000357627869 0.007799999788403511
			vertex 0.08242487162351608 -0.08579999953508377 0.007799999788403511
			vertex 0.08484974503517151 -0.09000000357627869 0.00279999990016222
		endloop
	endfacet
	facet normal -0.8660254084385391 -0.49999999193886163 0
		outer loop
			vertex 0.08242487162351608 -0.08579999953508377 0.007799999788403511
			vertex 0.08242487162351608 -0.08579999953508377 0.00279999990016222
			vertex 0.08484974503517151 -0.09000000357627869 0.00279999990016222
		endloop
	endfacet
	facet normal 0 -1 0
		outer loop
			vertex 0.08242487162351608 -0.08579999953508377 0.00279999990016222
			vertex 0.08242487162351608 -0.08579999953508377 0.007799999788403511
			vertex 0.07967513054609299 -0.08579999953508377 0.00279999990016222
		endloop
	endfacet
	facet normal 0 -1 0
		outer loop
			vertex 0.08242487162351608 -0.08579999953508377 0.007799999788403511
			vertex 0.07757513225078583 -0.08579999953508377 0.007799999788403511
			vertex 0.07967513054609299 -0.08579999953508377 0.00279999990016222
		endloop
	endfacet
	facet normal 0 -1 0
		outer loop
			vertex 0.07967513054609299 -0.08579999953508377 0.00279999990016222
			vertex 0.07757513225078583 -0.08579999953508377 0.007799999788403511
			vertex 0.07757513225078583 -0.08579999953508377 0.00279999990016222
		endloop
	endfacet
	facet normal 0.8660254084385391 -0.49999999193886163 0
		outer loop
			vertex 0.07757513225078583 -0.08579999953508377 0.007799999788403511
			vertex 0.0751502588391304 -0.09000000357627869 0.007799999788403511
			vertex 0.07757513225078583 -0.08579999953508377 0.00279999990016222
		endloop
	endfacet
	facet normal 0.8660254084385391 -0.49999999193886163 0
		outer loop
			vertex 0.0751502588391304 -0.09000000357627869 0.007799999788403511
			vertex 0.0751502588391304 -0.09000000357627869 0.00279999990016222
			vertex 0.07757513225078583 -0.08579999953508377 0.00279999990016222
		endloop
	endfacet
	facet normal 0.8660250243671959 0.5000006571693659 0
		outer loop
			vertex 0.0751502588391304 -0.09000000357627869 0.007799999788403511
			vertex 0.07757513225078583 -0.094200000166893 0.007799999788403511
			vertex 0.0751502588391304 -0.09000000357627869 0.00279999990016222
		endloop
	endfacet
	facet normal 0.8660250243671959 0.5000006571693659 0
		outer loop
			vertex 0.07757513225078583 -0.094200000166893 0.007799999788403511
			vertex 0.07757513225078583 -0.094200000166893 0.00279999990016222
			vertex 0.0751502588391304 -0.09000000357627869 0.00279999990016222
		endloop
	endfacet
	facet normal 0 1 0
		outer loop
			vertex 0.07757513225078583 -0.094200000166893 0.00279999990016222
			vertex 0.07757513225078583 -0.094200000166893 0.007799999788403511
			vertex 0.07967513054609299 -0.094200000166893 0.00279999990016222
		endloop
	endfacet
	facet normal 0 1 0
		outer loop
			vertex 0.07757513225078583 -0.094200000166893 0.007799999788403511
			vertex 0.08242487162351608 -0.094200000166893 0.007799999788403511
			vertex 0.07967513054609299 -0.094200000166893 0.00279999990016222
		endloop
	endfacet
	facet normal 0 1 0
		outer loop
			vertex 0.07967513054609299 -0.094200000166893 0.00279999990016222
			vertex 0.08242487162351608 -0.094200000166893 0.007799999788403511
			vertex 0.08242487162351608 -0.094200000166893 0.00279999990016222
		endloop
	endfacet
	facet normal 0 0 -1
		outer loop
			vertex -0.08202844113111496 -0.0894564837217331 0.007799999788403511
			vertex -0.08209999650716782 -0.09000000357627869 0.007799999788403511
			vertex -0.08484974503517151 -0.09000000357627869 0.007799999788403511
		endloop
	endfacet
	facet normal 0 0 -1
		outer loop
			vertex -0.07797155529260635 -0.09054352343082428 0.007799999788403511
			vertex -0.0778999999165535 -0.09000000357627869 0.007799999788403511
			vertex -0.0751502588391304 -0.09000000357627869 0.007799999788403511
		endloop
	endfacet
	facet normal 0 0 -1
		outer loop
			vertex -0.08242487162351608 -0.094200000166893 0.007799999788403511
			vertex -0.08105000108480453 -0.09181865304708481 0.007799999788403511
			vertex -0.08054351806640625 -0.09202844649553299 0.007799999788403511
		endloop
	endfacet
	facet normal 0 0 -1
		outer loop
			vertex -0.08242487162351608 -0.094200000166893 0.007799999788403511
			vertex -0.08054351806640625 -0.09202844649553299 0.007799999788403511
			vertex -0.07757513225078583 -0.094200000166893 0.007799999788403511
		endloop
	endfacet
	facet normal 0 0 -1
		outer loop
			vertex -0.08054351806640625 -0.09202844649553299 0.007799999788403511
			vertex -0.07999999821186066 -0.09210000187158585 0.007799999788403511
			vertex -0.07757513225078583 -0.094200000166893 0.007799999788403511
		endloop
	endfacet
	facet normal 0 0 -1
		outer loop
			vertex -0.07757513225078583 -0.094200000166893 0.007799999788403511
			vertex -0.07999999821186066 -0.09210000187158585 0.007799999788403511
			vertex -0.07945647835731506 -0.09202844649553299 0.007799999788403511
		endloop
	endfacet
	facet normal 0 0 -1
		outer loop
			vertex -0.08209999650716782 -0.09000000357627869 0.007799999788403511
			vertex -0.08202844113111496 -0.09054352343082428 0.007799999788403511
			vertex -0.08484974503517151 -0.09000000357627869 0.007799999788403511
		endloop
	endfacet
	facet normal 0 0 -1
		outer loop
			vertex -0.08202844113111496 -0.09054352343082428 0.007799999788403511
			vertex -0.08181865513324738 -0.09104999899864197 0.007799999788403511
			vertex -0.08484974503517151 -0.09000000357627869 0.007799999788403511
		endloop
	endfacet
	facet normal 0 0 -1
		outer loop
			vertex -0.08484974503517151 -0.09000000357627869 0.007799999788403511
			vertex -0.08181865513324738 -0.09104999899864197 0.007799999788403511
			vertex -0.08242487162351608 -0.094200000166893 0.007799999788403511
		endloop
	endfacet
	facet normal 0 0 -1
		outer loop
			vertex -0.08181865513324738 -0.09104999899864197 0.007799999788403511
			vertex -0.08148492127656937 -0.0914849266409874 0.007799999788403511
			vertex -0.08242487162351608 -0.094200000166893 0.007799999788403511
		endloop
	endfacet
	facet normal 0 0 -1
		outer loop
			vertex -0.08242487162351608 -0.094200000166893 0.007799999788403511
			vertex -0.08148492127656937 -0.0914849266409874 0.007799999788403511
			vertex -0.08105000108480453 -0.09181865304708481 0.007799999788403511
		endloop
	endfacet
	facet normal 0 0 -1
		outer loop
			vertex -0.07945647835731506 -0.09202844649553299 0.007799999788403511
			vertex -0.07895000278949738 -0.09181865304708481 0.007799999788403511
			vertex -0.07757513225078583 -0.094200000166893 0.007799999788403511
		endloop
	endfacet
	facet normal 0 0 -1
		outer loop
			vertex -0.07895000278949738 -0.09181865304708481 0.007799999788403511
			vertex -0.07851507514715195 -0.0914849266409874 0.007799999788403511
			vertex -0.07757513225078583 -0.094200000166893 0.007799999788403511
		endloop
	endfacet
	facet normal 0 0 -1
		outer loop
			vertex -0.07757513225078583 -0.094200000166893 0.007799999788403511
			vertex -0.07851507514715195 -0.0914849266409874 0.007799999788403511
			vertex -0.0751502588391304 -0.09000000357627869 0.007799999788403511
		endloop
	endfacet
	facet normal 0 0 -1
		outer loop
			vertex -0.07851507514715195 -0.0914849266409874 0.007799999788403511
			vertex -0.07818134874105453 -0.09104999899864197 0.007799999788403511
			vertex -0.0751502588391304 -0.09000000357627869 0.007799999788403511
		endloop
	endfacet
	facet normal 0 0 -1
		outer loop
			vertex -0.0751502588391304 -0.09000000357627869 0.007799999788403511
			vertex -0.07818134874105453 -0.09104999899864197 0.007799999788403511
			vertex -0.07797155529260635 -0.09054352343082428 0.007799999788403511
		endloop
	endfacet
	facet normal 0 0 -1
		outer loop
			vertex -0.07895000278949738 -0.08818134665489197 0.007799999788403511
			vertex -0.07945647835731506 -0.08797155320644379 0.007799999788403511
			vertex -0.07757513225078583 -0.08579999953508377 0.007799999788403511
		endloop
	endfacet
	facet normal 0 0 -1
		outer loop
			vertex -0.07945647835731506 -0.08797155320644379 0.007799999788403511
			vertex -0.07999999821186066 -0.08789999783039093 0.007799999788403511
			vertex -0.07757513225078583 -0.08579999953508377 0.007799999788403511
		endloop
	endfacet
	facet normal 0 0 -1
		outer loop
			vertex -0.07757513225078583 -0.08579999953508377 0.007799999788403511
			vertex -0.07999999821186066 -0.08789999783039093 0.007799999788403511
			vertex -0.08242487162351608 -0.08579999953508377 0.007799999788403511
		endloop
	endfacet
	facet normal 0 0 -1
		outer loop
			vertex -0.07999999821186066 -0.08789999783039093 0.007799999788403511
			vertex -0.08054351806640625 -0.08797155320644379 0.007799999788403511
			vertex -0.08242487162351608 -0.08579999953508377 0.007799999788403511
		endloop
	endfacet
	facet normal 0 0 -1
		outer loop
			vertex -0.0778999999165535 -0.09000000357627869 0.007799999788403511
			vertex -0.07797155529260635 -0.0894564837217331 0.007799999788403511
			vertex -0.0751502588391304 -0.09000000357627869 0.007799999788403511
		endloop
	endfacet
	facet normal 0 0 -1
		outer loop
			vertex -0.07797155529260635 -0.0894564837217331 0.007799999788403511
			vertex -0.07818134874105453 -0.08895000070333481 0.007799999788403511
			vertex -0.0751502588391304 -0.09000000357627869 0.007799999788403511
		endloop
	endfacet
	facet normal 0 0 -1
		outer loop
			vertex -0.0751502588391304 -0.09000000357627869 0.007799999788403511
			vertex -0.07818134874105453 -0.08895000070333481 0.007799999788403511
			vertex -0.07757513225078583 -0.08579999953508377 0.007799999788403511
		endloop
	endfacet
	facet normal 0 0 -1
		outer loop
			vertex -0.07818134874105453 -0.08895000070333481 0.007799999788403511
			vertex -0.07851507514715195 -0.08851507306098938 0.007799999788403511
			vertex -0.07757513225078583 -0.08579999953508377 0.007799999788403511
		endloop
	endfacet
	facet normal 0 0 -1
		outer loop
			vertex -0.07757513225078583 -0.08579999953508377 0.007799999788403511
			vertex -0.07851507514715195 -0.08851507306098938 0.007799999788403511
			vertex -0.07895000278949738 -0.08818134665489197 0.007799999788403511
		endloop
	endfacet
	facet normal 0 0 -1
		outer loop
			vertex -0.08054351806640625 -0.08797155320644379 0.007799999788403511
			vertex -0.08105000108480453 -0.08818134665489197 0.007799999788403511
			vertex -0.08242487162351608 -0.08579999953508377 0.007799999788403511
		endloop
	endfacet
	facet normal 0 0 -1
		outer loop
			vertex -0.08105000108480453 -0.08818134665489197 0.007799999788403511
			vertex -0.08148492127656937 -0.08851507306098938 0.007799999788403511
			vertex -0.08242487162351608 -0.08579999953508377 0.007799999788403511
		endloop
	endfacet
	facet normal 0 0 -1
		outer loop
			vertex -0.08242487162351608 -0.08579999953508377 0.007799999788403511
			vertex -0.08148492127656937 -0.08851507306098938 0.007799999788403511
			vertex -0.08484974503517151 -0.09000000357627869 0.007799999788403511
		endloop
	endfacet
	facet normal 0 0 -1
		outer loop
			vertex -0.08148492127656937 -0.08851507306098938 0.007799999788403511
			vertex -0.08181865513324738 -0.08895000070333481 0.007799999788403511
			vertex -0.08484974503517151 -0.09000000357627869 0.007799999788403511
		endloop
	endfacet
	facet normal 0 0 -1
		outer loop
			vertex -0.08484974503517151 -0.09000000357627869 0.007799999788403511
			vertex -0.08181865513324738 -0.08895000070333481 0.007799999788403511
			vertex -0.08202844113111496 -0.0894564837217331 0.007799999788403511
		endloop
	endfacet
	facet normal -0.8660250243671959 0.5000006571693659 0
		outer loop
			vertex -0.07757513225078583 -0.094200000166893 0.007799999788403511
			vertex -0.0751502588391304 -0.09000000357627869 0.007799999788403511
			vertex -0.07757513225078583 -0.094200000166893 0.00279999990016222
		endloop
	endfacet
	facet normal -0.8660250243671959 0.5000006571693659 0
		outer loop
			vertex -0.0751502588391304 -0.09000000357627869 0.007799999788403511
			vertex -0.0751502588391304 -0.09000000357627869 0.00279999990016222
			vertex -0.07757513225078583 -0.094200000166893 0.00279999990016222
		endloop
	endfacet
	facet normal -0.8660254084385391 -0.49999999193886163 0
		outer loop
			vertex -0.0751502588391304 -0.09000000357627869 0.007799999788403511
			vertex -0.07757513225078583 -0.08579999953508377 0.007799999788403511
			vertex -0.0751502588391304 -0.09000000357627869 0.00279999990016222
		endloop
	endfacet
	facet normal -0.8660254084385391 -0.49999999193886163 0
		outer loop
			vertex -0.07757513225078583 -0.08579999953508377 0.007799999788403511
			vertex -0.07757513225078583 -0.08579999953508377 0.00279999990016222
			vertex -0.0751502588391304 -0.09000000357627869 0.00279999990016222
		endloop
	endfacet
	facet normal 0 -1 0
		outer loop
			vertex -0.07757513225078583 -0.08579999953508377 0.007799999788403511
			vertex -0.08242487162351608 -0.08579999953508377 0.007799999788403511
			vertex -0.07757513225078583 -0.08579999953508377 0.00279999990016222
		endloop
	endfacet
	facet normal 0 -1 0
		outer loop
			vertex -0.08242487162351608 -0.08579999953508377 0.007799999788403511
			vertex -0.08242487162351608 -0.08579999953508377 0.00279999990016222
			vertex -0.07757513225078583 -0.08579999953508377 0.00279999990016222
		endloop
	endfacet
	facet normal 0.8660254084385391 -0.49999999193886163 0
		outer loop
			vertex -0.08242487162351608 -0.08579999953508377 0.007799999788403511
			vertex -0.08484974503517151 -0.09000000357627869 0.007799999788403511
			vertex -0.08242487162351608 -0.08579999953508377 0.00279999990016222
		endloop
	endfacet
	facet normal 0.8660254084385391 -0.49999999193886163 0
		outer loop
			vertex -0.08484974503517151 -0.09000000357627869 0.007799999788403511
			vertex -0.08484974503517151 -0.09000000357627869 0.00279999990016222
			vertex -0.08242487162351608 -0.08579999953508377 0.00279999990016222
		endloop
	endfacet
	facet normal 0.8660250243671959 0.5000006571693659 0
		outer loop
			vertex -0.08484974503517151 -0.09000000357627869 0.007799999788403511
			vertex -0.08242487162351608 -0.094200000166893 0.007799999788403511
			vertex -0.08484974503517151 -0.09000000357627869 0.00279999990016222
		endloop
	endfacet
	facet normal 0.8660250243671959 0.5000006571693659 0
		outer loop
			vertex -0.08242487162351608 -0.094200000166893 0.007799999788403511
			vertex -0.08242487162351608 -0.094200000166893 0.00279999990016222
			vertex -0.08484974503517151 -0.09000000357627869 0.00279999990016222
		endloop
	endfacet
	facet normal 0 1 0
		outer loop
			vertex -0.08242487162351608 -0.094200000166893 0.007799999788403511
			vertex -0.07757513225078583 -0.094200000166893 0.007799999788403511
			vertex -0.08242487162351608 -0.094200000166893 0.00279999990016222
		endloop
	endfacet
	facet normal 0 1 0
		outer loop
			vertex -0.07757513225078583 -0.094200000166893 0.007799999788403511
			vertex -0.07757513225078583 -0.094200000166893 0.00279999990016222
			vertex -0.08242487162351608 -0.094200000166893 0.00279999990016222
		endloop
	endfacet
	facet normal 0 0 1
		outer loop
			vertex -0.08983345329761505 -0.11483345180749893 0.007000000216066837
			vertex -0.09138908982276917 -0.11638908833265305 0.007000000216066837
			vertex -0.08914999663829803 -0.1153578832745552 0.007000000216066837
		endloop
	endfacet
	facet normal 0 0 1
		outer loop
			vertex -0.09138908982276917 -0.11638908833265305 0.007000000216066837
			vertex -0.09025000035762787 -0.11726313829421997 0.007000000216066837
			vertex -0.08914999663829803 -0.1153578832745552 0.007000000216066837
		endloop
	endfacet
	facet normal 0 0 1
		outer loop
			vertex -0.08914999663829803 -0.1153578832745552 0.007000000216066837
			vertex -0.09025000035762787 -0.11726313829421997 0.007000000216066837
			vertex -0.08835410326719284 -0.11568755656480789 0.007000000216066837
		endloop
	endfacet
	facet normal 0 0 1
		outer loop
			vertex -0.09025000035762787 -0.11726313829421997 0.007000000216066837
			vertex -0.08892350643873215 -0.11781258881092072 0.007000000216066837
			vertex -0.08835410326719284 -0.11568755656480789 0.007000000216066837
		endloop
	endfacet
	facet normal 0 0 1
		outer loop
			vertex -0.08835410326719284 -0.11568755656480789 0.007000000216066837
			vertex -0.08892350643873215 -0.11781258881092072 0.007000000216066837
			vertex -0.08749999850988388 -0.11580000072717667 0.007000000216066837
		endloop
	endfacet
	facet normal 0 0 1
		outer loop
			vertex -0.08892350643873215 -0.11781258881092072 0.007000000216066837
			vertex -0.08749999850988388 -0.11800000071525574 0.007000000216066837
			vertex -0.08749999850988388 -0.11580000072717667 0.007000000216066837
		endloop
	endfacet
	facet normal 0 0 1
		outer loop
			vertex -0.08749999850988388 -0.11580000072717667 0.007000000216066837
			vertex -0.08749999850988388 -0.11800000071525574 0.007000000216066837
			vertex -0.08664589375257492 -0.11568755656480789 0.007000000216066837
		endloop
	endfacet
	facet normal 0 0 1
		outer loop
			vertex -0.08749999850988388 -0.11800000071525574 0.007000000216066837
			vertex -0.08607649803161621 -0.11781258881092072 0.007000000216066837
			vertex -0.08664589375257492 -0.11568755656480789 0.007000000216066837
		endloop
	endfacet
	facet normal 0 0 1
		outer loop
			vertex -0.08664589375257492 -0.11568755656480789 0.007000000216066837
			vertex -0.08607649803161621 -0.11781258881092072 0.007000000216066837
			vertex -0.08585000038146973 -0.1153578832745552 0.007000000216066837
		endloop
	endfacet
	facet normal 0 0 1
		outer loop
			vertex -0.08607649803161621 -0.11781258881092072 0.007000000216066837
			vertex -0.08474999666213989 -0.11726313829421997 0.007000000216066837
			vertex -0.08585000038146973 -0.1153578832745552 0.007000000216066837
		endloop
	endfacet
	facet normal 0 0 1
		outer loop
			vertex -0.08585000038146973 -0.1153578832745552 0.007000000216066837
			vertex -0.08474999666213989 -0.11726313829421997 0.007000000216066837
			vertex -0.0851665511727333 -0.11483345180749893 0.007000000216066837
		endloop
	endfacet
	facet normal 0 0 1
		outer loop
			vertex -0.08474999666213989 -0.11726313829421997 0.007000000216066837
			vertex -0.0836109146475792 -0.11638908833265305 0.007000000216066837
			vertex -0.0851665511727333 -0.11483345180749893 0.007000000216066837
		endloop
	endfacet
	facet normal 0 0 1
		outer loop
			vertex -0.0851665511727333 -0.11483345180749893 0.007000000216066837
			vertex -0.0836109146475792 -0.11638908833265305 0.007000000216066837
			vertex -0.08464211970567703 -0.11415000259876251 0.007000000216066837
		endloop
	endfacet
	facet normal 0 0 1
		outer loop
			vertex -0.0836109146475792 -0.11638908833265305 0.007000000216066837
			vertex -0.08273685723543167 -0.11524999886751175 0.007000000216066837
			vertex -0.08464211970567703 -0.11415000259876251 0.007000000216066837
		endloop
	endfacet
	facet normal 0 0 1
		outer loop
			vertex -0.08464211970567703 -0.11415000259876251 0.007000000216066837
			vertex -0.08273685723543167 -0.11524999886751175 0.007000000216066837
			vertex -0.08431244641542435 -0.11335410177707672 0.007000000216066837
		endloop
	endfacet
	facet normal 0 0 1
		outer loop
			vertex -0.08273685723543167 -0.11524999886751175 0.007000000216066837
			vertex -0.08218740671873093 -0.11392350494861603 0.007000000216066837
			vertex -0.08431244641542435 -0.11335410177707672 0.007000000216066837
		endloop
	endfacet
	facet normal 0 0 1
		outer loop
			vertex -0.08431244641542435 -0.11335410177707672 0.007000000216066837
			vertex -0.08218740671873093 -0.11392350494861603 0.007000000216066837
			vertex -0.08420000225305557 -0.11249999701976776 0.007000000216066837
		endloop
	endfacet
	facet normal 0 0 1
		outer loop
			vertex -0.08218740671873093 -0.11392350494861603 0.007000000216066837
			vertex -0.0820000022649765 -0.11249999701976776 0.007000000216066837
			vertex -0.08420000225305557 -0.11249999701976776 0.007000000216066837
		endloop
	endfacet
	facet normal 0 0 1
		outer loop
			vertex -0.08420000225305557 -0.11249999701976776 0.007000000216066837
			vertex -0.0820000022649765 -0.11249999701976776 0.007000000216066837
			vertex -0.08431244641542435 -0.1116458997130394 0.007000000216066837
		endloop
	endfacet
	facet normal 0 0 1
		outer loop
			vertex -0.0820000022649765 -0.11249999701976776 0.007000000216066837
			vertex -0.08218740671873093 -0.11107649654150009 0.007000000216066837
			vertex -0.08431244641542435 -0.1116458997130394 0.007000000216066837
		endloop
	endfacet
	facet normal 0 0 1
		outer loop
			vertex -0.08431244641542435 -0.1116458997130394 0.007000000216066837
			vertex -0.08218740671873093 -0.11107649654150009 0.007000000216066837
			vertex -0.08464211970567703 -0.11084999889135361 0.007000000216066837
		endloop
	endfacet
	facet normal 0 0 1
		outer loop
			vertex -0.08218740671873093 -0.11107649654150009 0.007000000216066837
			vertex -0.08273685723543167 -0.10975000262260437 0.007000000216066837
			vertex -0.08464211970567703 -0.11084999889135361 0.007000000216066837
		endloop
	endfacet
	facet normal 0 0 1
		outer loop
			vertex -0.08464211970567703 -0.11084999889135361 0.007000000216066837
			vertex -0.08273685723543167 -0.10975000262260437 0.007000000216066837
			vertex -0.0851665511727333 -0.11016654968261719 0.007000000216066837
		endloop
	endfacet
	facet normal 0 0 1
		outer loop
			vertex -0.08273685723543167 -0.10975000262260437 0.007000000216066837
			vertex -0.0836109146475792 -0.10861091315746307 0.007000000216066837
			vertex -0.0851665511727333 -0.11016654968261719 0.007000000216066837
		endloop
	endfacet
	facet normal 0 0 1
		outer loop
			vertex -0.0851665511727333 -0.11016654968261719 0.007000000216066837
			vertex -0.0836109146475792 -0.10861091315746307 0.007000000216066837
			vertex -0.08585000038146973 -0.10964211821556091 0.007000000216066837
		endloop
	endfacet
	facet normal 0 0 1
		outer loop
			vertex -0.0836109146475792 -0.10861091315746307 0.007000000216066837
			vertex -0.08474999666213989 -0.10773686319589615 0.007000000216066837
			vertex -0.08585000038146973 -0.10964211821556091 0.007000000216066837
		endloop
	endfacet
	facet normal 0 0 1
		outer loop
			vertex -0.08585000038146973 -0.10964211821556091 0.007000000216066837
			vertex -0.08474999666213989 -0.10773686319589615 0.007000000216066837
			vertex -0.08664589375257492 -0.10931244492530823 0.007000000216066837
		endloop
	endfacet
	facet normal 0 0 1
		outer loop
			vertex -0.08474999666213989 -0.10773686319589615 0.007000000216066837
			vertex -0.08607649803161621 -0.10718740522861481 0.007000000216066837
			vertex -0.08664589375257492 -0.10931244492530823 0.007000000216066837
		endloop
	endfacet
	facet normal 0 0 1
		outer loop
			vertex -0.08664589375257492 -0.10931244492530823 0.007000000216066837
			vertex -0.08607649803161621 -0.10718740522861481 0.007000000216066837
			vertex -0.08749999850988388 -0.10920000076293945 0.007000000216066837
		endloop
	endfacet
	facet normal 0 0 1
		outer loop
			vertex -0.08607649803161621 -0.10718740522861481 0.007000000216066837
			vertex -0.08749999850988388 -0.10700000077486038 0.007000000216066837
			vertex -0.08749999850988388 -0.10920000076293945 0.007000000216066837
		endloop
	endfacet
	facet normal 0 0 1
		outer loop
			vertex -0.08749999850988388 -0.10920000076293945 0.007000000216066837
			vertex -0.08749999850988388 -0.10700000077486038 0.007000000216066837
			vertex -0.08835410326719284 -0.10931244492530823 0.007000000216066837
		endloop
	endfacet
	facet normal 0 0 1
		outer loop
			vertex -0.08749999850988388 -0.10700000077486038 0.007000000216066837
			vertex -0.08892350643873215 -0.10718740522861481 0.007000000216066837
			vertex -0.08835410326719284 -0.10931244492530823 0.007000000216066837
		endloop
	endfacet
	facet normal 0 0 1
		outer loop
			vertex -0.08835410326719284 -0.10931244492530823 0.007000000216066837
			vertex -0.08892350643873215 -0.10718740522861481 0.007000000216066837
			vertex -0.08914999663829803 -0.10964211821556091 0.007000000216066837
		endloop
	endfacet
	facet normal 0 0 1
		outer loop
			vertex -0.08892350643873215 -0.10718740522861481 0.007000000216066837
			vertex -0.09025000035762787 -0.10773686319589615 0.007000000216066837
			vertex -0.08914999663829803 -0.10964211821556091 0.007000000216066837
		endloop
	endfacet
	facet normal 0 0 1
		outer loop
			vertex -0.08914999663829803 -0.10964211821556091 0.007000000216066837
			vertex -0.09025000035762787 -0.10773686319589615 0.007000000216066837
			vertex -0.08983345329761505 -0.11016654968261719 0.007000000216066837
		endloop
	endfacet
	facet normal 0 0 1
		outer loop
			vertex -0.09025000035762787 -0.10773686319589615 0.007000000216066837
			vertex -0.09138908982276917 -0.10861091315746307 0.007000000216066837
			vertex -0.08983345329761505 -0.11016654968261719 0.007000000216066837
		endloop
	endfacet
	facet normal 0 0 1
		outer loop
			vertex -0.08983345329761505 -0.11016654968261719 0.007000000216066837
			vertex -0.09138908982276917 -0.10861091315746307 0.007000000216066837
			vertex -0.09035788476467133 -0.11084999889135361 0.007000000216066837
		endloop
	endfacet
	facet normal 0 0 1
		outer loop
			vertex -0.09138908982276917 -0.10861091315746307 0.007000000216066837
			vertex -0.09226313978433609 -0.10975000262260437 0.007000000216066837
			vertex -0.09035788476467133 -0.11084999889135361 0.007000000216066837
		endloop
	endfacet
	facet normal 0 0 1
		outer loop
			vertex -0.09035788476467133 -0.11084999889135361 0.007000000216066837
			vertex -0.09226313978433609 -0.10975000262260437 0.007000000216066837
			vertex -0.09068755805492401 -0.1116458997130394 0.007000000216066837
		endloop
	endfacet
	facet normal 0 0 1
		outer loop
			vertex -0.09226313978433609 -0.10975000262260437 0.007000000216066837
			vertex -0.09281259030103683 -0.11107649654150009 0.007000000216066837
			vertex -0.09068755805492401 -0.1116458997130394 0.007000000216066837
		endloop
	endfacet
	facet normal 0 0 1
		outer loop
			vertex -0.09068755805492401 -0.1116458997130394 0.007000000216066837
			vertex -0.09281259030103683 -0.11107649654150009 0.007000000216066837
			vertex -0.09080000221729279 -0.11249999701976776 0.007000000216066837
		endloop
	endfacet
	facet normal 0 0 1
		outer loop
			vertex -0.09281259030103683 -0.11107649654150009 0.007000000216066837
			vertex -0.09300000220537186 -0.11249999701976776 0.007000000216066837
			vertex -0.09080000221729279 -0.11249999701976776 0.007000000216066837
		endloop
	endfacet
	facet normal 0 0 1
		outer loop
			vertex -0.09080000221729279 -0.11249999701976776 0.007000000216066837
			vertex -0.09300000220537186 -0.11249999701976776 0.007000000216066837
			vertex -0.09068755805492401 -0.11335410177707672 0.007000000216066837
		endloop
	endfacet
	facet normal 0 0 1
		outer loop
			vertex -0.09300000220537186 -0.11249999701976776 0.007000000216066837
			vertex -0.09281259030103683 -0.11392350494861603 0.007000000216066837
			vertex -0.09068755805492401 -0.11335410177707672 0.007000000216066837
		endloop
	endfacet
	facet normal 0 0 1
		outer loop
			vertex -0.09068755805492401 -0.11335410177707672 0.007000000216066837
			vertex -0.09281259030103683 -0.11392350494861603 0.007000000216066837
			vertex -0.09035788476467133 -0.11415000259876251 0.007000000216066837
		endloop
	endfacet
	facet normal 0 0 1
		outer loop
			vertex -0.09281259030103683 -0.11392350494861603 0.007000000216066837
			vertex -0.09226313978433609 -0.11524999886751175 0.007000000216066837
			vertex -0.09035788476467133 -0.11415000259876251 0.007000000216066837
		endloop
	endfacet
	facet normal 0 0 1
		outer loop
			vertex -0.09035788476467133 -0.11415000259876251 0.007000000216066837
			vertex -0.09226313978433609 -0.11524999886751175 0.007000000216066837
			vertex -0.08983345329761505 -0.11483345180749893 0.007000000216066837
		endloop
	endfacet
	facet normal 0 0 1
		outer loop
			vertex -0.09226313978433609 -0.11524999886751175 0.007000000216066837
			vertex -0.09138908982276917 -0.11638908833265305 0.007000000216066837
			vertex -0.08983345329761505 -0.11483345180749893 0.007000000216066837
		endloop
	endfacet
	facet normal 0 0 1
		outer loop
			vertex 0.08749999850988388 -0.11580000072717667 0.007000000216066837
			vertex 0.08749999850988388 -0.11800000071525574 0.007000000216066837
			vertex 0.08835410326719284 -0.11568755656480789 0.007000000216066837
		endloop
	endfacet
	facet normal 0 0 1
		outer loop
			vertex 0.08749999850988388 -0.11800000071525574 0.007000000216066837
			vertex 0.08892350643873215 -0.11781258881092072 0.007000000216066837
			vertex 0.08835410326719284 -0.11568755656480789 0.007000000216066837
		endloop
	endfacet
	facet normal 0 0 1
		outer loop
			vertex 0.08835410326719284 -0.11568755656480789 0.007000000216066837
			vertex 0.08892350643873215 -0.11781258881092072 0.007000000216066837
			vertex 0.08914999663829803 -0.1153578832745552 0.007000000216066837
		endloop
	endfacet
	facet normal 0 0 1
		outer loop
			vertex 0.08892350643873215 -0.11781258881092072 0.007000000216066837
			vertex 0.09025000035762787 -0.11726313829421997 0.007000000216066837
			vertex 0.08914999663829803 -0.1153578832745552 0.007000000216066837
		endloop
	endfacet
	facet normal 0 0 1
		outer loop
			vertex 0.08914999663829803 -0.1153578832745552 0.007000000216066837
			vertex 0.09025000035762787 -0.11726313829421997 0.007000000216066837
			vertex 0.08983345329761505 -0.11483345180749893 0.007000000216066837
		endloop
	endfacet
	facet normal 0 0 1
		outer loop
			vertex 0.09025000035762787 -0.11726313829421997 0.007000000216066837
			vertex 0.09138908982276917 -0.11638908833265305 0.007000000216066837
			vertex 0.08983345329761505 -0.11483345180749893 0.007000000216066837
		endloop
	endfacet
	facet normal 0 0 1
		outer loop
			vertex 0.08983345329761505 -0.11483345180749893 0.007000000216066837
			vertex 0.09138908982276917 -0.11638908833265305 0.007000000216066837
			vertex 0.09035788476467133 -0.11415000259876251 0.007000000216066837
		endloop
	endfacet
	facet normal 0 0 1
		outer loop
			vertex 0.09138908982276917 -0.11638908833265305 0.007000000216066837
			vertex 0.09226313978433609 -0.11524999886751175 0.007000000216066837
			vertex 0.09035788476467133 -0.11415000259876251 0.007000000216066837
		endloop
	endfacet
	facet normal 0 0 1
		outer loop
			vertex 0.09035788476467133 -0.11415000259876251 0.007000000216066837
			vertex 0.09226313978433609 -0.11524999886751175 0.007000000216066837
			vertex 0.09068755805492401 -0.11335410177707672 0.007000000216066837
		endloop
	endfacet
	facet normal 0 0 1
		outer loop
			vertex 0.09226313978433609 -0.11524999886751175 0.007000000216066837
			vertex 0.09281259030103683 -0.11392350494861603 0.007000000216066837
			vertex 0.09068755805492401 -0.11335410177707672 0.007000000216066837
		endloop
	endfacet
	facet normal 0 0 1
		outer loop
			vertex 0.09068755805492401 -0.11335410177707672 0.007000000216066837
			vertex 0.09281259030103683 -0.11392350494861603 0.007000000216066837
			vertex 0.09080000221729279 -0.11249999701976776 0.007000000216066837
		endloop
	endfacet
	facet normal 0 0 1
		outer loop
			vertex 0.09281259030103683 -0.11392350494861603 0.007000000216066837
			vertex 0.09300000220537186 -0.11249999701976776 0.007000000216066837
			vertex 0.09080000221729279 -0.11249999701976776 0.007000000216066837
		endloop
	endfacet
	facet normal 0 0 1
		outer loop
			vertex 0.09080000221729279 -0.11249999701976776 0.007000000216066837
			vertex 0.09300000220537186 -0.11249999701976776 0.007000000216066837
			vertex 0.09068755805492401 -0.1116458997130394 0.007000000216066837
		endloop
	endfacet
	facet normal 0 0 1
		outer loop
			vertex 0.09300000220537186 -0.11249999701976776 0.007000000216066837
			vertex 0.09281259030103683 -0.11107649654150009 0.007000000216066837
			vertex 0.09068755805492401 -0.1116458997130394 0.007000000216066837
		endloop
	endfacet
	facet normal 0 0 1
		outer loop
			vertex 0.09068755805492401 -0.1116458997130394 0.007000000216066837
			vertex 0.09281259030103683 -0.11107649654150009 0.007000000216066837
			vertex 0.09035788476467133 -0.11084999889135361 0.007000000216066837
		endloop
	endfacet
	facet normal 0 0 1
		outer loop
			vertex 0.09281259030103683 -0.11107649654150009 0.007000000216066837
			vertex 0.09226313978433609 -0.10975000262260437 0.007000000216066837
			vertex 0.09035788476467133 -0.11084999889135361 0.007000000216066837
		endloop
	endfacet
	facet normal 0 0 1
		outer loop
			vertex 0.09035788476467133 -0.11084999889135361 0.007000000216066837
			vertex 0.09226313978433609 -0.10975000262260437 0.007000000216066837
			vertex 0.08983345329761505 -0.11016654968261719 0.007000000216066837
		endloop
	endfacet
	facet normal 0 0 1
		outer loop
			vertex 0.09226313978433609 -0.10975000262260437 0.007000000216066837
			vertex 0.09138908982276917 -0.10861091315746307 0.007000000216066837
			vertex 0.08983345329761505 -0.11016654968261719 0.007000000216066837
		endloop
	endfacet
	facet normal 0 0 1
		outer loop
			vertex 0.08983345329761505 -0.11016654968261719 0.007000000216066837
			vertex 0.09138908982276917 -0.10861091315746307 0.007000000216066837
			vertex 0.08914999663829803 -0.10964211821556091 0.007000000216066837
		endloop
	endfacet
	facet normal 0 0 1
		outer loop
			vertex 0.09138908982276917 -0.10861091315746307 0.007000000216066837
			vertex 0.09025000035762787 -0.10773686319589615 0.007000000216066837
			vertex 0.08914999663829803 -0.10964211821556091 0.007000000216066837
		endloop
	endfacet
	facet normal 0 0 1
		outer loop
			vertex 0.08914999663829803 -0.10964211821556091 0.007000000216066837
			vertex 0.09025000035762787 -0.10773686319589615 0.007000000216066837
			vertex 0.08835410326719284 -0.10931244492530823 0.007000000216066837
		endloop
	endfacet
	facet normal 0 0 1
		outer loop
			vertex 0.09025000035762787 -0.10773686319589615 0.007000000216066837
			vertex 0.08892350643873215 -0.10718740522861481 0.007000000216066837
			vertex 0.08835410326719284 -0.10931244492530823 0.007000000216066837
		endloop
	endfacet
	facet normal 0 0 1
		outer loop
			vertex 0.08835410326719284 -0.10931244492530823 0.007000000216066837
			vertex 0.08892350643873215 -0.10718740522861481 0.007000000216066837
			vertex 0.08749999850988388 -0.10920000076293945 0.007000000216066837
		endloop
	endfacet
	facet normal 0 0 1
		outer loop
			vertex 0.08892350643873215 -0.10718740522861481 0.007000000216066837
			vertex 0.08749999850988388 -0.10700000077486038 0.007000000216066837
			vertex 0.08749999850988388 -0.10920000076293945 0.007000000216066837
		endloop
	endfacet
	facet normal 0 0 1
		outer loop
			vertex 0.08749999850988388 -0.10920000076293945 0.007000000216066837
			vertex 0.08749999850988388 -0.10700000077486038 0.007000000216066837
			vertex 0.08664589375257492 -0.10931244492530823 0.007000000216066837
		endloop
	endfacet
	facet normal 0 0 1
		outer loop
			vertex 0.08749999850988388 -0.10700000077486038 0.007000000216066837
			vertex 0.08607649803161621 -0.10718740522861481 0.007000000216066837
			vertex 0.08664589375257492 -0.10931244492530823 0.007000000216066837
		endloop
	endfacet
	facet normal 0 0 1
		outer loop
			vertex 0.08664589375257492 -0.10931244492530823 0.007000000216066837
			vertex 0.08607649803161621 -0.10718740522861481 0.007000000216066837
			vertex 0.08585000038146973 -0.10964211821556091 0.007000000216066837
		endloop
	endfacet
	facet normal 0 0 1
		outer loop
			vertex 0.08607649803161621 -0.10718740522861481 0.007000000216066837
			vertex 0.08474999666213989 -0.10773686319589615 0.007000000216066837
			vertex 0.08585000038146973 -0.10964211821556091 0.007000000216066837
		endloop
	endfacet
	facet normal 0 0 1
		outer loop
			vertex 0.08585000038146973 -0.10964211821556091 0.007000000216066837
			vertex 0.08474999666213989 -0.10773686319589615 0.007000000216066837
			vertex 0.0851665511727333 -0.11016654968261719 0.007000000216066837
		endloop
	endfacet
	facet normal 0 0 1
		outer loop
			vertex 0.08474999666213989 -0.10773686319589615 0.007000000216066837
			vertex 0.0836109146475792 -0.10861091315746307 0.007000000216066837
			vertex 0.0851665511727333 -0.11016654968261719 0.007000000216066837
		endloop
	endfacet
	facet normal 0 0 1
		outer loop
			vertex 0.0851665511727333 -0.11016654968261719 0.007000000216066837
			vertex 0.0836109146475792 -0.10861091315746307 0.007000000216066837
			vertex 0.08464211970567703 -0.11084999889135361 0.007000000216066837
		endloop
	endfacet
	facet normal 0 0 1
		outer loop
			vertex 0.0836109146475792 -0.10861091315746307 0.007000000216066837
			vertex 0.08273685723543167 -0.10975000262260437 0.007000000216066837
			vertex 0.08464211970567703 -0.11084999889135361 0.007000000216066837
		endloop
	endfacet
	facet normal 0 0 1
		outer loop
			vertex 0.08464211970567703 -0.11084999889135361 0.007000000216066837
			vertex 0.08273685723543167 -0.10975000262260437 0.007000000216066837
			vertex 0.08431244641542435 -0.1116458997130394 0.007000000216066837
		endloop
	endfacet
	facet normal 0 0 1
		outer loop
			vertex 0.08273685723543167 -0.10975000262260437 0.007000000216066837
			vertex 0.08218740671873093 -0.11107649654150009 0.007000000216066837
			vertex 0.08431244641542435 -0.1116458997130394 0.007000000216066837
		endloop
	endfacet
	facet normal 0 0 1
		outer loop
			vertex 0.08431244641542435 -0.1116458997130394 0.007000000216066837
			vertex 0.08218740671873093 -0.11107649654150009 0.007000000216066837
			vertex 0.08420000225305557 -0.11249999701976776 0.007000000216066837
		endloop
	endfacet
	facet normal 0 0 1
		outer loop
			vertex 0.08218740671873093 -0.11107649654150009 0.007000000216066837
			vertex 0.0820000022649765 -0.11249999701976776 0.007000000216066837
			vertex 0.08420000225305557 -0.11249999701976776 0.007000000216066837
		endloop
	endfacet
	facet normal 0 0 1
		outer loop
			vertex 0.08420000225305557 -0.11249999701976776 0.007000000216066837
			vertex 0.0820000022649765 -0.11249999701976776 0.007000000216066837
			vertex 0.08431244641542435 -0.11335410177707672 0.007000000216066837
		endloop
	endfacet
	facet normal 0 0 1
		outer loop
			vertex 0.0820000022649765 -0.11249999701976776 0.007000000216066837
			vertex 0.08218740671873093 -0.11392350494861603 0.007000000216066837
			vertex 0.08431244641542435 -0.11335410177707672 0.007000000216066837
		endloop
	endfacet
	facet normal 0 0 1
		outer loop
			vertex 0.08431244641542435 -0.11335410177707672 0.007000000216066837
			vertex 0.08218740671873093 -0.11392350494861603 0.007000000216066837
			vertex 0.08464211970567703 -0.11415000259876251 0.007000000216066837
		endloop
	endfacet
	facet normal 0 0 1
		outer loop
			vertex 0.08218740671873093 -0.11392350494861603 0.007000000216066837
			vertex 0.08273685723543167 -0.11524999886751175 0.007000000216066837
			vertex 0.08464211970567703 -0.11415000259876251 0.007000000216066837
		endloop
	endfacet
	facet normal 0 0 1
		outer loop
			vertex 0.08464211970567703 -0.11415000259876251 0.007000000216066837
			vertex 0.08273685723543167 -0.11524999886751175 0.007000000216066837
			vertex 0.0851665511727333 -0.11483345180749893 0.007000000216066837
		endloop
	endfacet
	facet normal 0 0 1
		outer loop
			vertex 0.08273685723543167 -0.11524999886751175 0.007000000216066837
			vertex 0.0836109146475792 -0.11638908833265305 0.007000000216066837
			vertex 0.0851665511727333 -0.11483345180749893 0.007000000216066837
		endloop
	endfacet
	facet normal 0 0 1
		outer loop
			vertex 0.0851665511727333 -0.11483345180749893 0.007000000216066837
			vertex 0.0836109146475792 -0.11638908833265305 0.007000000216066837
			vertex 0.08585000038146973 -0.1153578832745552 0.007000000216066837
		endloop
	endfacet
	facet normal 0 0 1
		outer loop
			vertex 0.0836109146475792 -0.11638908833265305 0.007000000216066837
			vertex 0.08474999666213989 -0.11726313829421997 0.007000000216066837
			vertex 0.08585000038146973 -0.1153578832745552 0.007000000216066837
		endloop
	endfacet
	facet normal 0 0 1
		outer loop
			vertex 0.08585000038146973 -0.1153578832745552 0.007000000216066837
			vertex 0.08474999666213989 -0.11726313829421997 0.007000000216066837
			vertex 0.08664589375257492 -0.11568755656480789 0.007000000216066837
		endloop
	endfacet
	facet normal 0 0 1
		outer loop
			vertex 0.08474999666213989 -0.11726313829421997 0.007000000216066837
			vertex 0.08607649803161621 -0.11781258881092072 0.007000000216066837
			vertex 0.08664589375257492 -0.11568755656480789 0.007000000216066837
		endloop
	endfacet
	facet normal 0 0 1
		outer loop
			vertex 0.08664589375257492 -0.11568755656480789 0.007000000216066837
			vertex 0.08607649803161621 -0.11781258881092072 0.007000000216066837
			vertex 0.08749999850988388 -0.11580000072717667 0.007000000216066837
		endloop
	endfacet
	facet normal 0 0 1
		outer loop
			vertex 0.08607649803161621 -0.11781258881092072 0.007000000216066837
			vertex 0.08749999850988388 -0.11800000071525574 0.007000000216066837
			vertex 0.08749999850988388 -0.11580000072717667 0.007000000216066837
		endloop
	endfacet
	facet normal 0 0 1
		outer loop
			vertex -0.08585000038146973 0.1153578832745552 0.007000000216066837
			vertex -0.08474999666213989 0.11726313829421997 0.007000000216066837
			vertex -0.08664589375257492 0.11568755656480789 0.007000000216066837
		endloop
	endfacet
	facet normal 0 0 1
		outer loop
			vertex -0.08474999666213989 0.11726313829421997 0.007000000216066837
			vertex -0.08607649803161621 0.11781258881092072 0.007000000216066837
			vertex -0.08664589375257492 0.11568755656480789 0.007000000216066837
		endloop
	endfacet
	facet normal 0 0 1
		outer loop
			vertex -0.08664589375257492 0.11568755656480789 0.007000000216066837
			vertex -0.08607649803161621 0.11781258881092072 0.007000000216066837
			vertex -0.08749999850988388 0.11580000072717667 0.007000000216066837
		endloop
	endfacet
	facet normal 0 0 1
		outer loop
			vertex -0.08607649803161621 0.11781258881092072 0.007000000216066837
			vertex -0.08749999850988388 0.11800000071525574 0.007000000216066837
			vertex -0.08749999850988388 0.11580000072717667 0.007000000216066837
		endloop
	endfacet
	facet normal 0 0 1
		outer loop
			vertex -0.08749999850988388 0.11580000072717667 0.007000000216066837
			vertex -0.08749999850988388 0.11800000071525574 0.007000000216066837
			vertex -0.08835410326719284 0.11568755656480789 0.007000000216066837
		endloop
	endfacet
	facet normal 0 0 1
		outer loop
			vertex -0.08749999850988388 0.11800000071525574 0.007000000216066837
			vertex -0.08892350643873215 0.11781258881092072 0.007000000216066837
			vertex -0.08835410326719284 0.11568755656480789 0.007000000216066837
		endloop
	endfacet
	facet normal 0 0 1
		outer loop
			vertex -0.08835410326719284 0.11568755656480789 0.007000000216066837
			vertex -0.08892350643873215 0.11781258881092072 0.007000000216066837
			vertex -0.08914999663829803 0.1153578832745552 0.007000000216066837
		endloop
	endfacet
	facet normal 0 0 1
		outer loop
			vertex -0.08892350643873215 0.11781258881092072 0.007000000216066837
			vertex -0.09025000035762787 0.11726313829421997 0.007000000216066837
			vertex -0.08914999663829803 0.1153578832745552 0.007000000216066837
		endloop
	endfacet
	facet normal 0 0 1
		outer loop
			vertex -0.08914999663829803 0.1153578832745552 0.007000000216066837
			vertex -0.09025000035762787 0.11726313829421997 0.007000000216066837
			vertex -0.08983345329761505 0.11483345180749893 0.007000000216066837
		endloop
	endfacet
	facet normal 0 0 1
		outer loop
			vertex -0.09025000035762787 0.11726313829421997 0.007000000216066837
			vertex -0.09138908982276917 0.11638908833265305 0.007000000216066837
			vertex -0.08983345329761505 0.11483345180749893 0.007000000216066837
		endloop
	endfacet
	facet normal 0 0 1
		outer loop
			vertex -0.08983345329761505 0.11483345180749893 0.007000000216066837
			vertex -0.09138908982276917 0.11638908833265305 0.007000000216066837
			vertex -0.09035788476467133 0.11415000259876251 0.007000000216066837
		endloop
	endfacet
	facet normal 0 0 1
		outer loop
			vertex -0.09138908982276917 0.11638908833265305 0.007000000216066837
			vertex -0.09226313978433609 0.11524999886751175 0.007000000216066837
			vertex -0.09035788476467133 0.11415000259876251 0.007000000216066837
		endloop
	endfacet
	facet normal 0 0 1
		outer loop
			vertex -0.09035788476467133 0.11415000259876251 0.007000000216066837
			vertex -0.09226313978433609 0.11524999886751175 0.007000000216066837
			vertex -0.09068755805492401 0.11335410177707672 0.007000000216066837
		endloop
	endfacet
	facet normal 0 0 1
		outer loop
			vertex -0.09226313978433609 0.11524999886751175 0.007000000216066837
			vertex -0.09281259030103683 0.11392350494861603 0.007000000216066837
			vertex -0.09068755805492401 0.11335410177707672 0.007000000216066837
		endloop
	endfacet
	facet normal 0 0 1
		outer loop
			vertex -0.09068755805492401 0.11335410177707672 0.007000000216066837
			vertex -0.09281259030103683 0.11392350494861603 0.007000000216066837
			vertex -0.09080000221729279 0.11249999701976776 0.007000000216066837
		endloop
	endfacet
	facet normal 0 0 1
		outer loop
			vertex -0.09281259030103683 0.11392350494861603 0.007000000216066837
			vertex -0.09300000220537186 0.11249999701976776 0.007000000216066837
			vertex -0.09080000221729279 0.11249999701976776 0.007000000216066837
		endloop
	endfacet
	facet normal 0 0 1
		outer loop
			vertex -0.09080000221729279 0.11249999701976776 0.007000000216066837
			vertex -0.09300000220537186 0.11249999701976776 0.007000000216066837
			vertex -0.09068755805492401 0.1116458997130394 0.007000000216066837
		endloop
	endfacet
	facet normal 0 0 1
		outer loop
			vertex -0.09300000220537186 0.11249999701976776 0.007000000216066837
			vertex -0.09281259030103683 0.11107649654150009 0.007000000216066837
			vertex -0.09068755805492401 0.1116458997130394 0.007000000216066837
		endloop
	endfacet
	facet normal 0 0 1
		outer loop
			vertex -0.09068755805492401 0.1116458997130394 0.007000000216066837
			vertex -0.09281259030103683 0.11107649654150009 0.007000000216066837
			vertex -0.09035788476467133 0.11084999889135361 0.007000000216066837
		endloop
	endfacet
	facet normal 0 0 1
		outer loop
			vertex -0.09281259030103683 0.11107649654150009 0.007000000216066837
			vertex -0.09226313978433609 0.10975000262260437 0.007000000216066837
			vertex -0.09035788476467133 0.11084999889135361 0.007000000216066837
		endloop
	endfacet
	facet normal 0 0 1
		outer loop
			vertex -0.09035788476467133 0.11084999889135361 0.007000000216066837
			vertex -0.09226313978433609 0.10975000262260437 0.007000000216066837
			vertex -0.08983345329761505 0.11016654968261719 0.007000000216066837
		endloop
	endfacet
	facet normal 0 0 1
		outer loop
			vertex -0.09226313978433609 0.10975000262260437 0.007000000216066837
			vertex -0.09138908982276917 0.10861091315746307 0.007000000216066837
			vertex -0.08983345329761505 0.11016654968261719 0.007000000216066837
		endloop
	endfacet
	facet normal 0 0 1
		outer loop
			vertex -0.08983345329761505 0.11016654968261719 0.007000000216066837
			vertex -0.09138908982276917 0.10861091315746307 0.007000000216066837
			vertex -0.08914999663829803 0.10964211821556091 0.007000000216066837
		endloop
	endfacet
	facet normal 0 0 1
		outer loop
			vertex -0.09138908982276917 0.10861091315746307 0.007000000216066837
			vertex -0.09025000035762787 0.10773686319589615 0.007000000216066837
			vertex -0.08914999663829803 0.10964211821556091 0.007000000216066837
		endloop
	endfacet
	facet normal 0 0 1
		outer loop
			vertex -0.08914999663829803 0.10964211821556091 0.007000000216066837
			vertex -0.09025000035762787 0.10773686319589615 0.007000000216066837
			vertex -0.08835410326719284 0.10931244492530823 0.007000000216066837
		endloop
	endfacet
	facet normal 0 0 1
		outer loop
			vertex -0.09025000035762787 0.10773686319589615 0.007000000216066837
			vertex -0.08892350643873215 0.10718740522861481 0.007000000216066837
			vertex -0.08835410326719284 0.10931244492530823 0.007000000216066837
		endloop
	endfacet
	facet normal 0 0 1
		outer loop
			vertex -0.08835410326719284 0.10931244492530823 0.007000000216066837
			vertex -0.08892350643873215 0.10718740522861481 0.007000000216066837
			vertex -0.08749999850988388 0.10920000076293945 0.007000000216066837
		endloop
	endfacet
	facet normal 0 0 1
		outer loop
			vertex -0.08892350643873215 0.10718740522861481 0.007000000216066837
			vertex -0.08749999850988388 0.10700000077486038 0.007000000216066837
			vertex -0.08749999850988388 0.10920000076293945 0.007000000216066837
		endloop
	endfacet
	facet normal 0 0 1
		outer loop
			vertex -0.08749999850988388 0.10920000076293945 0.007000000216066837
			vertex -0.08749999850988388 0.10700000077486038 0.007000000216066837
			vertex -0.08664589375257492 0.10931244492530823 0.007000000216066837
		endloop
	endfacet
	facet normal 0 0 1
		outer loop
			vertex -0.08749999850988388 0.10700000077486038 0.007000000216066837
			vertex -0.08607649803161621 0.10718740522861481 0.007000000216066837
			vertex -0.08664589375257492 0.10931244492530823 0.007000000216066837
		endloop
	endfacet
	facet normal 0 0 1
		outer loop
			vertex -0.08664589375257492 0.10931244492530823 0.007000000216066837
			vertex -0.08607649803161621 0.10718740522861481 0.007000000216066837
			vertex -0.08585000038146973 0.10964211821556091 0.007000000216066837
		endloop
	endfacet
	facet normal 0 0 1
		outer loop
			vertex -0.08607649803161621 0.10718740522861481 0.007000000216066837
			vertex -0.08474999666213989 0.10773686319589615 0.007000000216066837
			vertex -0.08585000038146973 0.10964211821556091 0.007000000216066837
		endloop
	endfacet
	facet normal 0 0 1
		outer loop
			vertex -0.08585000038146973 0.10964211821556091 0.007000000216066837
			vertex -0.08474999666213989 0.10773686319589615 0.007000000216066837
			vertex -0.0851665511727333 0.11016654968261719 0.007000000216066837
		endloop
	endfacet
	facet normal 0 0 1
		outer loop
			vertex -0.08474999666213989 0.10773686319589615 0.007000000216066837
			vertex -0.0836109146475792 0.10861091315746307 0.007000000216066837
			vertex -0.0851665511727333 0.11016654968261719 0.007000000216066837
		endloop
	endfacet
	facet normal 0 0 1
		outer loop
			vertex -0.0851665511727333 0.11016654968261719 0.007000000216066837
			vertex -0.0836109146475792 0.10861091315746307 0.007000000216066837
			vertex -0.08464211970567703 0.11084999889135361 0.007000000216066837
		endloop
	endfacet
	facet normal 0 0 1
		outer loop
			vertex -0.0836109146475792 0.10861091315746307 0.007000000216066837
			vertex -0.08273685723543167 0.10975000262260437 0.007000000216066837
			vertex -0.08464211970567703 0.11084999889135361 0.007000000216066837
		endloop
	endfacet
	facet normal 0 0 1
		outer loop
			vertex -0.08464211970567703 0.11084999889135361 0.007000000216066837
			vertex -0.08273685723543167 0.10975000262260437 0.007000000216066837
			vertex -0.08431244641542435 0.1116458997130394 0.007000000216066837
		endloop
	endfacet
	facet normal 0 0 1
		outer loop
			vertex -0.08273685723543167 0.10975000262260437 0.007000000216066837
			vertex -0.08218740671873093 0.11107649654150009 0.007000000216066837
			vertex -0.08431244641542435 0.1116458997130394 0.007000000216066837
		endloop
	endfacet
	facet normal 0 0 1
		outer loop
			vertex -0.08431244641542435 0.1116458997130394 0.007000000216066837
			vertex -0.08218740671873093 0.11107649654150009 0.007000000216066837
			vertex -0.08420000225305557 0.11249999701976776 0.007000000216066837
		endloop
	endfacet
	facet normal 0 0 1
		outer loop
			vertex -0.08218740671873093 0.11107649654150009 0.007000000216066837
			vertex -0.0820000022649765 0.11249999701976776 0.007000000216066837
			vertex -0.08420000225305557 0.11249999701976776 0.007000000216066837
		endloop
	endfacet
	facet normal 0 0 1
		outer loop
			vertex -0.08420000225305557 0.11249999701976776 0.007000000216066837
			vertex -0.0820000022649765 0.11249999701976776 0.007000000216066837
			vertex -0.08431244641542435 0.11335410177707672 0.007000000216066837
		endloop
	endfacet
	facet normal 0 0 1
		outer loop
			vertex -0.0820000022649765 0.11249999701976776 0.007000000216066837
			vertex -0.08218740671873093 0.11392350494861603 0.007000000216066837
			vertex -0.08431244641542435 0.11335410177707672 0.007000000216066837
		endloop
	endfacet
	facet normal 0 0 1
		outer loop
			vertex -0.08431244641542435 0.11335410177707672 0.007000000216066837
			vertex -0.08218740671873093 0.11392350494861603 0.007000000216066837
			vertex -0.08464211970567703 0.11415000259876251 0.007000000216066837
		endloop
	endfacet
	facet normal 0 0 1
		outer loop
			vertex -0.08218740671873093 0.11392350494861603 0.007000000216066837
			vertex -0.08273685723543167 0.11524999886751175 0.007000000216066837
			vertex -0.08464211970567703 0.11415000259876251 0.007000000216066837
		endloop
	endfacet
	facet normal 0 0 1
		outer loop
			vertex -0.08464211970567703 0.11415000259876251 0.007000000216066837
			vertex -0.08273685723543167 0.11524999886751175 0.007000000216066837
			vertex -0.0851665511727333 0.11483345180749893 0.007000000216066837
		endloop
	endfacet
	facet normal 0 0 1
		outer loop
			vertex -0.08273685723543167 0.11524999886751175 0.007000000216066837
			vertex -0.0836109146475792 0.11638908833265305 0.007000000216066837
			vertex -0.0851665511727333 0.11483345180749893 0.007000000216066837
		endloop
	endfacet
	facet normal 0 0 1
		outer loop
			vertex -0.0851665511727333 0.11483345180749893 0.007000000216066837
			vertex -0.0836109146475792 0.11638908833265305 0.007000000216066837
			vertex -0.08585000038146973 0.1153578832745552 0.007000000216066837
		endloop
	endfacet
	facet normal 0 0 1
		outer loop
			vertex -0.0836109146475792 0.11638908833265305 0.007000000216066837
			vertex -0.08474999666213989 0.11726313829421997 0.007000000216066837
			vertex -0.08585000038146973 0.1153578832745552 0.007000000216066837
		endloop
	endfacet
	facet normal 0 0 1
		outer loop
			vertex 0.09068755805492401 0.11335410177707672 0.007000000216066837
			vertex 0.09281259030103683 0.11392350494861603 0.007000000216066837
			vertex 0.09035788476467133 0.11415000259876251 0.007000000216066837
		endloop
	endfacet
	facet normal 0 0 1
		outer loop
			vertex 0.09281259030103683 0.11392350494861603 0.007000000216066837
			vertex 0.09226313978433609 0.11524999886751175 0.007000000216066837
			vertex 0.09035788476467133 0.11415000259876251 0.007000000216066837
		endloop
	endfacet
	facet normal 0 0 1
		outer loop
			vertex 0.09035788476467133 0.11415000259876251 0.007000000216066837
			vertex 0.09226313978433609 0.11524999886751175 0.007000000216066837
			vertex 0.08983345329761505 0.11483345180749893 0.007000000216066837
		endloop
	endfacet
	facet normal 0 0 1
		outer loop
			vertex 0.09226313978433609 0.11524999886751175 0.007000000216066837
			vertex 0.09138908982276917 0.11638908833265305 0.007000000216066837
			vertex 0.08983345329761505 0.11483345180749893 0.007000000216066837
		endloop
	endfacet
	facet normal 0 0 1
		outer loop
			vertex 0.08983345329761505 0.11483345180749893 0.007000000216066837
			vertex 0.09138908982276917 0.11638908833265305 0.007000000216066837
			vertex 0.08914999663829803 0.1153578832745552 0.007000000216066837
		endloop
	endfacet
	facet normal 0 0 1
		outer loop
			vertex 0.09138908982276917 0.11638908833265305 0.007000000216066837
			vertex 0.09025000035762787 0.11726313829421997 0.007000000216066837
			vertex 0.08914999663829803 0.1153578832745552 0.007000000216066837
		endloop
	endfacet
	facet normal 0 0 1
		outer loop
			vertex 0.08914999663829803 0.1153578832745552 0.007000000216066837
			vertex 0.09025000035762787 0.11726313829421997 0.007000000216066837
			vertex 0.08835410326719284 0.11568755656480789 0.007000000216066837
		endloop
	endfacet
	facet normal 0 0 1
		outer loop
			vertex 0.09025000035762787 0.11726313829421997 0.007000000216066837
			vertex 0.08892350643873215 0.11781258881092072 0.007000000216066837
			vertex 0.08835410326719284 0.11568755656480789 0.007000000216066837
		endloop
	endfacet
	facet normal 0 0 1
		outer loop
			vertex 0.08835410326719284 0.11568755656480789 0.007000000216066837
			vertex 0.08892350643873215 0.11781258881092072 0.007000000216066837
			vertex 0.08749999850988388 0.11580000072717667 0.007000000216066837
		endloop
	endfacet
	facet normal 0 0 1
		outer loop
			vertex 0.08892350643873215 0.11781258881092072 0.007000000216066837
			vertex 0.08749999850988388 0.11800000071525574 0.007000000216066837
			vertex 0.08749999850988388 0.11580000072717667 0.007000000216066837
		endloop
	endfacet
	facet normal 0 0 1
		outer loop
			vertex 0.08749999850988388 0.11580000072717667 0.007000000216066837
			vertex 0.08749999850988388 0.11800000071525574 0.007000000216066837
			vertex 0.08664589375257492 0.11568755656480789 0.007000000216066837
		endloop
	endfacet
	facet normal 0 0 1
		outer loop
			vertex 0.08749999850988388 0.11800000071525574 0.007000000216066837
			vertex 0.08607649803161621 0.11781258881092072 0.007000000216066837
			vertex 0.08664589375257492 0.11568755656480789 0.007000000216066837
		endloop
	endfacet
	facet normal 0 0 1
		outer loop
			vertex 0.08664589375257492 0.11568755656480789 0.007000000216066837
			vertex 0.08607649803161621 0.11781258881092072 0.007000000216066837
			vertex 0.08585000038146973 0.1153578832745552 0.007000000216066837
		endloop
	endfacet
	facet normal 0 0 1
		outer loop
			vertex 0.08607649803161621 0.11781258881092072 0.007000000216066837
			vertex 0.08474999666213989 0.11726313829421997 0.007000000216066837
			vertex 0.08585000038146973 0.1153578832745552 0.007000000216066837
		endloop
	endfacet
	facet normal 0 0 1
		outer loop
			vertex 0.08585000038146973 0.1153578832745552 0.007000000216066837
			vertex 0.08474999666213989 0.11726313829421997 0.007000000216066837
			vertex 0.0851665511727333 0.11483345180749893 0.007000000216066837
		endloop
	endfacet
	facet normal 0 0 1
		outer loop
			vertex 0.08474999666213989 0.11726313829421997 0.007000000216066837
			vertex 0.0836109146475792 0.11638908833265305 0.007000000216066837
			vertex 0.0851665511727333 0.11483345180749893 0.007000000216066837
		endloop
	endfacet
	facet normal 0 0 1
		outer loop
			vertex 0.0851665511727333 0.11483345180749893 0.007000000216066837
			vertex 0.0836109146475792 0.11638908833265305 0.007000000216066837
			vertex 0.08464211970567703 0.11415000259876251 0.007000000216066837
		endloop
	endfacet
	facet normal 0 0 1
		outer loop
			vertex 0.0836109146475792 0.11638908833265305 0.007000000216066837
			vertex 0.08273685723543167 0.11524999886751175 0.007000000216066837
			vertex 0.08464211970567703 0.11415000259876251 0.007000000216066837
		endloop
	endfacet
	facet normal 0 0 1
		outer loop
			vertex 0.08464211970567703 0.11415000259876251 0.007000000216066837
			vertex 0.08273685723543167 0.11524999886751175 0.007000000216066837
			vertex 0.08431244641542435 0.11335410177707672 0.007000000216066837
		endloop
	endfacet
	facet normal 0 0 1
		outer loop
			vertex 0.08273685723543167 0.11524999886751175 0.007000000216066837
			vertex 0.08218740671873093 0.11392350494861603 0.007000000216066837
			vertex 0.08431244641542435 0.11335410177707672 0.007000000216066837
		endloop
	endfacet
	facet normal 0 0 1
		outer loop
			vertex 0.08431244641542435 0.11335410177707672 0.007000000216066837
			vertex 0.08218740671873093 0.11392350494861603 0.007000000216066837
			vertex 0.08420000225305557 0.11249999701976776 0.007000000216066837
		endloop
	endfacet
	facet normal 0 0 1
		outer loop
			vertex 0.08218740671873093 0.11392350494861603 0.007000000216066837
			vertex 0.0820000022649765 0.11249999701976776 0.007000000216066837
			vertex 0.08420000225305557 0.11249999701976776 0.007000000216066837
		endloop
	endfacet
	facet normal 0 0 1
		outer loop
			vertex 0.08420000225305557 0.11249999701976776 0.007000000216066837
			vertex 0.0820000022649765 0.11249999701976776 0.007000000216066837
			vertex 0.08431244641542435 0.1116458997130394 0.007000000216066837
		endloop
	endfacet
	facet normal 0 0 1
		outer loop
			vertex 0.0820000022649765 0.11249999701976776 0.007000000216066837
			vertex 0.08218740671873093 0.11107649654150009 0.007000000216066837
			vertex 0.08431244641542435 0.1116458997130394 0.007000000216066837
		endloop
	endfacet
	facet normal 0 0 1
		outer loop
			vertex 0.08431244641542435 0.1116458997130394 0.007000000216066837
			vertex 0.08218740671873093 0.11107649654150009 0.007000000216066837
			vertex 0.08464211970567703 0.11084999889135361 0.007000000216066837
		endloop
	endfacet
	facet normal 0 0 1
		outer loop
			vertex 0.08218740671873093 0.11107649654150009 0.007000000216066837
			vertex 0.08273685723543167 0.10975000262260437 0.007000000216066837
			vertex 0.08464211970567703 0.11084999889135361 0.007000000216066837
		endloop
	endfacet
	facet normal 0 0 1
		outer loop
			vertex 0.08464211970567703 0.11084999889135361 0.007000000216066837
			vertex 0.08273685723543167 0.10975000262260437 0.007000000216066837
			vertex 0.0851665511727333 0.11016654968261719 0.007000000216066837
		endloop
	endfacet
	facet normal 0 0 1
		outer loop
			vertex 0.08273685723543167 0.10975000262260437 0.007000000216066837
			vertex 0.0836109146475792 0.10861091315746307 0.007000000216066837
			vertex 0.0851665511727333 0.11016654968261719 0.007000000216066837
		endloop
	endfacet
	facet normal 0 0 1
		outer loop
			vertex 0.0851665511727333 0.11016654968261719 0.007000000216066837
			vertex 0.0836109146475792 0.10861091315746307 0.007000000216066837
			vertex 0.08585000038146973 0.10964211821556091 0.007000000216066837
		endloop
	endfacet
	facet normal 0 0 1
		outer loop
			vertex 0.0836109146475792 0.10861091315746307 0.007000000216066837
			vertex 0.08474999666213989 0.10773686319589615 0.007000000216066837
			vertex 0.08585000038146973 0.10964211821556091 0.007000000216066837
		endloop
	endfacet
	facet normal 0 0 1
		outer loop
			vertex 0.08585000038146973 0.10964211821556091 0.007000000216066837
			vertex 0.08474999666213989 0.10773686319589615 0.007000000216066837
			vertex 0.08664589375257492 0.10931244492530823 0.007000000216066837
		endloop
	endfacet
	facet normal 0 0 1
		outer loop
			vertex 0.08474999666213989 0.10773686319589615 0.007000000216066837
			vertex 0.08607649803161621 0.10718740522861481 0.007000000216066837
			vertex 0.08664589375257492 0.10931244492530823 0.007000000216066837
		endloop
	endfacet
	facet normal 0 0 1
		outer loop
			vertex 0.08664589375257492 0.10931244492530823 0.007000000216066837
			vertex 0.08607649803161621 0.10718740522861481 0.007000000216066837
			vertex 0.08749999850988388 0.10920000076293945 0.007000000216066837
		endloop
	endfacet
	facet normal 0 0 1
		outer loop
			vertex 0.08607649803161621 0.10718740522861481 0.007000000216066837
			vertex 0.08749999850988388 0.10700000077486038 0.007000000216066837
			vertex 0.08749999850988388 0.10920000076293945 0.007000000216066837
		endloop
	endfacet
	facet normal 0 0 1
		outer loop
			vertex 0.08749999850988388 0.10920000076293945 0.007000000216066837
			vertex 0.08749999850988388 0.10700000077486038 0.007000000216066837
			vertex 0.08835410326719284 0.10931244492530823 0.007000000216066837
		endloop
	endfacet
	facet normal 0 0 1
		outer loop
			vertex 0.08749999850988388 0.10700000077486038 0.007000000216066837
			vertex 0.08892350643873215 0.10718740522861481 0.007000000216066837
			vertex 0.08835410326719284 0.10931244492530823 0.007000000216066837
		endloop
	endfacet
	facet normal 0 0 1
		outer loop
			vertex 0.08835410326719284 0.10931244492530823 0.007000000216066837
			vertex 0.08892350643873215 0.10718740522861481 0.007000000216066837
			vertex 0.08914999663829803 0.10964211821556091 0.007000000216066837
		endloop
	endfacet
	facet normal 0 0 1
		outer loop
			vertex 0.08892350643873215 0.10718740522861481 0.007000000216066837
			vertex 0.09025000035762787 0.10773686319589615 0.007000000216066837
			vertex 0.08914999663829803 0.10964211821556091 0.007000000216066837
		endloop
	endfacet
	facet normal 0 0 1
		outer loop
			vertex 0.08914999663829803 0.10964211821556091 0.007000000216066837
			vertex 0.09025000035762787 0.10773686319589615 0.007000000216066837
			vertex 0.08983345329761505 0.11016654968261719 0.007000000216066837
		endloop
	endfacet
	facet normal 0 0 1
		outer loop
			vertex 0.09025000035762787 0.10773686319589615 0.007000000216066837
			vertex 0.09138908982276917 0.10861091315746307 0.007000000216066837
			vertex 0.08983345329761505 0.11016654968261719 0.007000000216066837
		endloop
	endfacet
	facet normal 0 0 1
		outer loop
			vertex 0.08983345329761505 0.11016654968261719 0.007000000216066837
			vertex 0.09138908982276917 0.10861091315746307 0.007000000216066837
			vertex 0.09035788476467133 0.11084999889135361 0.007000000216066837
		endloop
	endfacet
	facet normal 0 0 1
		outer loop
			vertex 0.09138908982276917 0.10861091315746307 0.007000000216066837
			vertex 0.09226313978433609 0.10975000262260437 0.007000000216066837
			vertex 0.09035788476467133 0.11084999889135361 0.007000000216066837
		endloop
	endfacet
	facet normal 0 0 1
		outer loop
			vertex 0.09035788476467133 0.11084999889135361 0.007000000216066837
			vertex 0.09226313978433609 0.10975000262260437 0.007000000216066837
			vertex 0.09068755805492401 0.1116458997130394 0.007000000216066837
		endloop
	endfacet
	facet normal 0 0 1
		outer loop
			vertex 0.09226313978433609 0.10975000262260437 0.007000000216066837
			vertex 0.09281259030103683 0.11107649654150009 0.007000000216066837
			vertex 0.09068755805492401 0.1116458997130394 0.007000000216066837
		endloop
	endfacet
	facet normal 0 0 1
		outer loop
			vertex 0.09068755805492401 0.1116458997130394 0.007000000216066837
			vertex 0.09281259030103683 0.11107649654150009 0.007000000216066837
			vertex 0.09080000221729279 0.11249999701976776 0.007000000216066837
		endloop
	endfacet
	facet normal 0 0 1
		outer loop
			vertex 0.09281259030103683 0.11107649654150009 0.007000000216066837
			vertex 0.09300000220537186 0.11249999701976776 0.007000000216066837
			vertex 0.09080000221729279 0.11249999701976776 0.007000000216066837
		endloop
	endfacet
	facet normal 0 0 1
		outer loop
			vertex 0.09080000221729279 0.11249999701976776 0.007000000216066837
			vertex 0.09300000220537186 0.11249999701976776 0.007000000216066837
			vertex 0.09068755805492401 0.11335410177707672 0.007000000216066837
		endloop
	endfacet
	facet normal 0 0 1
		outer loop
			vertex 0.09300000220537186 0.11249999701976776 0.007000000216066837
			vertex 0.09281259030103683 0.11392350494861603 0.007000000216066837
			vertex 0.09068755805492401 0.11335410177707672 0.007000000216066837
		endloop
	endfacet
	facet normal 0 0 -1
		outer loop
			vertex -0.08484974503517151 -0.09000000357627869 0.00279999990016222
			vertex -0.08782487362623215 -0.10170000046491623 0.00279999990016222
			vertex -0.08782487362623215 0 0.00279999990016222
		endloop
	endfacet
	facet normal 0 0 -1
		outer loop
			vertex -0.08835410326719284 -0.11568755656480789 0.00279999990016222
			vertex -0.08749999850988388 -0.11580000072717667 0.00279999990016222
			vertex -0.08782487362623215 -0.12025000154972076 0.00279999990016222
		endloop
	endfacet
	facet normal 0 0 -1
		outer loop
			vertex 0.08585000038146973 0.1153578832745552 0.00279999990016222
			vertex 0.07967513054609299 0.12470000237226486 0.00279999990016222
			vertex 0.08664589375257492 0.11568755656480789 0.00279999990016222
		endloop
	endfacet
	facet normal 0 0 -1
		outer loop
			vertex 0.07967513054609299 0.12470000237226486 0.00279999990016222
			vertex 0.08782487362623215 0.12470000237226486 0.00279999990016222
			vertex 0.08664589375257492 0.11568755656480789 0.00279999990016222
		endloop
	endfacet
	facet normal 0 0 -1
		outer loop
			vertex 0.08664589375257492 0.11568755656480789 0.00279999990016222
			vertex 0.08782487362623215 0.12470000237226486 0.00279999990016222
			vertex 0.08749999850988388 0.11580000072717667 0.00279999990016222
		endloop
	endfacet
	facet normal 0 0 -1
		outer loop
			vertex 0.08782487362623215 0.12470000237226486 0.00279999990016222
			vertex 0.08835410326719284 0.11568755656480789 0.00279999990016222
			vertex 0.08749999850988388 0.11580000072717667 0.00279999990016222
		endloop
	endfacet
	facet normal 0 0 -1
		outer loop
			vertex 0.08585000038146973 0.1153578832745552 0.00279999990016222
			vertex 0.0851665511727333 0.11483345180749893 0.00279999990016222
			vertex 0.07967513054609299 0.12470000237226486 0.00279999990016222
		endloop
	endfacet
	facet normal 0 0 -1
		outer loop
			vertex 0.0851665511727333 0.11483345180749893 0.00279999990016222
			vertex 0.08464211970567703 0.11415000259876251 0.00279999990016222
			vertex 0.07967513054609299 0.12470000237226486 0.00279999990016222
		endloop
	endfacet
	facet normal 0 0 -1
		outer loop
			vertex 0.07967513054609299 0.12470000237226486 0.00279999990016222
			vertex 0.08464211970567703 0.11415000259876251 0.00279999990016222
			vertex 0.08431244641542435 0.11335410177707672 0.00279999990016222
		endloop
	endfacet
	facet normal 0 0 -1
		outer loop
			vertex 0.08420000225305557 0.11249999701976776 0.00279999990016222
			vertex 0.08431244641542435 0.1116458997130394 0.00279999990016222
			vertex 0.07967513054609299 0.10170000046491623 0.00279999990016222
		endloop
	endfacet
	facet normal 0 0 -1
		outer loop
			vertex 0.08431244641542435 0.1116458997130394 0.00279999990016222
			vertex 0.08464211970567703 0.11084999889135361 0.00279999990016222
			vertex 0.07967513054609299 0.10170000046491623 0.00279999990016222
		endloop
	endfacet
	facet normal 0 0 -1
		outer loop
			vertex 0.07967513054609299 0.10170000046491623 0.00279999990016222
			vertex 0.08464211970567703 0.11084999889135361 0.00279999990016222
			vertex 0.0851665511727333 0.11016654968261719 0.00279999990016222
		endloop
	endfacet
	facet normal 0 0 -1
		outer loop
			vertex 0.08585000038146973 0.10964211821556091 0.00279999990016222
			vertex 0.08664589375257492 0.10931244492530823 0.00279999990016222
			vertex 0.08782487362623215 0.10170000046491623 0.00279999990016222
		endloop
	endfacet
	facet normal 0 0 -1
		outer loop
			vertex 0.08664589375257492 0.10931244492530823 0.00279999990016222
			vertex 0.08749999850988388 0.10920000076293945 0.00279999990016222
			vertex 0.08782487362623215 0.10170000046491623 0.00279999990016222
		endloop
	endfacet
	facet normal 0 0 -1
		outer loop
			vertex 0.08782487362623215 0.10170000046491623 0.00279999990016222
			vertex 0.08749999850988388 0.10920000076293945 0.00279999990016222
			vertex 0.08835410326719284 0.10931244492530823 0.00279999990016222
		endloop
	endfacet
	facet normal 0 0 -1
		outer loop
			vertex 0.08835410326719284 0.10931244492530823 0.00279999990016222
			vertex 0.08914999663829803 0.10964211821556091 0.00279999990016222
			vertex 0.1046999990940094 0.10170000046491623 0.00279999990016222
		endloop
	endfacet
	facet normal 0 0 -1
		outer loop
			vertex 0.08914999663829803 0.10964211821556091 0.00279999990016222
			vertex 0.08983345329761505 0.11016654968261719 0.00279999990016222
			vertex 0.1046999990940094 0.10170000046491623 0.00279999990016222
		endloop
	endfacet
	facet normal 0 0 -1
		outer loop
			vertex 0.08983345329761505 0.11016654968261719 0.00279999990016222
			vertex 0.09035788476467133 0.11084999889135361 0.00279999990016222
			vertex 0.1046999990940094 0.10170000046491623 0.00279999990016222
		endloop
	endfacet
	facet normal 0 0 -1
		outer loop
			vertex 0.09035788476467133 0.11084999889135361 0.00279999990016222
			vertex 0.09068755805492401 0.1116458997130394 0.00279999990016222
			vertex 0.1046999990940094 0.10170000046491623 0.00279999990016222
		endloop
	endfacet
	facet normal 0 0 -1
		outer loop
			vertex 0.1046999990940094 0.10170000046491623 0.00279999990016222
			vertex 0.09068755805492401 0.1116458997130394 0.00279999990016222
			vertex 0.1046999990940094 0.11699999868869781 0.00279999990016222
		endloop
	endfacet
	facet normal 0 0 -1
		outer loop
			vertex 0.09068755805492401 0.1116458997130394 0.00279999990016222
			vertex 0.09080000221729279 0.11249999701976776 0.00279999990016222
			vertex 0.1046999990940094 0.11699999868869781 0.00279999990016222
		endloop
	endfacet
	facet normal 0 0 -1
		outer loop
			vertex 0.09080000221729279 0.11249999701976776 0.00279999990016222
			vertex 0.09068755805492401 0.11335410177707672 0.00279999990016222
			vertex 0.1046999990940094 0.11699999868869781 0.00279999990016222
		endloop
	endfacet
	facet normal 0 0 -1
		outer loop
			vertex 0.1046999990940094 0.11699999868869781 0.00279999990016222
			vertex 0.09068755805492401 0.11335410177707672 0.00279999990016222
			vertex 0.10443762689828873 0.11899290978908539 0.00279999990016222
		endloop
	endfacet
	facet normal 0 0 -1
		outer loop
			vertex 0.09068755805492401 0.11335410177707672 0.00279999990016222
			vertex 0.09035788476467133 0.11415000259876251 0.00279999990016222
			vertex 0.10443762689828873 0.11899290978908539 0.00279999990016222
		endloop
	endfacet
	facet normal 0 0 -1
		outer loop
			vertex 0.10443762689828873 0.11899290978908539 0.00279999990016222
			vertex 0.09035788476467133 0.11415000259876251 0.00279999990016222
			vertex 0.10366839915513992 0.12084999680519104 0.00279999990016222
		endloop
	endfacet
	facet normal 0 0 -1
		outer loop
			vertex 0.09035788476467133 0.11415000259876251 0.00279999990016222
			vertex 0.10244472324848175 0.12244471907615662 0.00279999990016222
			vertex 0.10366839915513992 0.12084999680519104 0.00279999990016222
		endloop
	endfacet
	facet normal 0 0 -1
		outer loop
			vertex 0.08835410326719284 0.11568755656480789 0.00279999990016222
			vertex 0.08782487362623215 0.12470000237226486 0.00279999990016222
			vertex 0.08914999663829803 0.1153578832745552 0.00279999990016222
		endloop
	endfacet
	facet normal 0 0 -1
		outer loop
			vertex 0.08782487362623215 0.12470000237226486 0.00279999990016222
			vertex 0.09700000286102295 0.12470000237226486 0.00279999990016222
			vertex 0.08914999663829803 0.1153578832745552 0.00279999990016222
		endloop
	endfacet
	facet normal 0 0 -1
		outer loop
			vertex 0.08914999663829803 0.1153578832745552 0.00279999990016222
			vertex 0.09700000286102295 0.12470000237226486 0.00279999990016222
			vertex 0.08983345329761505 0.11483345180749893 0.00279999990016222
		endloop
	endfacet
	facet normal 0 0 -1
		outer loop
			vertex 0.09700000286102295 0.12470000237226486 0.00279999990016222
			vertex 0.09899290651082993 0.12443763017654419 0.00279999990016222
			vertex 0.08983345329761505 0.11483345180749893 0.00279999990016222
		endloop
	endfacet
	facet normal 0 0 -1
		outer loop
			vertex 0.08983345329761505 0.11483345180749893 0.00279999990016222
			vertex 0.09899290651082993 0.12443763017654419 0.00279999990016222
			vertex 0.09035788476467133 0.11415000259876251 0.00279999990016222
		endloop
	endfacet
	facet normal 0 0 -1
		outer loop
			vertex 0.09899290651082993 0.12443763017654419 0.00279999990016222
			vertex 0.10085000097751617 0.12366839498281479 0.00279999990016222
			vertex 0.09035788476467133 0.11415000259876251 0.00279999990016222
		endloop
	endfacet
	facet normal 0 0 -1
		outer loop
			vertex 0.09035788476467133 0.11415000259876251 0.00279999990016222
			vertex 0.10085000097751617 0.12366839498281479 0.00279999990016222
			vertex 0.10244472324848175 0.12244471907615662 0.00279999990016222
		endloop
	endfacet
	facet normal 0 0 -1
		outer loop
			vertex -0.08914999663829803 0.10964211821556091 0.00279999990016222
			vertex -0.08835410326719284 0.10931244492530823 0.00279999990016222
			vertex -0.08782487362623215 0.10170000046491623 0.00279999990016222
		endloop
	endfacet
	facet normal 0 0 -1
		outer loop
			vertex -0.08664589375257492 0.11568755656480789 0.00279999990016222
			vertex -0.08749999850988388 0.11580000072717667 0.00279999990016222
			vertex -0.08782487362623215 0.12470000237226486 0.00279999990016222
		endloop
	endfacet
	facet normal 0 0 -1
		outer loop
			vertex -0.08749999850988388 0.11580000072717667 0.00279999990016222
			vertex -0.08835410326719284 0.11568755656480789 0.00279999990016222
			vertex -0.08782487362623215 0.12470000237226486 0.00279999990016222
		endloop
	endfacet
	facet normal 0 0 -1
		outer loop
			vertex -0.08782487362623215 0.12470000237226486 0.00279999990016222
			vertex -0.08835410326719284 0.11568755656480789 0.00279999990016222
			vertex -0.09700000286102295 0.12470000237226486 0.00279999990016222
		endloop
	endfacet
	facet normal 0 0 -1
		outer loop
			vertex -0.08835410326719284 0.11568755656480789 0.00279999990016222
			vertex -0.08914999663829803 0.1153578832745552 0.00279999990016222
			vertex -0.09700000286102295 0.12470000237226486 0.00279999990016222
		endloop
	endfacet
	facet normal 0 0 -1
		outer loop
			vertex -0.09700000286102295 0.12470000237226486 0.00279999990016222
			vertex -0.08914999663829803 0.1153578832745552 0.00279999990016222
			vertex -0.09899290651082993 0.12443763017654419 0.00279999990016222
		endloop
	endfacet
	facet normal 0 0 -1
		outer loop
			vertex -0.08914999663829803 0.1153578832745552 0.00279999990016222
			vertex -0.08983345329761505 0.11483345180749893 0.00279999990016222
			vertex -0.09899290651082993 0.12443763017654419 0.00279999990016222
		endloop
	endfacet
	facet normal 0 0 -1
		outer loop
			vertex -0.09899290651082993 0.12443763017654419 0.00279999990016222
			vertex -0.08983345329761505 0.11483345180749893 0.00279999990016222
			vertex -0.10085000097751617 0.12366839498281479 0.00279999990016222
		endloop
	endfacet
	facet normal 0 0 -1
		outer loop
			vertex -0.08983345329761505 0.11483345180749893 0.00279999990016222
			vertex -0.09035788476467133 0.11415000259876251 0.00279999990016222
			vertex -0.10085000097751617 0.12366839498281479 0.00279999990016222
		endloop
	endfacet
	facet normal 0 0 -1
		outer loop
			vertex -0.10085000097751617 0.12366839498281479 0.00279999990016222
			vertex -0.09035788476467133 0.11415000259876251 0.00279999990016222
			vertex -0.10244472324848175 0.12244471907615662 0.00279999990016222
		endloop
	endfacet
	facet normal 0 0 -1
		outer loop
			vertex -0.09068755805492401 0.1116458997130394 0.00279999990016222
			vertex -0.1046999990940094 0.10170000046491623 0.00279999990016222
			vertex -0.09080000221729279 0.11249999701976776 0.00279999990016222
		endloop
	endfacet
	facet normal 0 0 -1
		outer loop
			vertex -0.1046999990940094 0.10170000046491623 0.00279999990016222
			vertex -0.1046999990940094 0.11699999868869781 0.00279999990016222
			vertex -0.09080000221729279 0.11249999701976776 0.00279999990016222
		endloop
	endfacet
	facet normal 0 0 -1
		outer loop
			vertex -0.09080000221729279 0.11249999701976776 0.00279999990016222
			vertex -0.1046999990940094 0.11699999868869781 0.00279999990016222
			vertex -0.09068755805492401 0.11335410177707672 0.00279999990016222
		endloop
	endfacet
	facet normal 0 0 -1
		outer loop
			vertex -0.1046999990940094 0.11699999868869781 0.00279999990016222
			vertex -0.10443762689828873 0.11899290978908539 0.00279999990016222
			vertex -0.09068755805492401 0.11335410177707672 0.00279999990016222
		endloop
	endfacet
	facet normal 0 0 -1
		outer loop
			vertex -0.09068755805492401 0.11335410177707672 0.00279999990016222
			vertex -0.10443762689828873 0.11899290978908539 0.00279999990016222
			vertex -0.09035788476467133 0.11415000259876251 0.00279999990016222
		endloop
	endfacet
	facet normal 0 0 -1
		outer loop
			vertex -0.10443762689828873 0.11899290978908539 0.00279999990016222
			vertex -0.10366839915513992 0.12084999680519104 0.00279999990016222
			vertex -0.09035788476467133 0.11415000259876251 0.00279999990016222
		endloop
	endfacet
	facet normal 0 0 -1
		outer loop
			vertex -0.09035788476467133 0.11415000259876251 0.00279999990016222
			vertex -0.10366839915513992 0.12084999680519104 0.00279999990016222
			vertex -0.10244472324848175 0.12244471907615662 0.00279999990016222
		endloop
	endfacet
	facet normal 0 0 -1
		outer loop
			vertex -0.09068755805492401 0.1116458997130394 0.00279999990016222
			vertex -0.09035788476467133 0.11084999889135361 0.00279999990016222
			vertex -0.1046999990940094 0.10170000046491623 0.00279999990016222
		endloop
	endfacet
	facet normal 0 0 -1
		outer loop
			vertex -0.09035788476467133 0.11084999889135361 0.00279999990016222
			vertex -0.08983345329761505 0.11016654968261719 0.00279999990016222
			vertex -0.1046999990940094 0.10170000046491623 0.00279999990016222
		endloop
	endfacet
	facet normal 0 0 -1
		outer loop
			vertex -0.1046999990940094 0.10170000046491623 0.00279999990016222
			vertex -0.08983345329761505 0.11016654968261719 0.00279999990016222
			vertex -0.08914999663829803 0.10964211821556091 0.00279999990016222
		endloop
	endfacet
	facet normal 0 0 -1
		outer loop
			vertex -0.08835410326719284 0.10931244492530823 0.00279999990016222
			vertex -0.08749999850988388 0.10920000076293945 0.00279999990016222
			vertex -0.08782487362623215 0.10170000046491623 0.00279999990016222
		endloop
	endfacet
	facet normal 0 0 -1
		outer loop
			vertex -0.08749999850988388 0.10920000076293945 0.00279999990016222
			vertex -0.08664589375257492 0.10931244492530823 0.00279999990016222
			vertex -0.08782487362623215 0.10170000046491623 0.00279999990016222
		endloop
	endfacet
	facet normal 0 0 -1
		outer loop
			vertex -0.08782487362623215 0.10170000046491623 0.00279999990016222
			vertex -0.08664589375257492 0.10931244492530823 0.00279999990016222
			vertex -0.08585000038146973 0.10964211821556091 0.00279999990016222
		endloop
	endfacet
	facet normal 0 0 -1
		outer loop
			vertex -0.08464211970567703 0.11084999889135361 0.00279999990016222
			vertex -0.08431244641542435 0.1116458997130394 0.00279999990016222
			vertex 1.3877787807814457e-17 0.10170000046491623 0.00279999990016222
		endloop
	endfacet
	facet normal 0 0 -1
		outer loop
			vertex -0.08464211970567703 0.11084999889135361 0.00279999990016222
			vertex 1.3877787807814457e-17 0.10170000046491623 0.00279999990016222
			vertex -0.0851665511727333 0.11016654968261719 0.00279999990016222
		endloop
	endfacet
	facet normal 0 0 -1
		outer loop
			vertex -0.08420000225305557 0.11249999701976776 0.00279999990016222
			vertex -0.08431244641542435 0.11335410177707672 0.00279999990016222
			vertex 1.3877787807814457e-17 0.12470000237226486 0.00279999990016222
		endloop
	endfacet
	facet normal 0 0 -1
		outer loop
			vertex -0.08431244641542435 0.11335410177707672 0.00279999990016222
			vertex -0.08464211970567703 0.11415000259876251 0.00279999990016222
			vertex 1.3877787807814457e-17 0.12470000237226486 0.00279999990016222
		endloop
	endfacet
	facet normal 0 0 -1
		outer loop
			vertex -0.08464211970567703 0.11415000259876251 0.00279999990016222
			vertex -0.0851665511727333 0.11483345180749893 0.00279999990016222
			vertex 1.3877787807814457e-17 0.12470000237226486 0.00279999990016222
		endloop
	endfacet
	facet normal 0 0 -1
		outer loop
			vertex 1.3877787807814457e-17 0.12470000237226486 0.00279999990016222
			vertex -0.0851665511727333 0.11483345180749893 0.00279999990016222
			vertex -0.08782487362623215 0.12470000237226486 0.00279999990016222
		endloop
	endfacet
	facet normal 0 0 -1
		outer loop
			vertex -0.0851665511727333 0.11483345180749893 0.00279999990016222
			vertex -0.08585000038146973 0.1153578832745552 0.00279999990016222
			vertex -0.08782487362623215 0.12470000237226486 0.00279999990016222
		endloop
	endfacet
	facet normal 0 0 -1
		outer loop
			vertex -0.08782487362623215 0.12470000237226486 0.00279999990016222
			vertex -0.08585000038146973 0.1153578832745552 0.00279999990016222
			vertex -0.08664589375257492 0.11568755656480789 0.00279999990016222
		endloop
	endfacet
	facet normal 0 0 -1
		outer loop
			vertex 0.0851665511727333 -0.11016654968261719 0.00279999990016222
			vertex 0.08464211970567703 -0.11084999889135361 0.00279999990016222
			vertex 0.07967513054609299 -0.10170000046491623 0.00279999990016222
		endloop
	endfacet
	facet normal 0 0 -1
		outer loop
			vertex 0.08835410326719284 -0.10931244492530823 0.00279999990016222
			vertex 0.08749999850988388 -0.10920000076293945 0.00279999990016222
			vertex 0.08782487362623215 -0.10170000046491623 0.00279999990016222
		endloop
	endfacet
	facet normal 0 0 -1
		outer loop
			vertex 0.08749999850988388 -0.10920000076293945 0.00279999990016222
			vertex 0.08664589375257492 -0.10931244492530823 0.00279999990016222
			vertex 0.08782487362623215 -0.10170000046491623 0.00279999990016222
		endloop
	endfacet
	facet normal 0 0 -1
		outer loop
			vertex 0.08782487362623215 -0.10170000046491623 0.00279999990016222
			vertex 0.08664589375257492 -0.10931244492530823 0.00279999990016222
			vertex 0.07967513054609299 -0.10170000046491623 0.00279999990016222
		endloop
	endfacet
	facet normal 0 0 -1
		outer loop
			vertex 0.08664589375257492 -0.10931244492530823 0.00279999990016222
			vertex 0.08585000038146973 -0.10964211821556091 0.00279999990016222
			vertex 0.07967513054609299 -0.10170000046491623 0.00279999990016222
		endloop
	endfacet
	facet normal 0 0 -1
		outer loop
			vertex 0.07967513054609299 -0.10170000046491623 0.00279999990016222
			vertex 0.08585000038146973 -0.10964211821556091 0.00279999990016222
			vertex 0.0851665511727333 -0.11016654968261719 0.00279999990016222
		endloop
	endfacet
	facet normal 0 0 -1
		outer loop
			vertex 0.08431244641542435 -0.1116458997130394 0.00279999990016222
			vertex 0.08420000225305557 -0.11249999701976776 0.00279999990016222
			vertex 0.07967513054609299 -0.12025000154972076 0.00279999990016222
		endloop
	endfacet
	facet normal 0 0 -1
		outer loop
			vertex 0.08420000225305557 -0.11249999701976776 0.00279999990016222
			vertex 0.08431244641542435 -0.11335410177707672 0.00279999990016222
			vertex 0.07967513054609299 -0.12025000154972076 0.00279999990016222
		endloop
	endfacet
	facet normal 0 0 -1
		outer loop
			vertex 0.07967513054609299 -0.12025000154972076 0.00279999990016222
			vertex 0.08431244641542435 -0.11335410177707672 0.00279999990016222
			vertex 0.08464211970567703 -0.11415000259876251 0.00279999990016222
		endloop
	endfacet
	facet normal 0 0 -1
		outer loop
			vertex 0.08464211970567703 -0.11415000259876251 0.00279999990016222
			vertex 0.0851665511727333 -0.11483345180749893 0.00279999990016222
			vertex 0.07967513054609299 -0.12025000154972076 0.00279999990016222
		endloop
	endfacet
	facet normal 0 0 -1
		outer loop
			vertex 0.0851665511727333 -0.11483345180749893 0.00279999990016222
			vertex 0.08585000038146973 -0.1153578832745552 0.00279999990016222
			vertex 0.07967513054609299 -0.12025000154972076 0.00279999990016222
		endloop
	endfacet
	facet normal 0 0 -1
		outer loop
			vertex 0.07967513054609299 -0.12025000154972076 0.00279999990016222
			vertex 0.08585000038146973 -0.1153578832745552 0.00279999990016222
			vertex 0.08782487362623215 -0.12025000154972076 0.00279999990016222
		endloop
	endfacet
	facet normal 0 0 -1
		outer loop
			vertex 0.08835410326719284 -0.11568755656480789 0.00279999990016222
			vertex 0.08914999663829803 -0.1153578832745552 0.00279999990016222
			vertex 0.10366839915513992 -0.12084999680519104 0.00279999990016222
		endloop
	endfacet
	facet normal 0 0 -1
		outer loop
			vertex 0.08585000038146973 -0.1153578832745552 0.00279999990016222
			vertex 0.08664589375257492 -0.11568755656480789 0.00279999990016222
			vertex 0.08782487362623215 -0.12025000154972076 0.00279999990016222
		endloop
	endfacet
	facet normal 0 0 -1
		outer loop
			vertex 0.08664589375257492 -0.11568755656480789 0.00279999990016222
			vertex 0.08749999850988388 -0.11580000072717667 0.00279999990016222
			vertex 0.08782487362623215 -0.12025000154972076 0.00279999990016222
		endloop
	endfacet
	facet normal 0 0 -1
		outer loop
			vertex 0.08782487362623215 -0.12025000154972076 0.00279999990016222
			vertex 0.08749999850988388 -0.11580000072717667 0.00279999990016222
			vertex 0.08835410326719284 -0.11568755656480789 0.00279999990016222
		endloop
	endfacet
	facet normal 0 0 -1
		outer loop
			vertex 0.08914999663829803 -0.10964211821556091 0.00279999990016222
			vertex 0.1046999990940094 -0.10170000046491623 0.00279999990016222
			vertex 0.08983345329761505 -0.11016654968261719 0.00279999990016222
		endloop
	endfacet
	facet normal 0 0 -1
		outer loop
			vertex 0.1046999990940094 -0.10170000046491623 0.00279999990016222
			vertex 0.09035788476467133 -0.11084999889135361 0.00279999990016222
			vertex 0.08983345329761505 -0.11016654968261719 0.00279999990016222
		endloop
	endfacet
	facet normal 0 0 -1
		outer loop
			vertex 0.08914999663829803 -0.1153578832745552 0.00279999990016222
			vertex 0.08983345329761505 -0.11483345180749893 0.00279999990016222
			vertex 0.10366839915513992 -0.12084999680519104 0.00279999990016222
		endloop
	endfacet
	facet normal 0 0 -1
		outer loop
			vertex 0.08983345329761505 -0.11483345180749893 0.00279999990016222
			vertex 0.09035788476467133 -0.11415000259876251 0.00279999990016222
			vertex 0.10366839915513992 -0.12084999680519104 0.00279999990016222
		endloop
	endfacet
	facet normal 0 0 -1
		outer loop
			vertex 0.10366839915513992 -0.12084999680519104 0.00279999990016222
			vertex 0.09035788476467133 -0.11415000259876251 0.00279999990016222
			vertex 0.10443762689828873 -0.11899290978908539 0.00279999990016222
		endloop
	endfacet
	facet normal 0 0 -1
		outer loop
			vertex 0.09035788476467133 -0.11415000259876251 0.00279999990016222
			vertex 0.09068755805492401 -0.11335410177707672 0.00279999990016222
			vertex 0.10443762689828873 -0.11899290978908539 0.00279999990016222
		endloop
	endfacet
	facet normal 0 0 -1
		outer loop
			vertex 0.10443762689828873 -0.11899290978908539 0.00279999990016222
			vertex 0.09068755805492401 -0.11335410177707672 0.00279999990016222
			vertex 0.1046999990940094 -0.11699999868869781 0.00279999990016222
		endloop
	endfacet
	facet normal 0 0 -1
		outer loop
			vertex 0.09068755805492401 -0.11335410177707672 0.00279999990016222
			vertex 0.09080000221729279 -0.11249999701976776 0.00279999990016222
			vertex 0.1046999990940094 -0.11699999868869781 0.00279999990016222
		endloop
	endfacet
	facet normal 0 0 -1
		outer loop
			vertex 0.1046999990940094 -0.11699999868869781 0.00279999990016222
			vertex 0.09080000221729279 -0.11249999701976776 0.00279999990016222
			vertex 0.1046999990940094 -0.10170000046491623 0.00279999990016222
		endloop
	endfacet
	facet normal 0 0 -1
		outer loop
			vertex 0.09080000221729279 -0.11249999701976776 0.00279999990016222
			vertex 0.09068755805492401 -0.1116458997130394 0.00279999990016222
			vertex 0.1046999990940094 -0.10170000046491623 0.00279999990016222
		endloop
	endfacet
	facet normal 0 0 -1
		outer loop
			vertex 0.1046999990940094 -0.10170000046491623 0.00279999990016222
			vertex 0.09068755805492401 -0.1116458997130394 0.00279999990016222
			vertex 0.09035788476467133 -0.11084999889135361 0.00279999990016222
		endloop
	endfacet
	facet normal 0 0 -1
		outer loop
			vertex -0.08664589375257492 -0.10931244492530823 0.00279999990016222
			vertex -0.08749999850988388 -0.10920000076293945 0.00279999990016222
			vertex -0.08782487362623215 -0.10170000046491623 0.00279999990016222
		endloop
	endfacet
	facet normal 0 0 -1
		outer loop
			vertex -0.08749999850988388 -0.10920000076293945 0.00279999990016222
			vertex -0.08835410326719284 -0.10931244492530823 0.00279999990016222
			vertex -0.08782487362623215 -0.10170000046491623 0.00279999990016222
		endloop
	endfacet
	facet normal 0 0 -1
		outer loop
			vertex -0.1046999990940094 -0.10170000046491623 0.00279999990016222
			vertex -0.08914999663829803 -0.10964211821556091 0.00279999990016222
			vertex -0.08983345329761505 -0.11016654968261719 0.00279999990016222
		endloop
	endfacet
	facet normal 0 0 -1
		outer loop
			vertex -0.08835410326719284 -0.11568755656480789 0.00279999990016222
			vertex -0.08782487362623215 -0.12025000154972076 0.00279999990016222
			vertex -0.08914999663829803 -0.1153578832745552 0.00279999990016222
		endloop
	endfacet
	facet normal 0 0 -1
		outer loop
			vertex -0.08983345329761505 -0.11016654968261719 0.00279999990016222
			vertex -0.09035788476467133 -0.11084999889135361 0.00279999990016222
			vertex -0.1046999990940094 -0.10170000046491623 0.00279999990016222
		endloop
	endfacet
	facet normal 0 0 -1
		outer loop
			vertex -0.09035788476467133 -0.11084999889135361 0.00279999990016222
			vertex -0.09068755805492401 -0.1116458997130394 0.00279999990016222
			vertex -0.1046999990940094 -0.10170000046491623 0.00279999990016222
		endloop
	endfacet
	facet normal 0 0 -1
		outer loop
			vertex -0.1046999990940094 -0.10170000046491623 0.00279999990016222
			vertex -0.09068755805492401 -0.1116458997130394 0.00279999990016222
			vertex -0.1046999990940094 -0.11699999868869781 0.00279999990016222
		endloop
	endfacet
	facet normal 0 0 -1
		outer loop
			vertex -0.09068755805492401 -0.1116458997130394 0.00279999990016222
			vertex -0.09080000221729279 -0.11249999701976776 0.00279999990016222
			vertex -0.1046999990940094 -0.11699999868869781 0.00279999990016222
		endloop
	endfacet
	facet normal 0 0 -1
		outer loop
			vertex -0.09080000221729279 -0.11249999701976776 0.00279999990016222
			vertex -0.09068755805492401 -0.11335410177707672 0.00279999990016222
			vertex -0.1046999990940094 -0.11699999868869781 0.00279999990016222
		endloop
	endfacet
	facet normal 0 0 -1
		outer loop
			vertex -0.1046999990940094 -0.11699999868869781 0.00279999990016222
			vertex -0.09068755805492401 -0.11335410177707672 0.00279999990016222
			vertex -0.10443762689828873 -0.11899290978908539 0.00279999990016222
		endloop
	endfacet
	facet normal 0 0 -1
		outer loop
			vertex -0.09068755805492401 -0.11335410177707672 0.00279999990016222
			vertex -0.09035788476467133 -0.11415000259876251 0.00279999990016222
			vertex -0.10443762689828873 -0.11899290978908539 0.00279999990016222
		endloop
	endfacet
	facet normal 0 0 -1
		outer loop
			vertex -0.10443762689828873 -0.11899290978908539 0.00279999990016222
			vertex -0.09035788476467133 -0.11415000259876251 0.00279999990016222
			vertex -0.10366839915513992 -0.12084999680519104 0.00279999990016222
		endloop
	endfacet
	facet normal 0 0 -1
		outer loop
			vertex -0.09035788476467133 -0.11415000259876251 0.00279999990016222
			vertex -0.08983345329761505 -0.11483345180749893 0.00279999990016222
			vertex -0.10366839915513992 -0.12084999680519104 0.00279999990016222
		endloop
	endfacet
	facet normal 0 0 -1
		outer loop
			vertex -0.08464211970567703 -0.11415000259876251 0.00279999990016222
			vertex -0.08431244641542435 -0.11335410177707672 0.00279999990016222
			vertex 1.3877787807814457e-17 -0.12025000154972076 0.00279999990016222
		endloop
	endfacet
	facet normal 0 0 -1
		outer loop
			vertex -0.08420000225305557 -0.11249999701976776 0.00279999990016222
			vertex -0.08431244641542435 -0.1116458997130394 0.00279999990016222
			vertex 1.3877787807814457e-17 -0.10170000046491623 0.00279999990016222
		endloop
	endfacet
	facet normal 0 0 -1
		outer loop
			vertex -0.08749999850988388 -0.11580000072717667 0.00279999990016222
			vertex -0.08664589375257492 -0.11568755656480789 0.00279999990016222
			vertex -0.08782487362623215 -0.12025000154972076 0.00279999990016222
		endloop
	endfacet
	facet normal 0 0 -1
		outer loop
			vertex -0.08664589375257492 -0.11568755656480789 0.00279999990016222
			vertex -0.08585000038146973 -0.1153578832745552 0.00279999990016222
			vertex -0.08782487362623215 -0.12025000154972076 0.00279999990016222
		endloop
	endfacet
	facet normal 0 0 -1
		outer loop
			vertex -0.08782487362623215 -0.12025000154972076 0.00279999990016222
			vertex -0.08585000038146973 -0.1153578832745552 0.00279999990016222
			vertex 1.3877787807814457e-17 -0.12025000154972076 0.00279999990016222
		endloop
	endfacet
	facet normal 0 0 -1
		outer loop
			vertex -0.08585000038146973 -0.1153578832745552 0.00279999990016222
			vertex -0.0851665511727333 -0.11483345180749893 0.00279999990016222
			vertex 1.3877787807814457e-17 -0.12025000154972076 0.00279999990016222
		endloop
	endfacet
	facet normal 0 0 -1
		outer loop
			vertex 1.3877787807814457e-17 -0.12025000154972076 0.00279999990016222
			vertex -0.0851665511727333 -0.11483345180749893 0.00279999990016222
			vertex -0.08464211970567703 -0.11415000259876251 0.00279999990016222
		endloop
	endfacet
	facet normal 0 0 -1
		outer loop
			vertex -0.08431244641542435 -0.1116458997130394 0.00279999990016222
			vertex -0.08464211970567703 -0.11084999889135361 0.00279999990016222
			vertex 1.3877787807814457e-17 -0.10170000046491623 0.00279999990016222
		endloop
	endfacet
	facet normal 0 0 -1
		outer loop
			vertex -0.08464211970567703 -0.11084999889135361 0.00279999990016222
			vertex -0.0851665511727333 -0.11016654968261719 0.00279999990016222
			vertex 1.3877787807814457e-17 -0.10170000046491623 0.00279999990016222
		endloop
	endfacet
	facet normal 0 0 -1
		outer loop
			vertex 1.3877787807814457e-17 -0.10170000046491623 0.00279999990016222
			vertex -0.0851665511727333 -0.11016654968261719 0.00279999990016222
			vertex -0.08782487362623215 -0.10170000046491623 0.00279999990016222
		endloop
	endfacet
	facet normal 0 0 -1
		outer loop
			vertex -0.0851665511727333 -0.11016654968261719 0.00279999990016222
			vertex -0.08585000038146973 -0.10964211821556091 0.00279999990016222
			vertex -0.08782487362623215 -0.10170000046491623 0.00279999990016222
		endloop
	endfacet
	facet normal 0 0 -1
		outer loop
			vertex -0.08782487362623215 -0.10170000046491623 0.00279999990016222
			vertex -0.08585000038146973 -0.10964211821556091 0.00279999990016222
			vertex -0.08664589375257492 -0.10931244492530823 0.00279999990016222
		endloop
	endfacet
	facet normal 0 0 -1
		outer loop
			vertex -0.10085000097751617 -0.12366839498281479 0.00279999990016222
			vertex -0.08782487362623215 -0.12025000154972076 0.00279999990016222
			vertex -0.09899290651082993 -0.12443763017654419 0.00279999990016222
		endloop
	endfacet
	facet normal 0 0 -1
		outer loop
			vertex -0.08782487362623215 -0.12025000154972076 0.00279999990016222
			vertex -0.09700000286102295 -0.12470000237226486 0.00279999990016222
			vertex -0.09899290651082993 -0.12443763017654419 0.00279999990016222
		endloop
	endfacet
	facet normal 0 0 -1
		outer loop
			vertex -0.08983345329761505 -0.11483345180749893 0.00279999990016222
			vertex -0.08914999663829803 -0.1153578832745552 0.00279999990016222
			vertex -0.10366839915513992 -0.12084999680519104 0.00279999990016222
		endloop
	endfacet
	facet normal 0 0 -1
		outer loop
			vertex -0.08914999663829803 -0.1153578832745552 0.00279999990016222
			vertex -0.08782487362623215 -0.12025000154972076 0.00279999990016222
			vertex -0.10366839915513992 -0.12084999680519104 0.00279999990016222
		endloop
	endfacet
	facet normal 0 0 -1
		outer loop
			vertex -0.10366839915513992 -0.12084999680519104 0.00279999990016222
			vertex -0.08782487362623215 -0.12025000154972076 0.00279999990016222
			vertex -0.10244472324848175 -0.12244471907615662 0.00279999990016222
		endloop
	endfacet
	facet normal 0 0 -1
		outer loop
			vertex -0.08782487362623215 -0.12025000154972076 0.00279999990016222
			vertex -0.10085000097751617 -0.12366839498281479 0.00279999990016222
			vertex -0.10244472324848175 -0.12244471907615662 0.00279999990016222
		endloop
	endfacet
	facet normal 0 0 -1
		outer loop
			vertex 0.10085000097751617 -0.12366839498281479 0.00279999990016222
			vertex 0.09899290651082993 -0.12443763017654419 0.00279999990016222
			vertex 0.08782487362623215 -0.12025000154972076 0.00279999990016222
		endloop
	endfacet
	facet normal 0 0 -1
		outer loop
			vertex 0.08835410326719284 -0.11568755656480789 0.00279999990016222
			vertex 0.10366839915513992 -0.12084999680519104 0.00279999990016222
			vertex 0.08782487362623215 -0.12025000154972076 0.00279999990016222
		endloop
	endfacet
	facet normal 0 0 -1
		outer loop
			vertex 0.10366839915513992 -0.12084999680519104 0.00279999990016222
			vertex 0.10244472324848175 -0.12244471907615662 0.00279999990016222
			vertex 0.08782487362623215 -0.12025000154972076 0.00279999990016222
		endloop
	endfacet
	facet normal 0 0 -1
		outer loop
			vertex 0.08782487362623215 -0.12025000154972076 0.00279999990016222
			vertex 0.10244472324848175 -0.12244471907615662 0.00279999990016222
			vertex 0.10085000097751617 -0.12366839498281479 0.00279999990016222
		endloop
	endfacet
	facet normal 0 0 -1
		outer loop
			vertex 1.3877787807814457e-17 -0.10170000046491623 0.00279999990016222
			vertex 0.07757513225078583 -0.094200000166893 0.00279999990016222
			vertex 0.07967513054609299 -0.10170000046491623 0.00279999990016222
		endloop
	endfacet
	facet normal 0 0 -1
		outer loop
			vertex 0.07757513225078583 -0.094200000166893 0.00279999990016222
			vertex 0.07967513054609299 -0.094200000166893 0.00279999990016222
			vertex 0.07967513054609299 -0.10170000046491623 0.00279999990016222
		endloop
	endfacet
	facet normal 0 0 -1
		outer loop
			vertex 0.07967513054609299 -0.10170000046491623 0.00279999990016222
			vertex 0.07967513054609299 -0.094200000166893 0.00279999990016222
			vertex 0.08782487362623215 -0.10170000046491623 0.00279999990016222
		endloop
	endfacet
	facet normal 0 0 -1
		outer loop
			vertex 0.07967513054609299 -0.094200000166893 0.00279999990016222
			vertex 0.08242487162351608 -0.094200000166893 0.00279999990016222
			vertex 0.08782487362623215 -0.10170000046491623 0.00279999990016222
		endloop
	endfacet
	facet normal 0 0 -1
		outer loop
			vertex 0.08242487162351608 -0.094200000166893 0.00279999990016222
			vertex 0.08484974503517151 -0.09000000357627869 0.00279999990016222
			vertex 0.08782487362623215 -0.10170000046491623 0.00279999990016222
		endloop
	endfacet
	facet normal 0 0 -1
		outer loop
			vertex 0.08782487362623215 -0.10170000046491623 0.00279999990016222
			vertex 0.08484974503517151 -0.09000000357627869 0.00279999990016222
			vertex 0.08782487362623215 0 0.00279999990016222
		endloop
	endfacet
	facet normal 0 0 -1
		outer loop
			vertex 0.08484974503517151 -0.09000000357627869 0.00279999990016222
			vertex 0.08242487162351608 -0.08579999953508377 0.00279999990016222
			vertex 0.08782487362623215 0 0.00279999990016222
		endloop
	endfacet
	facet normal 0 0 -1
		outer loop
			vertex 0.08782487362623215 0 0.00279999990016222
			vertex 0.08242487162351608 -0.08579999953508377 0.00279999990016222
			vertex 0.07967513054609299 0 0.00279999990016222
		endloop
	endfacet
	facet normal 0 0 -1
		outer loop
			vertex 0.08242487162351608 -0.08579999953508377 0.00279999990016222
			vertex 0.07967513054609299 -0.08579999953508377 0.00279999990016222
			vertex 0.07967513054609299 0 0.00279999990016222
		endloop
	endfacet
	facet normal 0 0 -1
		outer loop
			vertex 0.07967513054609299 0 0.00279999990016222
			vertex 0.07967513054609299 -0.08579999953508377 0.00279999990016222
			vertex 1.3877787807814457e-17 0 0.00279999990016222
		endloop
	endfacet
	facet normal 0 0 -1
		outer loop
			vertex 0.07967513054609299 -0.08579999953508377 0.00279999990016222
			vertex 0.07757513225078583 -0.08579999953508377 0.00279999990016222
			vertex 1.3877787807814457e-17 0 0.00279999990016222
		endloop
	endfacet
	facet normal 0 0 -1
		outer loop
			vertex 1.3877787807814457e-17 0 0.00279999990016222
			vertex 0.07757513225078583 -0.08579999953508377 0.00279999990016222
			vertex 1.3877787807814457e-17 -0.10170000046491623 0.00279999990016222
		endloop
	endfacet
	facet normal 0 0 -1
		outer loop
			vertex 0.07757513225078583 -0.08579999953508377 0.00279999990016222
			vertex 0.0751502588391304 -0.09000000357627869 0.00279999990016222
			vertex 1.3877787807814457e-17 -0.10170000046491623 0.00279999990016222
		endloop
	endfacet
	facet normal 0 0 -1
		outer loop
			vertex 1.3877787807814457e-17 -0.10170000046491623 0.00279999990016222
			vertex 0.0751502588391304 -0.09000000357627869 0.00279999990016222
			vertex 0.07757513225078583 -0.094200000166893 0.00279999990016222
		endloop
	endfacet
	facet normal 0 0 -1
		outer loop
			vertex 0.08484974503517151 0.09000000357627869 0.00279999990016222
			vertex 0.08782487362623215 0.10170000046491623 0.00279999990016222
			vertex 0.08782487362623215 0 0.00279999990016222
		endloop
	endfacet
	facet normal 0 0 -1
		outer loop
			vertex 0.08484974503517151 0.09000000357627869 0.00279999990016222
			vertex 0.08242487162351608 0.094200000166893 0.00279999990016222
			vertex 0.08782487362623215 0.10170000046491623 0.00279999990016222
		endloop
	endfacet
	facet normal 0 0 -1
		outer loop
			vertex 0.08242487162351608 0.094200000166893 0.00279999990016222
			vertex 0.07967513054609299 0.10170000046491623 0.00279999990016222
			vertex 0.08782487362623215 0.10170000046491623 0.00279999990016222
		endloop
	endfacet
	facet normal 0 0 -1
		outer loop
			vertex 0.08782487362623215 0.10170000046491623 0.00279999990016222
			vertex 0.07967513054609299 0.10170000046491623 0.00279999990016222
			vertex 0.08585000038146973 0.10964211821556091 0.00279999990016222
		endloop
	endfacet
	facet normal 0 0 -1
		outer loop
			vertex 0.07967513054609299 0.10170000046491623 0.00279999990016222
			vertex 0.0851665511727333 0.11016654968261719 0.00279999990016222
			vertex 0.08585000038146973 0.10964211821556091 0.00279999990016222
		endloop
	endfacet
	facet normal 0 0 -1
		outer loop
			vertex 0.08242487162351608 0.094200000166893 0.00279999990016222
			vertex 0.07967513054609299 0.094200000166893 0.00279999990016222
			vertex 0.07967513054609299 0.10170000046491623 0.00279999990016222
		endloop
	endfacet
	facet normal 0 0 -1
		outer loop
			vertex 0.07967513054609299 0.094200000166893 0.00279999990016222
			vertex 0.07757513225078583 0.094200000166893 0.00279999990016222
			vertex 0.07967513054609299 0.10170000046491623 0.00279999990016222
		endloop
	endfacet
	facet normal 0 0 -1
		outer loop
			vertex 0.07967513054609299 0.10170000046491623 0.00279999990016222
			vertex 0.07757513225078583 0.094200000166893 0.00279999990016222
			vertex 1.3877787807814457e-17 0.10170000046491623 0.00279999990016222
		endloop
	endfacet
	facet normal 0 0 -1
		outer loop
			vertex 0.07757513225078583 0.094200000166893 0.00279999990016222
			vertex 0.0751502588391304 0.09000000357627869 0.00279999990016222
			vertex 1.3877787807814457e-17 0.10170000046491623 0.00279999990016222
		endloop
	endfacet
	facet normal 0 0 -1
		outer loop
			vertex 1.3877787807814457e-17 0.10170000046491623 0.00279999990016222
			vertex 0.0751502588391304 0.09000000357627869 0.00279999990016222
			vertex 1.3877787807814457e-17 0 0.00279999990016222
		endloop
	endfacet
	facet normal 0 0 -1
		outer loop
			vertex 0.0751502588391304 0.09000000357627869 0.00279999990016222
			vertex 0.07757513225078583 0.08579999953508377 0.00279999990016222
			vertex 1.3877787807814457e-17 0 0.00279999990016222
		endloop
	endfacet
	facet normal 0 0 -1
		outer loop
			vertex 1.3877787807814457e-17 0 0.00279999990016222
			vertex 0.07757513225078583 0.08579999953508377 0.00279999990016222
			vertex 0.07967513054609299 0 0.00279999990016222
		endloop
	endfacet
	facet normal 0 0 -1
		outer loop
			vertex 0.07757513225078583 0.08579999953508377 0.00279999990016222
			vertex 0.07967513054609299 0.08579999953508377 0.00279999990016222
			vertex 0.07967513054609299 0 0.00279999990016222
		endloop
	endfacet
	facet normal 0 0 -1
		outer loop
			vertex 0.07967513054609299 0 0.00279999990016222
			vertex 0.07967513054609299 0.08579999953508377 0.00279999990016222
			vertex 0.08782487362623215 0 0.00279999990016222
		endloop
	endfacet
	facet normal 0 0 -1
		outer loop
			vertex 0.07967513054609299 0.08579999953508377 0.00279999990016222
			vertex 0.08242487162351608 0.08579999953508377 0.00279999990016222
			vertex 0.08782487362623215 0 0.00279999990016222
		endloop
	endfacet
	facet normal 0 0 -1
		outer loop
			vertex 0.08782487362623215 0 0.00279999990016222
			vertex 0.08242487162351608 0.08579999953508377 0.00279999990016222
			vertex 0.08484974503517151 0.09000000357627869 0.00279999990016222
		endloop
	endfacet
	facet normal 0 0 -1
		outer loop
			vertex 0.09899290651082993 -0.12443763017654419 0.00279999990016222
			vertex 0.09700000286102295 -0.12470000237226486 0.00279999990016222
			vertex 0.08782487362623215 -0.12025000154972076 0.00279999990016222
		endloop
	endfacet
	facet normal 0 0 -1
		outer loop
			vertex 0.09700000286102295 -0.12470000237226486 0.00279999990016222
			vertex 0.08782487362623215 -0.12470000237226486 0.00279999990016222
			vertex 0.08782487362623215 -0.12025000154972076 0.00279999990016222
		endloop
	endfacet
	facet normal 0 0 -1
		outer loop
			vertex 0.08782487362623215 -0.12025000154972076 0.00279999990016222
			vertex 0.08782487362623215 -0.12470000237226486 0.00279999990016222
			vertex 0.07967513054609299 -0.12025000154972076 0.00279999990016222
		endloop
	endfacet
	facet normal 0 0 -1
		outer loop
			vertex 0.08782487362623215 -0.12470000237226486 0.00279999990016222
			vertex 0.07967513054609299 -0.12470000237226486 0.00279999990016222
			vertex 0.07967513054609299 -0.12025000154972076 0.00279999990016222
		endloop
	endfacet
	facet normal 0 0 -1
		outer loop
			vertex 0.07967513054609299 -0.12025000154972076 0.00279999990016222
			vertex 0.07967513054609299 -0.12470000237226486 0.00279999990016222
			vertex 1.3877787807814457e-17 -0.12025000154972076 0.00279999990016222
		endloop
	endfacet
	facet normal 0 0 -1
		outer loop
			vertex 0.07967513054609299 -0.12470000237226486 0.00279999990016222
			vertex 1.3877787807814457e-17 -0.12470000237226486 0.00279999990016222
			vertex 1.3877787807814457e-17 -0.12025000154972076 0.00279999990016222
		endloop
	endfacet
	facet normal 0 0 -1
		outer loop
			vertex 1.3877787807814457e-17 -0.12025000154972076 0.00279999990016222
			vertex 1.3877787807814457e-17 -0.12470000237226486 0.00279999990016222
			vertex -0.08782487362623215 -0.12025000154972076 0.00279999990016222
		endloop
	endfacet
	facet normal 0 0 -1
		outer loop
			vertex 1.3877787807814457e-17 -0.12470000237226486 0.00279999990016222
			vertex -0.08782487362623215 -0.12470000237226486 0.00279999990016222
			vertex -0.08782487362623215 -0.12025000154972076 0.00279999990016222
		endloop
	endfacet
	facet normal 0 0 -1
		outer loop
			vertex -0.08782487362623215 -0.12025000154972076 0.00279999990016222
			vertex -0.08782487362623215 -0.12470000237226486 0.00279999990016222
			vertex -0.09700000286102295 -0.12470000237226486 0.00279999990016222
		endloop
	endfacet
	facet normal 0 0 -1
		outer loop
			vertex -0.08431244641542435 -0.11335410177707672 0.00279999990016222
			vertex -0.08420000225305557 -0.11249999701976776 0.00279999990016222
			vertex 1.3877787807814457e-17 -0.12025000154972076 0.00279999990016222
		endloop
	endfacet
	facet normal 0 0 -1
		outer loop
			vertex -0.08420000225305557 -0.11249999701976776 0.00279999990016222
			vertex 1.3877787807814457e-17 -0.10170000046491623 0.00279999990016222
			vertex 1.3877787807814457e-17 -0.12025000154972076 0.00279999990016222
		endloop
	endfacet
	facet normal 0 0 -1
		outer loop
			vertex 1.3877787807814457e-17 -0.12025000154972076 0.00279999990016222
			vertex 1.3877787807814457e-17 -0.10170000046491623 0.00279999990016222
			vertex 0.07967513054609299 -0.12025000154972076 0.00279999990016222
		endloop
	endfacet
	facet normal 0 0 -1
		outer loop
			vertex 1.3877787807814457e-17 -0.10170000046491623 0.00279999990016222
			vertex 0.07967513054609299 -0.10170000046491623 0.00279999990016222
			vertex 0.07967513054609299 -0.12025000154972076 0.00279999990016222
		endloop
	endfacet
	facet normal 0 0 -1
		outer loop
			vertex 0.07967513054609299 -0.12025000154972076 0.00279999990016222
			vertex 0.07967513054609299 -0.10170000046491623 0.00279999990016222
			vertex 0.08431244641542435 -0.1116458997130394 0.00279999990016222
		endloop
	endfacet
	facet normal 0 0 -1
		outer loop
			vertex 0.07967513054609299 -0.10170000046491623 0.00279999990016222
			vertex 0.08464211970567703 -0.11084999889135361 0.00279999990016222
			vertex 0.08431244641542435 -0.1116458997130394 0.00279999990016222
		endloop
	endfacet
	facet normal 0 0 -1
		outer loop
			vertex -0.08484974503517151 -0.09000000357627869 0.00279999990016222
			vertex -0.08242487162351608 -0.094200000166893 0.00279999990016222
			vertex -0.08782487362623215 -0.10170000046491623 0.00279999990016222
		endloop
	endfacet
	facet normal 0 0 -1
		outer loop
			vertex -0.08242487162351608 -0.094200000166893 0.00279999990016222
			vertex -0.07757513225078583 -0.094200000166893 0.00279999990016222
			vertex -0.08782487362623215 -0.10170000046491623 0.00279999990016222
		endloop
	endfacet
	facet normal 0 0 -1
		outer loop
			vertex -0.08782487362623215 -0.10170000046491623 0.00279999990016222
			vertex -0.07757513225078583 -0.094200000166893 0.00279999990016222
			vertex 1.3877787807814457e-17 -0.10170000046491623 0.00279999990016222
		endloop
	endfacet
	facet normal 0 0 -1
		outer loop
			vertex -0.07757513225078583 -0.094200000166893 0.00279999990016222
			vertex -0.0751502588391304 -0.09000000357627869 0.00279999990016222
			vertex 1.3877787807814457e-17 -0.10170000046491623 0.00279999990016222
		endloop
	endfacet
	facet normal 0 0 -1
		outer loop
			vertex 1.3877787807814457e-17 -0.10170000046491623 0.00279999990016222
			vertex -0.0751502588391304 -0.09000000357627869 0.00279999990016222
			vertex 1.3877787807814457e-17 0 0.00279999990016222
		endloop
	endfacet
	facet normal 0 0 -1
		outer loop
			vertex -0.0751502588391304 -0.09000000357627869 0.00279999990016222
			vertex -0.07757513225078583 -0.08579999953508377 0.00279999990016222
			vertex 1.3877787807814457e-17 0 0.00279999990016222
		endloop
	endfacet
	facet normal 0 0 -1
		outer loop
			vertex 1.3877787807814457e-17 0 0.00279999990016222
			vertex -0.07757513225078583 -0.08579999953508377 0.00279999990016222
			vertex -0.08782487362623215 0 0.00279999990016222
		endloop
	endfacet
	facet normal 0 0 -1
		outer loop
			vertex -0.07757513225078583 -0.08579999953508377 0.00279999990016222
			vertex -0.08242487162351608 -0.08579999953508377 0.00279999990016222
			vertex -0.08782487362623215 0 0.00279999990016222
		endloop
	endfacet
	facet normal 0 0 -1
		outer loop
			vertex -0.08782487362623215 0 0.00279999990016222
			vertex -0.08242487162351608 -0.08579999953508377 0.00279999990016222
			vertex -0.08484974503517151 -0.09000000357627869 0.00279999990016222
		endloop
	endfacet
	facet normal 0 0 -1
		outer loop
			vertex 0.08835410326719284 0.10931244492530823 0.00279999990016222
			vertex 0.1046999990940094 0.10170000046491623 0.00279999990016222
			vertex 0.08782487362623215 0.10170000046491623 0.00279999990016222
		endloop
	endfacet
	facet normal 0 0 -1
		outer loop
			vertex 0.1046999990940094 0.10170000046491623 0.00279999990016222
			vertex 0.1046999990940094 0 0.00279999990016222
			vertex 0.08782487362623215 0.10170000046491623 0.00279999990016222
		endloop
	endfacet
	facet normal 0 0 -1
		outer loop
			vertex 0.08782487362623215 0.10170000046491623 0.00279999990016222
			vertex 0.1046999990940094 0 0.00279999990016222
			vertex 0.08782487362623215 0 0.00279999990016222
		endloop
	endfacet
	facet normal 0 0 -1
		outer loop
			vertex 0.1046999990940094 0 0.00279999990016222
			vertex 0.1046999990940094 -0.10170000046491623 0.00279999990016222
			vertex 0.08782487362623215 0 0.00279999990016222
		endloop
	endfacet
	facet normal 0 0 -1
		outer loop
			vertex 0.08782487362623215 0 0.00279999990016222
			vertex 0.1046999990940094 -0.10170000046491623 0.00279999990016222
			vertex 0.08782487362623215 -0.10170000046491623 0.00279999990016222
		endloop
	endfacet
	facet normal 0 0 -1
		outer loop
			vertex 0.1046999990940094 -0.10170000046491623 0.00279999990016222
			vertex 0.08914999663829803 -0.10964211821556091 0.00279999990016222
			vertex 0.08782487362623215 -0.10170000046491623 0.00279999990016222
		endloop
	endfacet
	facet normal 0 0 -1
		outer loop
			vertex 0.08782487362623215 -0.10170000046491623 0.00279999990016222
			vertex 0.08914999663829803 -0.10964211821556091 0.00279999990016222
			vertex 0.08835410326719284 -0.10931244492530823 0.00279999990016222
		endloop
	endfacet
	facet normal 0 0 -1
		outer loop
			vertex -0.07757513225078583 0.094200000166893 0.00279999990016222
			vertex -0.08782487362623215 0.10170000046491623 0.00279999990016222
			vertex 1.3877787807814457e-17 0.10170000046491623 0.00279999990016222
		endloop
	endfacet
	facet normal 0 0 -1
		outer loop
			vertex -0.08782487362623215 0.10170000046491623 0.00279999990016222
			vertex -0.08585000038146973 0.10964211821556091 0.00279999990016222
			vertex 1.3877787807814457e-17 0.10170000046491623 0.00279999990016222
		endloop
	endfacet
	facet normal 0 0 -1
		outer loop
			vertex 1.3877787807814457e-17 0.10170000046491623 0.00279999990016222
			vertex -0.08585000038146973 0.10964211821556091 0.00279999990016222
			vertex -0.0851665511727333 0.11016654968261719 0.00279999990016222
		endloop
	endfacet
	facet normal 0 0 -1
		outer loop
			vertex -0.07757513225078583 0.094200000166893 0.00279999990016222
			vertex -0.08242487162351608 0.094200000166893 0.00279999990016222
			vertex -0.08782487362623215 0.10170000046491623 0.00279999990016222
		endloop
	endfacet
	facet normal 0 0 -1
		outer loop
			vertex -0.08242487162351608 0.094200000166893 0.00279999990016222
			vertex -0.08484974503517151 0.09000000357627869 0.00279999990016222
			vertex -0.08782487362623215 0.10170000046491623 0.00279999990016222
		endloop
	endfacet
	facet normal 0 0 -1
		outer loop
			vertex -0.08782487362623215 0.10170000046491623 0.00279999990016222
			vertex -0.08484974503517151 0.09000000357627869 0.00279999990016222
			vertex -0.08782487362623215 0 0.00279999990016222
		endloop
	endfacet
	facet normal 0 0 -1
		outer loop
			vertex -0.08484974503517151 0.09000000357627869 0.00279999990016222
			vertex -0.08242487162351608 0.08579999953508377 0.00279999990016222
			vertex -0.08782487362623215 0 0.00279999990016222
		endloop
	endfacet
	facet normal 0 0 -1
		outer loop
			vertex -0.08782487362623215 0 0.00279999990016222
			vertex -0.08242487162351608 0.08579999953508377 0.00279999990016222
			vertex 1.3877787807814457e-17 0 0.00279999990016222
		endloop
	endfacet
	facet normal 0 0 -1
		outer loop
			vertex -0.08242487162351608 0.08579999953508377 0.00279999990016222
			vertex -0.07757513225078583 0.08579999953508377 0.00279999990016222
			vertex 1.3877787807814457e-17 0 0.00279999990016222
		endloop
	endfacet
	facet normal 0 0 -1
		outer loop
			vertex 1.3877787807814457e-17 0 0.00279999990016222
			vertex -0.07757513225078583 0.08579999953508377 0.00279999990016222
			vertex 1.3877787807814457e-17 0.10170000046491623 0.00279999990016222
		endloop
	endfacet
	facet normal 0 0 -1
		outer loop
			vertex -0.07757513225078583 0.08579999953508377 0.00279999990016222
			vertex -0.0751502588391304 0.09000000357627869 0.00279999990016222
			vertex 1.3877787807814457e-17 0.10170000046491623 0.00279999990016222
		endloop
	endfacet
	facet normal 0 0 -1
		outer loop
			vertex 1.3877787807814457e-17 0.10170000046491623 0.00279999990016222
			vertex -0.0751502588391304 0.09000000357627869 0.00279999990016222
			vertex -0.07757513225078583 0.094200000166893 0.00279999990016222
		endloop
	endfacet
	facet normal 0 0 -1
		outer loop
			vertex -0.08914999663829803 0.10964211821556091 0.00279999990016222
			vertex -0.08782487362623215 0.10170000046491623 0.00279999990016222
			vertex -0.1046999990940094 0.10170000046491623 0.00279999990016222
		endloop
	endfacet
	facet normal 0 0 -1
		outer loop
			vertex -0.08782487362623215 0.10170000046491623 0.00279999990016222
			vertex -0.08782487362623215 0 0.00279999990016222
			vertex -0.1046999990940094 0.10170000046491623 0.00279999990016222
		endloop
	endfacet
	facet normal 0 0 -1
		outer loop
			vertex -0.1046999990940094 0.10170000046491623 0.00279999990016222
			vertex -0.08782487362623215 0 0.00279999990016222
			vertex -0.1046999990940094 0 0.00279999990016222
		endloop
	endfacet
	facet normal 0 0 -1
		outer loop
			vertex -0.08782487362623215 0 0.00279999990016222
			vertex -0.08782487362623215 -0.10170000046491623 0.00279999990016222
			vertex -0.1046999990940094 0 0.00279999990016222
		endloop
	endfacet
	facet normal 0 0 -1
		outer loop
			vertex -0.1046999990940094 0 0.00279999990016222
			vertex -0.08782487362623215 -0.10170000046491623 0.00279999990016222
			vertex -0.1046999990940094 -0.10170000046491623 0.00279999990016222
		endloop
	endfacet
	facet normal 0 0 -1
		outer loop
			vertex -0.08782487362623215 -0.10170000046491623 0.00279999990016222
			vertex -0.08835410326719284 -0.10931244492530823 0.00279999990016222
			vertex -0.1046999990940094 -0.10170000046491623 0.00279999990016222
		endloop
	endfacet
	facet normal 0 0 -1
		outer loop
			vertex -0.1046999990940094 -0.10170000046491623 0.00279999990016222
			vertex -0.08835410326719284 -0.10931244492530823 0.00279999990016222
			vertex -0.08914999663829803 -0.10964211821556091 0.00279999990016222
		endloop
	endfacet
	facet normal 0 0 -1
		outer loop
			vertex -0.08431244641542435 0.1116458997130394 0.00279999990016222
			vertex -0.08420000225305557 0.11249999701976776 0.00279999990016222
			vertex 1.3877787807814457e-17 0.10170000046491623 0.00279999990016222
		endloop
	endfacet
	facet normal 0 0 -1
		outer loop
			vertex -0.08420000225305557 0.11249999701976776 0.00279999990016222
			vertex 1.3877787807814457e-17 0.12470000237226486 0.00279999990016222
			vertex 1.3877787807814457e-17 0.10170000046491623 0.00279999990016222
		endloop
	endfacet
	facet normal 0 0 -1
		outer loop
			vertex 1.3877787807814457e-17 0.10170000046491623 0.00279999990016222
			vertex 1.3877787807814457e-17 0.12470000237226486 0.00279999990016222
			vertex 0.07967513054609299 0.10170000046491623 0.00279999990016222
		endloop
	endfacet
	facet normal 0 0 -1
		outer loop
			vertex 1.3877787807814457e-17 0.12470000237226486 0.00279999990016222
			vertex 0.07967513054609299 0.12470000237226486 0.00279999990016222
			vertex 0.07967513054609299 0.10170000046491623 0.00279999990016222
		endloop
	endfacet
	facet normal 0 0 -1
		outer loop
			vertex 0.07967513054609299 0.10170000046491623 0.00279999990016222
			vertex 0.07967513054609299 0.12470000237226486 0.00279999990016222
			vertex 0.08420000225305557 0.11249999701976776 0.00279999990016222
		endloop
	endfacet
	facet normal 0 0 -1
		outer loop
			vertex 0.07967513054609299 0.12470000237226486 0.00279999990016222
			vertex 0.08431244641542435 0.11335410177707672 0.00279999990016222
			vertex 0.08420000225305557 0.11249999701976776 0.00279999990016222
		endloop
	endfacet
	facet normal 0 -1 0
		outer loop
			vertex 0.09700000286102295 0.12470000237226486 0
			vertex 0.09700000286102295 0.12470000237226486 0.00279999990016222
			vertex 0.08782487362623215 0.12470000237226486 0.00279999990016222
		endloop
	endfacet
	facet normal 0 -1 0
		outer loop
			vertex 0.08782487362623215 0.12470000237226486 0.00279999990016222
			vertex 0.07967513054609299 0.12470000237226486 0.00279999990016222
			vertex 0.09700000286102295 0.12470000237226486 0
		endloop
	endfacet
	facet normal 0 -1 0
		outer loop
			vertex 0.07967513054609299 0.12470000237226486 0.00279999990016222
			vertex 1.3877787807814457e-17 0.12470000237226486 0.00279999990016222
			vertex 0.09700000286102295 0.12470000237226486 0
		endloop
	endfacet
	facet normal 0 -1 0
		outer loop
			vertex 0.09700000286102295 0.12470000237226486 0
			vertex 1.3877787807814457e-17 0.12470000237226486 0.00279999990016222
			vertex -0.09700000286102295 0.12470000237226486 0
		endloop
	endfacet
	facet normal 0 -1 0
		outer loop
			vertex 1.3877787807814457e-17 0.12470000237226486 0.00279999990016222
			vertex -0.08782487362623215 0.12470000237226486 0.00279999990016222
			vertex -0.09700000286102295 0.12470000237226486 0
		endloop
	endfacet
	facet normal 0 -1 0
		outer loop
			vertex -0.09700000286102295 0.12470000237226486 0
			vertex -0.08782487362623215 0.12470000237226486 0.00279999990016222
			vertex -0.09700000286102295 0.12470000237226486 0.00279999990016222
		endloop
	endfacet
	facet normal -0.1305269026429628 -0.9914447678446009 0
		outer loop
			vertex 0.09700000286102295 0.12470000237226486 0.00279999990016222
			vertex 0.09700000286102295 0.12470000237226486 0
			vertex 0.09899290651082993 0.12443763017654419 0.00279999990016222
		endloop
	endfacet
	facet normal -0.1305269026429628 -0.9914447678446009 0
		outer loop
			vertex 0.09700000286102295 0.12470000237226486 0
			vertex 0.09899290651082993 0.12443763017654419 0
			vertex 0.09899290651082993 0.12443763017654419 0.00279999990016222
		endloop
	endfacet
	facet normal -0.38268406040303427 -0.9238792723692025 0
		outer loop
			vertex 0.09899290651082993 0.12443763017654419 0.00279999990016222
			vertex 0.09899290651082993 0.12443763017654419 0
			vertex 0.10085000097751617 0.12366839498281479 0.00279999990016222
		endloop
	endfacet
	facet normal -0.38268406040303427 -0.9238792723692025 0
		outer loop
			vertex 0.09899290651082993 0.12443763017654419 0
			vertex 0.10085000097751617 0.12366839498281479 0
			vertex 0.10085000097751617 0.12366839498281479 0.00279999990016222
		endloop
	endfacet
	facet normal -0.6087622023636792 -0.7933527468745054 0
		outer loop
			vertex 0.10085000097751617 0.12366839498281479 0.00279999990016222
			vertex 0.10085000097751617 0.12366839498281479 0
			vertex 0.10244472324848175 0.12244471907615662 0.00279999990016222
		endloop
	endfacet
	facet normal -0.6087622023636792 -0.7933527468745054 0
		outer loop
			vertex 0.10085000097751617 0.12366839498281479 0
			vertex 0.10244472324848175 0.12244471907615662 0
			vertex 0.10244472324848175 0.12244471907615662 0.00279999990016222
		endloop
	endfacet
	facet normal -0.7933527468745054 -0.6087622023636792 0
		outer loop
			vertex 0.10244472324848175 0.12244471907615662 0.00279999990016222
			vertex 0.10244472324848175 0.12244471907615662 0
			vertex 0.10366839915513992 0.12084999680519104 0.00279999990016222
		endloop
	endfacet
	facet normal -0.7933527468745054 -0.6087622023636792 0
		outer loop
			vertex 0.10244472324848175 0.12244471907615662 0
			vertex 0.10366839915513992 0.12084999680519104 0
			vertex 0.10366839915513992 0.12084999680519104 0.00279999990016222
		endloop
	endfacet
	facet normal -0.9238800400253201 -0.38268220711552936 0
		outer loop
			vertex 0.10366839915513992 0.12084999680519104 0.00279999990016222
			vertex 0.10366839915513992 0.12084999680519104 0
			vertex 0.10443762689828873 0.11899290978908539 0.00279999990016222
		endloop
	endfacet
	facet normal -0.9238800400253201 -0.38268220711552936 0
		outer loop
			vertex 0.10366839915513992 0.12084999680519104 0
			vertex 0.10443762689828873 0.11899290978908539 0
			vertex 0.10443762689828873 0.11899290978908539 0.00279999990016222
		endloop
	endfacet
	facet normal -0.9914448309941146 -0.13052642297654343 0
		outer loop
			vertex 0.10443762689828873 0.11899290978908539 0.00279999990016222
			vertex 0.10443762689828873 0.11899290978908539 0
			vertex 0.1046999990940094 0.11699999868869781 0.00279999990016222
		endloop
	endfacet
	facet normal -0.9914448309941146 -0.13052642297654343 0
		outer loop
			vertex 0.10443762689828873 0.11899290978908539 0
			vertex 0.1046999990940094 0.11699999868869781 0
			vertex 0.1046999990940094 0.11699999868869781 0.00279999990016222
		endloop
	endfacet
	facet normal -1 0 0
		outer loop
			vertex 0.1046999990940094 -0.11699999868869781 0.00279999990016222
			vertex 0.1046999990940094 -0.10170000046491623 0.00279999990016222
			vertex 0.1046999990940094 -0.11699999868869781 0
		endloop
	endfacet
	facet normal -1 0 0
		outer loop
			vertex 0.1046999990940094 -0.10170000046491623 0.00279999990016222
			vertex 0.1046999990940094 0 0.00279999990016222
			vertex 0.1046999990940094 -0.11699999868869781 0
		endloop
	endfacet
	facet normal -1 0 0
		outer loop
			vertex 0.1046999990940094 -0.11699999868869781 0
			vertex 0.1046999990940094 0 0.00279999990016222
			vertex 0.1046999990940094 0.11699999868869781 0
		endloop
	endfacet
	facet normal -1 0 0
		outer loop
			vertex 0.1046999990940094 0 0.00279999990016222
			vertex 0.1046999990940094 0.10170000046491623 0.00279999990016222
			vertex 0.1046999990940094 0.11699999868869781 0
		endloop
	endfacet
	facet normal -1 0 0
		outer loop
			vertex 0.1046999990940094 0.11699999868869781 0
			vertex 0.1046999990940094 0.10170000046491623 0.00279999990016222
			vertex 0.1046999990940094 0.11699999868869781 0.00279999990016222
		endloop
	endfacet
	facet normal -0.9914448309941146 0.13052642297654343 0
		outer loop
			vertex 0.1046999990940094 -0.11699999868869781 0.00279999990016222
			vertex 0.1046999990940094 -0.11699999868869781 0
			vertex 0.10443762689828873 -0.11899290978908539 0.00279999990016222
		endloop
	endfacet
	facet normal -0.9914448309941146 0.13052642297654343 0
		outer loop
			vertex 0.1046999990940094 -0.11699999868869781 0
			vertex 0.10443762689828873 -0.11899290978908539 0
			vertex 0.10443762689828873 -0.11899290978908539 0.00279999990016222
		endloop
	endfacet
	facet normal -0.9238800400253201 0.38268220711552936 0
		outer loop
			vertex 0.10443762689828873 -0.11899290978908539 0.00279999990016222
			vertex 0.10443762689828873 -0.11899290978908539 0
			vertex 0.10366839915513992 -0.12084999680519104 0.00279999990016222
		endloop
	endfacet
	facet normal -0.9238800400253201 0.38268220711552936 0
		outer loop
			vertex 0.10443762689828873 -0.11899290978908539 0
			vertex 0.10366839915513992 -0.12084999680519104 0
			vertex 0.10366839915513992 -0.12084999680519104 0.00279999990016222
		endloop
	endfacet
	facet normal -0.7933527468745054 0.6087622023636792 0
		outer loop
			vertex 0.10366839915513992 -0.12084999680519104 0.00279999990016222
			vertex 0.10366839915513992 -0.12084999680519104 0
			vertex 0.10244472324848175 -0.12244471907615662 0.00279999990016222
		endloop
	endfacet
	facet normal -0.7933527468745054 0.6087622023636792 0
		outer loop
			vertex 0.10366839915513992 -0.12084999680519104 0
			vertex 0.10244472324848175 -0.12244471907615662 0
			vertex 0.10244472324848175 -0.12244471907615662 0.00279999990016222
		endloop
	endfacet
	facet normal -0.6087622023636792 0.7933527468745054 0
		outer loop
			vertex 0.10244472324848175 -0.12244471907615662 0.00279999990016222
			vertex 0.10244472324848175 -0.12244471907615662 0
			vertex 0.10085000097751617 -0.12366839498281479 0.00279999990016222
		endloop
	endfacet
	facet normal -0.6087622023636792 0.7933527468745054 0
		outer loop
			vertex 0.10244472324848175 -0.12244471907615662 0
			vertex 0.10085000097751617 -0.12366839498281479 0
			vertex 0.10085000097751617 -0.12366839498281479 0.00279999990016222
		endloop
	endfacet
	facet normal -0.38268406040303427 0.9238792723692025 0
		outer loop
			vertex 0.10085000097751617 -0.12366839498281479 0.00279999990016222
			vertex 0.10085000097751617 -0.12366839498281479 0
			vertex 0.09899290651082993 -0.12443763017654419 0.00279999990016222
		endloop
	endfacet
	facet normal -0.38268406040303427 0.9238792723692025 0
		outer loop
			vertex 0.10085000097751617 -0.12366839498281479 0
			vertex 0.09899290651082993 -0.12443763017654419 0
			vertex 0.09899290651082993 -0.12443763017654419 0.00279999990016222
		endloop
	endfacet
	facet normal -0.1305269026429628 0.9914447678446009 0
		outer loop
			vertex 0.09899290651082993 -0.12443763017654419 0.00279999990016222
			vertex 0.09899290651082993 -0.12443763017654419 0
			vertex 0.09700000286102295 -0.12470000237226486 0.00279999990016222
		endloop
	endfacet
	facet normal -0.1305269026429628 0.9914447678446009 0
		outer loop
			vertex 0.09899290651082993 -0.12443763017654419 0
			vertex 0.09700000286102295 -0.12470000237226486 0
			vertex 0.09700000286102295 -0.12470000237226486 0.00279999990016222
		endloop
	endfacet
	facet normal 0 1 0
		outer loop
			vertex 0.08782487362623215 -0.12470000237226486 0.00279999990016222
			vertex 0.09700000286102295 -0.12470000237226486 0.00279999990016222
			vertex 0.09700000286102295 -0.12470000237226486 0
		endloop
	endfacet
	facet normal 0 1 0
		outer loop
			vertex -0.09700000286102295 -0.12470000237226486 0.00279999990016222
			vertex -0.08782487362623215 -0.12470000237226486 0.00279999990016222
			vertex -0.09700000286102295 -0.12470000237226486 0
		endloop
	endfacet
	facet normal 0 1 0
		outer loop
			vertex -0.08782487362623215 -0.12470000237226486 0.00279999990016222
			vertex 1.3877787807814457e-17 -0.12470000237226486 0.00279999990016222
			vertex -0.09700000286102295 -0.12470000237226486 0
		endloop
	endfacet
	facet normal 0 1 0
		outer loop
			vertex -0.09700000286102295 -0.12470000237226486 0
			vertex 1.3877787807814457e-17 -0.12470000237226486 0.00279999990016222
			vertex 0.09700000286102295 -0.12470000237226486 0
		endloop
	endfacet
	facet normal 0 1 0
		outer loop
			vertex 1.3877787807814457e-17 -0.12470000237226486 0.00279999990016222
			vertex 0.07967513054609299 -0.12470000237226486 0.00279999990016222
			vertex 0.09700000286102295 -0.12470000237226486 0
		endloop
	endfacet
	facet normal 0 1 0
		outer loop
			vertex 0.09700000286102295 -0.12470000237226486 0
			vertex 0.07967513054609299 -0.12470000237226486 0.00279999990016222
			vertex 0.08782487362623215 -0.12470000237226486 0.00279999990016222
		endloop
	endfacet
	facet normal 0.1305269026429628 0.9914447678446009 0
		outer loop
			vertex -0.09700000286102295 -0.12470000237226486 0.00279999990016222
			vertex -0.09700000286102295 -0.12470000237226486 0
			vertex -0.09899290651082993 -0.12443763017654419 0.00279999990016222
		endloop
	endfacet
	facet normal 0.1305269026429628 0.9914447678446009 0
		outer loop
			vertex -0.09700000286102295 -0.12470000237226486 0
			vertex -0.09899290651082993 -0.12443763017654419 0
			vertex -0.09899290651082993 -0.12443763017654419 0.00279999990016222
		endloop
	endfacet
	facet normal 0.38268406040303427 0.9238792723692025 0
		outer loop
			vertex -0.09899290651082993 -0.12443763017654419 0.00279999990016222
			vertex -0.09899290651082993 -0.12443763017654419 0
			vertex -0.10085000097751617 -0.12366839498281479 0.00279999990016222
		endloop
	endfacet
	facet normal 0.38268406040303427 0.9238792723692025 0
		outer loop
			vertex -0.09899290651082993 -0.12443763017654419 0
			vertex -0.10085000097751617 -0.12366839498281479 0
			vertex -0.10085000097751617 -0.12366839498281479 0.00279999990016222
		endloop
	endfacet
	facet normal 0.6087622023636792 0.7933527468745054 0
		outer loop
			vertex -0.10085000097751617 -0.12366839498281479 0.00279999990016222
			vertex -0.10085000097751617 -0.12366839498281479 0
			vertex -0.10244472324848175 -0.12244471907615662 0.00279999990016222
		endloop
	endfacet
	facet normal 0.6087622023636792 0.7933527468745054 0
		outer loop
			vertex -0.10085000097751617 -0.12366839498281479 0
			vertex -0.10244472324848175 -0.12244471907615662 0
			vertex -0.10244472324848175 -0.12244471907615662 0.00279999990016222
		endloop
	endfacet
	facet normal 0.7933527468745054 0.6087622023636792 0
		outer loop
			vertex -0.10244472324848175 -0.12244471907615662 0.00279999990016222
			vertex -0.10244472324848175 -0.12244471907615662 0
			vertex -0.10366839915513992 -0.12084999680519104 0.00279999990016222
		endloop
	endfacet
	facet normal 0.7933527468745054 0.6087622023636792 0
		outer loop
			vertex -0.10244472324848175 -0.12244471907615662 0
			vertex -0.10366839915513992 -0.12084999680519104 0
			vertex -0.10366839915513992 -0.12084999680519104 0.00279999990016222
		endloop
	endfacet
	facet normal 0.9238800400253201 0.38268220711552936 0
		outer loop
			vertex -0.10366839915513992 -0.12084999680519104 0.00279999990016222
			vertex -0.10366839915513992 -0.12084999680519104 0
			vertex -0.10443762689828873 -0.11899290978908539 0.00279999990016222
		endloop
	endfacet
	facet normal 0.9238800400253201 0.38268220711552936 0
		outer loop
			vertex -0.10366839915513992 -0.12084999680519104 0
			vertex -0.10443762689828873 -0.11899290978908539 0
			vertex -0.10443762689828873 -0.11899290978908539 0.00279999990016222
		endloop
	endfacet
	facet normal 0.9914448309941146 0.13052642297654343 0
		outer loop
			vertex -0.10443762689828873 -0.11899290978908539 0.00279999990016222
			vertex -0.10443762689828873 -0.11899290978908539 0
			vertex -0.1046999990940094 -0.11699999868869781 0.00279999990016222
		endloop
	endfacet
	facet normal 0.9914448309941146 0.13052642297654343 0
		outer loop
			vertex -0.10443762689828873 -0.11899290978908539 0
			vertex -0.1046999990940094 -0.11699999868869781 0
			vertex -0.1046999990940094 -0.11699999868869781 0.00279999990016222
		endloop
	endfacet
	facet normal 1 0 0
		outer loop
			vertex -0.1046999990940094 0.11699999868869781 0.00279999990016222
			vertex -0.1046999990940094 0.10170000046491623 0.00279999990016222
			vertex -0.1046999990940094 0.11699999868869781 0
		endloop
	endfacet
	facet normal 1 0 0
		outer loop
			vertex -0.1046999990940094 0.10170000046491623 0.00279999990016222
			vertex -0.1046999990940094 0 0.00279999990016222
			vertex -0.1046999990940094 0.11699999868869781 0
		endloop
	endfacet
	facet normal 1 0 0
		outer loop
			vertex -0.1046999990940094 0.11699999868869781 0
			vertex -0.1046999990940094 0 0.00279999990016222
			vertex -0.1046999990940094 -0.11699999868869781 0
		endloop
	endfacet
	facet normal 1 0 0
		outer loop
			vertex -0.1046999990940094 0 0.00279999990016222
			vertex -0.1046999990940094 -0.10170000046491623 0.00279999990016222
			vertex -0.1046999990940094 -0.11699999868869781 0
		endloop
	endfacet
	facet normal 1 0 0
		outer loop
			vertex -0.1046999990940094 -0.11699999868869781 0
			vertex -0.1046999990940094 -0.10170000046491623 0.00279999990016222
			vertex -0.1046999990940094 -0.11699999868869781 0.00279999990016222
		endloop
	endfacet
	facet normal 0.9914448309941146 -0.13052642297654343 0
		outer loop
			vertex -0.1046999990940094 0.11699999868869781 0.00279999990016222
			vertex -0.1046999990940094 0.11699999868869781 0
			vertex -0.10443762689828873 0.11899290978908539 0.00279999990016222
		endloop
	endfacet
	facet normal 0.9914448309941146 -0.13052642297654343 0
		outer loop
			vertex -0.1046999990940094 0.11699999868869781 0
			vertex -0.10443762689828873 0.11899290978908539 0
			vertex -0.10443762689828873 0.11899290978908539 0.00279999990016222
		endloop
	endfacet
	facet normal 0.9238800400253201 -0.38268220711552936 0
		outer loop
			vertex -0.10443762689828873 0.11899290978908539 0.00279999990016222
			vertex -0.10443762689828873 0.11899290978908539 0
			vertex -0.10366839915513992 0.12084999680519104 0.00279999990016222
		endloop
	endfacet
	facet normal 0.9238800400253201 -0.38268220711552936 0
		outer loop
			vertex -0.10443762689828873 0.11899290978908539 0
			vertex -0.10366839915513992 0.12084999680519104 0
			vertex -0.10366839915513992 0.12084999680519104 0.00279999990016222
		endloop
	endfacet
	facet normal 0.7933527468745054 -0.6087622023636792 0
		outer loop
			vertex -0.10366839915513992 0.12084999680519104 0.00279999990016222
			vertex -0.10366839915513992 0.12084999680519104 0
			vertex -0.10244472324848175 0.12244471907615662 0.00279999990016222
		endloop
	endfacet
	facet normal 0.7933527468745054 -0.6087622023636792 0
		outer loop
			vertex -0.10366839915513992 0.12084999680519104 0
			vertex -0.10244472324848175 0.12244471907615662 0
			vertex -0.10244472324848175 0.12244471907615662 0.00279999990016222
		endloop
	endfacet
	facet normal 0.6087622023636792 -0.7933527468745054 0
		outer loop
			vertex -0.10244472324848175 0.12244471907615662 0.00279999990016222
			vertex -0.10244472324848175 0.12244471907615662 0
			vertex -0.10085000097751617 0.12366839498281479 0.00279999990016222
		endloop
	endfacet
	facet normal 0.6087622023636792 -0.7933527468745054 0
		outer loop
			vertex -0.10244472324848175 0.12244471907615662 0
			vertex -0.10085000097751617 0.12366839498281479 0
			vertex -0.10085000097751617 0.12366839498281479 0.00279999990016222
		endloop
	endfacet
	facet normal 0.38268406040303427 -0.9238792723692025 0
		outer loop
			vertex -0.10085000097751617 0.12366839498281479 0.00279999990016222
			vertex -0.10085000097751617 0.12366839498281479 0
			vertex -0.09899290651082993 0.12443763017654419 0.00279999990016222
		endloop
	endfacet
	facet normal 0.38268406040303427 -0.9238792723692025 0
		outer loop
			vertex -0.10085000097751617 0.12366839498281479 0
			vertex -0.09899290651082993 0.12443763017654419 0
			vertex -0.09899290651082993 0.12443763017654419 0.00279999990016222
		endloop
	endfacet
	facet normal 0.1305269026429628 -0.9914447678446009 0
		outer loop
			vertex -0.09899290651082993 0.12443763017654419 0.00279999990016222
			vertex -0.09899290651082993 0.12443763017654419 0
			vertex -0.09700000286102295 0.12470000237226486 0.00279999990016222
		endloop
	endfacet
	facet normal 0.1305269026429628 -0.9914447678446009 0
		outer loop
			vertex -0.09899290651082993 0.12443763017654419 0
			vertex -0.09700000286102295 0.12470000237226486 0
			vertex -0.09700000286102295 0.12470000237226486 0.00279999990016222
		endloop
	endfacet
endsolid exported
